input log file location, qnn_custom_ops/qwen_flash_attention_hvx/device_output/past128_head_contiguous_qk/qnn-profiling-data_2.log
qnn-profile-viewer version, v2.47.0.260601114230
qnn-net-run version, v2.47.0.260601114230
Backend version, v2.47.0.260601114230
Msg Timestamp, Message, Time, Unit of Measurement, Timing Source, Event Level, Event Identifier
12540044773,INIT,425551,US,NETRUN,ROOT,null
12540151831,COMPOSE GRAPHS,105263,US,NETRUN,ROOT,null
12540466888,FINALIZE,314712,US,NETRUN,ROOT,Graph 0: qwen2_0_5b_layer0_decode_past128_flash_attention_head_contiguous
12540466888,FINALIZE,6309,US,BACKEND,ROOT,RPC (finalize) time
12540466888,FINALIZE,4590,US,BACKEND,ROOT,QNN accelerator (finalize) time
12540466888,FINALIZE,4467,US,BACKEND,ROOT,Accelerator (finalize) time
12540466888,FINALIZE,314663,US,BACKEND,ROOT,QNN (finalize) time
12540466888,FINALIZE,171,US,BACKEND,SUB-EVENT,Graph Preparation Initializing
12540466888,FINALIZE,240531,US,BACKEND,SUB-EVENT,Graph Optimizations
12540466888,FINALIZE,2564,US,BACKEND,SUB-EVENT,Post Graph Optimization
12540466888,FINALIZE,15935,US,BACKEND,SUB-EVENT,Graph Sequencing for Target
12540466888,FINALIZE,2016,US,BACKEND,SUB-EVENT,VTCM Allocation
12540466888,FINALIZE,1204,US,BACKEND,SUB-EVENT,Parallelization Optimization
12540466888,FINALIZE,1525,US,BACKEND,SUB-EVENT,Finalizing Graph Sequence
12540466888,FINALIZE,72,US,BACKEND,SUB-EVENT,Completion
12540645018,DE-INIT,47914,US,NETRUN,ROOT,null
12540645018,DE-INIT,10358,US,BACKEND,ROOT,RPC (deinit) time
12540645018,DE-INIT,7664,US,BACKEND,ROOT,QNN Accelerator (deinit) time
12540645018,DE-INIT,7508,US,BACKEND,ROOT,Accelerator (deinit) time
12540645018,DE-INIT,47899,US,BACKEND,ROOT,QNN (deinit) time
12540486808,EXECUTE,19383,US,NETRUN,ROOT,Graph 0: qwen2_0_5b_layer0_decode_past128_flash_attention_head_contiguous
12540486808,EXECUTE,4,COUNT,BACKEND,ROOT,Number of HVX threads used
12540486808,EXECUTE,19062,US,BACKEND,ROOT,RPC (execute) time
12540486808,EXECUTE,17354,US,BACKEND,ROOT,QNN accelerator (execute) time
12540486808,EXECUTE,0,COUNT,BACKEND,ROOT,Num times yield occured
12540486808,EXECUTE,766,US,BACKEND,ROOT,Time for initial VTCM acquire
12540486808,EXECUTE,34549,US,BACKEND,ROOT,Time for HVX + HMX power on and acquire
12540486808,EXECUTE,1668315,CYCLES,BACKEND,ROOT,Accelerator (execute) time (cycles)
12540486808,EXECUTE,10375,CYCLES,BACKEND,SUB-EVENT,Input OpId_2 (cycles)
12540486808,EXECUTE,4119,CYCLES,BACKEND,SUB-EVENT,hidden_states_ncf:OpId_17 (cycles)
12540486808,EXECUTE,21816,CYCLES,BACKEND,SUB-EVENT,past_value_nchw:OpId_20 (cycles)
12540486808,EXECUTE,9578,CYCLES,BACKEND,SUB-EVENT,rms_norm__Mul_1_output_0:OpId_24 (cycles)
12540486808,EXECUTE,40333,CYCLES,BACKEND,SUB-EVENT,_MatMul:OpId_29 (cycles)
12540486808,EXECUTE,0,CYCLES,BACKEND,SUB-EVENT,_MatMul_post_reshape:OpId_31 (cycles)
12540486808,EXECUTE,3569,CYCLES,BACKEND,SUB-EVENT,_MatMul_1:OpId_34 (cycles)
12540486808,EXECUTE,5389,CYCLES,BACKEND,SUB-EVENT,_MatMul_1_post_reshape:OpId_36 (cycles)
12540486808,EXECUTE,1598,CYCLES,BACKEND,SUB-EVENT,_MatMul_2:OpId_39 (cycles)
12540486808,EXECUTE,2755,CYCLES,BACKEND,SUB-EVENT,_MatMul_2_post_reshape:OpId_41 (cycles)
12540486808,EXECUTE,539,CYCLES,BACKEND,SUB-EVENT,_Transpose:OpId_43 (cycles)
12540486808,EXECUTE,2338,CYCLES,BACKEND,SUB-EVENT,_Transpose_1:OpId_45 (cycles)
12540486808,EXECUTE,2105,CYCLES,BACKEND,SUB-EVENT,_Transpose_2:OpId_47 (cycles)
12540486808,EXECUTE,25903,CYCLES,BACKEND,SUB-EVENT,_Slice:OpId_49 (cycles)
12540486808,EXECUTE,6735,CYCLES,BACKEND,SUB-EVENT,_Slice_1:OpId_55 (cycles)
12540486808,EXECUTE,1583,CYCLES,BACKEND,SUB-EVENT,_Mul_2:OpId_61 (cycles)
12540486808,EXECUTE,1507,CYCLES,BACKEND,SUB-EVENT,_Mul_3:OpId_64 (cycles)
12540486808,EXECUTE,261,CYCLES,BACKEND,SUB-EVENT,_Sub:OpId_66 (cycles)
12540486808,EXECUTE,1774,CYCLES,BACKEND,SUB-EVENT,_Mul_4:OpId_68 (cycles)
12540486808,EXECUTE,1584,CYCLES,BACKEND,SUB-EVENT,_Mul_5:OpId_70 (cycles)
12540486808,EXECUTE,2500,CYCLES,BACKEND,SUB-EVENT,_Add_4:OpId_72 (cycles)
12540486808,EXECUTE,0,CYCLES,BACKEND,SUB-EVENT,_Unsqueeze:OpId_74 (cycles)
12540486808,EXECUTE,0,CYCLES,BACKEND,SUB-EVENT,_Unsqueeze_1:OpId_75 (cycles)
12540486808,EXECUTE,911,CYCLES,BACKEND,SUB-EVENT,_Concat:OpId_76 (cycles)
12540486808,EXECUTE,3290,CYCLES,BACKEND,SUB-EVENT,_Reshape_3:OpId_78 (cycles)
12540486808,EXECUTE,26881,CYCLES,BACKEND,SUB-EVENT,_Slice_3:OpId_80 (cycles)
12540486808,EXECUTE,5204,CYCLES,BACKEND,SUB-EVENT,_Slice_4:OpId_86 (cycles)
12540486808,EXECUTE,4113,CYCLES,BACKEND,SUB-EVENT,_Mul_6:OpId_91 (cycles)
12540486808,EXECUTE,1552,CYCLES,BACKEND,SUB-EVENT,_Mul_7:OpId_93 (cycles)
12540486808,EXECUTE,540,CYCLES,BACKEND,SUB-EVENT,_Sub_1:OpId_95 (cycles)
12540486808,EXECUTE,4047,CYCLES,BACKEND,SUB-EVENT,_Mul_8:OpId_97 (cycles)
12540486808,EXECUTE,1488,CYCLES,BACKEND,SUB-EVENT,_Mul_9:OpId_99 (cycles)
12540486808,EXECUTE,1135,CYCLES,BACKEND,SUB-EVENT,_Add_5:OpId_101 (cycles)
12540486808,EXECUTE,0,CYCLES,BACKEND,SUB-EVENT,_Unsqueeze_2:OpId_103 (cycles)
12540486808,EXECUTE,0,CYCLES,BACKEND,SUB-EVENT,_Unsqueeze_3:OpId_104 (cycles)
12540486808,EXECUTE,2336,CYCLES,BACKEND,SUB-EVENT,_Concat_2:OpId_105 (cycles)
12540486808,EXECUTE,0,CYCLES,BACKEND,SUB-EVENT,_Reshape_4:OpId_107 (cycles)
12540486808,EXECUTE,17544,CYCLES,BACKEND,SUB-EVENT,_Concat_4:OpId_108 (cycles)
12540486808,EXECUTE,17614,CYCLES,BACKEND,SUB-EVENT,_Concat_5:OpId_110 (cycles)
12540486808,EXECUTE,863430,CYCLES,BACKEND,SUB-EVENT,_QwenGqaFlashAttention:OpId_112 (cycles)
12540486808,EXECUTE,4750,CYCLES,BACKEND,SUB-EVENT,_Transpose_4:OpId_114 (cycles)
12540486808,EXECUTE,12620,CYCLES,BACKEND,SUB-EVENT,_MatMul_5:OpId_116 (cycles)
12540486808,EXECUTE,0,CYCLES,BACKEND,SUB-EVENT,_MatMul_5_post_reshape:OpId_119 (cycles)
12540486808,EXECUTE,0,CYCLES,BACKEND,SUB-EVENT,_MatMul_5_output_0_nfc:OpId_121 (cycles)
12540486808,EXECUTE,70140,CYCLES,BACKEND,SUB-EVENT,_Add_7:OpId_123 (cycles)
12540486808,EXECUTE,309,CYCLES,BACKEND,SUB-EVENT,_Add_7_output_0_ncf:OpId_126 (cycles)
12540486808,EXECUTE,2048,CYCLES,BACKEND,SUB-EVENT,rms_norm__Mul_11_output_0:OpId_131 (cycles)
12540486808,EXECUTE,0,CYCLES,BACKEND,SUB-EVENT,_MatMul_6:OpId_135 (cycles)
12540486808,EXECUTE,0,CYCLES,BACKEND,SUB-EVENT,_MatMul_6_post_reshape:OpId_138 (cycles)
12540486808,EXECUTE,158298,CYCLES,BACKEND,SUB-EVENT,_MatMul_7:OpId_140 (cycles)
12540486808,EXECUTE,0,CYCLES,BACKEND,SUB-EVENT,_MatMul_7_post_reshape:OpId_143 (cycles)
12540486808,EXECUTE,0,CYCLES,BACKEND,SUB-EVENT,_Sigmoid:OpId_144 (cycles)
12540486808,EXECUTE,129153,CYCLES,BACKEND,SUB-EVENT,_Mul_12:OpId_151 (cycles)
12540486808,EXECUTE,18130,CYCLES,BACKEND,SUB-EVENT,_Mul_13:OpId_153 (cycles)
12540486808,EXECUTE,156049,CYCLES,BACKEND,SUB-EVENT,_MatMul_8:OpId_156 (cycles)
12540486808,EXECUTE,0,CYCLES,BACKEND,SUB-EVENT,_MatMul_8_post_reshape:OpId_159 (cycles)
12540486808,EXECUTE,0,CYCLES,BACKEND,SUB-EVENT,_MatMul_8_output_0_nfc:OpId_161 (cycles)
12540486808,EXECUTE,14898,CYCLES,BACKEND,SUB-EVENT,_Add_9:OpId_163 (cycles)
12540486808,EXECUTE,5474,CYCLES,BACKEND,SUB-EVENT,Output OpId_3 (cycles)
12540486808,EXECUTE,4121,US,BACKEND,ROOT,Accelerator (execute) time
12540486808,EXECUTE,2215,US,BACKEND,ROOT,Accelerator (execute excluding wait) time
12540486808,EXECUTE,19356,US,BACKEND,ROOT,QNN (execute) time
12540496427,EXECUTE,7594,US,NETRUN,ROOT,Graph 0: qwen2_0_5b_layer0_decode_past128_flash_attention_head_contiguous
12540496427,EXECUTE,4,COUNT,BACKEND,ROOT,Number of HVX threads used
12540496427,EXECUTE,7113,US,BACKEND,ROOT,RPC (execute) time
12540496427,EXECUTE,6149,US,BACKEND,ROOT,QNN accelerator (execute) time
12540496427,EXECUTE,0,COUNT,BACKEND,ROOT,Num times yield occured
12540496427,EXECUTE,630,US,BACKEND,ROOT,Time for initial VTCM acquire
12540496427,EXECUTE,181,US,BACKEND,ROOT,Time for HVX + HMX power on and acquire
12540496427,EXECUTE,1686992,CYCLES,BACKEND,ROOT,Accelerator (execute) time (cycles)
12540496427,EXECUTE,27628,CYCLES,BACKEND,SUB-EVENT,Input OpId_2 (cycles)
12540496427,EXECUTE,13365,CYCLES,BACKEND,SUB-EVENT,hidden_states_ncf:OpId_17 (cycles)
12540496427,EXECUTE,36201,CYCLES,BACKEND,SUB-EVENT,past_value_nchw:OpId_20 (cycles)
12540496427,EXECUTE,10977,CYCLES,BACKEND,SUB-EVENT,rms_norm__Mul_1_output_0:OpId_24 (cycles)
12540496427,EXECUTE,48638,CYCLES,BACKEND,SUB-EVENT,_MatMul:OpId_29 (cycles)
12540496427,EXECUTE,0,CYCLES,BACKEND,SUB-EVENT,_MatMul_post_reshape:OpId_31 (cycles)
12540496427,EXECUTE,8320,CYCLES,BACKEND,SUB-EVENT,_MatMul_1:OpId_34 (cycles)
12540496427,EXECUTE,14922,CYCLES,BACKEND,SUB-EVENT,_MatMul_1_post_reshape:OpId_36 (cycles)
12540496427,EXECUTE,3273,CYCLES,BACKEND,SUB-EVENT,_MatMul_2:OpId_39 (cycles)
12540496427,EXECUTE,12250,CYCLES,BACKEND,SUB-EVENT,_MatMul_2_post_reshape:OpId_41 (cycles)
12540496427,EXECUTE,451,CYCLES,BACKEND,SUB-EVENT,_Transpose:OpId_43 (cycles)
12540496427,EXECUTE,3483,CYCLES,BACKEND,SUB-EVENT,_Transpose_1:OpId_45 (cycles)
12540496427,EXECUTE,3194,CYCLES,BACKEND,SUB-EVENT,_Transpose_2:OpId_47 (cycles)
12540496427,EXECUTE,30749,CYCLES,BACKEND,SUB-EVENT,_Slice:OpId_49 (cycles)
12540496427,EXECUTE,10355,CYCLES,BACKEND,SUB-EVENT,_Slice_1:OpId_55 (cycles)
12540496427,EXECUTE,1617,CYCLES,BACKEND,SUB-EVENT,_Mul_2:OpId_61 (cycles)
12540496427,EXECUTE,1444,CYCLES,BACKEND,SUB-EVENT,_Mul_3:OpId_64 (cycles)
12540496427,EXECUTE,263,CYCLES,BACKEND,SUB-EVENT,_Sub:OpId_66 (cycles)
12540496427,EXECUTE,1828,CYCLES,BACKEND,SUB-EVENT,_Mul_4:OpId_68 (cycles)
12540496427,EXECUTE,1533,CYCLES,BACKEND,SUB-EVENT,_Mul_5:OpId_70 (cycles)
12540496427,EXECUTE,5266,CYCLES,BACKEND,SUB-EVENT,_Add_4:OpId_72 (cycles)
12540496427,EXECUTE,0,CYCLES,BACKEND,SUB-EVENT,_Unsqueeze:OpId_74 (cycles)
12540496427,EXECUTE,0,CYCLES,BACKEND,SUB-EVENT,_Unsqueeze_1:OpId_75 (cycles)
12540496427,EXECUTE,853,CYCLES,BACKEND,SUB-EVENT,_Concat:OpId_76 (cycles)
12540496427,EXECUTE,3072,CYCLES,BACKEND,SUB-EVENT,_Reshape_3:OpId_78 (cycles)
12540496427,EXECUTE,29861,CYCLES,BACKEND,SUB-EVENT,_Slice_3:OpId_80 (cycles)
12540496427,EXECUTE,5504,CYCLES,BACKEND,SUB-EVENT,_Slice_4:OpId_86 (cycles)
12540496427,EXECUTE,8168,CYCLES,BACKEND,SUB-EVENT,_Mul_6:OpId_91 (cycles)
12540496427,EXECUTE,1793,CYCLES,BACKEND,SUB-EVENT,_Mul_7:OpId_93 (cycles)
12540496427,EXECUTE,589,CYCLES,BACKEND,SUB-EVENT,_Sub_1:OpId_95 (cycles)
12540496427,EXECUTE,8113,CYCLES,BACKEND,SUB-EVENT,_Mul_8:OpId_97 (cycles)
12540496427,EXECUTE,1718,CYCLES,BACKEND,SUB-EVENT,_Mul_9:OpId_99 (cycles)
12540496427,EXECUTE,851,CYCLES,BACKEND,SUB-EVENT,_Add_5:OpId_101 (cycles)
12540496427,EXECUTE,0,CYCLES,BACKEND,SUB-EVENT,_Unsqueeze_2:OpId_103 (cycles)
12540496427,EXECUTE,0,CYCLES,BACKEND,SUB-EVENT,_Unsqueeze_3:OpId_104 (cycles)
12540496427,EXECUTE,2383,CYCLES,BACKEND,SUB-EVENT,_Concat_2:OpId_105 (cycles)
12540496427,EXECUTE,0,CYCLES,BACKEND,SUB-EVENT,_Reshape_4:OpId_107 (cycles)
12540496427,EXECUTE,17493,CYCLES,BACKEND,SUB-EVENT,_Concat_4:OpId_108 (cycles)
12540496427,EXECUTE,17782,CYCLES,BACKEND,SUB-EVENT,_Concat_5:OpId_110 (cycles)
12540496427,EXECUTE,860869,CYCLES,BACKEND,SUB-EVENT,_QwenGqaFlashAttention:OpId_112 (cycles)
12540496427,EXECUTE,4909,CYCLES,BACKEND,SUB-EVENT,_Transpose_4:OpId_114 (cycles)
12540496427,EXECUTE,15904,CYCLES,BACKEND,SUB-EVENT,_MatMul_5:OpId_116 (cycles)
12540496427,EXECUTE,0,CYCLES,BACKEND,SUB-EVENT,_MatMul_5_post_reshape:OpId_119 (cycles)
12540496427,EXECUTE,0,CYCLES,BACKEND,SUB-EVENT,_MatMul_5_output_0_nfc:OpId_121 (cycles)
12540496427,EXECUTE,75820,CYCLES,BACKEND,SUB-EVENT,_Add_7:OpId_123 (cycles)
12540496427,EXECUTE,286,CYCLES,BACKEND,SUB-EVENT,_Add_7_output_0_ncf:OpId_126 (cycles)
12540496427,EXECUTE,2633,CYCLES,BACKEND,SUB-EVENT,rms_norm__Mul_11_output_0:OpId_131 (cycles)
12540496427,EXECUTE,0,CYCLES,BACKEND,SUB-EVENT,_MatMul_6:OpId_135 (cycles)
12540496427,EXECUTE,0,CYCLES,BACKEND,SUB-EVENT,_MatMul_6_post_reshape:OpId_138 (cycles)
12540496427,EXECUTE,91488,CYCLES,BACKEND,SUB-EVENT,_MatMul_7:OpId_140 (cycles)
12540496427,EXECUTE,0,CYCLES,BACKEND,SUB-EVENT,_MatMul_7_post_reshape:OpId_143 (cycles)
12540496427,EXECUTE,0,CYCLES,BACKEND,SUB-EVENT,_Sigmoid:OpId_144 (cycles)
12540496427,EXECUTE,103813,CYCLES,BACKEND,SUB-EVENT,_Mul_12:OpId_151 (cycles)
12540496427,EXECUTE,20230,CYCLES,BACKEND,SUB-EVENT,_Mul_13:OpId_153 (cycles)
12540496427,EXECUTE,155813,CYCLES,BACKEND,SUB-EVENT,_MatMul_8:OpId_156 (cycles)
12540496427,EXECUTE,0,CYCLES,BACKEND,SUB-EVENT,_MatMul_8_post_reshape:OpId_159 (cycles)
12540496427,EXECUTE,0,CYCLES,BACKEND,SUB-EVENT,_MatMul_8_output_0_nfc:OpId_161 (cycles)
12540496427,EXECUTE,14997,CYCLES,BACKEND,SUB-EVENT,_Add_9:OpId_163 (cycles)
12540496427,EXECUTE,6293,CYCLES,BACKEND,SUB-EVENT,Output OpId_3 (cycles)
12540496427,EXECUTE,2218,US,BACKEND,ROOT,Accelerator (execute) time
12540496427,EXECUTE,2099,US,BACKEND,ROOT,Accelerator (execute excluding wait) time
12540496427,EXECUTE,7571,US,BACKEND,ROOT,QNN (execute) time
12540505691,EXECUTE,7452,US,NETRUN,ROOT,Graph 0: qwen2_0_5b_layer0_decode_past128_flash_attention_head_contiguous
12540505691,EXECUTE,4,COUNT,BACKEND,ROOT,Number of HVX threads used
12540505691,EXECUTE,7055,US,BACKEND,ROOT,RPC (execute) time
12540505691,EXECUTE,6225,US,BACKEND,ROOT,QNN accelerator (execute) time
12540505691,EXECUTE,0,COUNT,BACKEND,ROOT,Num times yield occured
12540505691,EXECUTE,525,US,BACKEND,ROOT,Time for initial VTCM acquire
12540505691,EXECUTE,176,US,BACKEND,ROOT,Time for HVX + HMX power on and acquire
12540505691,EXECUTE,1601790,CYCLES,BACKEND,ROOT,Accelerator (execute) time (cycles)
12540505691,EXECUTE,15401,CYCLES,BACKEND,SUB-EVENT,Input OpId_2 (cycles)
12540505691,EXECUTE,8260,CYCLES,BACKEND,SUB-EVENT,hidden_states_ncf:OpId_17 (cycles)
12540505691,EXECUTE,25843,CYCLES,BACKEND,SUB-EVENT,past_value_nchw:OpId_20 (cycles)
12540505691,EXECUTE,10021,CYCLES,BACKEND,SUB-EVENT,rms_norm__Mul_1_output_0:OpId_24 (cycles)
12540505691,EXECUTE,22787,CYCLES,BACKEND,SUB-EVENT,_MatMul:OpId_29 (cycles)
12540505691,EXECUTE,0,CYCLES,BACKEND,SUB-EVENT,_MatMul_post_reshape:OpId_31 (cycles)
12540505691,EXECUTE,3491,CYCLES,BACKEND,SUB-EVENT,_MatMul_1:OpId_34 (cycles)
12540505691,EXECUTE,10873,CYCLES,BACKEND,SUB-EVENT,_MatMul_1_post_reshape:OpId_36 (cycles)
12540505691,EXECUTE,1828,CYCLES,BACKEND,SUB-EVENT,_MatMul_2:OpId_39 (cycles)
12540505691,EXECUTE,8311,CYCLES,BACKEND,SUB-EVENT,_MatMul_2_post_reshape:OpId_41 (cycles)
12540505691,EXECUTE,505,CYCLES,BACKEND,SUB-EVENT,_Transpose:OpId_43 (cycles)
12540505691,EXECUTE,1503,CYCLES,BACKEND,SUB-EVENT,_Transpose_1:OpId_45 (cycles)
12540505691,EXECUTE,1250,CYCLES,BACKEND,SUB-EVENT,_Transpose_2:OpId_47 (cycles)
12540505691,EXECUTE,27409,CYCLES,BACKEND,SUB-EVENT,_Slice:OpId_49 (cycles)
12540505691,EXECUTE,9894,CYCLES,BACKEND,SUB-EVENT,_Slice_1:OpId_55 (cycles)
12540505691,EXECUTE,2078,CYCLES,BACKEND,SUB-EVENT,_Mul_2:OpId_61 (cycles)
12540505691,EXECUTE,1384,CYCLES,BACKEND,SUB-EVENT,_Mul_3:OpId_64 (cycles)
12540505691,EXECUTE,257,CYCLES,BACKEND,SUB-EVENT,_Sub:OpId_66 (cycles)
12540505691,EXECUTE,2097,CYCLES,BACKEND,SUB-EVENT,_Mul_4:OpId_68 (cycles)
12540505691,EXECUTE,2129,CYCLES,BACKEND,SUB-EVENT,_Mul_5:OpId_70 (cycles)
12540505691,EXECUTE,4874,CYCLES,BACKEND,SUB-EVENT,_Add_4:OpId_72 (cycles)
12540505691,EXECUTE,0,CYCLES,BACKEND,SUB-EVENT,_Unsqueeze:OpId_74 (cycles)
12540505691,EXECUTE,0,CYCLES,BACKEND,SUB-EVENT,_Unsqueeze_1:OpId_75 (cycles)
12540505691,EXECUTE,893,CYCLES,BACKEND,SUB-EVENT,_Concat:OpId_76 (cycles)
12540505691,EXECUTE,3862,CYCLES,BACKEND,SUB-EVENT,_Reshape_3:OpId_78 (cycles)
12540505691,EXECUTE,34864,CYCLES,BACKEND,SUB-EVENT,_Slice_3:OpId_80 (cycles)
12540505691,EXECUTE,4761,CYCLES,BACKEND,SUB-EVENT,_Slice_4:OpId_86 (cycles)
12540505691,EXECUTE,12301,CYCLES,BACKEND,SUB-EVENT,_Mul_6:OpId_91 (cycles)
12540505691,EXECUTE,6382,CYCLES,BACKEND,SUB-EVENT,_Mul_7:OpId_93 (cycles)
12540505691,EXECUTE,1404,CYCLES,BACKEND,SUB-EVENT,_Sub_1:OpId_95 (cycles)
12540505691,EXECUTE,12244,CYCLES,BACKEND,SUB-EVENT,_Mul_8:OpId_97 (cycles)
12540505691,EXECUTE,6307,CYCLES,BACKEND,SUB-EVENT,_Mul_9:OpId_99 (cycles)
12540505691,EXECUTE,1480,CYCLES,BACKEND,SUB-EVENT,_Add_5:OpId_101 (cycles)
12540505691,EXECUTE,0,CYCLES,BACKEND,SUB-EVENT,_Unsqueeze_2:OpId_103 (cycles)
12540505691,EXECUTE,0,CYCLES,BACKEND,SUB-EVENT,_Unsqueeze_3:OpId_104 (cycles)
12540505691,EXECUTE,4098,CYCLES,BACKEND,SUB-EVENT,_Concat_2:OpId_105 (cycles)
12540505691,EXECUTE,0,CYCLES,BACKEND,SUB-EVENT,_Reshape_4:OpId_107 (cycles)
12540505691,EXECUTE,19966,CYCLES,BACKEND,SUB-EVENT,_Concat_4:OpId_108 (cycles)
12540505691,EXECUTE,27178,CYCLES,BACKEND,SUB-EVENT,_Concat_5:OpId_110 (cycles)
12540505691,EXECUTE,865049,CYCLES,BACKEND,SUB-EVENT,_QwenGqaFlashAttention:OpId_112 (cycles)
12540505691,EXECUTE,4780,CYCLES,BACKEND,SUB-EVENT,_Transpose_4:OpId_114 (cycles)
12540505691,EXECUTE,13374,CYCLES,BACKEND,SUB-EVENT,_MatMul_5:OpId_116 (cycles)
12540505691,EXECUTE,0,CYCLES,BACKEND,SUB-EVENT,_MatMul_5_post_reshape:OpId_119 (cycles)
12540505691,EXECUTE,0,CYCLES,BACKEND,SUB-EVENT,_MatMul_5_output_0_nfc:OpId_121 (cycles)
12540505691,EXECUTE,46090,CYCLES,BACKEND,SUB-EVENT,_Add_7:OpId_123 (cycles)
12540505691,EXECUTE,278,CYCLES,BACKEND,SUB-EVENT,_Add_7_output_0_ncf:OpId_126 (cycles)
12540505691,EXECUTE,2572,CYCLES,BACKEND,SUB-EVENT,rms_norm__Mul_11_output_0:OpId_131 (cycles)
12540505691,EXECUTE,0,CYCLES,BACKEND,SUB-EVENT,_MatMul_6:OpId_135 (cycles)
12540505691,EXECUTE,0,CYCLES,BACKEND,SUB-EVENT,_MatMul_6_post_reshape:OpId_138 (cycles)
12540505691,EXECUTE,89994,CYCLES,BACKEND,SUB-EVENT,_MatMul_7:OpId_140 (cycles)
12540505691,EXECUTE,0,CYCLES,BACKEND,SUB-EVENT,_MatMul_7_post_reshape:OpId_143 (cycles)
12540505691,EXECUTE,0,CYCLES,BACKEND,SUB-EVENT,_Sigmoid:OpId_144 (cycles)
12540505691,EXECUTE,91730,CYCLES,BACKEND,SUB-EVENT,_Mul_12:OpId_151 (cycles)
12540505691,EXECUTE,19176,CYCLES,BACKEND,SUB-EVENT,_Mul_13:OpId_153 (cycles)
12540505691,EXECUTE,155905,CYCLES,BACKEND,SUB-EVENT,_MatMul_8:OpId_156 (cycles)
12540505691,EXECUTE,0,CYCLES,BACKEND,SUB-EVENT,_MatMul_8_post_reshape:OpId_159 (cycles)
12540505691,EXECUTE,0,CYCLES,BACKEND,SUB-EVENT,_MatMul_8_output_0_nfc:OpId_161 (cycles)
12540505691,EXECUTE,14588,CYCLES,BACKEND,SUB-EVENT,_Add_9:OpId_163 (cycles)
12540505691,EXECUTE,2319,CYCLES,BACKEND,SUB-EVENT,Output OpId_3 (cycles)
12540505691,EXECUTE,2073,US,BACKEND,ROOT,Accelerator (execute) time
12540505691,EXECUTE,1971,US,BACKEND,ROOT,Accelerator (execute excluding wait) time
12540505691,EXECUTE,7431,US,BACKEND,ROOT,QNN (execute) time
12540513821,EXECUTE,6741,US,NETRUN,ROOT,Graph 0: qwen2_0_5b_layer0_decode_past128_flash_attention_head_contiguous
12540513821,EXECUTE,4,COUNT,BACKEND,ROOT,Number of HVX threads used
12540513821,EXECUTE,6430,US,BACKEND,ROOT,RPC (execute) time
12540513821,EXECUTE,5628,US,BACKEND,ROOT,QNN accelerator (execute) time
12540513821,EXECUTE,0,COUNT,BACKEND,ROOT,Num times yield occured
12540513821,EXECUTE,458,US,BACKEND,ROOT,Time for initial VTCM acquire
12540513821,EXECUTE,132,US,BACKEND,ROOT,Time for HVX + HMX power on and acquire
12540513821,EXECUTE,1593983,CYCLES,BACKEND,ROOT,Accelerator (execute) time (cycles)
12540513821,EXECUTE,13813,CYCLES,BACKEND,SUB-EVENT,Input OpId_2 (cycles)
12540513821,EXECUTE,5891,CYCLES,BACKEND,SUB-EVENT,hidden_states_ncf:OpId_17 (cycles)
12540513821,EXECUTE,21847,CYCLES,BACKEND,SUB-EVENT,past_value_nchw:OpId_20 (cycles)
12540513821,EXECUTE,8862,CYCLES,BACKEND,SUB-EVENT,rms_norm__Mul_1_output_0:OpId_24 (cycles)
12540513821,EXECUTE,24399,CYCLES,BACKEND,SUB-EVENT,_MatMul:OpId_29 (cycles)
12540513821,EXECUTE,0,CYCLES,BACKEND,SUB-EVENT,_MatMul_post_reshape:OpId_31 (cycles)
12540513821,EXECUTE,3981,CYCLES,BACKEND,SUB-EVENT,_MatMul_1:OpId_34 (cycles)
12540513821,EXECUTE,10564,CYCLES,BACKEND,SUB-EVENT,_MatMul_1_post_reshape:OpId_36 (cycles)
12540513821,EXECUTE,2041,CYCLES,BACKEND,SUB-EVENT,_MatMul_2:OpId_39 (cycles)
12540513821,EXECUTE,8018,CYCLES,BACKEND,SUB-EVENT,_MatMul_2_post_reshape:OpId_41 (cycles)
12540513821,EXECUTE,506,CYCLES,BACKEND,SUB-EVENT,_Transpose:OpId_43 (cycles)
12540513821,EXECUTE,1014,CYCLES,BACKEND,SUB-EVENT,_Transpose_1:OpId_45 (cycles)
12540513821,EXECUTE,738,CYCLES,BACKEND,SUB-EVENT,_Transpose_2:OpId_47 (cycles)
12540513821,EXECUTE,27110,CYCLES,BACKEND,SUB-EVENT,_Slice:OpId_49 (cycles)
12540513821,EXECUTE,9276,CYCLES,BACKEND,SUB-EVENT,_Slice_1:OpId_55 (cycles)
12540513821,EXECUTE,3013,CYCLES,BACKEND,SUB-EVENT,_Mul_2:OpId_61 (cycles)
12540513821,EXECUTE,1308,CYCLES,BACKEND,SUB-EVENT,_Mul_3:OpId_64 (cycles)
12540513821,EXECUTE,250,CYCLES,BACKEND,SUB-EVENT,_Sub:OpId_66 (cycles)
12540513821,EXECUTE,2278,CYCLES,BACKEND,SUB-EVENT,_Mul_4:OpId_68 (cycles)
12540513821,EXECUTE,2966,CYCLES,BACKEND,SUB-EVENT,_Mul_5:OpId_70 (cycles)
12540513821,EXECUTE,4395,CYCLES,BACKEND,SUB-EVENT,_Add_4:OpId_72 (cycles)
12540513821,EXECUTE,0,CYCLES,BACKEND,SUB-EVENT,_Unsqueeze:OpId_74 (cycles)
12540513821,EXECUTE,0,CYCLES,BACKEND,SUB-EVENT,_Unsqueeze_1:OpId_75 (cycles)
12540513821,EXECUTE,805,CYCLES,BACKEND,SUB-EVENT,_Concat:OpId_76 (cycles)
12540513821,EXECUTE,3264,CYCLES,BACKEND,SUB-EVENT,_Reshape_3:OpId_78 (cycles)
12540513821,EXECUTE,34520,CYCLES,BACKEND,SUB-EVENT,_Slice_3:OpId_80 (cycles)
12540513821,EXECUTE,5272,CYCLES,BACKEND,SUB-EVENT,_Slice_4:OpId_86 (cycles)
12540513821,EXECUTE,12987,CYCLES,BACKEND,SUB-EVENT,_Mul_6:OpId_91 (cycles)
12540513821,EXECUTE,7612,CYCLES,BACKEND,SUB-EVENT,_Mul_7:OpId_93 (cycles)
12540513821,EXECUTE,1311,CYCLES,BACKEND,SUB-EVENT,_Sub_1:OpId_95 (cycles)
12540513821,EXECUTE,12955,CYCLES,BACKEND,SUB-EVENT,_Mul_8:OpId_97 (cycles)
12540513821,EXECUTE,7558,CYCLES,BACKEND,SUB-EVENT,_Mul_9:OpId_99 (cycles)
12540513821,EXECUTE,2700,CYCLES,BACKEND,SUB-EVENT,_Add_5:OpId_101 (cycles)
12540513821,EXECUTE,0,CYCLES,BACKEND,SUB-EVENT,_Unsqueeze_2:OpId_103 (cycles)
12540513821,EXECUTE,0,CYCLES,BACKEND,SUB-EVENT,_Unsqueeze_3:OpId_104 (cycles)
12540513821,EXECUTE,4261,CYCLES,BACKEND,SUB-EVENT,_Concat_2:OpId_105 (cycles)
12540513821,EXECUTE,0,CYCLES,BACKEND,SUB-EVENT,_Reshape_4:OpId_107 (cycles)
12540513821,EXECUTE,19742,CYCLES,BACKEND,SUB-EVENT,_Concat_4:OpId_108 (cycles)
12540513821,EXECUTE,21697,CYCLES,BACKEND,SUB-EVENT,_Concat_5:OpId_110 (cycles)
12540513821,EXECUTE,866252,CYCLES,BACKEND,SUB-EVENT,_QwenGqaFlashAttention:OpId_112 (cycles)
12540513821,EXECUTE,3411,CYCLES,BACKEND,SUB-EVENT,_Transpose_4:OpId_114 (cycles)
12540513821,EXECUTE,13474,CYCLES,BACKEND,SUB-EVENT,_MatMul_5:OpId_116 (cycles)
12540513821,EXECUTE,0,CYCLES,BACKEND,SUB-EVENT,_MatMul_5_post_reshape:OpId_119 (cycles)
12540513821,EXECUTE,0,CYCLES,BACKEND,SUB-EVENT,_MatMul_5_output_0_nfc:OpId_121 (cycles)
12540513821,EXECUTE,47434,CYCLES,BACKEND,SUB-EVENT,_Add_7:OpId_123 (cycles)
12540513821,EXECUTE,255,CYCLES,BACKEND,SUB-EVENT,_Add_7_output_0_ncf:OpId_126 (cycles)
12540513821,EXECUTE,2021,CYCLES,BACKEND,SUB-EVENT,rms_norm__Mul_11_output_0:OpId_131 (cycles)
12540513821,EXECUTE,0,CYCLES,BACKEND,SUB-EVENT,_MatMul_6:OpId_135 (cycles)
12540513821,EXECUTE,0,CYCLES,BACKEND,SUB-EVENT,_MatMul_6_post_reshape:OpId_138 (cycles)
12540513821,EXECUTE,90759,CYCLES,BACKEND,SUB-EVENT,_MatMul_7:OpId_140 (cycles)
12540513821,EXECUTE,0,CYCLES,BACKEND,SUB-EVENT,_MatMul_7_post_reshape:OpId_143 (cycles)
12540513821,EXECUTE,0,CYCLES,BACKEND,SUB-EVENT,_Sigmoid:OpId_144 (cycles)
12540513821,EXECUTE,89359,CYCLES,BACKEND,SUB-EVENT,_Mul_12:OpId_151 (cycles)
12540513821,EXECUTE,20188,CYCLES,BACKEND,SUB-EVENT,_Mul_13:OpId_153 (cycles)
12540513821,EXECUTE,156302,CYCLES,BACKEND,SUB-EVENT,_MatMul_8:OpId_156 (cycles)
12540513821,EXECUTE,0,CYCLES,BACKEND,SUB-EVENT,_MatMul_8_post_reshape:OpId_159 (cycles)
12540513821,EXECUTE,0,CYCLES,BACKEND,SUB-EVENT,_MatMul_8_output_0_nfc:OpId_161 (cycles)
12540513821,EXECUTE,15234,CYCLES,BACKEND,SUB-EVENT,_Add_9:OpId_163 (cycles)
12540513821,EXECUTE,2340,CYCLES,BACKEND,SUB-EVENT,Output OpId_3 (cycles)
12540513821,EXECUTE,2037,US,BACKEND,ROOT,Accelerator (execute) time
12540513821,EXECUTE,1952,US,BACKEND,ROOT,Accelerator (execute excluding wait) time
12540513821,EXECUTE,6724,US,BACKEND,ROOT,QNN (execute) time
12540526421,EXECUTE,10970,US,NETRUN,ROOT,Graph 0: qwen2_0_5b_layer0_decode_past128_flash_attention_head_contiguous
12540526421,EXECUTE,4,COUNT,BACKEND,ROOT,Number of HVX threads used
12540526421,EXECUTE,10619,US,BACKEND,ROOT,RPC (execute) time
12540526421,EXECUTE,8960,US,BACKEND,ROOT,QNN accelerator (execute) time
12540526421,EXECUTE,0,COUNT,BACKEND,ROOT,Num times yield occured
12540526421,EXECUTE,872,US,BACKEND,ROOT,Time for initial VTCM acquire
12540526421,EXECUTE,235,US,BACKEND,ROOT,Time for HVX + HMX power on and acquire
12540526421,EXECUTE,2830239,CYCLES,BACKEND,ROOT,Accelerator (execute) time (cycles)
12540526421,EXECUTE,45493,CYCLES,BACKEND,SUB-EVENT,Input OpId_2 (cycles)
12540526421,EXECUTE,31447,CYCLES,BACKEND,SUB-EVENT,hidden_states_ncf:OpId_17 (cycles)
12540526421,EXECUTE,77556,CYCLES,BACKEND,SUB-EVENT,past_value_nchw:OpId_20 (cycles)
12540526421,EXECUTE,22926,CYCLES,BACKEND,SUB-EVENT,rms_norm__Mul_1_output_0:OpId_24 (cycles)
12540526421,EXECUTE,43788,CYCLES,BACKEND,SUB-EVENT,_MatMul:OpId_29 (cycles)
12540526421,EXECUTE,0,CYCLES,BACKEND,SUB-EVENT,_MatMul_post_reshape:OpId_31 (cycles)
12540526421,EXECUTE,8222,CYCLES,BACKEND,SUB-EVENT,_MatMul_1:OpId_34 (cycles)
12540526421,EXECUTE,28403,CYCLES,BACKEND,SUB-EVENT,_MatMul_1_post_reshape:OpId_36 (cycles)
12540526421,EXECUTE,7256,CYCLES,BACKEND,SUB-EVENT,_MatMul_2:OpId_39 (cycles)
12540526421,EXECUTE,25751,CYCLES,BACKEND,SUB-EVENT,_MatMul_2_post_reshape:OpId_41 (cycles)
12540526421,EXECUTE,592,CYCLES,BACKEND,SUB-EVENT,_Transpose:OpId_43 (cycles)
12540526421,EXECUTE,3642,CYCLES,BACKEND,SUB-EVENT,_Transpose_1:OpId_45 (cycles)
12540526421,EXECUTE,3405,CYCLES,BACKEND,SUB-EVENT,_Transpose_2:OpId_47 (cycles)
12540526421,EXECUTE,43267,CYCLES,BACKEND,SUB-EVENT,_Slice:OpId_49 (cycles)
12540526421,EXECUTE,16618,CYCLES,BACKEND,SUB-EVENT,_Slice_1:OpId_55 (cycles)
12540526421,EXECUTE,4459,CYCLES,BACKEND,SUB-EVENT,_Mul_2:OpId_61 (cycles)
12540526421,EXECUTE,1182,CYCLES,BACKEND,SUB-EVENT,_Mul_3:OpId_64 (cycles)
12540526421,EXECUTE,262,CYCLES,BACKEND,SUB-EVENT,_Sub:OpId_66 (cycles)
12540526421,EXECUTE,3223,CYCLES,BACKEND,SUB-EVENT,_Mul_4:OpId_68 (cycles)
12540526421,EXECUTE,4467,CYCLES,BACKEND,SUB-EVENT,_Mul_5:OpId_70 (cycles)
12540526421,EXECUTE,15282,CYCLES,BACKEND,SUB-EVENT,_Add_4:OpId_72 (cycles)
12540526421,EXECUTE,0,CYCLES,BACKEND,SUB-EVENT,_Unsqueeze:OpId_74 (cycles)
12540526421,EXECUTE,0,CYCLES,BACKEND,SUB-EVENT,_Unsqueeze_1:OpId_75 (cycles)
12540526421,EXECUTE,791,CYCLES,BACKEND,SUB-EVENT,_Concat:OpId_76 (cycles)
12540526421,EXECUTE,15007,CYCLES,BACKEND,SUB-EVENT,_Reshape_3:OpId_78 (cycles)
12540526421,EXECUTE,74407,CYCLES,BACKEND,SUB-EVENT,_Slice_3:OpId_80 (cycles)
12540526421,EXECUTE,9023,CYCLES,BACKEND,SUB-EVENT,_Slice_4:OpId_86 (cycles)
12540526421,EXECUTE,30673,CYCLES,BACKEND,SUB-EVENT,_Mul_6:OpId_91 (cycles)
12540526421,EXECUTE,18611,CYCLES,BACKEND,SUB-EVENT,_Mul_7:OpId_93 (cycles)
12540526421,EXECUTE,4319,CYCLES,BACKEND,SUB-EVENT,_Sub_1:OpId_95 (cycles)
12540526421,EXECUTE,30658,CYCLES,BACKEND,SUB-EVENT,_Mul_8:OpId_97 (cycles)
12540526421,EXECUTE,18539,CYCLES,BACKEND,SUB-EVENT,_Mul_9:OpId_99 (cycles)
12540526421,EXECUTE,4870,CYCLES,BACKEND,SUB-EVENT,_Add_5:OpId_101 (cycles)
12540526421,EXECUTE,0,CYCLES,BACKEND,SUB-EVENT,_Unsqueeze_2:OpId_103 (cycles)
12540526421,EXECUTE,0,CYCLES,BACKEND,SUB-EVENT,_Unsqueeze_3:OpId_104 (cycles)
12540526421,EXECUTE,18308,CYCLES,BACKEND,SUB-EVENT,_Concat_2:OpId_105 (cycles)
12540526421,EXECUTE,0,CYCLES,BACKEND,SUB-EVENT,_Reshape_4:OpId_107 (cycles)
12540526421,EXECUTE,24436,CYCLES,BACKEND,SUB-EVENT,_Concat_4:OpId_108 (cycles)
12540526421,EXECUTE,36273,CYCLES,BACKEND,SUB-EVENT,_Concat_5:OpId_110 (cycles)
12540526421,EXECUTE,1085307,CYCLES,BACKEND,SUB-EVENT,_QwenGqaFlashAttention:OpId_112 (cycles)
12540526421,EXECUTE,4737,CYCLES,BACKEND,SUB-EVENT,_Transpose_4:OpId_114 (cycles)
12540526421,EXECUTE,20072,CYCLES,BACKEND,SUB-EVENT,_MatMul_5:OpId_116 (cycles)
12540526421,EXECUTE,0,CYCLES,BACKEND,SUB-EVENT,_MatMul_5_post_reshape:OpId_119 (cycles)
12540526421,EXECUTE,0,CYCLES,BACKEND,SUB-EVENT,_MatMul_5_output_0_nfc:OpId_121 (cycles)
12540526421,EXECUTE,70087,CYCLES,BACKEND,SUB-EVENT,_Add_7:OpId_123 (cycles)
12540526421,EXECUTE,332,CYCLES,BACKEND,SUB-EVENT,_Add_7_output_0_ncf:OpId_126 (cycles)
12540526421,EXECUTE,3604,CYCLES,BACKEND,SUB-EVENT,rms_norm__Mul_11_output_0:OpId_131 (cycles)
12540526421,EXECUTE,0,CYCLES,BACKEND,SUB-EVENT,_MatMul_6:OpId_135 (cycles)
12540526421,EXECUTE,0,CYCLES,BACKEND,SUB-EVENT,_MatMul_6_post_reshape:OpId_138 (cycles)
12540526421,EXECUTE,291444,CYCLES,BACKEND,SUB-EVENT,_MatMul_7:OpId_140 (cycles)
12540526421,EXECUTE,0,CYCLES,BACKEND,SUB-EVENT,_MatMul_7_post_reshape:OpId_143 (cycles)
12540526421,EXECUTE,0,CYCLES,BACKEND,SUB-EVENT,_Sigmoid:OpId_144 (cycles)
12540526421,EXECUTE,241130,CYCLES,BACKEND,SUB-EVENT,_Mul_12:OpId_151 (cycles)
12540526421,EXECUTE,21391,CYCLES,BACKEND,SUB-EVENT,_Mul_13:OpId_153 (cycles)
12540526421,EXECUTE,399866,CYCLES,BACKEND,SUB-EVENT,_MatMul_8:OpId_156 (cycles)
12540526421,EXECUTE,0,CYCLES,BACKEND,SUB-EVENT,_MatMul_8_post_reshape:OpId_159 (cycles)
12540526421,EXECUTE,0,CYCLES,BACKEND,SUB-EVENT,_MatMul_8_output_0_nfc:OpId_161 (cycles)
12540526421,EXECUTE,14961,CYCLES,BACKEND,SUB-EVENT,_Add_9:OpId_163 (cycles)
12540526421,EXECUTE,4152,CYCLES,BACKEND,SUB-EVENT,Output OpId_3 (cycles)
12540526421,EXECUTE,4213,US,BACKEND,ROOT,Accelerator (execute) time
12540526421,EXECUTE,4074,US,BACKEND,ROOT,Accelerator (execute excluding wait) time
12540526421,EXECUTE,10946,US,BACKEND,ROOT,QNN (execute) time
12540541005,EXECUTE,11969,US,NETRUN,ROOT,Graph 0: qwen2_0_5b_layer0_decode_past128_flash_attention_head_contiguous
12540541005,EXECUTE,4,COUNT,BACKEND,ROOT,Number of HVX threads used
12540541005,EXECUTE,11448,US,BACKEND,ROOT,RPC (execute) time
12540541005,EXECUTE,9193,US,BACKEND,ROOT,QNN accelerator (execute) time
12540541005,EXECUTE,0,COUNT,BACKEND,ROOT,Num times yield occured
12540541005,EXECUTE,548,US,BACKEND,ROOT,Time for initial VTCM acquire
12540541005,EXECUTE,254,US,BACKEND,ROOT,Time for HVX + HMX power on and acquire
12540541005,EXECUTE,2589605,CYCLES,BACKEND,ROOT,Accelerator (execute) time (cycles)
12540541005,EXECUTE,12957,CYCLES,BACKEND,SUB-EVENT,Input OpId_2 (cycles)
12540541005,EXECUTE,4077,CYCLES,BACKEND,SUB-EVENT,hidden_states_ncf:OpId_17 (cycles)
12540541005,EXECUTE,42960,CYCLES,BACKEND,SUB-EVENT,past_value_nchw:OpId_20 (cycles)
12540541005,EXECUTE,20430,CYCLES,BACKEND,SUB-EVENT,rms_norm__Mul_1_output_0:OpId_24 (cycles)
12540541005,EXECUTE,79916,CYCLES,BACKEND,SUB-EVENT,_MatMul:OpId_29 (cycles)
12540541005,EXECUTE,0,CYCLES,BACKEND,SUB-EVENT,_MatMul_post_reshape:OpId_31 (cycles)
12540541005,EXECUTE,6907,CYCLES,BACKEND,SUB-EVENT,_MatMul_1:OpId_34 (cycles)
12540541005,EXECUTE,12587,CYCLES,BACKEND,SUB-EVENT,_MatMul_1_post_reshape:OpId_36 (cycles)
12540541005,EXECUTE,2492,CYCLES,BACKEND,SUB-EVENT,_MatMul_2:OpId_39 (cycles)
12540541005,EXECUTE,9717,CYCLES,BACKEND,SUB-EVENT,_MatMul_2_post_reshape:OpId_41 (cycles)
12540541005,EXECUTE,508,CYCLES,BACKEND,SUB-EVENT,_Transpose:OpId_43 (cycles)
12540541005,EXECUTE,3278,CYCLES,BACKEND,SUB-EVENT,_Transpose_1:OpId_45 (cycles)
12540541005,EXECUTE,2977,CYCLES,BACKEND,SUB-EVENT,_Transpose_2:OpId_47 (cycles)
12540541005,EXECUTE,36084,CYCLES,BACKEND,SUB-EVENT,_Slice:OpId_49 (cycles)
12540541005,EXECUTE,7958,CYCLES,BACKEND,SUB-EVENT,_Slice_1:OpId_55 (cycles)
12540541005,EXECUTE,1923,CYCLES,BACKEND,SUB-EVENT,_Mul_2:OpId_61 (cycles)
12540541005,EXECUTE,1395,CYCLES,BACKEND,SUB-EVENT,_Mul_3:OpId_64 (cycles)
12540541005,EXECUTE,262,CYCLES,BACKEND,SUB-EVENT,_Sub:OpId_66 (cycles)
12540541005,EXECUTE,1920,CYCLES,BACKEND,SUB-EVENT,_Mul_4:OpId_68 (cycles)
12540541005,EXECUTE,1845,CYCLES,BACKEND,SUB-EVENT,_Mul_5:OpId_70 (cycles)
12540541005,EXECUTE,2444,CYCLES,BACKEND,SUB-EVENT,_Add_4:OpId_72 (cycles)
12540541005,EXECUTE,0,CYCLES,BACKEND,SUB-EVENT,_Unsqueeze:OpId_74 (cycles)
12540541005,EXECUTE,0,CYCLES,BACKEND,SUB-EVENT,_Unsqueeze_1:OpId_75 (cycles)
12540541005,EXECUTE,891,CYCLES,BACKEND,SUB-EVENT,_Concat:OpId_76 (cycles)
12540541005,EXECUTE,3323,CYCLES,BACKEND,SUB-EVENT,_Reshape_3:OpId_78 (cycles)
12540541005,EXECUTE,73503,CYCLES,BACKEND,SUB-EVENT,_Slice_3:OpId_80 (cycles)
12540541005,EXECUTE,7014,CYCLES,BACKEND,SUB-EVENT,_Slice_4:OpId_86 (cycles)
12540541005,EXECUTE,6673,CYCLES,BACKEND,SUB-EVENT,_Mul_6:OpId_91 (cycles)
12540541005,EXECUTE,3050,CYCLES,BACKEND,SUB-EVENT,_Mul_7:OpId_93 (cycles)
12540541005,EXECUTE,886,CYCLES,BACKEND,SUB-EVENT,_Sub_1:OpId_95 (cycles)
12540541005,EXECUTE,6614,CYCLES,BACKEND,SUB-EVENT,_Mul_8:OpId_97 (cycles)
12540541005,EXECUTE,2996,CYCLES,BACKEND,SUB-EVENT,_Mul_9:OpId_99 (cycles)
12540541005,EXECUTE,1301,CYCLES,BACKEND,SUB-EVENT,_Add_5:OpId_101 (cycles)
12540541005,EXECUTE,0,CYCLES,BACKEND,SUB-EVENT,_Unsqueeze_2:OpId_103 (cycles)
12540541005,EXECUTE,0,CYCLES,BACKEND,SUB-EVENT,_Unsqueeze_3:OpId_104 (cycles)
12540541005,EXECUTE,2700,CYCLES,BACKEND,SUB-EVENT,_Concat_2:OpId_105 (cycles)
12540541005,EXECUTE,0,CYCLES,BACKEND,SUB-EVENT,_Reshape_4:OpId_107 (cycles)
12540541005,EXECUTE,18441,CYCLES,BACKEND,SUB-EVENT,_Concat_4:OpId_108 (cycles)
12540541005,EXECUTE,19609,CYCLES,BACKEND,SUB-EVENT,_Concat_5:OpId_110 (cycles)
12540541005,EXECUTE,869086,CYCLES,BACKEND,SUB-EVENT,_QwenGqaFlashAttention:OpId_112 (cycles)
12540541005,EXECUTE,6263,CYCLES,BACKEND,SUB-EVENT,_Transpose_4:OpId_114 (cycles)
12540541005,EXECUTE,12854,CYCLES,BACKEND,SUB-EVENT,_MatMul_5:OpId_116 (cycles)
12540541005,EXECUTE,0,CYCLES,BACKEND,SUB-EVENT,_MatMul_5_post_reshape:OpId_119 (cycles)
12540541005,EXECUTE,0,CYCLES,BACKEND,SUB-EVENT,_MatMul_5_output_0_nfc:OpId_121 (cycles)
12540541005,EXECUTE,74893,CYCLES,BACKEND,SUB-EVENT,_Add_7:OpId_123 (cycles)
12540541005,EXECUTE,260,CYCLES,BACKEND,SUB-EVENT,_Add_7_output_0_ncf:OpId_126 (cycles)
12540541005,EXECUTE,2243,CYCLES,BACKEND,SUB-EVENT,rms_norm__Mul_11_output_0:OpId_131 (cycles)
12540541005,EXECUTE,0,CYCLES,BACKEND,SUB-EVENT,_MatMul_6:OpId_135 (cycles)
12540541005,EXECUTE,0,CYCLES,BACKEND,SUB-EVENT,_MatMul_6_post_reshape:OpId_138 (cycles)
12540541005,EXECUTE,430097,CYCLES,BACKEND,SUB-EVENT,_MatMul_7:OpId_140 (cycles)
12540541005,EXECUTE,0,CYCLES,BACKEND,SUB-EVENT,_MatMul_7_post_reshape:OpId_143 (cycles)
12540541005,EXECUTE,0,CYCLES,BACKEND,SUB-EVENT,_Sigmoid:OpId_144 (cycles)
12540541005,EXECUTE,352654,CYCLES,BACKEND,SUB-EVENT,_Mul_12:OpId_151 (cycles)
12540541005,EXECUTE,22979,CYCLES,BACKEND,SUB-EVENT,_Mul_13:OpId_153 (cycles)
12540541005,EXECUTE,399131,CYCLES,BACKEND,SUB-EVENT,_MatMul_8:OpId_156 (cycles)
12540541005,EXECUTE,0,CYCLES,BACKEND,SUB-EVENT,_MatMul_8_post_reshape:OpId_159 (cycles)
12540541005,EXECUTE,0,CYCLES,BACKEND,SUB-EVENT,_MatMul_8_output_0_nfc:OpId_161 (cycles)
12540541005,EXECUTE,14960,CYCLES,BACKEND,SUB-EVENT,_Add_9:OpId_163 (cycles)
12540541005,EXECUTE,4547,CYCLES,BACKEND,SUB-EVENT,Output OpId_3 (cycles)
12540541005,EXECUTE,4498,US,BACKEND,ROOT,Accelerator (execute) time
12540541005,EXECUTE,4374,US,BACKEND,ROOT,Accelerator (execute excluding wait) time
12540541005,EXECUTE,11942,US,BACKEND,ROOT,QNN (execute) time
12540554349,EXECUTE,11437,US,NETRUN,ROOT,Graph 0: qwen2_0_5b_layer0_decode_past128_flash_attention_head_contiguous
12540554349,EXECUTE,4,COUNT,BACKEND,ROOT,Number of HVX threads used
12540554349,EXECUTE,11062,US,BACKEND,ROOT,RPC (execute) time
12540554349,EXECUTE,8906,US,BACKEND,ROOT,QNN accelerator (execute) time
12540554349,EXECUTE,0,COUNT,BACKEND,ROOT,Num times yield occured
12540554349,EXECUTE,659,US,BACKEND,ROOT,Time for initial VTCM acquire
12540554349,EXECUTE,262,US,BACKEND,ROOT,Time for HVX + HMX power on and acquire
12540554349,EXECUTE,2710459,CYCLES,BACKEND,ROOT,Accelerator (execute) time (cycles)
12540554349,EXECUTE,39468,CYCLES,BACKEND,SUB-EVENT,Input OpId_2 (cycles)
12540554349,EXECUTE,23422,CYCLES,BACKEND,SUB-EVENT,hidden_states_ncf:OpId_17 (cycles)
12540554349,EXECUTE,60578,CYCLES,BACKEND,SUB-EVENT,past_value_nchw:OpId_20 (cycles)
12540554349,EXECUTE,21101,CYCLES,BACKEND,SUB-EVENT,rms_norm__Mul_1_output_0:OpId_24 (cycles)
12540554349,EXECUTE,40325,CYCLES,BACKEND,SUB-EVENT,_MatMul:OpId_29 (cycles)
12540554349,EXECUTE,0,CYCLES,BACKEND,SUB-EVENT,_MatMul_post_reshape:OpId_31 (cycles)
12540554349,EXECUTE,11179,CYCLES,BACKEND,SUB-EVENT,_MatMul_1:OpId_34 (cycles)
12540554349,EXECUTE,31401,CYCLES,BACKEND,SUB-EVENT,_MatMul_1_post_reshape:OpId_36 (cycles)
12540554349,EXECUTE,4233,CYCLES,BACKEND,SUB-EVENT,_MatMul_2:OpId_39 (cycles)
12540554349,EXECUTE,28896,CYCLES,BACKEND,SUB-EVENT,_MatMul_2_post_reshape:OpId_41 (cycles)
12540554349,EXECUTE,494,CYCLES,BACKEND,SUB-EVENT,_Transpose:OpId_43 (cycles)
12540554349,EXECUTE,2111,CYCLES,BACKEND,SUB-EVENT,_Transpose_1:OpId_45 (cycles)
12540554349,EXECUTE,1818,CYCLES,BACKEND,SUB-EVENT,_Transpose_2:OpId_47 (cycles)
12540554349,EXECUTE,41921,CYCLES,BACKEND,SUB-EVENT,_Slice:OpId_49 (cycles)
12540554349,EXECUTE,16847,CYCLES,BACKEND,SUB-EVENT,_Slice_1:OpId_55 (cycles)
12540554349,EXECUTE,2855,CYCLES,BACKEND,SUB-EVENT,_Mul_2:OpId_61 (cycles)
12540554349,EXECUTE,1188,CYCLES,BACKEND,SUB-EVENT,_Mul_3:OpId_64 (cycles)
12540554349,EXECUTE,256,CYCLES,BACKEND,SUB-EVENT,_Sub:OpId_66 (cycles)
12540554349,EXECUTE,2944,CYCLES,BACKEND,SUB-EVENT,_Mul_4:OpId_68 (cycles)
12540554349,EXECUTE,2829,CYCLES,BACKEND,SUB-EVENT,_Mul_5:OpId_70 (cycles)
12540554349,EXECUTE,12714,CYCLES,BACKEND,SUB-EVENT,_Add_4:OpId_72 (cycles)
12540554349,EXECUTE,0,CYCLES,BACKEND,SUB-EVENT,_Unsqueeze:OpId_74 (cycles)
12540554349,EXECUTE,0,CYCLES,BACKEND,SUB-EVENT,_Unsqueeze_1:OpId_75 (cycles)
12540554349,EXECUTE,715,CYCLES,BACKEND,SUB-EVENT,_Concat:OpId_76 (cycles)
12540554349,EXECUTE,14353,CYCLES,BACKEND,SUB-EVENT,_Reshape_3:OpId_78 (cycles)
12540554349,EXECUTE,73639,CYCLES,BACKEND,SUB-EVENT,_Slice_3:OpId_80 (cycles)
12540554349,EXECUTE,20505,CYCLES,BACKEND,SUB-EVENT,_Slice_4:OpId_86 (cycles)
12540554349,EXECUTE,30214,CYCLES,BACKEND,SUB-EVENT,_Mul_6:OpId_91 (cycles)
12540554349,EXECUTE,17914,CYCLES,BACKEND,SUB-EVENT,_Mul_7:OpId_93 (cycles)
12540554349,EXECUTE,3587,CYCLES,BACKEND,SUB-EVENT,_Sub_1:OpId_95 (cycles)
12540554349,EXECUTE,30164,CYCLES,BACKEND,SUB-EVENT,_Mul_8:OpId_97 (cycles)
12540554349,EXECUTE,17853,CYCLES,BACKEND,SUB-EVENT,_Mul_9:OpId_99 (cycles)
12540554349,EXECUTE,5322,CYCLES,BACKEND,SUB-EVENT,_Add_5:OpId_101 (cycles)
12540554349,EXECUTE,0,CYCLES,BACKEND,SUB-EVENT,_Unsqueeze_2:OpId_103 (cycles)
12540554349,EXECUTE,0,CYCLES,BACKEND,SUB-EVENT,_Unsqueeze_3:OpId_104 (cycles)
12540554349,EXECUTE,4810,CYCLES,BACKEND,SUB-EVENT,_Concat_2:OpId_105 (cycles)
12540554349,EXECUTE,0,CYCLES,BACKEND,SUB-EVENT,_Reshape_4:OpId_107 (cycles)
12540554349,EXECUTE,22826,CYCLES,BACKEND,SUB-EVENT,_Concat_4:OpId_108 (cycles)
12540554349,EXECUTE,28762,CYCLES,BACKEND,SUB-EVENT,_Concat_5:OpId_110 (cycles)
12540554349,EXECUTE,1001695,CYCLES,BACKEND,SUB-EVENT,_QwenGqaFlashAttention:OpId_112 (cycles)
12540554349,EXECUTE,6067,CYCLES,BACKEND,SUB-EVENT,_Transpose_4:OpId_114 (cycles)
12540554349,EXECUTE,21105,CYCLES,BACKEND,SUB-EVENT,_MatMul_5:OpId_116 (cycles)
12540554349,EXECUTE,0,CYCLES,BACKEND,SUB-EVENT,_MatMul_5_post_reshape:OpId_119 (cycles)
12540554349,EXECUTE,0,CYCLES,BACKEND,SUB-EVENT,_MatMul_5_output_0_nfc:OpId_121 (cycles)
12540554349,EXECUTE,69904,CYCLES,BACKEND,SUB-EVENT,_Add_7:OpId_123 (cycles)
12540554349,EXECUTE,298,CYCLES,BACKEND,SUB-EVENT,_Add_7_output_0_ncf:OpId_126 (cycles)
12540554349,EXECUTE,1970,CYCLES,BACKEND,SUB-EVENT,rms_norm__Mul_11_output_0:OpId_131 (cycles)
12540554349,EXECUTE,0,CYCLES,BACKEND,SUB-EVENT,_MatMul_6:OpId_135 (cycles)
12540554349,EXECUTE,0,CYCLES,BACKEND,SUB-EVENT,_MatMul_6_post_reshape:OpId_138 (cycles)
12540554349,EXECUTE,301840,CYCLES,BACKEND,SUB-EVENT,_MatMul_7:OpId_140 (cycles)
12540554349,EXECUTE,0,CYCLES,BACKEND,SUB-EVENT,_MatMul_7_post_reshape:OpId_143 (cycles)
12540554349,EXECUTE,0,CYCLES,BACKEND,SUB-EVENT,_Sigmoid:OpId_144 (cycles)
12540554349,EXECUTE,245119,CYCLES,BACKEND,SUB-EVENT,_Mul_12:OpId_151 (cycles)
12540554349,EXECUTE,25851,CYCLES,BACKEND,SUB-EVENT,_Mul_13:OpId_153 (cycles)
12540554349,EXECUTE,400128,CYCLES,BACKEND,SUB-EVENT,_MatMul_8:OpId_156 (cycles)
12540554349,EXECUTE,0,CYCLES,BACKEND,SUB-EVENT,_MatMul_8_post_reshape:OpId_159 (cycles)
12540554349,EXECUTE,0,CYCLES,BACKEND,SUB-EVENT,_MatMul_8_output_0_nfc:OpId_161 (cycles)
12540554349,EXECUTE,15086,CYCLES,BACKEND,SUB-EVENT,_Add_9:OpId_163 (cycles)
12540554349,EXECUTE,4152,CYCLES,BACKEND,SUB-EVENT,Output OpId_3 (cycles)
12540554349,EXECUTE,4169,US,BACKEND,ROOT,Accelerator (execute) time
12540554349,EXECUTE,4032,US,BACKEND,ROOT,Accelerator (execute excluding wait) time
12540554349,EXECUTE,11411,US,BACKEND,ROOT,QNN (execute) time
12540567940,EXECUTE,11732,US,NETRUN,ROOT,Graph 0: qwen2_0_5b_layer0_decode_past128_flash_attention_head_contiguous
12540567940,EXECUTE,4,COUNT,BACKEND,ROOT,Number of HVX threads used
12540567940,EXECUTE,11316,US,BACKEND,ROOT,RPC (execute) time
12540567940,EXECUTE,9158,US,BACKEND,ROOT,QNN accelerator (execute) time
12540567940,EXECUTE,0,COUNT,BACKEND,ROOT,Num times yield occured
12540567940,EXECUTE,564,US,BACKEND,ROOT,Time for initial VTCM acquire
12540567940,EXECUTE,301,US,BACKEND,ROOT,Time for HVX + HMX power on and acquire
12540567940,EXECUTE,2812955,CYCLES,BACKEND,ROOT,Accelerator (execute) time (cycles)
12540567940,EXECUTE,34783,CYCLES,BACKEND,SUB-EVENT,Input OpId_2 (cycles)
12540567940,EXECUTE,25489,CYCLES,BACKEND,SUB-EVENT,hidden_states_ncf:OpId_17 (cycles)
12540567940,EXECUTE,70469,CYCLES,BACKEND,SUB-EVENT,past_value_nchw:OpId_20 (cycles)
12540567940,EXECUTE,22077,CYCLES,BACKEND,SUB-EVENT,rms_norm__Mul_1_output_0:OpId_24 (cycles)
12540567940,EXECUTE,59790,CYCLES,BACKEND,SUB-EVENT,_MatMul:OpId_29 (cycles)
12540567940,EXECUTE,0,CYCLES,BACKEND,SUB-EVENT,_MatMul_post_reshape:OpId_31 (cycles)
12540567940,EXECUTE,10410,CYCLES,BACKEND,SUB-EVENT,_MatMul_1:OpId_34 (cycles)
12540567940,EXECUTE,27028,CYCLES,BACKEND,SUB-EVENT,_MatMul_1_post_reshape:OpId_36 (cycles)
12540567940,EXECUTE,4395,CYCLES,BACKEND,SUB-EVENT,_MatMul_2:OpId_39 (cycles)
12540567940,EXECUTE,24166,CYCLES,BACKEND,SUB-EVENT,_MatMul_2_post_reshape:OpId_41 (cycles)
12540567940,EXECUTE,487,CYCLES,BACKEND,SUB-EVENT,_Transpose:OpId_43 (cycles)
12540567940,EXECUTE,2001,CYCLES,BACKEND,SUB-EVENT,_Transpose_1:OpId_45 (cycles)
12540567940,EXECUTE,1658,CYCLES,BACKEND,SUB-EVENT,_Transpose_2:OpId_47 (cycles)
12540567940,EXECUTE,44838,CYCLES,BACKEND,SUB-EVENT,_Slice:OpId_49 (cycles)
12540567940,EXECUTE,22894,CYCLES,BACKEND,SUB-EVENT,_Slice_1:OpId_55 (cycles)
12540567940,EXECUTE,4306,CYCLES,BACKEND,SUB-EVENT,_Mul_2:OpId_61 (cycles)
12540567940,EXECUTE,1194,CYCLES,BACKEND,SUB-EVENT,_Mul_3:OpId_64 (cycles)
12540567940,EXECUTE,240,CYCLES,BACKEND,SUB-EVENT,_Sub:OpId_66 (cycles)
12540567940,EXECUTE,2846,CYCLES,BACKEND,SUB-EVENT,_Mul_4:OpId_68 (cycles)
12540567940,EXECUTE,4307,CYCLES,BACKEND,SUB-EVENT,_Mul_5:OpId_70 (cycles)
12540567940,EXECUTE,8966,CYCLES,BACKEND,SUB-EVENT,_Add_4:OpId_72 (cycles)
12540567940,EXECUTE,0,CYCLES,BACKEND,SUB-EVENT,_Unsqueeze:OpId_74 (cycles)
12540567940,EXECUTE,0,CYCLES,BACKEND,SUB-EVENT,_Unsqueeze_1:OpId_75 (cycles)
12540567940,EXECUTE,795,CYCLES,BACKEND,SUB-EVENT,_Concat:OpId_76 (cycles)
12540567940,EXECUTE,23811,CYCLES,BACKEND,SUB-EVENT,_Reshape_3:OpId_78 (cycles)
12540567940,EXECUTE,98196,CYCLES,BACKEND,SUB-EVENT,_Slice_3:OpId_80 (cycles)
12540567940,EXECUTE,10793,CYCLES,BACKEND,SUB-EVENT,_Slice_4:OpId_86 (cycles)
12540567940,EXECUTE,48831,CYCLES,BACKEND,SUB-EVENT,_Mul_6:OpId_91 (cycles)
12540567940,EXECUTE,33978,CYCLES,BACKEND,SUB-EVENT,_Mul_7:OpId_93 (cycles)
12540567940,EXECUTE,5194,CYCLES,BACKEND,SUB-EVENT,_Sub_1:OpId_95 (cycles)
12540567940,EXECUTE,48710,CYCLES,BACKEND,SUB-EVENT,_Mul_8:OpId_97 (cycles)
12540567940,EXECUTE,33889,CYCLES,BACKEND,SUB-EVENT,_Mul_9:OpId_99 (cycles)
12540567940,EXECUTE,3751,CYCLES,BACKEND,SUB-EVENT,_Add_5:OpId_101 (cycles)
12540567940,EXECUTE,0,CYCLES,BACKEND,SUB-EVENT,_Unsqueeze_2:OpId_103 (cycles)
12540567940,EXECUTE,0,CYCLES,BACKEND,SUB-EVENT,_Unsqueeze_3:OpId_104 (cycles)
12540567940,EXECUTE,8264,CYCLES,BACKEND,SUB-EVENT,_Concat_2:OpId_105 (cycles)
12540567940,EXECUTE,0,CYCLES,BACKEND,SUB-EVENT,_Reshape_4:OpId_107 (cycles)
12540567940,EXECUTE,27809,CYCLES,BACKEND,SUB-EVENT,_Concat_4:OpId_108 (cycles)
12540567940,EXECUTE,40772,CYCLES,BACKEND,SUB-EVENT,_Concat_5:OpId_110 (cycles)
12540567940,EXECUTE,926222,CYCLES,BACKEND,SUB-EVENT,_QwenGqaFlashAttention:OpId_112 (cycles)
12540567940,EXECUTE,5672,CYCLES,BACKEND,SUB-EVENT,_Transpose_4:OpId_114 (cycles)
12540567940,EXECUTE,24859,CYCLES,BACKEND,SUB-EVENT,_MatMul_5:OpId_116 (cycles)
12540567940,EXECUTE,0,CYCLES,BACKEND,SUB-EVENT,_MatMul_5_post_reshape:OpId_119 (cycles)
12540567940,EXECUTE,0,CYCLES,BACKEND,SUB-EVENT,_MatMul_5_output_0_nfc:OpId_121 (cycles)
12540567940,EXECUTE,92991,CYCLES,BACKEND,SUB-EVENT,_Add_7:OpId_123 (cycles)
12540567940,EXECUTE,280,CYCLES,BACKEND,SUB-EVENT,_Add_7_output_0_ncf:OpId_126 (cycles)
12540567940,EXECUTE,6538,CYCLES,BACKEND,SUB-EVENT,rms_norm__Mul_11_output_0:OpId_131 (cycles)
12540567940,EXECUTE,0,CYCLES,BACKEND,SUB-EVENT,_MatMul_6:OpId_135 (cycles)
12540567940,EXECUTE,0,CYCLES,BACKEND,SUB-EVENT,_MatMul_6_post_reshape:OpId_138 (cycles)
12540567940,EXECUTE,294485,CYCLES,BACKEND,SUB-EVENT,_MatMul_7:OpId_140 (cycles)
12540567940,EXECUTE,0,CYCLES,BACKEND,SUB-EVENT,_MatMul_7_post_reshape:OpId_143 (cycles)
12540567940,EXECUTE,0,CYCLES,BACKEND,SUB-EVENT,_Sigmoid:OpId_144 (cycles)
12540567940,EXECUTE,257642,CYCLES,BACKEND,SUB-EVENT,_Mul_12:OpId_151 (cycles)
12540567940,EXECUTE,28341,CYCLES,BACKEND,SUB-EVENT,_Mul_13:OpId_153 (cycles)
12540567940,EXECUTE,399655,CYCLES,BACKEND,SUB-EVENT,_MatMul_8:OpId_156 (cycles)
12540567940,EXECUTE,0,CYCLES,BACKEND,SUB-EVENT,_MatMul_8_post_reshape:OpId_159 (cycles)
12540567940,EXECUTE,0,CYCLES,BACKEND,SUB-EVENT,_MatMul_8_output_0_nfc:OpId_161 (cycles)
12540567940,EXECUTE,15225,CYCLES,BACKEND,SUB-EVENT,_Add_9:OpId_163 (cycles)
12540567940,EXECUTE,3908,CYCLES,BACKEND,SUB-EVENT,Output OpId_3 (cycles)
12540567940,EXECUTE,4308,US,BACKEND,ROOT,Accelerator (execute) time
12540567940,EXECUTE,4177,US,BACKEND,ROOT,Accelerator (execute excluding wait) time
12540567940,EXECUTE,11709,US,BACKEND,ROOT,QNN (execute) time
12540581268,EXECUTE,11408,US,NETRUN,ROOT,Graph 0: qwen2_0_5b_layer0_decode_past128_flash_attention_head_contiguous
12540581268,EXECUTE,4,COUNT,BACKEND,ROOT,Number of HVX threads used
12540581268,EXECUTE,10929,US,BACKEND,ROOT,RPC (execute) time
12540581268,EXECUTE,8756,US,BACKEND,ROOT,QNN accelerator (execute) time
12540581268,EXECUTE,0,COUNT,BACKEND,ROOT,Num times yield occured
12540581268,EXECUTE,578,US,BACKEND,ROOT,Time for initial VTCM acquire
12540581268,EXECUTE,320,US,BACKEND,ROOT,Time for HVX + HMX power on and acquire
12540581268,EXECUTE,2760639,CYCLES,BACKEND,ROOT,Accelerator (execute) time (cycles)
12540581268,EXECUTE,36642,CYCLES,BACKEND,SUB-EVENT,Input OpId_2 (cycles)
12540581268,EXECUTE,25275,CYCLES,BACKEND,SUB-EVENT,hidden_states_ncf:OpId_17 (cycles)
12540581268,EXECUTE,72125,CYCLES,BACKEND,SUB-EVENT,past_value_nchw:OpId_20 (cycles)
12540581268,EXECUTE,25651,CYCLES,BACKEND,SUB-EVENT,rms_norm__Mul_1_output_0:OpId_24 (cycles)
12540581268,EXECUTE,53804,CYCLES,BACKEND,SUB-EVENT,_MatMul:OpId_29 (cycles)
12540581268,EXECUTE,0,CYCLES,BACKEND,SUB-EVENT,_MatMul_post_reshape:OpId_31 (cycles)
12540581268,EXECUTE,6655,CYCLES,BACKEND,SUB-EVENT,_MatMul_1:OpId_34 (cycles)
12540581268,EXECUTE,24130,CYCLES,BACKEND,SUB-EVENT,_MatMul_1_post_reshape:OpId_36 (cycles)
12540581268,EXECUTE,11116,CYCLES,BACKEND,SUB-EVENT,_MatMul_2:OpId_39 (cycles)
12540581268,EXECUTE,20931,CYCLES,BACKEND,SUB-EVENT,_MatMul_2_post_reshape:OpId_41 (cycles)
12540581268,EXECUTE,528,CYCLES,BACKEND,SUB-EVENT,_Transpose:OpId_43 (cycles)
12540581268,EXECUTE,2105,CYCLES,BACKEND,SUB-EVENT,_Transpose_1:OpId_45 (cycles)
12540581268,EXECUTE,1861,CYCLES,BACKEND,SUB-EVENT,_Transpose_2:OpId_47 (cycles)
12540581268,EXECUTE,47156,CYCLES,BACKEND,SUB-EVENT,_Slice:OpId_49 (cycles)
12540581268,EXECUTE,18161,CYCLES,BACKEND,SUB-EVENT,_Slice_1:OpId_55 (cycles)
12540581268,EXECUTE,2894,CYCLES,BACKEND,SUB-EVENT,_Mul_2:OpId_61 (cycles)
12540581268,EXECUTE,1298,CYCLES,BACKEND,SUB-EVENT,_Mul_3:OpId_64 (cycles)
12540581268,EXECUTE,242,CYCLES,BACKEND,SUB-EVENT,_Sub:OpId_66 (cycles)
12540581268,EXECUTE,2914,CYCLES,BACKEND,SUB-EVENT,_Mul_4:OpId_68 (cycles)
12540581268,EXECUTE,2878,CYCLES,BACKEND,SUB-EVENT,_Mul_5:OpId_70 (cycles)
12540581268,EXECUTE,15479,CYCLES,BACKEND,SUB-EVENT,_Add_4:OpId_72 (cycles)
12540581268,EXECUTE,0,CYCLES,BACKEND,SUB-EVENT,_Unsqueeze:OpId_74 (cycles)
12540581268,EXECUTE,0,CYCLES,BACKEND,SUB-EVENT,_Unsqueeze_1:OpId_75 (cycles)
12540581268,EXECUTE,776,CYCLES,BACKEND,SUB-EVENT,_Concat:OpId_76 (cycles)
12540581268,EXECUTE,18206,CYCLES,BACKEND,SUB-EVENT,_Reshape_3:OpId_78 (cycles)
12540581268,EXECUTE,78034,CYCLES,BACKEND,SUB-EVENT,_Slice_3:OpId_80 (cycles)
12540581268,EXECUTE,12726,CYCLES,BACKEND,SUB-EVENT,_Slice_4:OpId_86 (cycles)
12540581268,EXECUTE,38523,CYCLES,BACKEND,SUB-EVENT,_Mul_6:OpId_91 (cycles)
12540581268,EXECUTE,25639,CYCLES,BACKEND,SUB-EVENT,_Mul_7:OpId_93 (cycles)
12540581268,EXECUTE,3075,CYCLES,BACKEND,SUB-EVENT,_Sub_1:OpId_95 (cycles)
12540581268,EXECUTE,38488,CYCLES,BACKEND,SUB-EVENT,_Mul_8:OpId_97 (cycles)
12540581268,EXECUTE,25559,CYCLES,BACKEND,SUB-EVENT,_Mul_9:OpId_99 (cycles)
12540581268,EXECUTE,3663,CYCLES,BACKEND,SUB-EVENT,_Add_5:OpId_101 (cycles)
12540581268,EXECUTE,0,CYCLES,BACKEND,SUB-EVENT,_Unsqueeze_2:OpId_103 (cycles)
12540581268,EXECUTE,0,CYCLES,BACKEND,SUB-EVENT,_Unsqueeze_3:OpId_104 (cycles)
12540581268,EXECUTE,18322,CYCLES,BACKEND,SUB-EVENT,_Concat_2:OpId_105 (cycles)
12540581268,EXECUTE,0,CYCLES,BACKEND,SUB-EVENT,_Reshape_4:OpId_107 (cycles)
12540581268,EXECUTE,28355,CYCLES,BACKEND,SUB-EVENT,_Concat_4:OpId_108 (cycles)
12540581268,EXECUTE,34870,CYCLES,BACKEND,SUB-EVENT,_Concat_5:OpId_110 (cycles)
12540581268,EXECUTE,958737,CYCLES,BACKEND,SUB-EVENT,_QwenGqaFlashAttention:OpId_112 (cycles)
12540581268,EXECUTE,5033,CYCLES,BACKEND,SUB-EVENT,_Transpose_4:OpId_114 (cycles)
12540581268,EXECUTE,20818,CYCLES,BACKEND,SUB-EVENT,_MatMul_5:OpId_116 (cycles)
12540581268,EXECUTE,0,CYCLES,BACKEND,SUB-EVENT,_MatMul_5_post_reshape:OpId_119 (cycles)
12540581268,EXECUTE,0,CYCLES,BACKEND,SUB-EVENT,_MatMul_5_output_0_nfc:OpId_121 (cycles)
12540581268,EXECUTE,72304,CYCLES,BACKEND,SUB-EVENT,_Add_7:OpId_123 (cycles)
12540581268,EXECUTE,292,CYCLES,BACKEND,SUB-EVENT,_Add_7_output_0_ncf:OpId_126 (cycles)
12540581268,EXECUTE,2003,CYCLES,BACKEND,SUB-EVENT,rms_norm__Mul_11_output_0:OpId_131 (cycles)
12540581268,EXECUTE,0,CYCLES,BACKEND,SUB-EVENT,_MatMul_6:OpId_135 (cycles)
12540581268,EXECUTE,0,CYCLES,BACKEND,SUB-EVENT,_MatMul_6_post_reshape:OpId_138 (cycles)
12540581268,EXECUTE,306788,CYCLES,BACKEND,SUB-EVENT,_MatMul_7:OpId_140 (cycles)
12540581268,EXECUTE,0,CYCLES,BACKEND,SUB-EVENT,_MatMul_7_post_reshape:OpId_143 (cycles)
12540581268,EXECUTE,0,CYCLES,BACKEND,SUB-EVENT,_Sigmoid:OpId_144 (cycles)
12540581268,EXECUTE,244526,CYCLES,BACKEND,SUB-EVENT,_Mul_12:OpId_151 (cycles)
12540581268,EXECUTE,27791,CYCLES,BACKEND,SUB-EVENT,_Mul_13:OpId_153 (cycles)
12540581268,EXECUTE,405511,CYCLES,BACKEND,SUB-EVENT,_MatMul_8:OpId_156 (cycles)
12540581268,EXECUTE,0,CYCLES,BACKEND,SUB-EVENT,_MatMul_8_post_reshape:OpId_159 (cycles)
12540581268,EXECUTE,0,CYCLES,BACKEND,SUB-EVENT,_MatMul_8_output_0_nfc:OpId_161 (cycles)
12540581268,EXECUTE,14851,CYCLES,BACKEND,SUB-EVENT,_Add_9:OpId_163 (cycles)
12540581268,EXECUTE,3904,CYCLES,BACKEND,SUB-EVENT,Output OpId_3 (cycles)
12540581268,EXECUTE,4255,US,BACKEND,ROOT,Accelerator (execute) time
12540581268,EXECUTE,4121,US,BACKEND,ROOT,Accelerator (execute excluding wait) time
12540581268,EXECUTE,11380,US,BACKEND,ROOT,QNN (execute) time
12540594473,EXECUTE,11467,US,NETRUN,ROOT,Graph 0: qwen2_0_5b_layer0_decode_past128_flash_attention_head_contiguous
12540594473,EXECUTE,4,COUNT,BACKEND,ROOT,Number of HVX threads used
12540594473,EXECUTE,11098,US,BACKEND,ROOT,RPC (execute) time
12540594473,EXECUTE,8972,US,BACKEND,ROOT,QNN accelerator (execute) time
12540594473,EXECUTE,0,COUNT,BACKEND,ROOT,Num times yield occured
12540594473,EXECUTE,910,US,BACKEND,ROOT,Time for initial VTCM acquire
12540594473,EXECUTE,243,US,BACKEND,ROOT,Time for HVX + HMX power on and acquire
12540594473,EXECUTE,2825186,CYCLES,BACKEND,ROOT,Accelerator (execute) time (cycles)
12540594473,EXECUTE,39904,CYCLES,BACKEND,SUB-EVENT,Input OpId_2 (cycles)
12540594473,EXECUTE,24046,CYCLES,BACKEND,SUB-EVENT,hidden_states_ncf:OpId_17 (cycles)
12540594473,EXECUTE,64329,CYCLES,BACKEND,SUB-EVENT,past_value_nchw:OpId_20 (cycles)
12540594473,EXECUTE,20580,CYCLES,BACKEND,SUB-EVENT,rms_norm__Mul_1_output_0:OpId_24 (cycles)
12540594473,EXECUTE,46329,CYCLES,BACKEND,SUB-EVENT,_MatMul:OpId_29 (cycles)
12540594473,EXECUTE,0,CYCLES,BACKEND,SUB-EVENT,_MatMul_post_reshape:OpId_31 (cycles)
12540594473,EXECUTE,7970,CYCLES,BACKEND,SUB-EVENT,_MatMul_1:OpId_34 (cycles)
12540594473,EXECUTE,21515,CYCLES,BACKEND,SUB-EVENT,_MatMul_1_post_reshape:OpId_36 (cycles)
12540594473,EXECUTE,7291,CYCLES,BACKEND,SUB-EVENT,_MatMul_2:OpId_39 (cycles)
12540594473,EXECUTE,18128,CYCLES,BACKEND,SUB-EVENT,_MatMul_2_post_reshape:OpId_41 (cycles)
12540594473,EXECUTE,529,CYCLES,BACKEND,SUB-EVENT,_Transpose:OpId_43 (cycles)
12540594473,EXECUTE,1548,CYCLES,BACKEND,SUB-EVENT,_Transpose_1:OpId_45 (cycles)
12540594473,EXECUTE,1307,CYCLES,BACKEND,SUB-EVENT,_Transpose_2:OpId_47 (cycles)
12540594473,EXECUTE,43445,CYCLES,BACKEND,SUB-EVENT,_Slice:OpId_49 (cycles)
12540594473,EXECUTE,15594,CYCLES,BACKEND,SUB-EVENT,_Slice_1:OpId_55 (cycles)
12540594473,EXECUTE,4358,CYCLES,BACKEND,SUB-EVENT,_Mul_2:OpId_61 (cycles)
12540594473,EXECUTE,1255,CYCLES,BACKEND,SUB-EVENT,_Mul_3:OpId_64 (cycles)
12540594473,EXECUTE,246,CYCLES,BACKEND,SUB-EVENT,_Sub:OpId_66 (cycles)
12540594473,EXECUTE,2988,CYCLES,BACKEND,SUB-EVENT,_Mul_4:OpId_68 (cycles)
12540594473,EXECUTE,4339,CYCLES,BACKEND,SUB-EVENT,_Mul_5:OpId_70 (cycles)
12540594473,EXECUTE,7985,CYCLES,BACKEND,SUB-EVENT,_Add_4:OpId_72 (cycles)
12540594473,EXECUTE,0,CYCLES,BACKEND,SUB-EVENT,_Unsqueeze:OpId_74 (cycles)
12540594473,EXECUTE,0,CYCLES,BACKEND,SUB-EVENT,_Unsqueeze_1:OpId_75 (cycles)
12540594473,EXECUTE,853,CYCLES,BACKEND,SUB-EVENT,_Concat:OpId_76 (cycles)
12540594473,EXECUTE,20737,CYCLES,BACKEND,SUB-EVENT,_Reshape_3:OpId_78 (cycles)
12540594473,EXECUTE,70304,CYCLES,BACKEND,SUB-EVENT,_Slice_3:OpId_80 (cycles)
12540594473,EXECUTE,15512,CYCLES,BACKEND,SUB-EVENT,_Slice_4:OpId_86 (cycles)
12540594473,EXECUTE,43076,CYCLES,BACKEND,SUB-EVENT,_Mul_6:OpId_91 (cycles)
12540594473,EXECUTE,35825,CYCLES,BACKEND,SUB-EVENT,_Mul_7:OpId_93 (cycles)
12540594473,EXECUTE,3089,CYCLES,BACKEND,SUB-EVENT,_Sub_1:OpId_95 (cycles)
12540594473,EXECUTE,35771,CYCLES,BACKEND,SUB-EVENT,_Mul_8:OpId_97 (cycles)
12540594473,EXECUTE,35719,CYCLES,BACKEND,SUB-EVENT,_Mul_9:OpId_99 (cycles)
12540594473,EXECUTE,3317,CYCLES,BACKEND,SUB-EVENT,_Add_5:OpId_101 (cycles)
12540594473,EXECUTE,0,CYCLES,BACKEND,SUB-EVENT,_Unsqueeze_2:OpId_103 (cycles)
12540594473,EXECUTE,0,CYCLES,BACKEND,SUB-EVENT,_Unsqueeze_3:OpId_104 (cycles)
12540594473,EXECUTE,13411,CYCLES,BACKEND,SUB-EVENT,_Concat_2:OpId_105 (cycles)
12540594473,EXECUTE,0,CYCLES,BACKEND,SUB-EVENT,_Reshape_4:OpId_107 (cycles)
12540594473,EXECUTE,32317,CYCLES,BACKEND,SUB-EVENT,_Concat_4:OpId_108 (cycles)
12540594473,EXECUTE,48224,CYCLES,BACKEND,SUB-EVENT,_Concat_5:OpId_110 (cycles)
12540594473,EXECUTE,1050843,CYCLES,BACKEND,SUB-EVENT,_QwenGqaFlashAttention:OpId_112 (cycles)
12540594473,EXECUTE,4651,CYCLES,BACKEND,SUB-EVENT,_Transpose_4:OpId_114 (cycles)
12540594473,EXECUTE,15229,CYCLES,BACKEND,SUB-EVENT,_MatMul_5:OpId_116 (cycles)
12540594473,EXECUTE,0,CYCLES,BACKEND,SUB-EVENT,_MatMul_5_post_reshape:OpId_119 (cycles)
12540594473,EXECUTE,0,CYCLES,BACKEND,SUB-EVENT,_MatMul_5_output_0_nfc:OpId_121 (cycles)
12540594473,EXECUTE,79511,CYCLES,BACKEND,SUB-EVENT,_Add_7:OpId_123 (cycles)
12540594473,EXECUTE,285,CYCLES,BACKEND,SUB-EVENT,_Add_7_output_0_ncf:OpId_126 (cycles)
12540594473,EXECUTE,4861,CYCLES,BACKEND,SUB-EVENT,rms_norm__Mul_11_output_0:OpId_131 (cycles)
12540594473,EXECUTE,0,CYCLES,BACKEND,SUB-EVENT,_MatMul_6:OpId_135 (cycles)
12540594473,EXECUTE,0,CYCLES,BACKEND,SUB-EVENT,_MatMul_6_post_reshape:OpId_138 (cycles)
12540594473,EXECUTE,286569,CYCLES,BACKEND,SUB-EVENT,_MatMul_7:OpId_140 (cycles)
12540594473,EXECUTE,0,CYCLES,BACKEND,SUB-EVENT,_MatMul_7_post_reshape:OpId_143 (cycles)
12540594473,EXECUTE,0,CYCLES,BACKEND,SUB-EVENT,_Sigmoid:OpId_144 (cycles)
12540594473,EXECUTE,243314,CYCLES,BACKEND,SUB-EVENT,_Mul_12:OpId_151 (cycles)
12540594473,EXECUTE,27702,CYCLES,BACKEND,SUB-EVENT,_Mul_13:OpId_153 (cycles)
12540594473,EXECUTE,401652,CYCLES,BACKEND,SUB-EVENT,_MatMul_8:OpId_156 (cycles)
12540594473,EXECUTE,0,CYCLES,BACKEND,SUB-EVENT,_MatMul_8_post_reshape:OpId_159 (cycles)
12540594473,EXECUTE,0,CYCLES,BACKEND,SUB-EVENT,_MatMul_8_output_0_nfc:OpId_161 (cycles)
12540594473,EXECUTE,14860,CYCLES,BACKEND,SUB-EVENT,_Add_9:OpId_163 (cycles)
12540594473,EXECUTE,3868,CYCLES,BACKEND,SUB-EVENT,Output OpId_3 (cycles)
12540594473,EXECUTE,4244,US,BACKEND,ROOT,Accelerator (execute) time
12540594473,EXECUTE,4101,US,BACKEND,ROOT,Accelerator (execute excluding wait) time
12540594473,EXECUTE,11442,US,BACKEND,ROOT,QNN (execute) time
12540595695,EXECUTE IPS,78.000076,INF/SEC,NETRUN,ROOT,null
