input log file location, qwen_block_custom_qnn/device_output/q_proj_custom_multithread_tile_cache_layer0_prefill_seq16/qnn-profiling-data_0.log
qnn-profile-viewer version, v2.47.0.260601114230
qnn-net-run version, v2.47.0.260601114230
Backend version, v2.47.0.260601114230
Msg Timestamp, Message, Time, Unit of Measurement, Timing Source, Event Level, Event Identifier
3505160736,INIT,471238,US,NETRUN,ROOT,null
3505246585,COMPOSE GRAPHS,85210,US,NETRUN,ROOT,null
3505628190,FINALIZE,380856,US,NETRUN,ROOT,Graph 0: qwen2_0_5b_layer0_prefill_seq16
3505628190,FINALIZE,6823,US,BACKEND,ROOT,RPC (finalize) time
3505628190,FINALIZE,6382,US,BACKEND,ROOT,QNN accelerator (finalize) time
3505628190,FINALIZE,6250,US,BACKEND,ROOT,Accelerator (finalize) time
3505628190,FINALIZE,380809,US,BACKEND,ROOT,QNN (finalize) time
3505628190,FINALIZE,206,US,BACKEND,SUB-EVENT,Graph Preparation Initializing
3505628190,FINALIZE,279227,US,BACKEND,SUB-EVENT,Graph Optimizations
3505628190,FINALIZE,4198,US,BACKEND,SUB-EVENT,Post Graph Optimization
3505628190,FINALIZE,27783,US,BACKEND,SUB-EVENT,Graph Sequencing for Target
3505628190,FINALIZE,6305,US,BACKEND,SUB-EVENT,VTCM Allocation
3505628190,FINALIZE,2478,US,BACKEND,SUB-EVENT,Parallelization Optimization
3505628190,FINALIZE,3164,US,BACKEND,SUB-EVENT,Finalizing Graph Sequence
3505628190,FINALIZE,121,US,BACKEND,SUB-EVENT,Completion
3505982295,DE-INIT,82422,US,NETRUN,ROOT,null
3505982295,DE-INIT,11224,US,BACKEND,ROOT,RPC (deinit) time
3505982295,DE-INIT,8778,US,BACKEND,ROOT,QNN Accelerator (deinit) time
3505982295,DE-INIT,8626,US,BACKEND,ROOT,Accelerator (deinit) time
3505982295,DE-INIT,82093,US,BACKEND,ROOT,QNN (deinit) time
3505656809,EXECUTE,23918,US,NETRUN,ROOT,Graph 0: qwen2_0_5b_layer0_prefill_seq16
3505656809,EXECUTE,4,COUNT,BACKEND,ROOT,Number of HVX threads used
3505656809,EXECUTE,23683,US,BACKEND,ROOT,RPC (execute) time
3505656809,EXECUTE,22572,US,BACKEND,ROOT,QNN accelerator (execute) time
3505656809,EXECUTE,0,COUNT,BACKEND,ROOT,Num times yield occured
3505656809,EXECUTE,2948,US,BACKEND,ROOT,Time for initial VTCM acquire
3505656809,EXECUTE,40804,US,BACKEND,ROOT,Time for HVX + HMX power on and acquire
3505656809,EXECUTE,2081570,CYCLES,BACKEND,ROOT,Accelerator (execute) time (cycles)
3505656809,EXECUTE,4232,CYCLES,BACKEND,SUB-EVENT,Input OpId_2 (cycles)
3505656809,EXECUTE,0,CYCLES,BACKEND,SUB-EVENT,hidden_states_nfc:OpId_17 (cycles)
3505656809,EXECUTE,97203,CYCLES,BACKEND,SUB-EVENT,rms_norm__Mul_1_output_0:OpId_22 (cycles)
3505656809,EXECUTE,0,CYCLES,BACKEND,SUB-EVENT,_MatMul_2_pre_reshape:OpId_25 (cycles)
3505656809,EXECUTE,0,CYCLES,BACKEND,SUB-EVENT,_MatMul_1_pre_reshape:OpId_26 (cycles)
3505656809,EXECUTE,0,CYCLES,BACKEND,SUB-EVENT,_MatMul_pre_reshape:OpId_27 (cycles)
3505656809,EXECUTE,0,CYCLES,BACKEND,SUB-EVENT,_MatMul_lhs_reshape:OpId_30 (cycles)
3505656809,EXECUTE,0,CYCLES,BACKEND,SUB-EVENT,_MatMul_lhs_cast_fp16:OpId_31 (cycles)
3505656809,EXECUTE,17695,CYCLES,BACKEND,SUB-EVENT,_MatMul_rhs_cast_fp16:OpId_32 (cycles)
3505656809,EXECUTE,859274,CYCLES,BACKEND,SUB-EVENT,_MatMul:OpId_33 (cycles)
3505656809,EXECUTE,0,CYCLES,BACKEND,SUB-EVENT,_MatMul_custom_output_reshape:OpId_34 (cycles)
3505656809,EXECUTE,77830,CYCLES,BACKEND,SUB-EVENT,_MatMul_bias_add:OpId_35 (cycles)
3505656809,EXECUTE,0,CYCLES,BACKEND,SUB-EVENT,_MatMul_post_reshape:OpId_37 (cycles)
3505656809,EXECUTE,0,CYCLES,BACKEND,SUB-EVENT,_MatMul_1:OpId_40 (cycles)
3505656809,EXECUTE,0,CYCLES,BACKEND,SUB-EVENT,_MatMul_1_post_reshape:OpId_42 (cycles)
3505656809,EXECUTE,0,CYCLES,BACKEND,SUB-EVENT,_MatMul_2:OpId_45 (cycles)
3505656809,EXECUTE,0,CYCLES,BACKEND,SUB-EVENT,_MatMul_2_post_reshape:OpId_47 (cycles)
3505656809,EXECUTE,23074,CYCLES,BACKEND,SUB-EVENT,_Transpose:OpId_49 (cycles)
3505656809,EXECUTE,5567,CYCLES,BACKEND,SUB-EVENT,_Transpose_1:OpId_51 (cycles)
3505656809,EXECUTE,5874,CYCLES,BACKEND,SUB-EVENT,_Transpose_2:OpId_53 (cycles)
3505656809,EXECUTE,22303,CYCLES,BACKEND,SUB-EVENT,_Slice:OpId_55 (cycles)
3505656809,EXECUTE,7643,CYCLES,BACKEND,SUB-EVENT,_Slice_1:OpId_61 (cycles)
3505656809,EXECUTE,5579,CYCLES,BACKEND,SUB-EVENT,_Mul_2:OpId_67 (cycles)
3505656809,EXECUTE,4604,CYCLES,BACKEND,SUB-EVENT,_Mul_3:OpId_70 (cycles)
3505656809,EXECUTE,865,CYCLES,BACKEND,SUB-EVENT,_Sub:OpId_72 (cycles)
3505656809,EXECUTE,5291,CYCLES,BACKEND,SUB-EVENT,_Mul_4:OpId_74 (cycles)
3505656809,EXECUTE,4626,CYCLES,BACKEND,SUB-EVENT,_Mul_5:OpId_76 (cycles)
3505656809,EXECUTE,726,CYCLES,BACKEND,SUB-EVENT,_Add_4:OpId_78 (cycles)
3505656809,EXECUTE,0,CYCLES,BACKEND,SUB-EVENT,_Unsqueeze:OpId_80 (cycles)
3505656809,EXECUTE,0,CYCLES,BACKEND,SUB-EVENT,_Unsqueeze_1:OpId_81 (cycles)
3505656809,EXECUTE,3727,CYCLES,BACKEND,SUB-EVENT,_Concat:OpId_82 (cycles)
3505656809,EXECUTE,0,CYCLES,BACKEND,SUB-EVENT,_Reshape_3:OpId_84 (cycles)
3505656809,EXECUTE,22877,CYCLES,BACKEND,SUB-EVENT,_Slice_3:OpId_86 (cycles)
3505656809,EXECUTE,4852,CYCLES,BACKEND,SUB-EVENT,_Slice_4:OpId_92 (cycles)
3505656809,EXECUTE,3796,CYCLES,BACKEND,SUB-EVENT,_Mul_6:OpId_97 (cycles)
3505656809,EXECUTE,1823,CYCLES,BACKEND,SUB-EVENT,_Mul_7:OpId_99 (cycles)
3505656809,EXECUTE,959,CYCLES,BACKEND,SUB-EVENT,_Sub_1:OpId_101 (cycles)
3505656809,EXECUTE,3753,CYCLES,BACKEND,SUB-EVENT,_Mul_8:OpId_103 (cycles)
3505656809,EXECUTE,1865,CYCLES,BACKEND,SUB-EVENT,_Mul_9:OpId_105 (cycles)
3505656809,EXECUTE,705,CYCLES,BACKEND,SUB-EVENT,_Add_5:OpId_107 (cycles)
3505656809,EXECUTE,0,CYCLES,BACKEND,SUB-EVENT,_Unsqueeze_2:OpId_109 (cycles)
3505656809,EXECUTE,0,CYCLES,BACKEND,SUB-EVENT,_Unsqueeze_3:OpId_110 (cycles)
3505656809,EXECUTE,2595,CYCLES,BACKEND,SUB-EVENT,_Concat_2:OpId_111 (cycles)
3505656809,EXECUTE,1689,CYCLES,BACKEND,SUB-EVENT,_Reshape_4:OpId_113 (cycles)
3505656809,EXECUTE,0,CYCLES,BACKEND,SUB-EVENT,_Unsqueeze_4:OpId_114 (cycles)
3505656809,EXECUTE,2340,CYCLES,BACKEND,SUB-EVENT,_Tile:OpId_116 (cycles)
3505656809,EXECUTE,0,CYCLES,BACKEND,SUB-EVENT,_Reshape_5:OpId_117 (cycles)
3505656809,EXECUTE,0,CYCLES,BACKEND,SUB-EVENT,_Unsqueeze_5:OpId_118 (cycles)
3505656809,EXECUTE,3138,CYCLES,BACKEND,SUB-EVENT,_Tile_1:OpId_120 (cycles)
3505656809,EXECUTE,0,CYCLES,BACKEND,SUB-EVENT,_Reshape_6:OpId_121 (cycles)
3505656809,EXECUTE,0,CYCLES,BACKEND,SUB-EVENT,_Transpose_3:OpId_123 (cycles)
3505656809,EXECUTE,66098,CYCLES,BACKEND,SUB-EVENT,_MatMul_3:OpId_124 (cycles)
3505656809,EXECUTE,11594,CYCLES,BACKEND,SUB-EVENT,_Div_1:OpId_129 (cycles)
3505656809,EXECUTE,3206,CYCLES,BACKEND,SUB-EVENT,_Add_6:OpId_132 (cycles)
3505656809,EXECUTE,50220,CYCLES,BACKEND,SUB-EVENT,_Softmax:OpId_134 (cycles)
3505656809,EXECUTE,12960,CYCLES,BACKEND,SUB-EVENT,_MatMul_4:OpId_137 (cycles)
3505656809,EXECUTE,0,CYCLES,BACKEND,SUB-EVENT,_Transpose_4:OpId_142 (cycles)
3505656809,EXECUTE,0,CYCLES,BACKEND,SUB-EVENT,_Reshape_7:OpId_143 (cycles)
3505656809,EXECUTE,9808,CYCLES,BACKEND,SUB-EVENT,_MatMul_5:OpId_145 (cycles)
3505656809,EXECUTE,0,CYCLES,BACKEND,SUB-EVENT,_MatMul_5_post_reshape:OpId_148 (cycles)
3505656809,EXECUTE,0,CYCLES,BACKEND,SUB-EVENT,_MatMul_5_output_0_nfc:OpId_150 (cycles)
3505656809,EXECUTE,2664,CYCLES,BACKEND,SUB-EVENT,_Add_7:OpId_152 (cycles)
3505656809,EXECUTE,0,CYCLES,BACKEND,SUB-EVENT,_Add_7_output_0_ncf:OpId_155 (cycles)
3505656809,EXECUTE,13916,CYCLES,BACKEND,SUB-EVENT,rms_norm__Mul_11_output_0:OpId_160 (cycles)
3505656809,EXECUTE,0,CYCLES,BACKEND,SUB-EVENT,_MatMul_7_pre_reshape:OpId_163 (cycles)
3505656809,EXECUTE,0,CYCLES,BACKEND,SUB-EVENT,_MatMul_6_pre_reshape:OpId_164 (cycles)
3505656809,EXECUTE,150204,CYCLES,BACKEND,SUB-EVENT,_MatMul_6:OpId_166 (cycles)
3505656809,EXECUTE,0,CYCLES,BACKEND,SUB-EVENT,_MatMul_6_post_reshape:OpId_169 (cycles)
3505656809,EXECUTE,153306,CYCLES,BACKEND,SUB-EVENT,_MatMul_7:OpId_171 (cycles)
3505656809,EXECUTE,0,CYCLES,BACKEND,SUB-EVENT,_MatMul_7_post_reshape:OpId_174 (cycles)
3505656809,EXECUTE,0,CYCLES,BACKEND,SUB-EVENT,_Sigmoid:OpId_175 (cycles)
3505656809,EXECUTE,145652,CYCLES,BACKEND,SUB-EVENT,_Mul_12:OpId_182 (cycles)
3505656809,EXECUTE,76566,CYCLES,BACKEND,SUB-EVENT,_Mul_13:OpId_184 (cycles)
3505656809,EXECUTE,0,CYCLES,BACKEND,SUB-EVENT,_MatMul_8_pre_reshape:OpId_186 (cycles)
3505656809,EXECUTE,142241,CYCLES,BACKEND,SUB-EVENT,_MatMul_8:OpId_188 (cycles)
3505656809,EXECUTE,0,CYCLES,BACKEND,SUB-EVENT,_MatMul_8_post_reshape:OpId_191 (cycles)
3505656809,EXECUTE,0,CYCLES,BACKEND,SUB-EVENT,_MatMul_8_output_0_nfc:OpId_193 (cycles)
3505656809,EXECUTE,7105,CYCLES,BACKEND,SUB-EVENT,_Add_9:OpId_195 (cycles)
3505656809,EXECUTE,32609,CYCLES,BACKEND,SUB-EVENT,hidden_out_ncf:OpId_198 (cycles)
3505656809,EXECUTE,6916,CYCLES,BACKEND,SUB-EVENT,Output OpId_3 (cycles)
3505656809,EXECUTE,6806,US,BACKEND,ROOT,Accelerator (execute) time
3505656809,EXECUTE,3412,US,BACKEND,ROOT,Accelerator (execute excluding wait) time
3505656809,EXECUTE,23893,US,BACKEND,ROOT,QNN (execute) time
3505671496,EXECUTE,11780,US,NETRUN,ROOT,Graph 0: qwen2_0_5b_layer0_prefill_seq16
3505671496,EXECUTE,4,COUNT,BACKEND,ROOT,Number of HVX threads used
3505671496,EXECUTE,11480,US,BACKEND,ROOT,RPC (execute) time
3505671496,EXECUTE,10331,US,BACKEND,ROOT,QNN accelerator (execute) time
3505671496,EXECUTE,0,COUNT,BACKEND,ROOT,Num times yield occured
3505671496,EXECUTE,7350,US,BACKEND,ROOT,Time for initial VTCM acquire
3505671496,EXECUTE,4778,US,BACKEND,ROOT,Time for HVX + HMX power on and acquire
3505671496,EXECUTE,2151079,CYCLES,BACKEND,ROOT,Accelerator (execute) time (cycles)
3505671496,EXECUTE,1773,CYCLES,BACKEND,SUB-EVENT,Input OpId_2 (cycles)
3505671496,EXECUTE,0,CYCLES,BACKEND,SUB-EVENT,hidden_states_nfc:OpId_17 (cycles)
3505671496,EXECUTE,105525,CYCLES,BACKEND,SUB-EVENT,rms_norm__Mul_1_output_0:OpId_22 (cycles)
3505671496,EXECUTE,0,CYCLES,BACKEND,SUB-EVENT,_MatMul_2_pre_reshape:OpId_25 (cycles)
3505671496,EXECUTE,0,CYCLES,BACKEND,SUB-EVENT,_MatMul_1_pre_reshape:OpId_26 (cycles)
3505671496,EXECUTE,0,CYCLES,BACKEND,SUB-EVENT,_MatMul_pre_reshape:OpId_27 (cycles)
3505671496,EXECUTE,0,CYCLES,BACKEND,SUB-EVENT,_MatMul_lhs_reshape:OpId_30 (cycles)
3505671496,EXECUTE,0,CYCLES,BACKEND,SUB-EVENT,_MatMul_lhs_cast_fp16:OpId_31 (cycles)
3505671496,EXECUTE,817,CYCLES,BACKEND,SUB-EVENT,_MatMul_rhs_cast_fp16:OpId_32 (cycles)
3505671496,EXECUTE,960206,CYCLES,BACKEND,SUB-EVENT,_MatMul:OpId_33 (cycles)
3505671496,EXECUTE,0,CYCLES,BACKEND,SUB-EVENT,_MatMul_custom_output_reshape:OpId_34 (cycles)
3505671496,EXECUTE,96482,CYCLES,BACKEND,SUB-EVENT,_MatMul_bias_add:OpId_35 (cycles)
3505671496,EXECUTE,0,CYCLES,BACKEND,SUB-EVENT,_MatMul_post_reshape:OpId_37 (cycles)
3505671496,EXECUTE,0,CYCLES,BACKEND,SUB-EVENT,_MatMul_1:OpId_40 (cycles)
3505671496,EXECUTE,0,CYCLES,BACKEND,SUB-EVENT,_MatMul_1_post_reshape:OpId_42 (cycles)
3505671496,EXECUTE,0,CYCLES,BACKEND,SUB-EVENT,_MatMul_2:OpId_45 (cycles)
3505671496,EXECUTE,0,CYCLES,BACKEND,SUB-EVENT,_MatMul_2_post_reshape:OpId_47 (cycles)
3505671496,EXECUTE,26435,CYCLES,BACKEND,SUB-EVENT,_Transpose:OpId_49 (cycles)
3505671496,EXECUTE,6969,CYCLES,BACKEND,SUB-EVENT,_Transpose_1:OpId_51 (cycles)
3505671496,EXECUTE,8572,CYCLES,BACKEND,SUB-EVENT,_Transpose_2:OpId_53 (cycles)
3505671496,EXECUTE,22471,CYCLES,BACKEND,SUB-EVENT,_Slice:OpId_55 (cycles)
3505671496,EXECUTE,7778,CYCLES,BACKEND,SUB-EVENT,_Slice_1:OpId_61 (cycles)
3505671496,EXECUTE,5580,CYCLES,BACKEND,SUB-EVENT,_Mul_2:OpId_67 (cycles)
3505671496,EXECUTE,4632,CYCLES,BACKEND,SUB-EVENT,_Mul_3:OpId_70 (cycles)
3505671496,EXECUTE,1244,CYCLES,BACKEND,SUB-EVENT,_Sub:OpId_72 (cycles)
3505671496,EXECUTE,5376,CYCLES,BACKEND,SUB-EVENT,_Mul_4:OpId_74 (cycles)
3505671496,EXECUTE,4637,CYCLES,BACKEND,SUB-EVENT,_Mul_5:OpId_76 (cycles)
3505671496,EXECUTE,1943,CYCLES,BACKEND,SUB-EVENT,_Add_4:OpId_78 (cycles)
3505671496,EXECUTE,0,CYCLES,BACKEND,SUB-EVENT,_Unsqueeze:OpId_80 (cycles)
3505671496,EXECUTE,0,CYCLES,BACKEND,SUB-EVENT,_Unsqueeze_1:OpId_81 (cycles)
3505671496,EXECUTE,4072,CYCLES,BACKEND,SUB-EVENT,_Concat:OpId_82 (cycles)
3505671496,EXECUTE,0,CYCLES,BACKEND,SUB-EVENT,_Reshape_3:OpId_84 (cycles)
3505671496,EXECUTE,31206,CYCLES,BACKEND,SUB-EVENT,_Slice_3:OpId_86 (cycles)
3505671496,EXECUTE,5286,CYCLES,BACKEND,SUB-EVENT,_Slice_4:OpId_92 (cycles)
3505671496,EXECUTE,5144,CYCLES,BACKEND,SUB-EVENT,_Mul_6:OpId_97 (cycles)
3505671496,EXECUTE,1986,CYCLES,BACKEND,SUB-EVENT,_Mul_7:OpId_99 (cycles)
3505671496,EXECUTE,1006,CYCLES,BACKEND,SUB-EVENT,_Sub_1:OpId_101 (cycles)
3505671496,EXECUTE,5028,CYCLES,BACKEND,SUB-EVENT,_Mul_8:OpId_103 (cycles)
3505671496,EXECUTE,1934,CYCLES,BACKEND,SUB-EVENT,_Mul_9:OpId_105 (cycles)
3505671496,EXECUTE,767,CYCLES,BACKEND,SUB-EVENT,_Add_5:OpId_107 (cycles)
3505671496,EXECUTE,0,CYCLES,BACKEND,SUB-EVENT,_Unsqueeze_2:OpId_109 (cycles)
3505671496,EXECUTE,0,CYCLES,BACKEND,SUB-EVENT,_Unsqueeze_3:OpId_110 (cycles)
3505671496,EXECUTE,3155,CYCLES,BACKEND,SUB-EVENT,_Concat_2:OpId_111 (cycles)
3505671496,EXECUTE,2055,CYCLES,BACKEND,SUB-EVENT,_Reshape_4:OpId_113 (cycles)
3505671496,EXECUTE,0,CYCLES,BACKEND,SUB-EVENT,_Unsqueeze_4:OpId_114 (cycles)
3505671496,EXECUTE,2567,CYCLES,BACKEND,SUB-EVENT,_Tile:OpId_116 (cycles)
3505671496,EXECUTE,0,CYCLES,BACKEND,SUB-EVENT,_Reshape_5:OpId_117 (cycles)
3505671496,EXECUTE,0,CYCLES,BACKEND,SUB-EVENT,_Unsqueeze_5:OpId_118 (cycles)
3505671496,EXECUTE,4550,CYCLES,BACKEND,SUB-EVENT,_Tile_1:OpId_120 (cycles)
3505671496,EXECUTE,0,CYCLES,BACKEND,SUB-EVENT,_Reshape_6:OpId_121 (cycles)
3505671496,EXECUTE,0,CYCLES,BACKEND,SUB-EVENT,_Transpose_3:OpId_123 (cycles)
3505671496,EXECUTE,78762,CYCLES,BACKEND,SUB-EVENT,_MatMul_3:OpId_124 (cycles)
3505671496,EXECUTE,11914,CYCLES,BACKEND,SUB-EVENT,_Div_1:OpId_129 (cycles)
3505671496,EXECUTE,5006,CYCLES,BACKEND,SUB-EVENT,_Add_6:OpId_132 (cycles)
3505671496,EXECUTE,55168,CYCLES,BACKEND,SUB-EVENT,_Softmax:OpId_134 (cycles)
3505671496,EXECUTE,15055,CYCLES,BACKEND,SUB-EVENT,_MatMul_4:OpId_137 (cycles)
3505671496,EXECUTE,0,CYCLES,BACKEND,SUB-EVENT,_Transpose_4:OpId_142 (cycles)
3505671496,EXECUTE,0,CYCLES,BACKEND,SUB-EVENT,_Reshape_7:OpId_143 (cycles)
3505671496,EXECUTE,12838,CYCLES,BACKEND,SUB-EVENT,_MatMul_5:OpId_145 (cycles)
3505671496,EXECUTE,0,CYCLES,BACKEND,SUB-EVENT,_MatMul_5_post_reshape:OpId_148 (cycles)
3505671496,EXECUTE,0,CYCLES,BACKEND,SUB-EVENT,_MatMul_5_output_0_nfc:OpId_150 (cycles)
3505671496,EXECUTE,2661,CYCLES,BACKEND,SUB-EVENT,_Add_7:OpId_152 (cycles)
3505671496,EXECUTE,0,CYCLES,BACKEND,SUB-EVENT,_Add_7_output_0_ncf:OpId_155 (cycles)
3505671496,EXECUTE,12819,CYCLES,BACKEND,SUB-EVENT,rms_norm__Mul_11_output_0:OpId_160 (cycles)
3505671496,EXECUTE,0,CYCLES,BACKEND,SUB-EVENT,_MatMul_7_pre_reshape:OpId_163 (cycles)
3505671496,EXECUTE,0,CYCLES,BACKEND,SUB-EVENT,_MatMul_6_pre_reshape:OpId_164 (cycles)
3505671496,EXECUTE,104983,CYCLES,BACKEND,SUB-EVENT,_MatMul_6:OpId_166 (cycles)
3505671496,EXECUTE,0,CYCLES,BACKEND,SUB-EVENT,_MatMul_6_post_reshape:OpId_169 (cycles)
3505671496,EXECUTE,76413,CYCLES,BACKEND,SUB-EVENT,_MatMul_7:OpId_171 (cycles)
3505671496,EXECUTE,0,CYCLES,BACKEND,SUB-EVENT,_MatMul_7_post_reshape:OpId_174 (cycles)
3505671496,EXECUTE,0,CYCLES,BACKEND,SUB-EVENT,_Sigmoid:OpId_175 (cycles)
3505671496,EXECUTE,180078,CYCLES,BACKEND,SUB-EVENT,_Mul_12:OpId_182 (cycles)
3505671496,EXECUTE,77262,CYCLES,BACKEND,SUB-EVENT,_Mul_13:OpId_184 (cycles)
3505671496,EXECUTE,0,CYCLES,BACKEND,SUB-EVENT,_MatMul_8_pre_reshape:OpId_186 (cycles)
3505671496,EXECUTE,141495,CYCLES,BACKEND,SUB-EVENT,_MatMul_8:OpId_188 (cycles)
3505671496,EXECUTE,0,CYCLES,BACKEND,SUB-EVENT,_MatMul_8_post_reshape:OpId_191 (cycles)
3505671496,EXECUTE,0,CYCLES,BACKEND,SUB-EVENT,_MatMul_8_output_0_nfc:OpId_193 (cycles)
3505671496,EXECUTE,7101,CYCLES,BACKEND,SUB-EVENT,_Add_9:OpId_195 (cycles)
3505671496,EXECUTE,34087,CYCLES,BACKEND,SUB-EVENT,hidden_out_ncf:OpId_198 (cycles)
3505671496,EXECUTE,6241,CYCLES,BACKEND,SUB-EVENT,Output OpId_3 (cycles)
3505671496,EXECUTE,5161,US,BACKEND,ROOT,Accelerator (execute) time
3505671496,EXECUTE,3316,US,BACKEND,ROOT,Accelerator (execute excluding wait) time
3505671496,EXECUTE,11759,US,BACKEND,ROOT,QNN (execute) time
3505690792,EXECUTE,13011,US,NETRUN,ROOT,Graph 0: qwen2_0_5b_layer0_prefill_seq16
3505690792,EXECUTE,4,COUNT,BACKEND,ROOT,Number of HVX threads used
3505690792,EXECUTE,12527,US,BACKEND,ROOT,RPC (execute) time
3505690792,EXECUTE,9917,US,BACKEND,ROOT,QNN accelerator (execute) time
3505690792,EXECUTE,0,COUNT,BACKEND,ROOT,Num times yield occured
3505690792,EXECUTE,7646,US,BACKEND,ROOT,Time for initial VTCM acquire
3505690792,EXECUTE,4896,US,BACKEND,ROOT,Time for HVX + HMX power on and acquire
3505690792,EXECUTE,2006461,CYCLES,BACKEND,ROOT,Accelerator (execute) time (cycles)
3505690792,EXECUTE,1648,CYCLES,BACKEND,SUB-EVENT,Input OpId_2 (cycles)
3505690792,EXECUTE,0,CYCLES,BACKEND,SUB-EVENT,hidden_states_nfc:OpId_17 (cycles)
3505690792,EXECUTE,90838,CYCLES,BACKEND,SUB-EVENT,rms_norm__Mul_1_output_0:OpId_22 (cycles)
3505690792,EXECUTE,0,CYCLES,BACKEND,SUB-EVENT,_MatMul_2_pre_reshape:OpId_25 (cycles)
3505690792,EXECUTE,0,CYCLES,BACKEND,SUB-EVENT,_MatMul_1_pre_reshape:OpId_26 (cycles)
3505690792,EXECUTE,0,CYCLES,BACKEND,SUB-EVENT,_MatMul_pre_reshape:OpId_27 (cycles)
3505690792,EXECUTE,0,CYCLES,BACKEND,SUB-EVENT,_MatMul_lhs_reshape:OpId_30 (cycles)
3505690792,EXECUTE,0,CYCLES,BACKEND,SUB-EVENT,_MatMul_lhs_cast_fp16:OpId_31 (cycles)
3505690792,EXECUTE,704,CYCLES,BACKEND,SUB-EVENT,_MatMul_rhs_cast_fp16:OpId_32 (cycles)
3505690792,EXECUTE,862308,CYCLES,BACKEND,SUB-EVENT,_MatMul:OpId_33 (cycles)
3505690792,EXECUTE,0,CYCLES,BACKEND,SUB-EVENT,_MatMul_custom_output_reshape:OpId_34 (cycles)
3505690792,EXECUTE,95228,CYCLES,BACKEND,SUB-EVENT,_MatMul_bias_add:OpId_35 (cycles)
3505690792,EXECUTE,0,CYCLES,BACKEND,SUB-EVENT,_MatMul_post_reshape:OpId_37 (cycles)
3505690792,EXECUTE,0,CYCLES,BACKEND,SUB-EVENT,_MatMul_1:OpId_40 (cycles)
3505690792,EXECUTE,0,CYCLES,BACKEND,SUB-EVENT,_MatMul_1_post_reshape:OpId_42 (cycles)
3505690792,EXECUTE,0,CYCLES,BACKEND,SUB-EVENT,_MatMul_2:OpId_45 (cycles)
3505690792,EXECUTE,0,CYCLES,BACKEND,SUB-EVENT,_MatMul_2_post_reshape:OpId_47 (cycles)
3505690792,EXECUTE,25780,CYCLES,BACKEND,SUB-EVENT,_Transpose:OpId_49 (cycles)
3505690792,EXECUTE,6760,CYCLES,BACKEND,SUB-EVENT,_Transpose_1:OpId_51 (cycles)
3505690792,EXECUTE,8584,CYCLES,BACKEND,SUB-EVENT,_Transpose_2:OpId_53 (cycles)
3505690792,EXECUTE,22657,CYCLES,BACKEND,SUB-EVENT,_Slice:OpId_55 (cycles)
3505690792,EXECUTE,7606,CYCLES,BACKEND,SUB-EVENT,_Slice_1:OpId_61 (cycles)
3505690792,EXECUTE,5350,CYCLES,BACKEND,SUB-EVENT,_Mul_2:OpId_67 (cycles)
3505690792,EXECUTE,4691,CYCLES,BACKEND,SUB-EVENT,_Mul_3:OpId_70 (cycles)
3505690792,EXECUTE,1345,CYCLES,BACKEND,SUB-EVENT,_Sub:OpId_72 (cycles)
3505690792,EXECUTE,5183,CYCLES,BACKEND,SUB-EVENT,_Mul_4:OpId_74 (cycles)
3505690792,EXECUTE,4659,CYCLES,BACKEND,SUB-EVENT,_Mul_5:OpId_76 (cycles)
3505690792,EXECUTE,1231,CYCLES,BACKEND,SUB-EVENT,_Add_4:OpId_78 (cycles)
3505690792,EXECUTE,0,CYCLES,BACKEND,SUB-EVENT,_Unsqueeze:OpId_80 (cycles)
3505690792,EXECUTE,0,CYCLES,BACKEND,SUB-EVENT,_Unsqueeze_1:OpId_81 (cycles)
3505690792,EXECUTE,3768,CYCLES,BACKEND,SUB-EVENT,_Concat:OpId_82 (cycles)
3505690792,EXECUTE,0,CYCLES,BACKEND,SUB-EVENT,_Reshape_3:OpId_84 (cycles)
3505690792,EXECUTE,27445,CYCLES,BACKEND,SUB-EVENT,_Slice_3:OpId_86 (cycles)
3505690792,EXECUTE,5148,CYCLES,BACKEND,SUB-EVENT,_Slice_4:OpId_92 (cycles)
3505690792,EXECUTE,4771,CYCLES,BACKEND,SUB-EVENT,_Mul_6:OpId_97 (cycles)
3505690792,EXECUTE,1959,CYCLES,BACKEND,SUB-EVENT,_Mul_7:OpId_99 (cycles)
3505690792,EXECUTE,993,CYCLES,BACKEND,SUB-EVENT,_Sub_1:OpId_101 (cycles)
3505690792,EXECUTE,4606,CYCLES,BACKEND,SUB-EVENT,_Mul_8:OpId_103 (cycles)
3505690792,EXECUTE,1901,CYCLES,BACKEND,SUB-EVENT,_Mul_9:OpId_105 (cycles)
3505690792,EXECUTE,640,CYCLES,BACKEND,SUB-EVENT,_Add_5:OpId_107 (cycles)
3505690792,EXECUTE,0,CYCLES,BACKEND,SUB-EVENT,_Unsqueeze_2:OpId_109 (cycles)
3505690792,EXECUTE,0,CYCLES,BACKEND,SUB-EVENT,_Unsqueeze_3:OpId_110 (cycles)
3505690792,EXECUTE,2810,CYCLES,BACKEND,SUB-EVENT,_Concat_2:OpId_111 (cycles)
3505690792,EXECUTE,1864,CYCLES,BACKEND,SUB-EVENT,_Reshape_4:OpId_113 (cycles)
3505690792,EXECUTE,0,CYCLES,BACKEND,SUB-EVENT,_Unsqueeze_4:OpId_114 (cycles)
3505690792,EXECUTE,2347,CYCLES,BACKEND,SUB-EVENT,_Tile:OpId_116 (cycles)
3505690792,EXECUTE,0,CYCLES,BACKEND,SUB-EVENT,_Reshape_5:OpId_117 (cycles)
3505690792,EXECUTE,0,CYCLES,BACKEND,SUB-EVENT,_Unsqueeze_5:OpId_118 (cycles)
3505690792,EXECUTE,4723,CYCLES,BACKEND,SUB-EVENT,_Tile_1:OpId_120 (cycles)
3505690792,EXECUTE,0,CYCLES,BACKEND,SUB-EVENT,_Reshape_6:OpId_121 (cycles)
3505690792,EXECUTE,0,CYCLES,BACKEND,SUB-EVENT,_Transpose_3:OpId_123 (cycles)
3505690792,EXECUTE,75838,CYCLES,BACKEND,SUB-EVENT,_MatMul_3:OpId_124 (cycles)
3505690792,EXECUTE,12049,CYCLES,BACKEND,SUB-EVENT,_Div_1:OpId_129 (cycles)
3505690792,EXECUTE,5028,CYCLES,BACKEND,SUB-EVENT,_Add_6:OpId_132 (cycles)
3505690792,EXECUTE,53115,CYCLES,BACKEND,SUB-EVENT,_Softmax:OpId_134 (cycles)
3505690792,EXECUTE,13598,CYCLES,BACKEND,SUB-EVENT,_MatMul_4:OpId_137 (cycles)
3505690792,EXECUTE,0,CYCLES,BACKEND,SUB-EVENT,_Transpose_4:OpId_142 (cycles)
3505690792,EXECUTE,0,CYCLES,BACKEND,SUB-EVENT,_Reshape_7:OpId_143 (cycles)
3505690792,EXECUTE,13071,CYCLES,BACKEND,SUB-EVENT,_MatMul_5:OpId_145 (cycles)
3505690792,EXECUTE,0,CYCLES,BACKEND,SUB-EVENT,_MatMul_5_post_reshape:OpId_148 (cycles)
3505690792,EXECUTE,0,CYCLES,BACKEND,SUB-EVENT,_MatMul_5_output_0_nfc:OpId_150 (cycles)
3505690792,EXECUTE,2665,CYCLES,BACKEND,SUB-EVENT,_Add_7:OpId_152 (cycles)
3505690792,EXECUTE,0,CYCLES,BACKEND,SUB-EVENT,_Add_7_output_0_ncf:OpId_155 (cycles)
3505690792,EXECUTE,12716,CYCLES,BACKEND,SUB-EVENT,rms_norm__Mul_11_output_0:OpId_160 (cycles)
3505690792,EXECUTE,0,CYCLES,BACKEND,SUB-EVENT,_MatMul_7_pre_reshape:OpId_163 (cycles)
3505690792,EXECUTE,0,CYCLES,BACKEND,SUB-EVENT,_MatMul_6_pre_reshape:OpId_164 (cycles)
3505690792,EXECUTE,98930,CYCLES,BACKEND,SUB-EVENT,_MatMul_6:OpId_166 (cycles)
3505690792,EXECUTE,0,CYCLES,BACKEND,SUB-EVENT,_MatMul_6_post_reshape:OpId_169 (cycles)
3505690792,EXECUTE,79605,CYCLES,BACKEND,SUB-EVENT,_MatMul_7:OpId_171 (cycles)
3505690792,EXECUTE,0,CYCLES,BACKEND,SUB-EVENT,_MatMul_7_post_reshape:OpId_174 (cycles)
3505690792,EXECUTE,0,CYCLES,BACKEND,SUB-EVENT,_Sigmoid:OpId_175 (cycles)
3505690792,EXECUTE,168039,CYCLES,BACKEND,SUB-EVENT,_Mul_12:OpId_182 (cycles)
3505690792,EXECUTE,77161,CYCLES,BACKEND,SUB-EVENT,_Mul_13:OpId_184 (cycles)
3505690792,EXECUTE,0,CYCLES,BACKEND,SUB-EVENT,_MatMul_8_pre_reshape:OpId_186 (cycles)
3505690792,EXECUTE,141214,CYCLES,BACKEND,SUB-EVENT,_MatMul_8:OpId_188 (cycles)
3505690792,EXECUTE,0,CYCLES,BACKEND,SUB-EVENT,_MatMul_8_post_reshape:OpId_191 (cycles)
3505690792,EXECUTE,0,CYCLES,BACKEND,SUB-EVENT,_MatMul_8_output_0_nfc:OpId_193 (cycles)
3505690792,EXECUTE,7031,CYCLES,BACKEND,SUB-EVENT,_Add_9:OpId_195 (cycles)
3505690792,EXECUTE,33172,CYCLES,BACKEND,SUB-EVENT,hidden_out_ncf:OpId_198 (cycles)
3505690792,EXECUTE,5682,CYCLES,BACKEND,SUB-EVENT,Output OpId_3 (cycles)
3505690792,EXECUTE,4994,US,BACKEND,ROOT,Accelerator (execute) time
3505690792,EXECUTE,3142,US,BACKEND,ROOT,Accelerator (execute excluding wait) time
3505690792,EXECUTE,12969,US,BACKEND,ROOT,QNN (execute) time
3505713118,EXECUTE,15804,US,NETRUN,ROOT,Graph 0: qwen2_0_5b_layer0_prefill_seq16
3505713118,EXECUTE,4,COUNT,BACKEND,ROOT,Number of HVX threads used
3505713118,EXECUTE,14976,US,BACKEND,ROOT,RPC (execute) time
3505713118,EXECUTE,13446,US,BACKEND,ROOT,QNN accelerator (execute) time
3505713118,EXECUTE,0,COUNT,BACKEND,ROOT,Num times yield occured
3505713118,EXECUTE,7677,US,BACKEND,ROOT,Time for initial VTCM acquire
3505713118,EXECUTE,5112,US,BACKEND,ROOT,Time for HVX + HMX power on and acquire
3505713118,EXECUTE,3456567,CYCLES,BACKEND,ROOT,Accelerator (execute) time (cycles)
3505713118,EXECUTE,8467,CYCLES,BACKEND,SUB-EVENT,Input OpId_2 (cycles)
3505713118,EXECUTE,0,CYCLES,BACKEND,SUB-EVENT,hidden_states_nfc:OpId_17 (cycles)
3505713118,EXECUTE,243707,CYCLES,BACKEND,SUB-EVENT,rms_norm__Mul_1_output_0:OpId_22 (cycles)
3505713118,EXECUTE,0,CYCLES,BACKEND,SUB-EVENT,_MatMul_2_pre_reshape:OpId_25 (cycles)
3505713118,EXECUTE,0,CYCLES,BACKEND,SUB-EVENT,_MatMul_1_pre_reshape:OpId_26 (cycles)
3505713118,EXECUTE,0,CYCLES,BACKEND,SUB-EVENT,_MatMul_pre_reshape:OpId_27 (cycles)
3505713118,EXECUTE,0,CYCLES,BACKEND,SUB-EVENT,_MatMul_lhs_reshape:OpId_30 (cycles)
3505713118,EXECUTE,0,CYCLES,BACKEND,SUB-EVENT,_MatMul_lhs_cast_fp16:OpId_31 (cycles)
3505713118,EXECUTE,53396,CYCLES,BACKEND,SUB-EVENT,_MatMul_rhs_cast_fp16:OpId_32 (cycles)
3505713118,EXECUTE,1058851,CYCLES,BACKEND,SUB-EVENT,_MatMul:OpId_33 (cycles)
3505713118,EXECUTE,0,CYCLES,BACKEND,SUB-EVENT,_MatMul_custom_output_reshape:OpId_34 (cycles)
3505713118,EXECUTE,168720,CYCLES,BACKEND,SUB-EVENT,_MatMul_bias_add:OpId_35 (cycles)
3505713118,EXECUTE,0,CYCLES,BACKEND,SUB-EVENT,_MatMul_post_reshape:OpId_37 (cycles)
3505713118,EXECUTE,0,CYCLES,BACKEND,SUB-EVENT,_MatMul_1:OpId_40 (cycles)
3505713118,EXECUTE,0,CYCLES,BACKEND,SUB-EVENT,_MatMul_1_post_reshape:OpId_42 (cycles)
3505713118,EXECUTE,0,CYCLES,BACKEND,SUB-EVENT,_MatMul_2:OpId_45 (cycles)
3505713118,EXECUTE,0,CYCLES,BACKEND,SUB-EVENT,_MatMul_2_post_reshape:OpId_47 (cycles)
3505713118,EXECUTE,29907,CYCLES,BACKEND,SUB-EVENT,_Transpose:OpId_49 (cycles)
3505713118,EXECUTE,19384,CYCLES,BACKEND,SUB-EVENT,_Transpose_1:OpId_51 (cycles)
3505713118,EXECUTE,18573,CYCLES,BACKEND,SUB-EVENT,_Transpose_2:OpId_53 (cycles)
3505713118,EXECUTE,22389,CYCLES,BACKEND,SUB-EVENT,_Slice:OpId_55 (cycles)
3505713118,EXECUTE,7437,CYCLES,BACKEND,SUB-EVENT,_Slice_1:OpId_61 (cycles)
3505713118,EXECUTE,6669,CYCLES,BACKEND,SUB-EVENT,_Mul_2:OpId_67 (cycles)
3505713118,EXECUTE,4981,CYCLES,BACKEND,SUB-EVENT,_Mul_3:OpId_70 (cycles)
3505713118,EXECUTE,2290,CYCLES,BACKEND,SUB-EVENT,_Sub:OpId_72 (cycles)
3505713118,EXECUTE,6610,CYCLES,BACKEND,SUB-EVENT,_Mul_4:OpId_74 (cycles)
3505713118,EXECUTE,4687,CYCLES,BACKEND,SUB-EVENT,_Mul_5:OpId_76 (cycles)
3505713118,EXECUTE,1185,CYCLES,BACKEND,SUB-EVENT,_Add_4:OpId_78 (cycles)
3505713118,EXECUTE,0,CYCLES,BACKEND,SUB-EVENT,_Unsqueeze:OpId_80 (cycles)
3505713118,EXECUTE,0,CYCLES,BACKEND,SUB-EVENT,_Unsqueeze_1:OpId_81 (cycles)
3505713118,EXECUTE,4254,CYCLES,BACKEND,SUB-EVENT,_Concat:OpId_82 (cycles)
3505713118,EXECUTE,0,CYCLES,BACKEND,SUB-EVENT,_Reshape_3:OpId_84 (cycles)
3505713118,EXECUTE,73955,CYCLES,BACKEND,SUB-EVENT,_Slice_3:OpId_86 (cycles)
3505713118,EXECUTE,5106,CYCLES,BACKEND,SUB-EVENT,_Slice_4:OpId_92 (cycles)
3505713118,EXECUTE,12272,CYCLES,BACKEND,SUB-EVENT,_Mul_6:OpId_97 (cycles)
3505713118,EXECUTE,9409,CYCLES,BACKEND,SUB-EVENT,_Mul_7:OpId_99 (cycles)
3505713118,EXECUTE,1321,CYCLES,BACKEND,SUB-EVENT,_Sub_1:OpId_101 (cycles)
3505713118,EXECUTE,12248,CYCLES,BACKEND,SUB-EVENT,_Mul_8:OpId_103 (cycles)
3505713118,EXECUTE,9246,CYCLES,BACKEND,SUB-EVENT,_Mul_9:OpId_105 (cycles)
3505713118,EXECUTE,1595,CYCLES,BACKEND,SUB-EVENT,_Add_5:OpId_107 (cycles)
3505713118,EXECUTE,0,CYCLES,BACKEND,SUB-EVENT,_Unsqueeze_2:OpId_109 (cycles)
3505713118,EXECUTE,0,CYCLES,BACKEND,SUB-EVENT,_Unsqueeze_3:OpId_110 (cycles)
3505713118,EXECUTE,3933,CYCLES,BACKEND,SUB-EVENT,_Concat_2:OpId_111 (cycles)
3505713118,EXECUTE,4502,CYCLES,BACKEND,SUB-EVENT,_Reshape_4:OpId_113 (cycles)
3505713118,EXECUTE,0,CYCLES,BACKEND,SUB-EVENT,_Unsqueeze_4:OpId_114 (cycles)
3505713118,EXECUTE,7993,CYCLES,BACKEND,SUB-EVENT,_Tile:OpId_116 (cycles)
3505713118,EXECUTE,0,CYCLES,BACKEND,SUB-EVENT,_Reshape_5:OpId_117 (cycles)
3505713118,EXECUTE,0,CYCLES,BACKEND,SUB-EVENT,_Unsqueeze_5:OpId_118 (cycles)
3505713118,EXECUTE,9520,CYCLES,BACKEND,SUB-EVENT,_Tile_1:OpId_120 (cycles)
3505713118,EXECUTE,0,CYCLES,BACKEND,SUB-EVENT,_Reshape_6:OpId_121 (cycles)
3505713118,EXECUTE,0,CYCLES,BACKEND,SUB-EVENT,_Transpose_3:OpId_123 (cycles)
3505713118,EXECUTE,123526,CYCLES,BACKEND,SUB-EVENT,_MatMul_3:OpId_124 (cycles)
3505713118,EXECUTE,14222,CYCLES,BACKEND,SUB-EVENT,_Div_1:OpId_129 (cycles)
3505713118,EXECUTE,4318,CYCLES,BACKEND,SUB-EVENT,_Add_6:OpId_132 (cycles)
3505713118,EXECUTE,71194,CYCLES,BACKEND,SUB-EVENT,_Softmax:OpId_134 (cycles)
3505713118,EXECUTE,42840,CYCLES,BACKEND,SUB-EVENT,_MatMul_4:OpId_137 (cycles)
3505713118,EXECUTE,0,CYCLES,BACKEND,SUB-EVENT,_Transpose_4:OpId_142 (cycles)
3505713118,EXECUTE,0,CYCLES,BACKEND,SUB-EVENT,_Reshape_7:OpId_143 (cycles)
3505713118,EXECUTE,11199,CYCLES,BACKEND,SUB-EVENT,_MatMul_5:OpId_145 (cycles)
3505713118,EXECUTE,0,CYCLES,BACKEND,SUB-EVENT,_MatMul_5_post_reshape:OpId_148 (cycles)
3505713118,EXECUTE,0,CYCLES,BACKEND,SUB-EVENT,_MatMul_5_output_0_nfc:OpId_150 (cycles)
3505713118,EXECUTE,2663,CYCLES,BACKEND,SUB-EVENT,_Add_7:OpId_152 (cycles)
3505713118,EXECUTE,0,CYCLES,BACKEND,SUB-EVENT,_Add_7_output_0_ncf:OpId_155 (cycles)
3505713118,EXECUTE,12334,CYCLES,BACKEND,SUB-EVENT,rms_norm__Mul_11_output_0:OpId_160 (cycles)
3505713118,EXECUTE,0,CYCLES,BACKEND,SUB-EVENT,_MatMul_7_pre_reshape:OpId_163 (cycles)
3505713118,EXECUTE,0,CYCLES,BACKEND,SUB-EVENT,_MatMul_6_pre_reshape:OpId_164 (cycles)
3505713118,EXECUTE,186336,CYCLES,BACKEND,SUB-EVENT,_MatMul_6:OpId_166 (cycles)
3505713118,EXECUTE,0,CYCLES,BACKEND,SUB-EVENT,_MatMul_6_post_reshape:OpId_169 (cycles)
3505713118,EXECUTE,366128,CYCLES,BACKEND,SUB-EVENT,_MatMul_7:OpId_171 (cycles)
3505713118,EXECUTE,0,CYCLES,BACKEND,SUB-EVENT,_MatMul_7_post_reshape:OpId_174 (cycles)
3505713118,EXECUTE,0,CYCLES,BACKEND,SUB-EVENT,_Sigmoid:OpId_175 (cycles)
3505713118,EXECUTE,213563,CYCLES,BACKEND,SUB-EVENT,_Mul_12:OpId_182 (cycles)
3505713118,EXECUTE,145591,CYCLES,BACKEND,SUB-EVENT,_Mul_13:OpId_184 (cycles)
3505713118,EXECUTE,0,CYCLES,BACKEND,SUB-EVENT,_MatMul_8_pre_reshape:OpId_186 (cycles)
3505713118,EXECUTE,395696,CYCLES,BACKEND,SUB-EVENT,_MatMul_8:OpId_188 (cycles)
3505713118,EXECUTE,0,CYCLES,BACKEND,SUB-EVENT,_MatMul_8_post_reshape:OpId_191 (cycles)
3505713118,EXECUTE,0,CYCLES,BACKEND,SUB-EVENT,_MatMul_8_output_0_nfc:OpId_193 (cycles)
3505713118,EXECUTE,7164,CYCLES,BACKEND,SUB-EVENT,_Add_9:OpId_195 (cycles)
3505713118,EXECUTE,39263,CYCLES,BACKEND,SUB-EVENT,hidden_out_ncf:OpId_198 (cycles)
3505713118,EXECUTE,7923,CYCLES,BACKEND,SUB-EVENT,Output OpId_3 (cycles)
3505713118,EXECUTE,7415,US,BACKEND,ROOT,Accelerator (execute) time
3505713118,EXECUTE,5514,US,BACKEND,ROOT,Accelerator (execute excluding wait) time
3505713118,EXECUTE,15754,US,BACKEND,ROOT,QNN (execute) time
3505737647,EXECUTE,15861,US,NETRUN,ROOT,Graph 0: qwen2_0_5b_layer0_prefill_seq16
3505737647,EXECUTE,4,COUNT,BACKEND,ROOT,Number of HVX threads used
3505737647,EXECUTE,14916,US,BACKEND,ROOT,RPC (execute) time
3505737647,EXECUTE,13598,US,BACKEND,ROOT,QNN accelerator (execute) time
3505737647,EXECUTE,0,COUNT,BACKEND,ROOT,Num times yield occured
3505737647,EXECUTE,7518,US,BACKEND,ROOT,Time for initial VTCM acquire
3505737647,EXECUTE,5220,US,BACKEND,ROOT,Time for HVX + HMX power on and acquire
3505737647,EXECUTE,3258988,CYCLES,BACKEND,ROOT,Accelerator (execute) time (cycles)
3505737647,EXECUTE,2421,CYCLES,BACKEND,SUB-EVENT,Input OpId_2 (cycles)
3505737647,EXECUTE,0,CYCLES,BACKEND,SUB-EVENT,hidden_states_nfc:OpId_17 (cycles)
3505737647,EXECUTE,271574,CYCLES,BACKEND,SUB-EVENT,rms_norm__Mul_1_output_0:OpId_22 (cycles)
3505737647,EXECUTE,0,CYCLES,BACKEND,SUB-EVENT,_MatMul_2_pre_reshape:OpId_25 (cycles)
3505737647,EXECUTE,0,CYCLES,BACKEND,SUB-EVENT,_MatMul_1_pre_reshape:OpId_26 (cycles)
3505737647,EXECUTE,0,CYCLES,BACKEND,SUB-EVENT,_MatMul_pre_reshape:OpId_27 (cycles)
3505737647,EXECUTE,0,CYCLES,BACKEND,SUB-EVENT,_MatMul_lhs_reshape:OpId_30 (cycles)
3505737647,EXECUTE,0,CYCLES,BACKEND,SUB-EVENT,_MatMul_lhs_cast_fp16:OpId_31 (cycles)
3505737647,EXECUTE,2983,CYCLES,BACKEND,SUB-EVENT,_MatMul_rhs_cast_fp16:OpId_32 (cycles)
3505737647,EXECUTE,869395,CYCLES,BACKEND,SUB-EVENT,_MatMul:OpId_33 (cycles)
3505737647,EXECUTE,0,CYCLES,BACKEND,SUB-EVENT,_MatMul_custom_output_reshape:OpId_34 (cycles)
3505737647,EXECUTE,168351,CYCLES,BACKEND,SUB-EVENT,_MatMul_bias_add:OpId_35 (cycles)
3505737647,EXECUTE,0,CYCLES,BACKEND,SUB-EVENT,_MatMul_post_reshape:OpId_37 (cycles)
3505737647,EXECUTE,0,CYCLES,BACKEND,SUB-EVENT,_MatMul_1:OpId_40 (cycles)
3505737647,EXECUTE,0,CYCLES,BACKEND,SUB-EVENT,_MatMul_1_post_reshape:OpId_42 (cycles)
3505737647,EXECUTE,0,CYCLES,BACKEND,SUB-EVENT,_MatMul_2:OpId_45 (cycles)
3505737647,EXECUTE,0,CYCLES,BACKEND,SUB-EVENT,_MatMul_2_post_reshape:OpId_47 (cycles)
3505737647,EXECUTE,44716,CYCLES,BACKEND,SUB-EVENT,_Transpose:OpId_49 (cycles)
3505737647,EXECUTE,16235,CYCLES,BACKEND,SUB-EVENT,_Transpose_1:OpId_51 (cycles)
3505737647,EXECUTE,17159,CYCLES,BACKEND,SUB-EVENT,_Transpose_2:OpId_53 (cycles)
3505737647,EXECUTE,23050,CYCLES,BACKEND,SUB-EVENT,_Slice:OpId_55 (cycles)
3505737647,EXECUTE,7937,CYCLES,BACKEND,SUB-EVENT,_Slice_1:OpId_61 (cycles)
3505737647,EXECUTE,6478,CYCLES,BACKEND,SUB-EVENT,_Mul_2:OpId_67 (cycles)
3505737647,EXECUTE,4608,CYCLES,BACKEND,SUB-EVENT,_Mul_3:OpId_70 (cycles)
3505737647,EXECUTE,1802,CYCLES,BACKEND,SUB-EVENT,_Sub:OpId_72 (cycles)
3505737647,EXECUTE,6572,CYCLES,BACKEND,SUB-EVENT,_Mul_4:OpId_74 (cycles)
3505737647,EXECUTE,4554,CYCLES,BACKEND,SUB-EVENT,_Mul_5:OpId_76 (cycles)
3505737647,EXECUTE,3586,CYCLES,BACKEND,SUB-EVENT,_Add_4:OpId_78 (cycles)
3505737647,EXECUTE,0,CYCLES,BACKEND,SUB-EVENT,_Unsqueeze:OpId_80 (cycles)
3505737647,EXECUTE,0,CYCLES,BACKEND,SUB-EVENT,_Unsqueeze_1:OpId_81 (cycles)
3505737647,EXECUTE,4084,CYCLES,BACKEND,SUB-EVENT,_Concat:OpId_82 (cycles)
3505737647,EXECUTE,0,CYCLES,BACKEND,SUB-EVENT,_Reshape_3:OpId_84 (cycles)
3505737647,EXECUTE,50461,CYCLES,BACKEND,SUB-EVENT,_Slice_3:OpId_86 (cycles)
3505737647,EXECUTE,6337,CYCLES,BACKEND,SUB-EVENT,_Slice_4:OpId_92 (cycles)
3505737647,EXECUTE,12521,CYCLES,BACKEND,SUB-EVENT,_Mul_6:OpId_97 (cycles)
3505737647,EXECUTE,8964,CYCLES,BACKEND,SUB-EVENT,_Mul_7:OpId_99 (cycles)
3505737647,EXECUTE,1333,CYCLES,BACKEND,SUB-EVENT,_Sub_1:OpId_101 (cycles)
3505737647,EXECUTE,12471,CYCLES,BACKEND,SUB-EVENT,_Mul_8:OpId_103 (cycles)
3505737647,EXECUTE,8924,CYCLES,BACKEND,SUB-EVENT,_Mul_9:OpId_105 (cycles)
3505737647,EXECUTE,1628,CYCLES,BACKEND,SUB-EVENT,_Add_5:OpId_107 (cycles)
3505737647,EXECUTE,0,CYCLES,BACKEND,SUB-EVENT,_Unsqueeze_2:OpId_109 (cycles)
3505737647,EXECUTE,0,CYCLES,BACKEND,SUB-EVENT,_Unsqueeze_3:OpId_110 (cycles)
3505737647,EXECUTE,3754,CYCLES,BACKEND,SUB-EVENT,_Concat_2:OpId_111 (cycles)
3505737647,EXECUTE,1883,CYCLES,BACKEND,SUB-EVENT,_Reshape_4:OpId_113 (cycles)
3505737647,EXECUTE,0,CYCLES,BACKEND,SUB-EVENT,_Unsqueeze_4:OpId_114 (cycles)
3505737647,EXECUTE,6638,CYCLES,BACKEND,SUB-EVENT,_Tile:OpId_116 (cycles)
3505737647,EXECUTE,0,CYCLES,BACKEND,SUB-EVENT,_Reshape_5:OpId_117 (cycles)
3505737647,EXECUTE,0,CYCLES,BACKEND,SUB-EVENT,_Unsqueeze_5:OpId_118 (cycles)
3505737647,EXECUTE,8509,CYCLES,BACKEND,SUB-EVENT,_Tile_1:OpId_120 (cycles)
3505737647,EXECUTE,0,CYCLES,BACKEND,SUB-EVENT,_Reshape_6:OpId_121 (cycles)
3505737647,EXECUTE,0,CYCLES,BACKEND,SUB-EVENT,_Transpose_3:OpId_123 (cycles)
3505737647,EXECUTE,128711,CYCLES,BACKEND,SUB-EVENT,_MatMul_3:OpId_124 (cycles)
3505737647,EXECUTE,14711,CYCLES,BACKEND,SUB-EVENT,_Div_1:OpId_129 (cycles)
3505737647,EXECUTE,9685,CYCLES,BACKEND,SUB-EVENT,_Add_6:OpId_132 (cycles)
3505737647,EXECUTE,66856,CYCLES,BACKEND,SUB-EVENT,_Softmax:OpId_134 (cycles)
3505737647,EXECUTE,45303,CYCLES,BACKEND,SUB-EVENT,_MatMul_4:OpId_137 (cycles)
3505737647,EXECUTE,0,CYCLES,BACKEND,SUB-EVENT,_Transpose_4:OpId_142 (cycles)
3505737647,EXECUTE,0,CYCLES,BACKEND,SUB-EVENT,_Reshape_7:OpId_143 (cycles)
3505737647,EXECUTE,24272,CYCLES,BACKEND,SUB-EVENT,_MatMul_5:OpId_145 (cycles)
3505737647,EXECUTE,0,CYCLES,BACKEND,SUB-EVENT,_MatMul_5_post_reshape:OpId_148 (cycles)
3505737647,EXECUTE,0,CYCLES,BACKEND,SUB-EVENT,_MatMul_5_output_0_nfc:OpId_150 (cycles)
3505737647,EXECUTE,2633,CYCLES,BACKEND,SUB-EVENT,_Add_7:OpId_152 (cycles)
3505737647,EXECUTE,0,CYCLES,BACKEND,SUB-EVENT,_Add_7_output_0_ncf:OpId_155 (cycles)
3505737647,EXECUTE,13298,CYCLES,BACKEND,SUB-EVENT,rms_norm__Mul_11_output_0:OpId_160 (cycles)
3505737647,EXECUTE,0,CYCLES,BACKEND,SUB-EVENT,_MatMul_7_pre_reshape:OpId_163 (cycles)
3505737647,EXECUTE,0,CYCLES,BACKEND,SUB-EVENT,_MatMul_6_pre_reshape:OpId_164 (cycles)
3505737647,EXECUTE,228505,CYCLES,BACKEND,SUB-EVENT,_MatMul_6:OpId_166 (cycles)
3505737647,EXECUTE,0,CYCLES,BACKEND,SUB-EVENT,_MatMul_6_post_reshape:OpId_169 (cycles)
3505737647,EXECUTE,411741,CYCLES,BACKEND,SUB-EVENT,_MatMul_7:OpId_171 (cycles)
3505737647,EXECUTE,0,CYCLES,BACKEND,SUB-EVENT,_MatMul_7_post_reshape:OpId_174 (cycles)
3505737647,EXECUTE,0,CYCLES,BACKEND,SUB-EVENT,_Sigmoid:OpId_175 (cycles)
3505737647,EXECUTE,160576,CYCLES,BACKEND,SUB-EVENT,_Mul_12:OpId_182 (cycles)
3505737647,EXECUTE,126274,CYCLES,BACKEND,SUB-EVENT,_Mul_13:OpId_184 (cycles)
3505737647,EXECUTE,0,CYCLES,BACKEND,SUB-EVENT,_MatMul_8_pre_reshape:OpId_186 (cycles)
3505737647,EXECUTE,388843,CYCLES,BACKEND,SUB-EVENT,_MatMul_8:OpId_188 (cycles)
3505737647,EXECUTE,0,CYCLES,BACKEND,SUB-EVENT,_MatMul_8_post_reshape:OpId_191 (cycles)
3505737647,EXECUTE,0,CYCLES,BACKEND,SUB-EVENT,_MatMul_8_output_0_nfc:OpId_193 (cycles)
3505737647,EXECUTE,7093,CYCLES,BACKEND,SUB-EVENT,_Add_9:OpId_195 (cycles)
3505737647,EXECUTE,39234,CYCLES,BACKEND,SUB-EVENT,hidden_out_ncf:OpId_198 (cycles)
3505737647,EXECUTE,12325,CYCLES,BACKEND,SUB-EVENT,Output OpId_3 (cycles)
3505737647,EXECUTE,7393,US,BACKEND,ROOT,Accelerator (execute) time
3505737647,EXECUTE,5504,US,BACKEND,ROOT,Accelerator (execute excluding wait) time
3505737647,EXECUTE,15816,US,BACKEND,ROOT,QNN (execute) time
3505771551,EXECUTE,16657,US,NETRUN,ROOT,Graph 0: qwen2_0_5b_layer0_prefill_seq16
3505771551,EXECUTE,4,COUNT,BACKEND,ROOT,Number of HVX threads used
3505771551,EXECUTE,15281,US,BACKEND,ROOT,RPC (execute) time
3505771551,EXECUTE,13561,US,BACKEND,ROOT,QNN accelerator (execute) time
3505771551,EXECUTE,0,COUNT,BACKEND,ROOT,Num times yield occured
3505771551,EXECUTE,7419,US,BACKEND,ROOT,Time for initial VTCM acquire
3505771551,EXECUTE,5151,US,BACKEND,ROOT,Time for HVX + HMX power on and acquire
3505771551,EXECUTE,3222940,CYCLES,BACKEND,ROOT,Accelerator (execute) time (cycles)
3505771551,EXECUTE,2242,CYCLES,BACKEND,SUB-EVENT,Input OpId_2 (cycles)
3505771551,EXECUTE,0,CYCLES,BACKEND,SUB-EVENT,hidden_states_nfc:OpId_17 (cycles)
3505771551,EXECUTE,269528,CYCLES,BACKEND,SUB-EVENT,rms_norm__Mul_1_output_0:OpId_22 (cycles)
3505771551,EXECUTE,0,CYCLES,BACKEND,SUB-EVENT,_MatMul_2_pre_reshape:OpId_25 (cycles)
3505771551,EXECUTE,0,CYCLES,BACKEND,SUB-EVENT,_MatMul_1_pre_reshape:OpId_26 (cycles)
3505771551,EXECUTE,0,CYCLES,BACKEND,SUB-EVENT,_MatMul_pre_reshape:OpId_27 (cycles)
3505771551,EXECUTE,0,CYCLES,BACKEND,SUB-EVENT,_MatMul_lhs_reshape:OpId_30 (cycles)
3505771551,EXECUTE,0,CYCLES,BACKEND,SUB-EVENT,_MatMul_lhs_cast_fp16:OpId_31 (cycles)
3505771551,EXECUTE,1629,CYCLES,BACKEND,SUB-EVENT,_MatMul_rhs_cast_fp16:OpId_32 (cycles)
3505771551,EXECUTE,878403,CYCLES,BACKEND,SUB-EVENT,_MatMul:OpId_33 (cycles)
3505771551,EXECUTE,0,CYCLES,BACKEND,SUB-EVENT,_MatMul_custom_output_reshape:OpId_34 (cycles)
3505771551,EXECUTE,160310,CYCLES,BACKEND,SUB-EVENT,_MatMul_bias_add:OpId_35 (cycles)
3505771551,EXECUTE,0,CYCLES,BACKEND,SUB-EVENT,_MatMul_post_reshape:OpId_37 (cycles)
3505771551,EXECUTE,0,CYCLES,BACKEND,SUB-EVENT,_MatMul_1:OpId_40 (cycles)
3505771551,EXECUTE,0,CYCLES,BACKEND,SUB-EVENT,_MatMul_1_post_reshape:OpId_42 (cycles)
3505771551,EXECUTE,0,CYCLES,BACKEND,SUB-EVENT,_MatMul_2:OpId_45 (cycles)
3505771551,EXECUTE,0,CYCLES,BACKEND,SUB-EVENT,_MatMul_2_post_reshape:OpId_47 (cycles)
3505771551,EXECUTE,31576,CYCLES,BACKEND,SUB-EVENT,_Transpose:OpId_49 (cycles)
3505771551,EXECUTE,13581,CYCLES,BACKEND,SUB-EVENT,_Transpose_1:OpId_51 (cycles)
3505771551,EXECUTE,16373,CYCLES,BACKEND,SUB-EVENT,_Transpose_2:OpId_53 (cycles)
3505771551,EXECUTE,22301,CYCLES,BACKEND,SUB-EVENT,_Slice:OpId_55 (cycles)
3505771551,EXECUTE,7669,CYCLES,BACKEND,SUB-EVENT,_Slice_1:OpId_61 (cycles)
3505771551,EXECUTE,6716,CYCLES,BACKEND,SUB-EVENT,_Mul_2:OpId_67 (cycles)
3505771551,EXECUTE,4571,CYCLES,BACKEND,SUB-EVENT,_Mul_3:OpId_70 (cycles)
3505771551,EXECUTE,1612,CYCLES,BACKEND,SUB-EVENT,_Sub:OpId_72 (cycles)
3505771551,EXECUTE,7025,CYCLES,BACKEND,SUB-EVENT,_Mul_4:OpId_74 (cycles)
3505771551,EXECUTE,4757,CYCLES,BACKEND,SUB-EVENT,_Mul_5:OpId_76 (cycles)
3505771551,EXECUTE,6444,CYCLES,BACKEND,SUB-EVENT,_Add_4:OpId_78 (cycles)
3505771551,EXECUTE,0,CYCLES,BACKEND,SUB-EVENT,_Unsqueeze:OpId_80 (cycles)
3505771551,EXECUTE,0,CYCLES,BACKEND,SUB-EVENT,_Unsqueeze_1:OpId_81 (cycles)
3505771551,EXECUTE,4100,CYCLES,BACKEND,SUB-EVENT,_Concat:OpId_82 (cycles)
3505771551,EXECUTE,0,CYCLES,BACKEND,SUB-EVENT,_Reshape_3:OpId_84 (cycles)
3505771551,EXECUTE,70503,CYCLES,BACKEND,SUB-EVENT,_Slice_3:OpId_86 (cycles)
3505771551,EXECUTE,12831,CYCLES,BACKEND,SUB-EVENT,_Slice_4:OpId_92 (cycles)
3505771551,EXECUTE,12629,CYCLES,BACKEND,SUB-EVENT,_Mul_6:OpId_97 (cycles)
3505771551,EXECUTE,9707,CYCLES,BACKEND,SUB-EVENT,_Mul_7:OpId_99 (cycles)
3505771551,EXECUTE,1333,CYCLES,BACKEND,SUB-EVENT,_Sub_1:OpId_101 (cycles)
3505771551,EXECUTE,12324,CYCLES,BACKEND,SUB-EVENT,_Mul_8:OpId_103 (cycles)
3505771551,EXECUTE,9323,CYCLES,BACKEND,SUB-EVENT,_Mul_9:OpId_105 (cycles)
3505771551,EXECUTE,1550,CYCLES,BACKEND,SUB-EVENT,_Add_5:OpId_107 (cycles)
3505771551,EXECUTE,0,CYCLES,BACKEND,SUB-EVENT,_Unsqueeze_2:OpId_109 (cycles)
3505771551,EXECUTE,0,CYCLES,BACKEND,SUB-EVENT,_Unsqueeze_3:OpId_110 (cycles)
3505771551,EXECUTE,3804,CYCLES,BACKEND,SUB-EVENT,_Concat_2:OpId_111 (cycles)
3505771551,EXECUTE,4083,CYCLES,BACKEND,SUB-EVENT,_Reshape_4:OpId_113 (cycles)
3505771551,EXECUTE,0,CYCLES,BACKEND,SUB-EVENT,_Unsqueeze_4:OpId_114 (cycles)
3505771551,EXECUTE,13329,CYCLES,BACKEND,SUB-EVENT,_Tile:OpId_116 (cycles)
3505771551,EXECUTE,0,CYCLES,BACKEND,SUB-EVENT,_Reshape_5:OpId_117 (cycles)
3505771551,EXECUTE,0,CYCLES,BACKEND,SUB-EVENT,_Unsqueeze_5:OpId_118 (cycles)
3505771551,EXECUTE,11776,CYCLES,BACKEND,SUB-EVENT,_Tile_1:OpId_120 (cycles)
3505771551,EXECUTE,0,CYCLES,BACKEND,SUB-EVENT,_Reshape_6:OpId_121 (cycles)
3505771551,EXECUTE,0,CYCLES,BACKEND,SUB-EVENT,_Transpose_3:OpId_123 (cycles)
3505771551,EXECUTE,106868,CYCLES,BACKEND,SUB-EVENT,_MatMul_3:OpId_124 (cycles)
3505771551,EXECUTE,14139,CYCLES,BACKEND,SUB-EVENT,_Div_1:OpId_129 (cycles)
3505771551,EXECUTE,11650,CYCLES,BACKEND,SUB-EVENT,_Add_6:OpId_132 (cycles)
3505771551,EXECUTE,61705,CYCLES,BACKEND,SUB-EVENT,_Softmax:OpId_134 (cycles)
3505771551,EXECUTE,44432,CYCLES,BACKEND,SUB-EVENT,_MatMul_4:OpId_137 (cycles)
3505771551,EXECUTE,0,CYCLES,BACKEND,SUB-EVENT,_Transpose_4:OpId_142 (cycles)
3505771551,EXECUTE,0,CYCLES,BACKEND,SUB-EVENT,_Reshape_7:OpId_143 (cycles)
3505771551,EXECUTE,17987,CYCLES,BACKEND,SUB-EVENT,_MatMul_5:OpId_145 (cycles)
3505771551,EXECUTE,0,CYCLES,BACKEND,SUB-EVENT,_MatMul_5_post_reshape:OpId_148 (cycles)
3505771551,EXECUTE,0,CYCLES,BACKEND,SUB-EVENT,_MatMul_5_output_0_nfc:OpId_150 (cycles)
3505771551,EXECUTE,2661,CYCLES,BACKEND,SUB-EVENT,_Add_7:OpId_152 (cycles)
3505771551,EXECUTE,0,CYCLES,BACKEND,SUB-EVENT,_Add_7_output_0_ncf:OpId_155 (cycles)
3505771551,EXECUTE,13719,CYCLES,BACKEND,SUB-EVENT,rms_norm__Mul_11_output_0:OpId_160 (cycles)
3505771551,EXECUTE,0,CYCLES,BACKEND,SUB-EVENT,_MatMul_7_pre_reshape:OpId_163 (cycles)
3505771551,EXECUTE,0,CYCLES,BACKEND,SUB-EVENT,_MatMul_6_pre_reshape:OpId_164 (cycles)
3505771551,EXECUTE,228283,CYCLES,BACKEND,SUB-EVENT,_MatMul_6:OpId_166 (cycles)
3505771551,EXECUTE,0,CYCLES,BACKEND,SUB-EVENT,_MatMul_6_post_reshape:OpId_169 (cycles)
3505771551,EXECUTE,373946,CYCLES,BACKEND,SUB-EVENT,_MatMul_7:OpId_171 (cycles)
3505771551,EXECUTE,0,CYCLES,BACKEND,SUB-EVENT,_MatMul_7_post_reshape:OpId_174 (cycles)
3505771551,EXECUTE,0,CYCLES,BACKEND,SUB-EVENT,_Sigmoid:OpId_175 (cycles)
3505771551,EXECUTE,201001,CYCLES,BACKEND,SUB-EVENT,_Mul_12:OpId_182 (cycles)
3505771551,EXECUTE,97365,CYCLES,BACKEND,SUB-EVENT,_Mul_13:OpId_184 (cycles)
3505771551,EXECUTE,0,CYCLES,BACKEND,SUB-EVENT,_MatMul_8_pre_reshape:OpId_186 (cycles)
3505771551,EXECUTE,388691,CYCLES,BACKEND,SUB-EVENT,_MatMul_8:OpId_188 (cycles)
3505771551,EXECUTE,0,CYCLES,BACKEND,SUB-EVENT,_MatMul_8_post_reshape:OpId_191 (cycles)
3505771551,EXECUTE,0,CYCLES,BACKEND,SUB-EVENT,_MatMul_8_output_0_nfc:OpId_193 (cycles)
3505771551,EXECUTE,7007,CYCLES,BACKEND,SUB-EVENT,_Add_9:OpId_195 (cycles)
3505771551,EXECUTE,40279,CYCLES,BACKEND,SUB-EVENT,hidden_out_ncf:OpId_198 (cycles)
3505771551,EXECUTE,11178,CYCLES,BACKEND,SUB-EVENT,Output OpId_3 (cycles)
3505771551,EXECUTE,7307,US,BACKEND,ROOT,Accelerator (execute) time
3505771551,EXECUTE,5413,US,BACKEND,ROOT,Accelerator (execute excluding wait) time
3505771551,EXECUTE,16589,US,BACKEND,ROOT,QNN (execute) time
3505799355,EXECUTE,15154,US,NETRUN,ROOT,Graph 0: qwen2_0_5b_layer0_prefill_seq16
3505799355,EXECUTE,4,COUNT,BACKEND,ROOT,Number of HVX threads used
3505799355,EXECUTE,14471,US,BACKEND,ROOT,RPC (execute) time
3505799355,EXECUTE,13088,US,BACKEND,ROOT,QNN accelerator (execute) time
3505799355,EXECUTE,0,COUNT,BACKEND,ROOT,Num times yield occured
3505799355,EXECUTE,7709,US,BACKEND,ROOT,Time for initial VTCM acquire
3505799355,EXECUTE,5107,US,BACKEND,ROOT,Time for HVX + HMX power on and acquire
3505799355,EXECUTE,3342959,CYCLES,BACKEND,ROOT,Accelerator (execute) time (cycles)
3505799355,EXECUTE,2428,CYCLES,BACKEND,SUB-EVENT,Input OpId_2 (cycles)
3505799355,EXECUTE,0,CYCLES,BACKEND,SUB-EVENT,hidden_states_nfc:OpId_17 (cycles)
3505799355,EXECUTE,217055,CYCLES,BACKEND,SUB-EVENT,rms_norm__Mul_1_output_0:OpId_22 (cycles)
3505799355,EXECUTE,0,CYCLES,BACKEND,SUB-EVENT,_MatMul_2_pre_reshape:OpId_25 (cycles)
3505799355,EXECUTE,0,CYCLES,BACKEND,SUB-EVENT,_MatMul_1_pre_reshape:OpId_26 (cycles)
3505799355,EXECUTE,0,CYCLES,BACKEND,SUB-EVENT,_MatMul_pre_reshape:OpId_27 (cycles)
3505799355,EXECUTE,0,CYCLES,BACKEND,SUB-EVENT,_MatMul_lhs_reshape:OpId_30 (cycles)
3505799355,EXECUTE,0,CYCLES,BACKEND,SUB-EVENT,_MatMul_lhs_cast_fp16:OpId_31 (cycles)
3505799355,EXECUTE,1851,CYCLES,BACKEND,SUB-EVENT,_MatMul_rhs_cast_fp16:OpId_32 (cycles)
3505799355,EXECUTE,978735,CYCLES,BACKEND,SUB-EVENT,_MatMul:OpId_33 (cycles)
3505799355,EXECUTE,0,CYCLES,BACKEND,SUB-EVENT,_MatMul_custom_output_reshape:OpId_34 (cycles)
3505799355,EXECUTE,166835,CYCLES,BACKEND,SUB-EVENT,_MatMul_bias_add:OpId_35 (cycles)
3505799355,EXECUTE,0,CYCLES,BACKEND,SUB-EVENT,_MatMul_post_reshape:OpId_37 (cycles)
3505799355,EXECUTE,0,CYCLES,BACKEND,SUB-EVENT,_MatMul_1:OpId_40 (cycles)
3505799355,EXECUTE,0,CYCLES,BACKEND,SUB-EVENT,_MatMul_1_post_reshape:OpId_42 (cycles)
3505799355,EXECUTE,0,CYCLES,BACKEND,SUB-EVENT,_MatMul_2:OpId_45 (cycles)
3505799355,EXECUTE,0,CYCLES,BACKEND,SUB-EVENT,_MatMul_2_post_reshape:OpId_47 (cycles)
3505799355,EXECUTE,37481,CYCLES,BACKEND,SUB-EVENT,_Transpose:OpId_49 (cycles)
3505799355,EXECUTE,17006,CYCLES,BACKEND,SUB-EVENT,_Transpose_1:OpId_51 (cycles)
3505799355,EXECUTE,26822,CYCLES,BACKEND,SUB-EVENT,_Transpose_2:OpId_53 (cycles)
3505799355,EXECUTE,21994,CYCLES,BACKEND,SUB-EVENT,_Slice:OpId_55 (cycles)
3505799355,EXECUTE,7686,CYCLES,BACKEND,SUB-EVENT,_Slice_1:OpId_61 (cycles)
3505799355,EXECUTE,7209,CYCLES,BACKEND,SUB-EVENT,_Mul_2:OpId_67 (cycles)
3505799355,EXECUTE,4676,CYCLES,BACKEND,SUB-EVENT,_Mul_3:OpId_70 (cycles)
3505799355,EXECUTE,1295,CYCLES,BACKEND,SUB-EVENT,_Sub:OpId_72 (cycles)
3505799355,EXECUTE,7194,CYCLES,BACKEND,SUB-EVENT,_Mul_4:OpId_74 (cycles)
3505799355,EXECUTE,4559,CYCLES,BACKEND,SUB-EVENT,_Mul_5:OpId_76 (cycles)
3505799355,EXECUTE,3692,CYCLES,BACKEND,SUB-EVENT,_Add_4:OpId_78 (cycles)
3505799355,EXECUTE,0,CYCLES,BACKEND,SUB-EVENT,_Unsqueeze:OpId_80 (cycles)
3505799355,EXECUTE,0,CYCLES,BACKEND,SUB-EVENT,_Unsqueeze_1:OpId_81 (cycles)
3505799355,EXECUTE,4095,CYCLES,BACKEND,SUB-EVENT,_Concat:OpId_82 (cycles)
3505799355,EXECUTE,0,CYCLES,BACKEND,SUB-EVENT,_Reshape_3:OpId_84 (cycles)
3505799355,EXECUTE,56867,CYCLES,BACKEND,SUB-EVENT,_Slice_3:OpId_86 (cycles)
3505799355,EXECUTE,6444,CYCLES,BACKEND,SUB-EVENT,_Slice_4:OpId_92 (cycles)
3505799355,EXECUTE,11465,CYCLES,BACKEND,SUB-EVENT,_Mul_6:OpId_97 (cycles)
3505799355,EXECUTE,8529,CYCLES,BACKEND,SUB-EVENT,_Mul_7:OpId_99 (cycles)
3505799355,EXECUTE,1284,CYCLES,BACKEND,SUB-EVENT,_Sub_1:OpId_101 (cycles)
3505799355,EXECUTE,11374,CYCLES,BACKEND,SUB-EVENT,_Mul_8:OpId_103 (cycles)
3505799355,EXECUTE,8129,CYCLES,BACKEND,SUB-EVENT,_Mul_9:OpId_105 (cycles)
3505799355,EXECUTE,1450,CYCLES,BACKEND,SUB-EVENT,_Add_5:OpId_107 (cycles)
3505799355,EXECUTE,0,CYCLES,BACKEND,SUB-EVENT,_Unsqueeze_2:OpId_109 (cycles)
3505799355,EXECUTE,0,CYCLES,BACKEND,SUB-EVENT,_Unsqueeze_3:OpId_110 (cycles)
3505799355,EXECUTE,3617,CYCLES,BACKEND,SUB-EVENT,_Concat_2:OpId_111 (cycles)
3505799355,EXECUTE,5311,CYCLES,BACKEND,SUB-EVENT,_Reshape_4:OpId_113 (cycles)
3505799355,EXECUTE,0,CYCLES,BACKEND,SUB-EVENT,_Unsqueeze_4:OpId_114 (cycles)
3505799355,EXECUTE,8386,CYCLES,BACKEND,SUB-EVENT,_Tile:OpId_116 (cycles)
3505799355,EXECUTE,0,CYCLES,BACKEND,SUB-EVENT,_Reshape_5:OpId_117 (cycles)
3505799355,EXECUTE,0,CYCLES,BACKEND,SUB-EVENT,_Unsqueeze_5:OpId_118 (cycles)
3505799355,EXECUTE,9012,CYCLES,BACKEND,SUB-EVENT,_Tile_1:OpId_120 (cycles)
3505799355,EXECUTE,0,CYCLES,BACKEND,SUB-EVENT,_Reshape_6:OpId_121 (cycles)
3505799355,EXECUTE,0,CYCLES,BACKEND,SUB-EVENT,_Transpose_3:OpId_123 (cycles)
3505799355,EXECUTE,122953,CYCLES,BACKEND,SUB-EVENT,_MatMul_3:OpId_124 (cycles)
3505799355,EXECUTE,14011,CYCLES,BACKEND,SUB-EVENT,_Div_1:OpId_129 (cycles)
3505799355,EXECUTE,15214,CYCLES,BACKEND,SUB-EVENT,_Add_6:OpId_132 (cycles)
3505799355,EXECUTE,64870,CYCLES,BACKEND,SUB-EVENT,_Softmax:OpId_134 (cycles)
3505799355,EXECUTE,49089,CYCLES,BACKEND,SUB-EVENT,_MatMul_4:OpId_137 (cycles)
3505799355,EXECUTE,0,CYCLES,BACKEND,SUB-EVENT,_Transpose_4:OpId_142 (cycles)
3505799355,EXECUTE,0,CYCLES,BACKEND,SUB-EVENT,_Reshape_7:OpId_143 (cycles)
3505799355,EXECUTE,22391,CYCLES,BACKEND,SUB-EVENT,_MatMul_5:OpId_145 (cycles)
3505799355,EXECUTE,0,CYCLES,BACKEND,SUB-EVENT,_MatMul_5_post_reshape:OpId_148 (cycles)
3505799355,EXECUTE,0,CYCLES,BACKEND,SUB-EVENT,_MatMul_5_output_0_nfc:OpId_150 (cycles)
3505799355,EXECUTE,2633,CYCLES,BACKEND,SUB-EVENT,_Add_7:OpId_152 (cycles)
3505799355,EXECUTE,0,CYCLES,BACKEND,SUB-EVENT,_Add_7_output_0_ncf:OpId_155 (cycles)
3505799355,EXECUTE,13836,CYCLES,BACKEND,SUB-EVENT,rms_norm__Mul_11_output_0:OpId_160 (cycles)
3505799355,EXECUTE,0,CYCLES,BACKEND,SUB-EVENT,_MatMul_7_pre_reshape:OpId_163 (cycles)
3505799355,EXECUTE,0,CYCLES,BACKEND,SUB-EVENT,_MatMul_6_pre_reshape:OpId_164 (cycles)
3505799355,EXECUTE,223675,CYCLES,BACKEND,SUB-EVENT,_MatMul_6:OpId_166 (cycles)
3505799355,EXECUTE,0,CYCLES,BACKEND,SUB-EVENT,_MatMul_6_post_reshape:OpId_169 (cycles)
3505799355,EXECUTE,360105,CYCLES,BACKEND,SUB-EVENT,_MatMul_7:OpId_171 (cycles)
3505799355,EXECUTE,0,CYCLES,BACKEND,SUB-EVENT,_MatMul_7_post_reshape:OpId_174 (cycles)
3505799355,EXECUTE,0,CYCLES,BACKEND,SUB-EVENT,_Sigmoid:OpId_175 (cycles)
3505799355,EXECUTE,245993,CYCLES,BACKEND,SUB-EVENT,_Mul_12:OpId_182 (cycles)
3505799355,EXECUTE,115033,CYCLES,BACKEND,SUB-EVENT,_Mul_13:OpId_184 (cycles)
3505799355,EXECUTE,0,CYCLES,BACKEND,SUB-EVENT,_MatMul_8_pre_reshape:OpId_186 (cycles)
3505799355,EXECUTE,384201,CYCLES,BACKEND,SUB-EVENT,_MatMul_8:OpId_188 (cycles)
3505799355,EXECUTE,0,CYCLES,BACKEND,SUB-EVENT,_MatMul_8_post_reshape:OpId_191 (cycles)
3505799355,EXECUTE,0,CYCLES,BACKEND,SUB-EVENT,_MatMul_8_output_0_nfc:OpId_193 (cycles)
3505799355,EXECUTE,7180,CYCLES,BACKEND,SUB-EVENT,_Add_9:OpId_195 (cycles)
3505799355,EXECUTE,39237,CYCLES,BACKEND,SUB-EVENT,hidden_out_ncf:OpId_198 (cycles)
3505799355,EXECUTE,20057,CYCLES,BACKEND,SUB-EVENT,Output OpId_3 (cycles)
3505799355,EXECUTE,7431,US,BACKEND,ROOT,Accelerator (execute) time
3505799355,EXECUTE,5532,US,BACKEND,ROOT,Accelerator (execute excluding wait) time
3505799355,EXECUTE,15100,US,BACKEND,ROOT,QNN (execute) time
3505824155,EXECUTE,16926,US,NETRUN,ROOT,Graph 0: qwen2_0_5b_layer0_prefill_seq16
3505824155,EXECUTE,4,COUNT,BACKEND,ROOT,Number of HVX threads used
3505824155,EXECUTE,16379,US,BACKEND,ROOT,RPC (execute) time
3505824155,EXECUTE,13718,US,BACKEND,ROOT,QNN accelerator (execute) time
3505824155,EXECUTE,0,COUNT,BACKEND,ROOT,Num times yield occured
3505824155,EXECUTE,7310,US,BACKEND,ROOT,Time for initial VTCM acquire
3505824155,EXECUTE,5094,US,BACKEND,ROOT,Time for HVX + HMX power on and acquire
3505824155,EXECUTE,3201121,CYCLES,BACKEND,ROOT,Accelerator (execute) time (cycles)
3505824155,EXECUTE,8291,CYCLES,BACKEND,SUB-EVENT,Input OpId_2 (cycles)
3505824155,EXECUTE,0,CYCLES,BACKEND,SUB-EVENT,hidden_states_nfc:OpId_17 (cycles)
3505824155,EXECUTE,306804,CYCLES,BACKEND,SUB-EVENT,rms_norm__Mul_1_output_0:OpId_22 (cycles)
3505824155,EXECUTE,0,CYCLES,BACKEND,SUB-EVENT,_MatMul_2_pre_reshape:OpId_25 (cycles)
3505824155,EXECUTE,0,CYCLES,BACKEND,SUB-EVENT,_MatMul_1_pre_reshape:OpId_26 (cycles)
3505824155,EXECUTE,0,CYCLES,BACKEND,SUB-EVENT,_MatMul_pre_reshape:OpId_27 (cycles)
3505824155,EXECUTE,0,CYCLES,BACKEND,SUB-EVENT,_MatMul_lhs_reshape:OpId_30 (cycles)
3505824155,EXECUTE,0,CYCLES,BACKEND,SUB-EVENT,_MatMul_lhs_cast_fp16:OpId_31 (cycles)
3505824155,EXECUTE,467,CYCLES,BACKEND,SUB-EVENT,_MatMul_rhs_cast_fp16:OpId_32 (cycles)
3505824155,EXECUTE,872105,CYCLES,BACKEND,SUB-EVENT,_MatMul:OpId_33 (cycles)
3505824155,EXECUTE,0,CYCLES,BACKEND,SUB-EVENT,_MatMul_custom_output_reshape:OpId_34 (cycles)
3505824155,EXECUTE,109624,CYCLES,BACKEND,SUB-EVENT,_MatMul_bias_add:OpId_35 (cycles)
3505824155,EXECUTE,0,CYCLES,BACKEND,SUB-EVENT,_MatMul_post_reshape:OpId_37 (cycles)
3505824155,EXECUTE,0,CYCLES,BACKEND,SUB-EVENT,_MatMul_1:OpId_40 (cycles)
3505824155,EXECUTE,0,CYCLES,BACKEND,SUB-EVENT,_MatMul_1_post_reshape:OpId_42 (cycles)
3505824155,EXECUTE,0,CYCLES,BACKEND,SUB-EVENT,_MatMul_2:OpId_45 (cycles)
3505824155,EXECUTE,0,CYCLES,BACKEND,SUB-EVENT,_MatMul_2_post_reshape:OpId_47 (cycles)
3505824155,EXECUTE,24419,CYCLES,BACKEND,SUB-EVENT,_Transpose:OpId_49 (cycles)
3505824155,EXECUTE,5775,CYCLES,BACKEND,SUB-EVENT,_Transpose_1:OpId_51 (cycles)
3505824155,EXECUTE,9497,CYCLES,BACKEND,SUB-EVENT,_Transpose_2:OpId_53 (cycles)
3505824155,EXECUTE,22373,CYCLES,BACKEND,SUB-EVENT,_Slice:OpId_55 (cycles)
3505824155,EXECUTE,7679,CYCLES,BACKEND,SUB-EVENT,_Slice_1:OpId_61 (cycles)
3505824155,EXECUTE,7033,CYCLES,BACKEND,SUB-EVENT,_Mul_2:OpId_67 (cycles)
3505824155,EXECUTE,4626,CYCLES,BACKEND,SUB-EVENT,_Mul_3:OpId_70 (cycles)
3505824155,EXECUTE,1565,CYCLES,BACKEND,SUB-EVENT,_Sub:OpId_72 (cycles)
3505824155,EXECUTE,7037,CYCLES,BACKEND,SUB-EVENT,_Mul_4:OpId_74 (cycles)
3505824155,EXECUTE,4607,CYCLES,BACKEND,SUB-EVENT,_Mul_5:OpId_76 (cycles)
3505824155,EXECUTE,1128,CYCLES,BACKEND,SUB-EVENT,_Add_4:OpId_78 (cycles)
3505824155,EXECUTE,0,CYCLES,BACKEND,SUB-EVENT,_Unsqueeze:OpId_80 (cycles)
3505824155,EXECUTE,0,CYCLES,BACKEND,SUB-EVENT,_Unsqueeze_1:OpId_81 (cycles)
3505824155,EXECUTE,4175,CYCLES,BACKEND,SUB-EVENT,_Concat:OpId_82 (cycles)
3505824155,EXECUTE,0,CYCLES,BACKEND,SUB-EVENT,_Reshape_3:OpId_84 (cycles)
3505824155,EXECUTE,28437,CYCLES,BACKEND,SUB-EVENT,_Slice_3:OpId_86 (cycles)
3505824155,EXECUTE,6226,CYCLES,BACKEND,SUB-EVENT,_Slice_4:OpId_92 (cycles)
3505824155,EXECUTE,5150,CYCLES,BACKEND,SUB-EVENT,_Mul_6:OpId_97 (cycles)
3505824155,EXECUTE,2166,CYCLES,BACKEND,SUB-EVENT,_Mul_7:OpId_99 (cycles)
3505824155,EXECUTE,1342,CYCLES,BACKEND,SUB-EVENT,_Sub_1:OpId_101 (cycles)
3505824155,EXECUTE,5110,CYCLES,BACKEND,SUB-EVENT,_Mul_8:OpId_103 (cycles)
3505824155,EXECUTE,1824,CYCLES,BACKEND,SUB-EVENT,_Mul_9:OpId_105 (cycles)
3505824155,EXECUTE,1609,CYCLES,BACKEND,SUB-EVENT,_Add_5:OpId_107 (cycles)
3505824155,EXECUTE,0,CYCLES,BACKEND,SUB-EVENT,_Unsqueeze_2:OpId_109 (cycles)
3505824155,EXECUTE,0,CYCLES,BACKEND,SUB-EVENT,_Unsqueeze_3:OpId_110 (cycles)
3505824155,EXECUTE,3700,CYCLES,BACKEND,SUB-EVENT,_Concat_2:OpId_111 (cycles)
3505824155,EXECUTE,4092,CYCLES,BACKEND,SUB-EVENT,_Reshape_4:OpId_113 (cycles)
3505824155,EXECUTE,0,CYCLES,BACKEND,SUB-EVENT,_Unsqueeze_4:OpId_114 (cycles)
3505824155,EXECUTE,2905,CYCLES,BACKEND,SUB-EVENT,_Tile:OpId_116 (cycles)
3505824155,EXECUTE,0,CYCLES,BACKEND,SUB-EVENT,_Reshape_5:OpId_117 (cycles)
3505824155,EXECUTE,0,CYCLES,BACKEND,SUB-EVENT,_Unsqueeze_5:OpId_118 (cycles)
3505824155,EXECUTE,3426,CYCLES,BACKEND,SUB-EVENT,_Tile_1:OpId_120 (cycles)
3505824155,EXECUTE,0,CYCLES,BACKEND,SUB-EVENT,_Reshape_6:OpId_121 (cycles)
3505824155,EXECUTE,0,CYCLES,BACKEND,SUB-EVENT,_Transpose_3:OpId_123 (cycles)
3505824155,EXECUTE,84313,CYCLES,BACKEND,SUB-EVENT,_MatMul_3:OpId_124 (cycles)
3505824155,EXECUTE,14365,CYCLES,BACKEND,SUB-EVENT,_Div_1:OpId_129 (cycles)
3505824155,EXECUTE,4323,CYCLES,BACKEND,SUB-EVENT,_Add_6:OpId_132 (cycles)
3505824155,EXECUTE,67247,CYCLES,BACKEND,SUB-EVENT,_Softmax:OpId_134 (cycles)
3505824155,EXECUTE,15765,CYCLES,BACKEND,SUB-EVENT,_MatMul_4:OpId_137 (cycles)
3505824155,EXECUTE,0,CYCLES,BACKEND,SUB-EVENT,_Transpose_4:OpId_142 (cycles)
3505824155,EXECUTE,0,CYCLES,BACKEND,SUB-EVENT,_Reshape_7:OpId_143 (cycles)
3505824155,EXECUTE,10752,CYCLES,BACKEND,SUB-EVENT,_MatMul_5:OpId_145 (cycles)
3505824155,EXECUTE,0,CYCLES,BACKEND,SUB-EVENT,_MatMul_5_post_reshape:OpId_148 (cycles)
3505824155,EXECUTE,0,CYCLES,BACKEND,SUB-EVENT,_MatMul_5_output_0_nfc:OpId_150 (cycles)
3505824155,EXECUTE,2634,CYCLES,BACKEND,SUB-EVENT,_Add_7:OpId_152 (cycles)
3505824155,EXECUTE,0,CYCLES,BACKEND,SUB-EVENT,_Add_7_output_0_ncf:OpId_155 (cycles)
3505824155,EXECUTE,12052,CYCLES,BACKEND,SUB-EVENT,rms_norm__Mul_11_output_0:OpId_160 (cycles)
3505824155,EXECUTE,0,CYCLES,BACKEND,SUB-EVENT,_MatMul_7_pre_reshape:OpId_163 (cycles)
3505824155,EXECUTE,0,CYCLES,BACKEND,SUB-EVENT,_MatMul_6_pre_reshape:OpId_164 (cycles)
3505824155,EXECUTE,408741,CYCLES,BACKEND,SUB-EVENT,_MatMul_6:OpId_166 (cycles)
3505824155,EXECUTE,0,CYCLES,BACKEND,SUB-EVENT,_MatMul_6_post_reshape:OpId_169 (cycles)
3505824155,EXECUTE,349214,CYCLES,BACKEND,SUB-EVENT,_MatMul_7:OpId_171 (cycles)
3505824155,EXECUTE,0,CYCLES,BACKEND,SUB-EVENT,_MatMul_7_post_reshape:OpId_174 (cycles)
3505824155,EXECUTE,0,CYCLES,BACKEND,SUB-EVENT,_Sigmoid:OpId_175 (cycles)
3505824155,EXECUTE,216201,CYCLES,BACKEND,SUB-EVENT,_Mul_12:OpId_182 (cycles)
3505824155,EXECUTE,107330,CYCLES,BACKEND,SUB-EVENT,_Mul_13:OpId_184 (cycles)
3505824155,EXECUTE,0,CYCLES,BACKEND,SUB-EVENT,_MatMul_8_pre_reshape:OpId_186 (cycles)
3505824155,EXECUTE,388062,CYCLES,BACKEND,SUB-EVENT,_MatMul_8:OpId_188 (cycles)
3505824155,EXECUTE,0,CYCLES,BACKEND,SUB-EVENT,_MatMul_8_post_reshape:OpId_191 (cycles)
3505824155,EXECUTE,0,CYCLES,BACKEND,SUB-EVENT,_MatMul_8_output_0_nfc:OpId_193 (cycles)
3505824155,EXECUTE,7272,CYCLES,BACKEND,SUB-EVENT,_Add_9:OpId_195 (cycles)
3505824155,EXECUTE,36550,CYCLES,BACKEND,SUB-EVENT,hidden_out_ncf:OpId_198 (cycles)
3505824155,EXECUTE,13108,CYCLES,BACKEND,SUB-EVENT,Output OpId_3 (cycles)
3505824155,EXECUTE,7563,US,BACKEND,ROOT,Accelerator (execute) time
3505824155,EXECUTE,5671,US,BACKEND,ROOT,Accelerator (execute excluding wait) time
3505824155,EXECUTE,16881,US,BACKEND,ROOT,QNN (execute) time
3505846874,EXECUTE,16034,US,NETRUN,ROOT,Graph 0: qwen2_0_5b_layer0_prefill_seq16
3505846874,EXECUTE,4,COUNT,BACKEND,ROOT,Number of HVX threads used
3505846874,EXECUTE,15476,US,BACKEND,ROOT,RPC (execute) time
3505846874,EXECUTE,13456,US,BACKEND,ROOT,QNN accelerator (execute) time
3505846874,EXECUTE,0,COUNT,BACKEND,ROOT,Num times yield occured
3505846874,EXECUTE,7425,US,BACKEND,ROOT,Time for initial VTCM acquire
3505846874,EXECUTE,5162,US,BACKEND,ROOT,Time for HVX + HMX power on and acquire
3505846874,EXECUTE,3180352,CYCLES,BACKEND,ROOT,Accelerator (execute) time (cycles)
3505846874,EXECUTE,2070,CYCLES,BACKEND,SUB-EVENT,Input OpId_2 (cycles)
3505846874,EXECUTE,0,CYCLES,BACKEND,SUB-EVENT,hidden_states_nfc:OpId_17 (cycles)
3505846874,EXECUTE,197259,CYCLES,BACKEND,SUB-EVENT,rms_norm__Mul_1_output_0:OpId_22 (cycles)
3505846874,EXECUTE,0,CYCLES,BACKEND,SUB-EVENT,_MatMul_2_pre_reshape:OpId_25 (cycles)
3505846874,EXECUTE,0,CYCLES,BACKEND,SUB-EVENT,_MatMul_1_pre_reshape:OpId_26 (cycles)
3505846874,EXECUTE,0,CYCLES,BACKEND,SUB-EVENT,_MatMul_pre_reshape:OpId_27 (cycles)
3505846874,EXECUTE,0,CYCLES,BACKEND,SUB-EVENT,_MatMul_lhs_reshape:OpId_30 (cycles)
3505846874,EXECUTE,0,CYCLES,BACKEND,SUB-EVENT,_MatMul_lhs_cast_fp16:OpId_31 (cycles)
3505846874,EXECUTE,2040,CYCLES,BACKEND,SUB-EVENT,_MatMul_rhs_cast_fp16:OpId_32 (cycles)
3505846874,EXECUTE,865570,CYCLES,BACKEND,SUB-EVENT,_MatMul:OpId_33 (cycles)
3505846874,EXECUTE,0,CYCLES,BACKEND,SUB-EVENT,_MatMul_custom_output_reshape:OpId_34 (cycles)
3505846874,EXECUTE,152288,CYCLES,BACKEND,SUB-EVENT,_MatMul_bias_add:OpId_35 (cycles)
3505846874,EXECUTE,0,CYCLES,BACKEND,SUB-EVENT,_MatMul_post_reshape:OpId_37 (cycles)
3505846874,EXECUTE,0,CYCLES,BACKEND,SUB-EVENT,_MatMul_1:OpId_40 (cycles)
3505846874,EXECUTE,0,CYCLES,BACKEND,SUB-EVENT,_MatMul_1_post_reshape:OpId_42 (cycles)
3505846874,EXECUTE,0,CYCLES,BACKEND,SUB-EVENT,_MatMul_2:OpId_45 (cycles)
3505846874,EXECUTE,0,CYCLES,BACKEND,SUB-EVENT,_MatMul_2_post_reshape:OpId_47 (cycles)
3505846874,EXECUTE,29637,CYCLES,BACKEND,SUB-EVENT,_Transpose:OpId_49 (cycles)
3505846874,EXECUTE,17725,CYCLES,BACKEND,SUB-EVENT,_Transpose_1:OpId_51 (cycles)
3505846874,EXECUTE,30131,CYCLES,BACKEND,SUB-EVENT,_Transpose_2:OpId_53 (cycles)
3505846874,EXECUTE,22171,CYCLES,BACKEND,SUB-EVENT,_Slice:OpId_55 (cycles)
3505846874,EXECUTE,7587,CYCLES,BACKEND,SUB-EVENT,_Slice_1:OpId_61 (cycles)
3505846874,EXECUTE,14285,CYCLES,BACKEND,SUB-EVENT,_Mul_2:OpId_67 (cycles)
3505846874,EXECUTE,5567,CYCLES,BACKEND,SUB-EVENT,_Mul_3:OpId_70 (cycles)
3505846874,EXECUTE,1348,CYCLES,BACKEND,SUB-EVENT,_Sub:OpId_72 (cycles)
3505846874,EXECUTE,12838,CYCLES,BACKEND,SUB-EVENT,_Mul_4:OpId_74 (cycles)
3505846874,EXECUTE,7808,CYCLES,BACKEND,SUB-EVENT,_Mul_5:OpId_76 (cycles)
3505846874,EXECUTE,6653,CYCLES,BACKEND,SUB-EVENT,_Add_4:OpId_78 (cycles)
3505846874,EXECUTE,0,CYCLES,BACKEND,SUB-EVENT,_Unsqueeze:OpId_80 (cycles)
3505846874,EXECUTE,0,CYCLES,BACKEND,SUB-EVENT,_Unsqueeze_1:OpId_81 (cycles)
3505846874,EXECUTE,4358,CYCLES,BACKEND,SUB-EVENT,_Concat:OpId_82 (cycles)
3505846874,EXECUTE,0,CYCLES,BACKEND,SUB-EVENT,_Reshape_3:OpId_84 (cycles)
3505846874,EXECUTE,63686,CYCLES,BACKEND,SUB-EVENT,_Slice_3:OpId_86 (cycles)
3505846874,EXECUTE,5195,CYCLES,BACKEND,SUB-EVENT,_Slice_4:OpId_92 (cycles)
3505846874,EXECUTE,13533,CYCLES,BACKEND,SUB-EVENT,_Mul_6:OpId_97 (cycles)
3505846874,EXECUTE,10685,CYCLES,BACKEND,SUB-EVENT,_Mul_7:OpId_99 (cycles)
3505846874,EXECUTE,1192,CYCLES,BACKEND,SUB-EVENT,_Sub_1:OpId_101 (cycles)
3505846874,EXECUTE,13462,CYCLES,BACKEND,SUB-EVENT,_Mul_8:OpId_103 (cycles)
3505846874,EXECUTE,10354,CYCLES,BACKEND,SUB-EVENT,_Mul_9:OpId_105 (cycles)
3505846874,EXECUTE,4202,CYCLES,BACKEND,SUB-EVENT,_Add_5:OpId_107 (cycles)
3505846874,EXECUTE,0,CYCLES,BACKEND,SUB-EVENT,_Unsqueeze_2:OpId_109 (cycles)
3505846874,EXECUTE,0,CYCLES,BACKEND,SUB-EVENT,_Unsqueeze_3:OpId_110 (cycles)
3505846874,EXECUTE,3613,CYCLES,BACKEND,SUB-EVENT,_Concat_2:OpId_111 (cycles)
3505846874,EXECUTE,2483,CYCLES,BACKEND,SUB-EVENT,_Reshape_4:OpId_113 (cycles)
3505846874,EXECUTE,0,CYCLES,BACKEND,SUB-EVENT,_Unsqueeze_4:OpId_114 (cycles)
3505846874,EXECUTE,5028,CYCLES,BACKEND,SUB-EVENT,_Tile:OpId_116 (cycles)
3505846874,EXECUTE,0,CYCLES,BACKEND,SUB-EVENT,_Reshape_5:OpId_117 (cycles)
3505846874,EXECUTE,0,CYCLES,BACKEND,SUB-EVENT,_Unsqueeze_5:OpId_118 (cycles)
3505846874,EXECUTE,11734,CYCLES,BACKEND,SUB-EVENT,_Tile_1:OpId_120 (cycles)
3505846874,EXECUTE,0,CYCLES,BACKEND,SUB-EVENT,_Reshape_6:OpId_121 (cycles)
3505846874,EXECUTE,0,CYCLES,BACKEND,SUB-EVENT,_Transpose_3:OpId_123 (cycles)
3505846874,EXECUTE,136550,CYCLES,BACKEND,SUB-EVENT,_MatMul_3:OpId_124 (cycles)
3505846874,EXECUTE,14125,CYCLES,BACKEND,SUB-EVENT,_Div_1:OpId_129 (cycles)
3505846874,EXECUTE,10071,CYCLES,BACKEND,SUB-EVENT,_Add_6:OpId_132 (cycles)
3505846874,EXECUTE,61844,CYCLES,BACKEND,SUB-EVENT,_Softmax:OpId_134 (cycles)
3505846874,EXECUTE,48200,CYCLES,BACKEND,SUB-EVENT,_MatMul_4:OpId_137 (cycles)
3505846874,EXECUTE,0,CYCLES,BACKEND,SUB-EVENT,_Transpose_4:OpId_142 (cycles)
3505846874,EXECUTE,0,CYCLES,BACKEND,SUB-EVENT,_Reshape_7:OpId_143 (cycles)
3505846874,EXECUTE,20521,CYCLES,BACKEND,SUB-EVENT,_MatMul_5:OpId_145 (cycles)
3505846874,EXECUTE,0,CYCLES,BACKEND,SUB-EVENT,_MatMul_5_post_reshape:OpId_148 (cycles)
3505846874,EXECUTE,0,CYCLES,BACKEND,SUB-EVENT,_MatMul_5_output_0_nfc:OpId_150 (cycles)
3505846874,EXECUTE,2636,CYCLES,BACKEND,SUB-EVENT,_Add_7:OpId_152 (cycles)
3505846874,EXECUTE,0,CYCLES,BACKEND,SUB-EVENT,_Add_7_output_0_ncf:OpId_155 (cycles)
3505846874,EXECUTE,12077,CYCLES,BACKEND,SUB-EVENT,rms_norm__Mul_11_output_0:OpId_160 (cycles)
3505846874,EXECUTE,0,CYCLES,BACKEND,SUB-EVENT,_MatMul_7_pre_reshape:OpId_163 (cycles)
3505846874,EXECUTE,0,CYCLES,BACKEND,SUB-EVENT,_MatMul_6_pre_reshape:OpId_164 (cycles)
3505846874,EXECUTE,219715,CYCLES,BACKEND,SUB-EVENT,_MatMul_6:OpId_166 (cycles)
3505846874,EXECUTE,0,CYCLES,BACKEND,SUB-EVENT,_MatMul_6_post_reshape:OpId_169 (cycles)
3505846874,EXECUTE,414891,CYCLES,BACKEND,SUB-EVENT,_MatMul_7:OpId_171 (cycles)
3505846874,EXECUTE,0,CYCLES,BACKEND,SUB-EVENT,_MatMul_7_post_reshape:OpId_174 (cycles)
3505846874,EXECUTE,0,CYCLES,BACKEND,SUB-EVENT,_Sigmoid:OpId_175 (cycles)
3505846874,EXECUTE,157179,CYCLES,BACKEND,SUB-EVENT,_Mul_12:OpId_182 (cycles)
3505846874,EXECUTE,105695,CYCLES,BACKEND,SUB-EVENT,_Mul_13:OpId_184 (cycles)
3505846874,EXECUTE,0,CYCLES,BACKEND,SUB-EVENT,_MatMul_8_pre_reshape:OpId_186 (cycles)
3505846874,EXECUTE,390204,CYCLES,BACKEND,SUB-EVENT,_MatMul_8:OpId_188 (cycles)
3505846874,EXECUTE,0,CYCLES,BACKEND,SUB-EVENT,_MatMul_8_post_reshape:OpId_191 (cycles)
3505846874,EXECUTE,0,CYCLES,BACKEND,SUB-EVENT,_MatMul_8_output_0_nfc:OpId_193 (cycles)
3505846874,EXECUTE,7099,CYCLES,BACKEND,SUB-EVENT,_Add_9:OpId_195 (cycles)
3505846874,EXECUTE,40567,CYCLES,BACKEND,SUB-EVENT,hidden_out_ncf:OpId_198 (cycles)
3505846874,EXECUTE,14476,CYCLES,BACKEND,SUB-EVENT,Output OpId_3 (cycles)
3505846874,EXECUTE,7356,US,BACKEND,ROOT,Accelerator (execute) time
3505846874,EXECUTE,5448,US,BACKEND,ROOT,Accelerator (execute excluding wait) time
3505846874,EXECUTE,15984,US,BACKEND,ROOT,QNN (execute) time
3505882953,EXECUTE,16745,US,NETRUN,ROOT,Graph 0: qwen2_0_5b_layer0_prefill_seq16
3505882953,EXECUTE,4,COUNT,BACKEND,ROOT,Number of HVX threads used
3505882953,EXECUTE,14840,US,BACKEND,ROOT,RPC (execute) time
3505882953,EXECUTE,13465,US,BACKEND,ROOT,QNN accelerator (execute) time
3505882953,EXECUTE,0,COUNT,BACKEND,ROOT,Num times yield occured
3505882953,EXECUTE,7626,US,BACKEND,ROOT,Time for initial VTCM acquire
3505882953,EXECUTE,5179,US,BACKEND,ROOT,Time for HVX + HMX power on and acquire
3505882953,EXECUTE,3283673,CYCLES,BACKEND,ROOT,Accelerator (execute) time (cycles)
3505882953,EXECUTE,2561,CYCLES,BACKEND,SUB-EVENT,Input OpId_2 (cycles)
3505882953,EXECUTE,0,CYCLES,BACKEND,SUB-EVENT,hidden_states_nfc:OpId_17 (cycles)
3505882953,EXECUTE,269948,CYCLES,BACKEND,SUB-EVENT,rms_norm__Mul_1_output_0:OpId_22 (cycles)
3505882953,EXECUTE,0,CYCLES,BACKEND,SUB-EVENT,_MatMul_2_pre_reshape:OpId_25 (cycles)
3505882953,EXECUTE,0,CYCLES,BACKEND,SUB-EVENT,_MatMul_1_pre_reshape:OpId_26 (cycles)
3505882953,EXECUTE,0,CYCLES,BACKEND,SUB-EVENT,_MatMul_pre_reshape:OpId_27 (cycles)
3505882953,EXECUTE,0,CYCLES,BACKEND,SUB-EVENT,_MatMul_lhs_reshape:OpId_30 (cycles)
3505882953,EXECUTE,0,CYCLES,BACKEND,SUB-EVENT,_MatMul_lhs_cast_fp16:OpId_31 (cycles)
3505882953,EXECUTE,3020,CYCLES,BACKEND,SUB-EVENT,_MatMul_rhs_cast_fp16:OpId_32 (cycles)
3505882953,EXECUTE,880951,CYCLES,BACKEND,SUB-EVENT,_MatMul:OpId_33 (cycles)
3505882953,EXECUTE,0,CYCLES,BACKEND,SUB-EVENT,_MatMul_custom_output_reshape:OpId_34 (cycles)
3505882953,EXECUTE,169957,CYCLES,BACKEND,SUB-EVENT,_MatMul_bias_add:OpId_35 (cycles)
3505882953,EXECUTE,0,CYCLES,BACKEND,SUB-EVENT,_MatMul_post_reshape:OpId_37 (cycles)
3505882953,EXECUTE,0,CYCLES,BACKEND,SUB-EVENT,_MatMul_1:OpId_40 (cycles)
3505882953,EXECUTE,0,CYCLES,BACKEND,SUB-EVENT,_MatMul_1_post_reshape:OpId_42 (cycles)
3505882953,EXECUTE,0,CYCLES,BACKEND,SUB-EVENT,_MatMul_2:OpId_45 (cycles)
3505882953,EXECUTE,0,CYCLES,BACKEND,SUB-EVENT,_MatMul_2_post_reshape:OpId_47 (cycles)
3505882953,EXECUTE,32971,CYCLES,BACKEND,SUB-EVENT,_Transpose:OpId_49 (cycles)
3505882953,EXECUTE,13010,CYCLES,BACKEND,SUB-EVENT,_Transpose_1:OpId_51 (cycles)
3505882953,EXECUTE,20819,CYCLES,BACKEND,SUB-EVENT,_Transpose_2:OpId_53 (cycles)
3505882953,EXECUTE,22989,CYCLES,BACKEND,SUB-EVENT,_Slice:OpId_55 (cycles)
3505882953,EXECUTE,7695,CYCLES,BACKEND,SUB-EVENT,_Slice_1:OpId_61 (cycles)
3505882953,EXECUTE,6749,CYCLES,BACKEND,SUB-EVENT,_Mul_2:OpId_67 (cycles)
3505882953,EXECUTE,4671,CYCLES,BACKEND,SUB-EVENT,_Mul_3:OpId_70 (cycles)
3505882953,EXECUTE,1599,CYCLES,BACKEND,SUB-EVENT,_Sub:OpId_72 (cycles)
3505882953,EXECUTE,6902,CYCLES,BACKEND,SUB-EVENT,_Mul_4:OpId_74 (cycles)
3505882953,EXECUTE,4589,CYCLES,BACKEND,SUB-EVENT,_Mul_5:OpId_76 (cycles)
3505882953,EXECUTE,6546,CYCLES,BACKEND,SUB-EVENT,_Add_4:OpId_78 (cycles)
3505882953,EXECUTE,0,CYCLES,BACKEND,SUB-EVENT,_Unsqueeze:OpId_80 (cycles)
3505882953,EXECUTE,0,CYCLES,BACKEND,SUB-EVENT,_Unsqueeze_1:OpId_81 (cycles)
3505882953,EXECUTE,3993,CYCLES,BACKEND,SUB-EVENT,_Concat:OpId_82 (cycles)
3505882953,EXECUTE,0,CYCLES,BACKEND,SUB-EVENT,_Reshape_3:OpId_84 (cycles)
3505882953,EXECUTE,55985,CYCLES,BACKEND,SUB-EVENT,_Slice_3:OpId_86 (cycles)
3505882953,EXECUTE,6077,CYCLES,BACKEND,SUB-EVENT,_Slice_4:OpId_92 (cycles)
3505882953,EXECUTE,12459,CYCLES,BACKEND,SUB-EVENT,_Mul_6:OpId_97 (cycles)
3505882953,EXECUTE,9130,CYCLES,BACKEND,SUB-EVENT,_Mul_7:OpId_99 (cycles)
3505882953,EXECUTE,1328,CYCLES,BACKEND,SUB-EVENT,_Sub_1:OpId_101 (cycles)
3505882953,EXECUTE,12413,CYCLES,BACKEND,SUB-EVENT,_Mul_8:OpId_103 (cycles)
3505882953,EXECUTE,9078,CYCLES,BACKEND,SUB-EVENT,_Mul_9:OpId_105 (cycles)
3505882953,EXECUTE,1635,CYCLES,BACKEND,SUB-EVENT,_Add_5:OpId_107 (cycles)
3505882953,EXECUTE,0,CYCLES,BACKEND,SUB-EVENT,_Unsqueeze_2:OpId_109 (cycles)
3505882953,EXECUTE,0,CYCLES,BACKEND,SUB-EVENT,_Unsqueeze_3:OpId_110 (cycles)
3505882953,EXECUTE,3420,CYCLES,BACKEND,SUB-EVENT,_Concat_2:OpId_111 (cycles)
3505882953,EXECUTE,3232,CYCLES,BACKEND,SUB-EVENT,_Reshape_4:OpId_113 (cycles)
3505882953,EXECUTE,0,CYCLES,BACKEND,SUB-EVENT,_Unsqueeze_4:OpId_114 (cycles)
3505882953,EXECUTE,6344,CYCLES,BACKEND,SUB-EVENT,_Tile:OpId_116 (cycles)
3505882953,EXECUTE,0,CYCLES,BACKEND,SUB-EVENT,_Reshape_5:OpId_117 (cycles)
3505882953,EXECUTE,0,CYCLES,BACKEND,SUB-EVENT,_Unsqueeze_5:OpId_118 (cycles)
3505882953,EXECUTE,16652,CYCLES,BACKEND,SUB-EVENT,_Tile_1:OpId_120 (cycles)
3505882953,EXECUTE,0,CYCLES,BACKEND,SUB-EVENT,_Reshape_6:OpId_121 (cycles)
3505882953,EXECUTE,0,CYCLES,BACKEND,SUB-EVENT,_Transpose_3:OpId_123 (cycles)
3505882953,EXECUTE,130482,CYCLES,BACKEND,SUB-EVENT,_MatMul_3:OpId_124 (cycles)
3505882953,EXECUTE,13956,CYCLES,BACKEND,SUB-EVENT,_Div_1:OpId_129 (cycles)
3505882953,EXECUTE,10381,CYCLES,BACKEND,SUB-EVENT,_Add_6:OpId_132 (cycles)
3505882953,EXECUTE,59847,CYCLES,BACKEND,SUB-EVENT,_Softmax:OpId_134 (cycles)
3505882953,EXECUTE,55800,CYCLES,BACKEND,SUB-EVENT,_MatMul_4:OpId_137 (cycles)
3505882953,EXECUTE,0,CYCLES,BACKEND,SUB-EVENT,_Transpose_4:OpId_142 (cycles)
3505882953,EXECUTE,0,CYCLES,BACKEND,SUB-EVENT,_Reshape_7:OpId_143 (cycles)
3505882953,EXECUTE,27389,CYCLES,BACKEND,SUB-EVENT,_MatMul_5:OpId_145 (cycles)
3505882953,EXECUTE,0,CYCLES,BACKEND,SUB-EVENT,_MatMul_5_post_reshape:OpId_148 (cycles)
3505882953,EXECUTE,0,CYCLES,BACKEND,SUB-EVENT,_MatMul_5_output_0_nfc:OpId_150 (cycles)
3505882953,EXECUTE,2659,CYCLES,BACKEND,SUB-EVENT,_Add_7:OpId_152 (cycles)
3505882953,EXECUTE,0,CYCLES,BACKEND,SUB-EVENT,_Add_7_output_0_ncf:OpId_155 (cycles)
3505882953,EXECUTE,12082,CYCLES,BACKEND,SUB-EVENT,rms_norm__Mul_11_output_0:OpId_160 (cycles)
3505882953,EXECUTE,0,CYCLES,BACKEND,SUB-EVENT,_MatMul_7_pre_reshape:OpId_163 (cycles)
3505882953,EXECUTE,0,CYCLES,BACKEND,SUB-EVENT,_MatMul_6_pre_reshape:OpId_164 (cycles)
3505882953,EXECUTE,217393,CYCLES,BACKEND,SUB-EVENT,_MatMul_6:OpId_166 (cycles)
3505882953,EXECUTE,0,CYCLES,BACKEND,SUB-EVENT,_MatMul_6_post_reshape:OpId_169 (cycles)
3505882953,EXECUTE,370156,CYCLES,BACKEND,SUB-EVENT,_MatMul_7:OpId_171 (cycles)
3505882953,EXECUTE,0,CYCLES,BACKEND,SUB-EVENT,_MatMul_7_post_reshape:OpId_174 (cycles)
3505882953,EXECUTE,0,CYCLES,BACKEND,SUB-EVENT,_Sigmoid:OpId_175 (cycles)
3505882953,EXECUTE,232965,CYCLES,BACKEND,SUB-EVENT,_Mul_12:OpId_182 (cycles)
3505882953,EXECUTE,107228,CYCLES,BACKEND,SUB-EVENT,_Mul_13:OpId_184 (cycles)
3505882953,EXECUTE,0,CYCLES,BACKEND,SUB-EVENT,_MatMul_8_pre_reshape:OpId_186 (cycles)
3505882953,EXECUTE,387906,CYCLES,BACKEND,SUB-EVENT,_MatMul_8:OpId_188 (cycles)
3505882953,EXECUTE,0,CYCLES,BACKEND,SUB-EVENT,_MatMul_8_post_reshape:OpId_191 (cycles)
3505882953,EXECUTE,0,CYCLES,BACKEND,SUB-EVENT,_MatMul_8_output_0_nfc:OpId_193 (cycles)
3505882953,EXECUTE,7070,CYCLES,BACKEND,SUB-EVENT,_Add_9:OpId_195 (cycles)
3505882953,EXECUTE,40242,CYCLES,BACKEND,SUB-EVENT,hidden_out_ncf:OpId_198 (cycles)
3505882953,EXECUTE,11394,CYCLES,BACKEND,SUB-EVENT,Output OpId_3 (cycles)
3505882953,EXECUTE,7331,US,BACKEND,ROOT,Accelerator (execute) time
3505882953,EXECUTE,5401,US,BACKEND,ROOT,Accelerator (execute excluding wait) time
3505882953,EXECUTE,16655,US,BACKEND,ROOT,QNN (execute) time
3505898084,EXECUTE IPS,39.370544,INF/SEC,NETRUN,ROOT,null
