input log file location, qwen_block_custom_qnn/device_output/builtin_layer0_decode_past128_grouped_gqa_delta_kv_fp16/qnn-profiling-data_0.log
qnn-profile-viewer version, v2.47.0.260601114230
qnn-net-run version, v2.47.0.260601114230
Backend version, v2.47.0.260601114230
Msg Timestamp, Message, Time, Unit of Measurement, Timing Source, Event Level, Event Identifier
5025988485,INIT,411961,US,NETRUN,ROOT,null
5026094373,COMPOSE GRAPHS,104212,US,NETRUN,ROOT,null
5026401932,FINALIZE,307682,US,NETRUN,ROOT,Graph 0: qwen2_0_5b_layer0_decode_past128_grouped_gqa_delta_kv_fp16
5026401932,FINALIZE,6842,US,BACKEND,ROOT,RPC (finalize) time
5026401932,FINALIZE,4965,US,BACKEND,ROOT,QNN accelerator (finalize) time
5026401932,FINALIZE,4807,US,BACKEND,ROOT,Accelerator (finalize) time
5026401932,FINALIZE,307632,US,BACKEND,ROOT,QNN (finalize) time
5026401932,FINALIZE,153,US,BACKEND,SUB-EVENT,Graph Preparation Initializing
5026401932,FINALIZE,232953,US,BACKEND,SUB-EVENT,Graph Optimizations
5026401932,FINALIZE,2579,US,BACKEND,SUB-EVENT,Post Graph Optimization
5026401932,FINALIZE,15899,US,BACKEND,SUB-EVENT,Graph Sequencing for Target
5026401932,FINALIZE,1902,US,BACKEND,SUB-EVENT,VTCM Allocation
5026401932,FINALIZE,1267,US,BACKEND,SUB-EVENT,Parallelization Optimization
5026401932,FINALIZE,1472,US,BACKEND,SUB-EVENT,Finalizing Graph Sequence
5026401932,FINALIZE,69,US,BACKEND,SUB-EVENT,Completion
5026587355,DE-INIT,46752,US,NETRUN,ROOT,null
5026587355,DE-INIT,10206,US,BACKEND,ROOT,RPC (deinit) time
5026587355,DE-INIT,7573,US,BACKEND,ROOT,QNN Accelerator (deinit) time
5026587355,DE-INIT,7421,US,BACKEND,ROOT,Accelerator (deinit) time
5026587355,DE-INIT,46735,US,BACKEND,ROOT,QNN (deinit) time
5026423242,EXECUTE,20003,US,NETRUN,ROOT,Graph 0: qwen2_0_5b_layer0_decode_past128_grouped_gqa_delta_kv_fp16
5026423242,EXECUTE,4,COUNT,BACKEND,ROOT,Number of HVX threads used
5026423242,EXECUTE,19664,US,BACKEND,ROOT,RPC (execute) time
5026423242,EXECUTE,17875,US,BACKEND,ROOT,QNN accelerator (execute) time
5026423242,EXECUTE,0,COUNT,BACKEND,ROOT,Num times yield occured
5026423242,EXECUTE,725,US,BACKEND,ROOT,Time for initial VTCM acquire
5026423242,EXECUTE,34472,US,BACKEND,ROOT,Time for HVX + HMX power on and acquire
5026423242,EXECUTE,1206821,CYCLES,BACKEND,ROOT,Accelerator (execute) time (cycles)
5026423242,EXECUTE,3552,CYCLES,BACKEND,SUB-EVENT,Input OpId_2 (cycles)
5026423242,EXECUTE,0,CYCLES,BACKEND,SUB-EVENT,past_key_fp32:OpId_16 (cycles)
5026423242,EXECUTE,0,CYCLES,BACKEND,SUB-EVENT,past_value_fp32:OpId_17 (cycles)
5026423242,EXECUTE,9008,CYCLES,BACKEND,SUB-EVENT,hidden_states_ncf:OpId_19 (cycles)
5026423242,EXECUTE,9741,CYCLES,BACKEND,SUB-EVENT,rms_norm__Mul_1_output_0:OpId_24 (cycles)
5026423242,EXECUTE,43243,CYCLES,BACKEND,SUB-EVENT,_MatMul:OpId_29 (cycles)
5026423242,EXECUTE,0,CYCLES,BACKEND,SUB-EVENT,_MatMul_post_reshape:OpId_31 (cycles)
5026423242,EXECUTE,4650,CYCLES,BACKEND,SUB-EVENT,_MatMul_1:OpId_34 (cycles)
5026423242,EXECUTE,5754,CYCLES,BACKEND,SUB-EVENT,_MatMul_1_post_reshape:OpId_36 (cycles)
5026423242,EXECUTE,3826,CYCLES,BACKEND,SUB-EVENT,_MatMul_2:OpId_39 (cycles)
5026423242,EXECUTE,2133,CYCLES,BACKEND,SUB-EVENT,_MatMul_2_post_reshape:OpId_41 (cycles)
5026423242,EXECUTE,450,CYCLES,BACKEND,SUB-EVENT,_Transpose:OpId_43 (cycles)
5026423242,EXECUTE,2526,CYCLES,BACKEND,SUB-EVENT,_Transpose_1:OpId_45 (cycles)
5026423242,EXECUTE,410,CYCLES,BACKEND,SUB-EVENT,_Transpose_2:OpId_47 (cycles)
5026423242,EXECUTE,474,CYCLES,BACKEND,SUB-EVENT,_Transpose_2_output_0_nhwc:OpId_49 (cycles)
5026423242,EXECUTE,19763,CYCLES,BACKEND,SUB-EVENT,_Slice:OpId_51 (cycles)
5026423242,EXECUTE,5233,CYCLES,BACKEND,SUB-EVENT,_Slice_1:OpId_57 (cycles)
5026423242,EXECUTE,1830,CYCLES,BACKEND,SUB-EVENT,_Mul_2:OpId_63 (cycles)
5026423242,EXECUTE,1643,CYCLES,BACKEND,SUB-EVENT,_Mul_3:OpId_66 (cycles)
5026423242,EXECUTE,233,CYCLES,BACKEND,SUB-EVENT,_Sub:OpId_68 (cycles)
5026423242,EXECUTE,1788,CYCLES,BACKEND,SUB-EVENT,_Mul_4:OpId_70 (cycles)
5026423242,EXECUTE,1758,CYCLES,BACKEND,SUB-EVENT,_Mul_5:OpId_72 (cycles)
5026423242,EXECUTE,2141,CYCLES,BACKEND,SUB-EVENT,_Add_4:OpId_74 (cycles)
5026423242,EXECUTE,0,CYCLES,BACKEND,SUB-EVENT,_Unsqueeze:OpId_76 (cycles)
5026423242,EXECUTE,0,CYCLES,BACKEND,SUB-EVENT,_Unsqueeze_1:OpId_77 (cycles)
5026423242,EXECUTE,957,CYCLES,BACKEND,SUB-EVENT,_Concat:OpId_78 (cycles)
5026423242,EXECUTE,541,CYCLES,BACKEND,SUB-EVENT,_Reshape_3:OpId_80 (cycles)
5026423242,EXECUTE,23576,CYCLES,BACKEND,SUB-EVENT,_Slice_3:OpId_82 (cycles)
5026423242,EXECUTE,3993,CYCLES,BACKEND,SUB-EVENT,_Slice_4:OpId_88 (cycles)
5026423242,EXECUTE,4580,CYCLES,BACKEND,SUB-EVENT,_Mul_6:OpId_93 (cycles)
5026423242,EXECUTE,3710,CYCLES,BACKEND,SUB-EVENT,_Mul_7:OpId_95 (cycles)
5026423242,EXECUTE,522,CYCLES,BACKEND,SUB-EVENT,_Sub_1:OpId_97 (cycles)
5026423242,EXECUTE,4319,CYCLES,BACKEND,SUB-EVENT,_Mul_8:OpId_99 (cycles)
5026423242,EXECUTE,3659,CYCLES,BACKEND,SUB-EVENT,_Mul_9:OpId_101 (cycles)
5026423242,EXECUTE,1038,CYCLES,BACKEND,SUB-EVENT,_Add_5:OpId_103 (cycles)
5026423242,EXECUTE,0,CYCLES,BACKEND,SUB-EVENT,_Unsqueeze_2:OpId_105 (cycles)
5026423242,EXECUTE,0,CYCLES,BACKEND,SUB-EVENT,_Unsqueeze_3:OpId_106 (cycles)
5026423242,EXECUTE,2853,CYCLES,BACKEND,SUB-EVENT,_Concat_2:OpId_107 (cycles)
5026423242,EXECUTE,0,CYCLES,BACKEND,SUB-EVENT,_Reshape_4:OpId_109 (cycles)
5026423242,EXECUTE,983,CYCLES,BACKEND,SUB-EVENT,_Reshape_4_output_0_nhwc:OpId_111 (cycles)
5026423242,EXECUTE,8698,CYCLES,BACKEND,SUB-EVENT,_Cast_1_output_0_nchw:OpId_113 (cycles)
5026423242,EXECUTE,1579,CYCLES,BACKEND,SUB-EVENT,_Concat_4:OpId_114 (cycles)
5026423242,EXECUTE,371775,CYCLES,BACKEND,SUB-EVENT,_Concat_4_output_0_nchw:OpId_117 (cycles)
5026423242,EXECUTE,2526,CYCLES,BACKEND,SUB-EVENT,_Concat_5:OpId_118 (cycles)
5026423242,EXECUTE,0,CYCLES,BACKEND,SUB-EVENT,_Unsqueeze_4:OpId_120 (cycles)
5026423242,EXECUTE,32583,CYCLES,BACKEND,SUB-EVENT,_MatMul_3:OpId_121 (cycles)
5026423242,EXECUTE,5750,CYCLES,BACKEND,SUB-EVENT,_Div_1:OpId_126 (cycles)
5026423242,EXECUTE,0,CYCLES,BACKEND,SUB-EVENT,_Add_6:OpId_129 (cycles)
5026423242,EXECUTE,19654,CYCLES,BACKEND,SUB-EVENT,_Softmax:OpId_131 (cycles)
5026423242,EXECUTE,0,CYCLES,BACKEND,SUB-EVENT,_Unsqueeze_5:OpId_134 (cycles)
5026423242,EXECUTE,31453,CYCLES,BACKEND,SUB-EVENT,_MatMul_4:OpId_135 (cycles)
5026423242,EXECUTE,0,CYCLES,BACKEND,SUB-EVENT,_Reshape_6:OpId_139 (cycles)
5026423242,EXECUTE,0,CYCLES,BACKEND,SUB-EVENT,_Transpose_4:OpId_141 (cycles)
5026423242,EXECUTE,12840,CYCLES,BACKEND,SUB-EVENT,_MatMul_5:OpId_143 (cycles)
5026423242,EXECUTE,0,CYCLES,BACKEND,SUB-EVENT,_MatMul_5_post_reshape:OpId_146 (cycles)
5026423242,EXECUTE,0,CYCLES,BACKEND,SUB-EVENT,_MatMul_5_output_0_nfc:OpId_148 (cycles)
5026423242,EXECUTE,64313,CYCLES,BACKEND,SUB-EVENT,_Add_7:OpId_150 (cycles)
5026423242,EXECUTE,259,CYCLES,BACKEND,SUB-EVENT,_Add_7_output_0_ncf:OpId_153 (cycles)
5026423242,EXECUTE,2017,CYCLES,BACKEND,SUB-EVENT,rms_norm__Mul_11_output_0:OpId_158 (cycles)
5026423242,EXECUTE,0,CYCLES,BACKEND,SUB-EVENT,_MatMul_6:OpId_162 (cycles)
5026423242,EXECUTE,0,CYCLES,BACKEND,SUB-EVENT,_MatMul_6_post_reshape:OpId_165 (cycles)
5026423242,EXECUTE,152561,CYCLES,BACKEND,SUB-EVENT,_MatMul_7:OpId_167 (cycles)
5026423242,EXECUTE,0,CYCLES,BACKEND,SUB-EVENT,_MatMul_7_post_reshape:OpId_170 (cycles)
5026423242,EXECUTE,0,CYCLES,BACKEND,SUB-EVENT,_Sigmoid:OpId_171 (cycles)
5026423242,EXECUTE,136461,CYCLES,BACKEND,SUB-EVENT,_Mul_12:OpId_178 (cycles)
5026423242,EXECUTE,18117,CYCLES,BACKEND,SUB-EVENT,_Mul_13:OpId_180 (cycles)
5026423242,EXECUTE,155897,CYCLES,BACKEND,SUB-EVENT,_MatMul_8:OpId_183 (cycles)
5026423242,EXECUTE,0,CYCLES,BACKEND,SUB-EVENT,_MatMul_8_post_reshape:OpId_186 (cycles)
5026423242,EXECUTE,0,CYCLES,BACKEND,SUB-EVENT,_MatMul_8_output_0_nfc:OpId_188 (cycles)
5026423242,EXECUTE,14681,CYCLES,BACKEND,SUB-EVENT,_Add_9:OpId_190 (cycles)
5026423242,EXECUTE,0,CYCLES,BACKEND,SUB-EVENT,_Cast_2:OpId_192 (cycles)
5026423242,EXECUTE,0,CYCLES,BACKEND,SUB-EVENT,_Cast_3:OpId_193 (cycles)
5026423242,EXECUTE,4770,CYCLES,BACKEND,SUB-EVENT,Output OpId_3 (cycles)
5026423242,EXECUTE,4528,US,BACKEND,ROOT,Accelerator (execute) time
5026423242,EXECUTE,2616,US,BACKEND,ROOT,Accelerator (execute excluding wait) time
5026423242,EXECUTE,19979,US,BACKEND,ROOT,QNN (execute) time
5026434268,EXECUTE,8624,US,NETRUN,ROOT,Graph 0: qwen2_0_5b_layer0_decode_past128_grouped_gqa_delta_kv_fp16
5026434268,EXECUTE,4,COUNT,BACKEND,ROOT,Number of HVX threads used
5026434268,EXECUTE,8230,US,BACKEND,ROOT,RPC (execute) time
5026434268,EXECUTE,7255,US,BACKEND,ROOT,QNN accelerator (execute) time
5026434268,EXECUTE,0,COUNT,BACKEND,ROOT,Num times yield occured
5026434268,EXECUTE,697,US,BACKEND,ROOT,Time for initial VTCM acquire
5026434268,EXECUTE,279,US,BACKEND,ROOT,Time for HVX + HMX power on and acquire
5026434268,EXECUTE,1154881,CYCLES,BACKEND,ROOT,Accelerator (execute) time (cycles)
5026434268,EXECUTE,4025,CYCLES,BACKEND,SUB-EVENT,Input OpId_2 (cycles)
5026434268,EXECUTE,0,CYCLES,BACKEND,SUB-EVENT,past_key_fp32:OpId_16 (cycles)
5026434268,EXECUTE,0,CYCLES,BACKEND,SUB-EVENT,past_value_fp32:OpId_17 (cycles)
5026434268,EXECUTE,17600,CYCLES,BACKEND,SUB-EVENT,hidden_states_ncf:OpId_19 (cycles)
5026434268,EXECUTE,6934,CYCLES,BACKEND,SUB-EVENT,rms_norm__Mul_1_output_0:OpId_24 (cycles)
5026434268,EXECUTE,30525,CYCLES,BACKEND,SUB-EVENT,_MatMul:OpId_29 (cycles)
5026434268,EXECUTE,0,CYCLES,BACKEND,SUB-EVENT,_MatMul_post_reshape:OpId_31 (cycles)
5026434268,EXECUTE,4613,CYCLES,BACKEND,SUB-EVENT,_MatMul_1:OpId_34 (cycles)
5026434268,EXECUTE,4937,CYCLES,BACKEND,SUB-EVENT,_MatMul_1_post_reshape:OpId_36 (cycles)
5026434268,EXECUTE,3103,CYCLES,BACKEND,SUB-EVENT,_MatMul_2:OpId_39 (cycles)
5026434268,EXECUTE,1162,CYCLES,BACKEND,SUB-EVENT,_MatMul_2_post_reshape:OpId_41 (cycles)
5026434268,EXECUTE,539,CYCLES,BACKEND,SUB-EVENT,_Transpose:OpId_43 (cycles)
5026434268,EXECUTE,1521,CYCLES,BACKEND,SUB-EVENT,_Transpose_1:OpId_45 (cycles)
5026434268,EXECUTE,331,CYCLES,BACKEND,SUB-EVENT,_Transpose_2:OpId_47 (cycles)
5026434268,EXECUTE,456,CYCLES,BACKEND,SUB-EVENT,_Transpose_2_output_0_nhwc:OpId_49 (cycles)
5026434268,EXECUTE,21025,CYCLES,BACKEND,SUB-EVENT,_Slice:OpId_51 (cycles)
5026434268,EXECUTE,4726,CYCLES,BACKEND,SUB-EVENT,_Slice_1:OpId_57 (cycles)
5026434268,EXECUTE,1845,CYCLES,BACKEND,SUB-EVENT,_Mul_2:OpId_63 (cycles)
5026434268,EXECUTE,1640,CYCLES,BACKEND,SUB-EVENT,_Mul_3:OpId_66 (cycles)
5026434268,EXECUTE,224,CYCLES,BACKEND,SUB-EVENT,_Sub:OpId_68 (cycles)
5026434268,EXECUTE,1835,CYCLES,BACKEND,SUB-EVENT,_Mul_4:OpId_70 (cycles)
5026434268,EXECUTE,1791,CYCLES,BACKEND,SUB-EVENT,_Mul_5:OpId_72 (cycles)
5026434268,EXECUTE,3941,CYCLES,BACKEND,SUB-EVENT,_Add_4:OpId_74 (cycles)
5026434268,EXECUTE,0,CYCLES,BACKEND,SUB-EVENT,_Unsqueeze:OpId_76 (cycles)
5026434268,EXECUTE,0,CYCLES,BACKEND,SUB-EVENT,_Unsqueeze_1:OpId_77 (cycles)
5026434268,EXECUTE,818,CYCLES,BACKEND,SUB-EVENT,_Concat:OpId_78 (cycles)
5026434268,EXECUTE,567,CYCLES,BACKEND,SUB-EVENT,_Reshape_3:OpId_80 (cycles)
5026434268,EXECUTE,26820,CYCLES,BACKEND,SUB-EVENT,_Slice_3:OpId_82 (cycles)
5026434268,EXECUTE,4993,CYCLES,BACKEND,SUB-EVENT,_Slice_4:OpId_88 (cycles)
5026434268,EXECUTE,4561,CYCLES,BACKEND,SUB-EVENT,_Mul_6:OpId_93 (cycles)
5026434268,EXECUTE,2796,CYCLES,BACKEND,SUB-EVENT,_Mul_7:OpId_95 (cycles)
5026434268,EXECUTE,581,CYCLES,BACKEND,SUB-EVENT,_Sub_1:OpId_97 (cycles)
5026434268,EXECUTE,4133,CYCLES,BACKEND,SUB-EVENT,_Mul_8:OpId_99 (cycles)
5026434268,EXECUTE,2734,CYCLES,BACKEND,SUB-EVENT,_Mul_9:OpId_101 (cycles)
5026434268,EXECUTE,1132,CYCLES,BACKEND,SUB-EVENT,_Add_5:OpId_103 (cycles)
5026434268,EXECUTE,0,CYCLES,BACKEND,SUB-EVENT,_Unsqueeze_2:OpId_105 (cycles)
5026434268,EXECUTE,0,CYCLES,BACKEND,SUB-EVENT,_Unsqueeze_3:OpId_106 (cycles)
5026434268,EXECUTE,2881,CYCLES,BACKEND,SUB-EVENT,_Concat_2:OpId_107 (cycles)
5026434268,EXECUTE,0,CYCLES,BACKEND,SUB-EVENT,_Reshape_4:OpId_109 (cycles)
5026434268,EXECUTE,1012,CYCLES,BACKEND,SUB-EVENT,_Reshape_4_output_0_nhwc:OpId_111 (cycles)
5026434268,EXECUTE,16111,CYCLES,BACKEND,SUB-EVENT,_Cast_1_output_0_nchw:OpId_113 (cycles)
5026434268,EXECUTE,2908,CYCLES,BACKEND,SUB-EVENT,_Concat_4:OpId_114 (cycles)
5026434268,EXECUTE,373976,CYCLES,BACKEND,SUB-EVENT,_Concat_4_output_0_nchw:OpId_117 (cycles)
5026434268,EXECUTE,3284,CYCLES,BACKEND,SUB-EVENT,_Concat_5:OpId_118 (cycles)
5026434268,EXECUTE,0,CYCLES,BACKEND,SUB-EVENT,_Unsqueeze_4:OpId_120 (cycles)
5026434268,EXECUTE,33242,CYCLES,BACKEND,SUB-EVENT,_MatMul_3:OpId_121 (cycles)
5026434268,EXECUTE,9772,CYCLES,BACKEND,SUB-EVENT,_Div_1:OpId_126 (cycles)
5026434268,EXECUTE,0,CYCLES,BACKEND,SUB-EVENT,_Add_6:OpId_129 (cycles)
5026434268,EXECUTE,21589,CYCLES,BACKEND,SUB-EVENT,_Softmax:OpId_131 (cycles)
5026434268,EXECUTE,0,CYCLES,BACKEND,SUB-EVENT,_Unsqueeze_5:OpId_134 (cycles)
5026434268,EXECUTE,33378,CYCLES,BACKEND,SUB-EVENT,_MatMul_4:OpId_135 (cycles)
5026434268,EXECUTE,0,CYCLES,BACKEND,SUB-EVENT,_Reshape_6:OpId_139 (cycles)
5026434268,EXECUTE,0,CYCLES,BACKEND,SUB-EVENT,_Transpose_4:OpId_141 (cycles)
5026434268,EXECUTE,16488,CYCLES,BACKEND,SUB-EVENT,_MatMul_5:OpId_143 (cycles)
5026434268,EXECUTE,0,CYCLES,BACKEND,SUB-EVENT,_MatMul_5_post_reshape:OpId_146 (cycles)
5026434268,EXECUTE,0,CYCLES,BACKEND,SUB-EVENT,_MatMul_5_output_0_nfc:OpId_148 (cycles)
5026434268,EXECUTE,53269,CYCLES,BACKEND,SUB-EVENT,_Add_7:OpId_150 (cycles)
5026434268,EXECUTE,218,CYCLES,BACKEND,SUB-EVENT,_Add_7_output_0_ncf:OpId_153 (cycles)
5026434268,EXECUTE,3041,CYCLES,BACKEND,SUB-EVENT,rms_norm__Mul_11_output_0:OpId_158 (cycles)
5026434268,EXECUTE,0,CYCLES,BACKEND,SUB-EVENT,_MatMul_6:OpId_162 (cycles)
5026434268,EXECUTE,0,CYCLES,BACKEND,SUB-EVENT,_MatMul_6_post_reshape:OpId_165 (cycles)
5026434268,EXECUTE,103994,CYCLES,BACKEND,SUB-EVENT,_MatMul_7:OpId_167 (cycles)
5026434268,EXECUTE,0,CYCLES,BACKEND,SUB-EVENT,_MatMul_7_post_reshape:OpId_170 (cycles)
5026434268,EXECUTE,0,CYCLES,BACKEND,SUB-EVENT,_Sigmoid:OpId_171 (cycles)
5026434268,EXECUTE,120931,CYCLES,BACKEND,SUB-EVENT,_Mul_12:OpId_178 (cycles)
5026434268,EXECUTE,21435,CYCLES,BACKEND,SUB-EVENT,_Mul_13:OpId_180 (cycles)
5026434268,EXECUTE,156346,CYCLES,BACKEND,SUB-EVENT,_MatMul_8:OpId_183 (cycles)
5026434268,EXECUTE,0,CYCLES,BACKEND,SUB-EVENT,_MatMul_8_post_reshape:OpId_186 (cycles)
5026434268,EXECUTE,0,CYCLES,BACKEND,SUB-EVENT,_MatMul_8_output_0_nfc:OpId_188 (cycles)
5026434268,EXECUTE,15379,CYCLES,BACKEND,SUB-EVENT,_Add_9:OpId_190 (cycles)
5026434268,EXECUTE,0,CYCLES,BACKEND,SUB-EVENT,_Cast_2:OpId_192 (cycles)
5026434268,EXECUTE,0,CYCLES,BACKEND,SUB-EVENT,_Cast_3:OpId_193 (cycles)
5026434268,EXECUTE,3719,CYCLES,BACKEND,SUB-EVENT,Output OpId_3 (cycles)
5026434268,EXECUTE,2682,US,BACKEND,ROOT,Accelerator (execute) time
5026434268,EXECUTE,2534,US,BACKEND,ROOT,Accelerator (execute excluding wait) time
5026434268,EXECUTE,8598,US,BACKEND,ROOT,QNN (execute) time
5026444198,EXECUTE,7946,US,NETRUN,ROOT,Graph 0: qwen2_0_5b_layer0_decode_past128_grouped_gqa_delta_kv_fp16
5026444198,EXECUTE,4,COUNT,BACKEND,ROOT,Number of HVX threads used
5026444198,EXECUTE,7595,US,BACKEND,ROOT,RPC (execute) time
5026444198,EXECUTE,6755,US,BACKEND,ROOT,QNN accelerator (execute) time
5026444198,EXECUTE,0,COUNT,BACKEND,ROOT,Num times yield occured
5026444198,EXECUTE,538,US,BACKEND,ROOT,Time for initial VTCM acquire
5026444198,EXECUTE,133,US,BACKEND,ROOT,Time for HVX + HMX power on and acquire
5026444198,EXECUTE,1059506,CYCLES,BACKEND,ROOT,Accelerator (execute) time (cycles)
5026444198,EXECUTE,2971,CYCLES,BACKEND,SUB-EVENT,Input OpId_2 (cycles)
5026444198,EXECUTE,0,CYCLES,BACKEND,SUB-EVENT,past_key_fp32:OpId_16 (cycles)
5026444198,EXECUTE,0,CYCLES,BACKEND,SUB-EVENT,past_value_fp32:OpId_17 (cycles)
5026444198,EXECUTE,11813,CYCLES,BACKEND,SUB-EVENT,hidden_states_ncf:OpId_19 (cycles)
5026444198,EXECUTE,10066,CYCLES,BACKEND,SUB-EVENT,rms_norm__Mul_1_output_0:OpId_24 (cycles)
5026444198,EXECUTE,19411,CYCLES,BACKEND,SUB-EVENT,_MatMul:OpId_29 (cycles)
5026444198,EXECUTE,0,CYCLES,BACKEND,SUB-EVENT,_MatMul_post_reshape:OpId_31 (cycles)
5026444198,EXECUTE,5406,CYCLES,BACKEND,SUB-EVENT,_MatMul_1:OpId_34 (cycles)
5026444198,EXECUTE,4472,CYCLES,BACKEND,SUB-EVENT,_MatMul_1_post_reshape:OpId_36 (cycles)
5026444198,EXECUTE,2446,CYCLES,BACKEND,SUB-EVENT,_MatMul_2:OpId_39 (cycles)
5026444198,EXECUTE,981,CYCLES,BACKEND,SUB-EVENT,_MatMul_2_post_reshape:OpId_41 (cycles)
5026444198,EXECUTE,454,CYCLES,BACKEND,SUB-EVENT,_Transpose:OpId_43 (cycles)
5026444198,EXECUTE,1397,CYCLES,BACKEND,SUB-EVENT,_Transpose_1:OpId_45 (cycles)
5026444198,EXECUTE,417,CYCLES,BACKEND,SUB-EVENT,_Transpose_2:OpId_47 (cycles)
5026444198,EXECUTE,444,CYCLES,BACKEND,SUB-EVENT,_Transpose_2_output_0_nhwc:OpId_49 (cycles)
5026444198,EXECUTE,19421,CYCLES,BACKEND,SUB-EVENT,_Slice:OpId_51 (cycles)
5026444198,EXECUTE,4915,CYCLES,BACKEND,SUB-EVENT,_Slice_1:OpId_57 (cycles)
5026444198,EXECUTE,1870,CYCLES,BACKEND,SUB-EVENT,_Mul_2:OpId_63 (cycles)
5026444198,EXECUTE,1731,CYCLES,BACKEND,SUB-EVENT,_Mul_3:OpId_66 (cycles)
5026444198,EXECUTE,224,CYCLES,BACKEND,SUB-EVENT,_Sub:OpId_68 (cycles)
5026444198,EXECUTE,1845,CYCLES,BACKEND,SUB-EVENT,_Mul_4:OpId_70 (cycles)
5026444198,EXECUTE,1768,CYCLES,BACKEND,SUB-EVENT,_Mul_5:OpId_72 (cycles)
5026444198,EXECUTE,2050,CYCLES,BACKEND,SUB-EVENT,_Add_4:OpId_74 (cycles)
5026444198,EXECUTE,0,CYCLES,BACKEND,SUB-EVENT,_Unsqueeze:OpId_76 (cycles)
5026444198,EXECUTE,0,CYCLES,BACKEND,SUB-EVENT,_Unsqueeze_1:OpId_77 (cycles)
5026444198,EXECUTE,919,CYCLES,BACKEND,SUB-EVENT,_Concat:OpId_78 (cycles)
5026444198,EXECUTE,545,CYCLES,BACKEND,SUB-EVENT,_Reshape_3:OpId_80 (cycles)
5026444198,EXECUTE,20264,CYCLES,BACKEND,SUB-EVENT,_Slice_3:OpId_82 (cycles)
5026444198,EXECUTE,5069,CYCLES,BACKEND,SUB-EVENT,_Slice_4:OpId_88 (cycles)
5026444198,EXECUTE,4339,CYCLES,BACKEND,SUB-EVENT,_Mul_6:OpId_93 (cycles)
5026444198,EXECUTE,3938,CYCLES,BACKEND,SUB-EVENT,_Mul_7:OpId_95 (cycles)
5026444198,EXECUTE,524,CYCLES,BACKEND,SUB-EVENT,_Sub_1:OpId_97 (cycles)
5026444198,EXECUTE,4101,CYCLES,BACKEND,SUB-EVENT,_Mul_8:OpId_99 (cycles)
5026444198,EXECUTE,3856,CYCLES,BACKEND,SUB-EVENT,_Mul_9:OpId_101 (cycles)
5026444198,EXECUTE,869,CYCLES,BACKEND,SUB-EVENT,_Add_5:OpId_103 (cycles)
5026444198,EXECUTE,0,CYCLES,BACKEND,SUB-EVENT,_Unsqueeze_2:OpId_105 (cycles)
5026444198,EXECUTE,0,CYCLES,BACKEND,SUB-EVENT,_Unsqueeze_3:OpId_106 (cycles)
5026444198,EXECUTE,1873,CYCLES,BACKEND,SUB-EVENT,_Concat_2:OpId_107 (cycles)
5026444198,EXECUTE,0,CYCLES,BACKEND,SUB-EVENT,_Reshape_4:OpId_109 (cycles)
5026444198,EXECUTE,644,CYCLES,BACKEND,SUB-EVENT,_Reshape_4_output_0_nhwc:OpId_111 (cycles)
5026444198,EXECUTE,11015,CYCLES,BACKEND,SUB-EVENT,_Cast_1_output_0_nchw:OpId_113 (cycles)
5026444198,EXECUTE,2843,CYCLES,BACKEND,SUB-EVENT,_Concat_4:OpId_114 (cycles)
5026444198,EXECUTE,345314,CYCLES,BACKEND,SUB-EVENT,_Concat_4_output_0_nchw:OpId_117 (cycles)
5026444198,EXECUTE,2631,CYCLES,BACKEND,SUB-EVENT,_Concat_5:OpId_118 (cycles)
5026444198,EXECUTE,0,CYCLES,BACKEND,SUB-EVENT,_Unsqueeze_4:OpId_120 (cycles)
5026444198,EXECUTE,33155,CYCLES,BACKEND,SUB-EVENT,_MatMul_3:OpId_121 (cycles)
5026444198,EXECUTE,6820,CYCLES,BACKEND,SUB-EVENT,_Div_1:OpId_126 (cycles)
5026444198,EXECUTE,0,CYCLES,BACKEND,SUB-EVENT,_Add_6:OpId_129 (cycles)
5026444198,EXECUTE,18299,CYCLES,BACKEND,SUB-EVENT,_Softmax:OpId_131 (cycles)
5026444198,EXECUTE,0,CYCLES,BACKEND,SUB-EVENT,_Unsqueeze_5:OpId_134 (cycles)
5026444198,EXECUTE,30306,CYCLES,BACKEND,SUB-EVENT,_MatMul_4:OpId_135 (cycles)
5026444198,EXECUTE,0,CYCLES,BACKEND,SUB-EVENT,_Reshape_6:OpId_139 (cycles)
5026444198,EXECUTE,0,CYCLES,BACKEND,SUB-EVENT,_Transpose_4:OpId_141 (cycles)
5026444198,EXECUTE,16293,CYCLES,BACKEND,SUB-EVENT,_MatMul_5:OpId_143 (cycles)
5026444198,EXECUTE,0,CYCLES,BACKEND,SUB-EVENT,_MatMul_5_post_reshape:OpId_146 (cycles)
5026444198,EXECUTE,0,CYCLES,BACKEND,SUB-EVENT,_MatMul_5_output_0_nfc:OpId_148 (cycles)
5026444198,EXECUTE,44202,CYCLES,BACKEND,SUB-EVENT,_Add_7:OpId_150 (cycles)
5026444198,EXECUTE,227,CYCLES,BACKEND,SUB-EVENT,_Add_7_output_0_ncf:OpId_153 (cycles)
5026444198,EXECUTE,3055,CYCLES,BACKEND,SUB-EVENT,rms_norm__Mul_11_output_0:OpId_158 (cycles)
5026444198,EXECUTE,0,CYCLES,BACKEND,SUB-EVENT,_MatMul_6:OpId_162 (cycles)
5026444198,EXECUTE,0,CYCLES,BACKEND,SUB-EVENT,_MatMul_6_post_reshape:OpId_165 (cycles)
5026444198,EXECUTE,104111,CYCLES,BACKEND,SUB-EVENT,_MatMul_7:OpId_167 (cycles)
5026444198,EXECUTE,0,CYCLES,BACKEND,SUB-EVENT,_MatMul_7_post_reshape:OpId_170 (cycles)
5026444198,EXECUTE,0,CYCLES,BACKEND,SUB-EVENT,_Sigmoid:OpId_171 (cycles)
5026444198,EXECUTE,108139,CYCLES,BACKEND,SUB-EVENT,_Mul_12:OpId_178 (cycles)
5026444198,EXECUTE,17780,CYCLES,BACKEND,SUB-EVENT,_Mul_13:OpId_180 (cycles)
5026444198,EXECUTE,156425,CYCLES,BACKEND,SUB-EVENT,_MatMul_8:OpId_183 (cycles)
5026444198,EXECUTE,0,CYCLES,BACKEND,SUB-EVENT,_MatMul_8_post_reshape:OpId_186 (cycles)
5026444198,EXECUTE,0,CYCLES,BACKEND,SUB-EVENT,_MatMul_8_output_0_nfc:OpId_188 (cycles)
5026444198,EXECUTE,14593,CYCLES,BACKEND,SUB-EVENT,_Add_9:OpId_190 (cycles)
5026444198,EXECUTE,0,CYCLES,BACKEND,SUB-EVENT,_Cast_2:OpId_192 (cycles)
5026444198,EXECUTE,0,CYCLES,BACKEND,SUB-EVENT,_Cast_3:OpId_193 (cycles)
5026444198,EXECUTE,3255,CYCLES,BACKEND,SUB-EVENT,Output OpId_3 (cycles)
5026444198,EXECUTE,2469,US,BACKEND,ROOT,Accelerator (execute) time
5026444198,EXECUTE,2362,US,BACKEND,ROOT,Accelerator (execute excluding wait) time
5026444198,EXECUTE,7930,US,BACKEND,ROOT,QNN (execute) time
5026454051,EXECUTE,8080,US,NETRUN,ROOT,Graph 0: qwen2_0_5b_layer0_decode_past128_grouped_gqa_delta_kv_fp16
5026454051,EXECUTE,4,COUNT,BACKEND,ROOT,Number of HVX threads used
5026454051,EXECUTE,7736,US,BACKEND,ROOT,RPC (execute) time
5026454051,EXECUTE,6799,US,BACKEND,ROOT,QNN accelerator (execute) time
5026454051,EXECUTE,0,COUNT,BACKEND,ROOT,Num times yield occured
5026454051,EXECUTE,566,US,BACKEND,ROOT,Time for initial VTCM acquire
5026454051,EXECUTE,154,US,BACKEND,ROOT,Time for HVX + HMX power on and acquire
5026454051,EXECUTE,1084260,CYCLES,BACKEND,ROOT,Accelerator (execute) time (cycles)
5026454051,EXECUTE,2476,CYCLES,BACKEND,SUB-EVENT,Input OpId_2 (cycles)
5026454051,EXECUTE,0,CYCLES,BACKEND,SUB-EVENT,past_key_fp32:OpId_16 (cycles)
5026454051,EXECUTE,0,CYCLES,BACKEND,SUB-EVENT,past_value_fp32:OpId_17 (cycles)
5026454051,EXECUTE,11494,CYCLES,BACKEND,SUB-EVENT,hidden_states_ncf:OpId_19 (cycles)
5026454051,EXECUTE,8366,CYCLES,BACKEND,SUB-EVENT,rms_norm__Mul_1_output_0:OpId_24 (cycles)
5026454051,EXECUTE,17552,CYCLES,BACKEND,SUB-EVENT,_MatMul:OpId_29 (cycles)
5026454051,EXECUTE,0,CYCLES,BACKEND,SUB-EVENT,_MatMul_post_reshape:OpId_31 (cycles)
5026454051,EXECUTE,5357,CYCLES,BACKEND,SUB-EVENT,_MatMul_1:OpId_34 (cycles)
5026454051,EXECUTE,7102,CYCLES,BACKEND,SUB-EVENT,_MatMul_1_post_reshape:OpId_36 (cycles)
5026454051,EXECUTE,2550,CYCLES,BACKEND,SUB-EVENT,_MatMul_2:OpId_39 (cycles)
5026454051,EXECUTE,1134,CYCLES,BACKEND,SUB-EVENT,_MatMul_2_post_reshape:OpId_41 (cycles)
5026454051,EXECUTE,446,CYCLES,BACKEND,SUB-EVENT,_Transpose:OpId_43 (cycles)
5026454051,EXECUTE,1488,CYCLES,BACKEND,SUB-EVENT,_Transpose_1:OpId_45 (cycles)
5026454051,EXECUTE,185,CYCLES,BACKEND,SUB-EVENT,_Transpose_2:OpId_47 (cycles)
5026454051,EXECUTE,451,CYCLES,BACKEND,SUB-EVENT,_Transpose_2_output_0_nhwc:OpId_49 (cycles)
5026454051,EXECUTE,19588,CYCLES,BACKEND,SUB-EVENT,_Slice:OpId_51 (cycles)
5026454051,EXECUTE,5172,CYCLES,BACKEND,SUB-EVENT,_Slice_1:OpId_57 (cycles)
5026454051,EXECUTE,1843,CYCLES,BACKEND,SUB-EVENT,_Mul_2:OpId_63 (cycles)
5026454051,EXECUTE,1799,CYCLES,BACKEND,SUB-EVENT,_Mul_3:OpId_66 (cycles)
5026454051,EXECUTE,226,CYCLES,BACKEND,SUB-EVENT,_Sub:OpId_68 (cycles)
5026454051,EXECUTE,1921,CYCLES,BACKEND,SUB-EVENT,_Mul_4:OpId_70 (cycles)
5026454051,EXECUTE,1858,CYCLES,BACKEND,SUB-EVENT,_Mul_5:OpId_72 (cycles)
5026454051,EXECUTE,2805,CYCLES,BACKEND,SUB-EVENT,_Add_4:OpId_74 (cycles)
5026454051,EXECUTE,0,CYCLES,BACKEND,SUB-EVENT,_Unsqueeze:OpId_76 (cycles)
5026454051,EXECUTE,0,CYCLES,BACKEND,SUB-EVENT,_Unsqueeze_1:OpId_77 (cycles)
5026454051,EXECUTE,813,CYCLES,BACKEND,SUB-EVENT,_Concat:OpId_78 (cycles)
5026454051,EXECUTE,607,CYCLES,BACKEND,SUB-EVENT,_Reshape_3:OpId_80 (cycles)
5026454051,EXECUTE,21747,CYCLES,BACKEND,SUB-EVENT,_Slice_3:OpId_82 (cycles)
5026454051,EXECUTE,4432,CYCLES,BACKEND,SUB-EVENT,_Slice_4:OpId_88 (cycles)
5026454051,EXECUTE,4800,CYCLES,BACKEND,SUB-EVENT,_Mul_6:OpId_93 (cycles)
5026454051,EXECUTE,4406,CYCLES,BACKEND,SUB-EVENT,_Mul_7:OpId_95 (cycles)
5026454051,EXECUTE,402,CYCLES,BACKEND,SUB-EVENT,_Sub_1:OpId_97 (cycles)
5026454051,EXECUTE,4768,CYCLES,BACKEND,SUB-EVENT,_Mul_8:OpId_99 (cycles)
5026454051,EXECUTE,4323,CYCLES,BACKEND,SUB-EVENT,_Mul_9:OpId_101 (cycles)
5026454051,EXECUTE,868,CYCLES,BACKEND,SUB-EVENT,_Add_5:OpId_103 (cycles)
5026454051,EXECUTE,0,CYCLES,BACKEND,SUB-EVENT,_Unsqueeze_2:OpId_105 (cycles)
5026454051,EXECUTE,0,CYCLES,BACKEND,SUB-EVENT,_Unsqueeze_3:OpId_106 (cycles)
5026454051,EXECUTE,2818,CYCLES,BACKEND,SUB-EVENT,_Concat_2:OpId_107 (cycles)
5026454051,EXECUTE,0,CYCLES,BACKEND,SUB-EVENT,_Reshape_4:OpId_109 (cycles)
5026454051,EXECUTE,749,CYCLES,BACKEND,SUB-EVENT,_Reshape_4_output_0_nhwc:OpId_111 (cycles)
5026454051,EXECUTE,9470,CYCLES,BACKEND,SUB-EVENT,_Cast_1_output_0_nchw:OpId_113 (cycles)
5026454051,EXECUTE,2818,CYCLES,BACKEND,SUB-EVENT,_Concat_4:OpId_114 (cycles)
5026454051,EXECUTE,372205,CYCLES,BACKEND,SUB-EVENT,_Concat_4_output_0_nchw:OpId_117 (cycles)
5026454051,EXECUTE,2028,CYCLES,BACKEND,SUB-EVENT,_Concat_5:OpId_118 (cycles)
5026454051,EXECUTE,0,CYCLES,BACKEND,SUB-EVENT,_Unsqueeze_4:OpId_120 (cycles)
5026454051,EXECUTE,32775,CYCLES,BACKEND,SUB-EVENT,_MatMul_3:OpId_121 (cycles)
5026454051,EXECUTE,8085,CYCLES,BACKEND,SUB-EVENT,_Div_1:OpId_126 (cycles)
5026454051,EXECUTE,0,CYCLES,BACKEND,SUB-EVENT,_Add_6:OpId_129 (cycles)
5026454051,EXECUTE,16677,CYCLES,BACKEND,SUB-EVENT,_Softmax:OpId_131 (cycles)
5026454051,EXECUTE,0,CYCLES,BACKEND,SUB-EVENT,_Unsqueeze_5:OpId_134 (cycles)
5026454051,EXECUTE,31583,CYCLES,BACKEND,SUB-EVENT,_MatMul_4:OpId_135 (cycles)
5026454051,EXECUTE,0,CYCLES,BACKEND,SUB-EVENT,_Reshape_6:OpId_139 (cycles)
5026454051,EXECUTE,0,CYCLES,BACKEND,SUB-EVENT,_Transpose_4:OpId_141 (cycles)
5026454051,EXECUTE,14217,CYCLES,BACKEND,SUB-EVENT,_MatMul_5:OpId_143 (cycles)
5026454051,EXECUTE,0,CYCLES,BACKEND,SUB-EVENT,_MatMul_5_post_reshape:OpId_146 (cycles)
5026454051,EXECUTE,0,CYCLES,BACKEND,SUB-EVENT,_MatMul_5_output_0_nfc:OpId_148 (cycles)
5026454051,EXECUTE,38716,CYCLES,BACKEND,SUB-EVENT,_Add_7:OpId_150 (cycles)
5026454051,EXECUTE,254,CYCLES,BACKEND,SUB-EVENT,_Add_7_output_0_ncf:OpId_153 (cycles)
5026454051,EXECUTE,1996,CYCLES,BACKEND,SUB-EVENT,rms_norm__Mul_11_output_0:OpId_158 (cycles)
5026454051,EXECUTE,0,CYCLES,BACKEND,SUB-EVENT,_MatMul_6:OpId_162 (cycles)
5026454051,EXECUTE,0,CYCLES,BACKEND,SUB-EVENT,_MatMul_6_post_reshape:OpId_165 (cycles)
5026454051,EXECUTE,103574,CYCLES,BACKEND,SUB-EVENT,_MatMul_7:OpId_167 (cycles)
5026454051,EXECUTE,0,CYCLES,BACKEND,SUB-EVENT,_MatMul_7_post_reshape:OpId_170 (cycles)
5026454051,EXECUTE,0,CYCLES,BACKEND,SUB-EVENT,_Sigmoid:OpId_171 (cycles)
5026454051,EXECUTE,113697,CYCLES,BACKEND,SUB-EVENT,_Mul_12:OpId_178 (cycles)
5026454051,EXECUTE,17869,CYCLES,BACKEND,SUB-EVENT,_Mul_13:OpId_180 (cycles)
5026454051,EXECUTE,155862,CYCLES,BACKEND,SUB-EVENT,_MatMul_8:OpId_183 (cycles)
5026454051,EXECUTE,0,CYCLES,BACKEND,SUB-EVENT,_MatMul_8_post_reshape:OpId_186 (cycles)
5026454051,EXECUTE,0,CYCLES,BACKEND,SUB-EVENT,_MatMul_8_output_0_nfc:OpId_188 (cycles)
5026454051,EXECUTE,14922,CYCLES,BACKEND,SUB-EVENT,_Add_9:OpId_190 (cycles)
5026454051,EXECUTE,0,CYCLES,BACKEND,SUB-EVENT,_Cast_2:OpId_192 (cycles)
5026454051,EXECUTE,0,CYCLES,BACKEND,SUB-EVENT,_Cast_3:OpId_193 (cycles)
5026454051,EXECUTE,2966,CYCLES,BACKEND,SUB-EVENT,Output OpId_3 (cycles)
5026454051,EXECUTE,2537,US,BACKEND,ROOT,Accelerator (execute) time
5026454051,EXECUTE,2428,US,BACKEND,ROOT,Accelerator (execute excluding wait) time
5026454051,EXECUTE,8064,US,BACKEND,ROOT,QNN (execute) time
5026467875,EXECUTE,11927,US,NETRUN,ROOT,Graph 0: qwen2_0_5b_layer0_decode_past128_grouped_gqa_delta_kv_fp16
5026467875,EXECUTE,4,COUNT,BACKEND,ROOT,Number of HVX threads used
5026467875,EXECUTE,11471,US,BACKEND,ROOT,RPC (execute) time
5026467875,EXECUTE,9272,US,BACKEND,ROOT,QNN accelerator (execute) time
5026467875,EXECUTE,0,COUNT,BACKEND,ROOT,Num times yield occured
5026467875,EXECUTE,822,US,BACKEND,ROOT,Time for initial VTCM acquire
5026467875,EXECUTE,206,US,BACKEND,ROOT,Time for HVX + HMX power on and acquire
5026467875,EXECUTE,1913083,CYCLES,BACKEND,ROOT,Accelerator (execute) time (cycles)
5026467875,EXECUTE,8654,CYCLES,BACKEND,SUB-EVENT,Input OpId_2 (cycles)
5026467875,EXECUTE,0,CYCLES,BACKEND,SUB-EVENT,past_key_fp32:OpId_16 (cycles)
5026467875,EXECUTE,0,CYCLES,BACKEND,SUB-EVENT,past_value_fp32:OpId_17 (cycles)
5026467875,EXECUTE,36889,CYCLES,BACKEND,SUB-EVENT,hidden_states_ncf:OpId_19 (cycles)
5026467875,EXECUTE,18761,CYCLES,BACKEND,SUB-EVENT,rms_norm__Mul_1_output_0:OpId_24 (cycles)
5026467875,EXECUTE,25679,CYCLES,BACKEND,SUB-EVENT,_MatMul:OpId_29 (cycles)
5026467875,EXECUTE,0,CYCLES,BACKEND,SUB-EVENT,_MatMul_post_reshape:OpId_31 (cycles)
5026467875,EXECUTE,10425,CYCLES,BACKEND,SUB-EVENT,_MatMul_1:OpId_34 (cycles)
5026467875,EXECUTE,21761,CYCLES,BACKEND,SUB-EVENT,_MatMul_1_post_reshape:OpId_36 (cycles)
5026467875,EXECUTE,1524,CYCLES,BACKEND,SUB-EVENT,_MatMul_2:OpId_39 (cycles)
5026467875,EXECUTE,12943,CYCLES,BACKEND,SUB-EVENT,_MatMul_2_post_reshape:OpId_41 (cycles)
5026467875,EXECUTE,460,CYCLES,BACKEND,SUB-EVENT,_Transpose:OpId_43 (cycles)
5026467875,EXECUTE,1724,CYCLES,BACKEND,SUB-EVENT,_Transpose_1:OpId_45 (cycles)
5026467875,EXECUTE,1320,CYCLES,BACKEND,SUB-EVENT,_Transpose_2:OpId_47 (cycles)
5026467875,EXECUTE,445,CYCLES,BACKEND,SUB-EVENT,_Transpose_2_output_0_nhwc:OpId_49 (cycles)
5026467875,EXECUTE,20856,CYCLES,BACKEND,SUB-EVENT,_Slice:OpId_51 (cycles)
5026467875,EXECUTE,5435,CYCLES,BACKEND,SUB-EVENT,_Slice_1:OpId_57 (cycles)
5026467875,EXECUTE,1972,CYCLES,BACKEND,SUB-EVENT,_Mul_2:OpId_63 (cycles)
5026467875,EXECUTE,1567,CYCLES,BACKEND,SUB-EVENT,_Mul_3:OpId_66 (cycles)
5026467875,EXECUTE,229,CYCLES,BACKEND,SUB-EVENT,_Sub:OpId_68 (cycles)
5026467875,EXECUTE,2002,CYCLES,BACKEND,SUB-EVENT,_Mul_4:OpId_70 (cycles)
5026467875,EXECUTE,1965,CYCLES,BACKEND,SUB-EVENT,_Mul_5:OpId_72 (cycles)
5026467875,EXECUTE,2532,CYCLES,BACKEND,SUB-EVENT,_Add_4:OpId_74 (cycles)
5026467875,EXECUTE,0,CYCLES,BACKEND,SUB-EVENT,_Unsqueeze:OpId_76 (cycles)
5026467875,EXECUTE,0,CYCLES,BACKEND,SUB-EVENT,_Unsqueeze_1:OpId_77 (cycles)
5026467875,EXECUTE,927,CYCLES,BACKEND,SUB-EVENT,_Concat:OpId_78 (cycles)
5026467875,EXECUTE,538,CYCLES,BACKEND,SUB-EVENT,_Reshape_3:OpId_80 (cycles)
5026467875,EXECUTE,27481,CYCLES,BACKEND,SUB-EVENT,_Slice_3:OpId_82 (cycles)
5026467875,EXECUTE,6126,CYCLES,BACKEND,SUB-EVENT,_Slice_4:OpId_88 (cycles)
5026467875,EXECUTE,6869,CYCLES,BACKEND,SUB-EVENT,_Mul_6:OpId_93 (cycles)
5026467875,EXECUTE,6515,CYCLES,BACKEND,SUB-EVENT,_Mul_7:OpId_95 (cycles)
5026467875,EXECUTE,868,CYCLES,BACKEND,SUB-EVENT,_Sub_1:OpId_97 (cycles)
5026467875,EXECUTE,6793,CYCLES,BACKEND,SUB-EVENT,_Mul_8:OpId_99 (cycles)
5026467875,EXECUTE,6471,CYCLES,BACKEND,SUB-EVENT,_Mul_9:OpId_101 (cycles)
5026467875,EXECUTE,1369,CYCLES,BACKEND,SUB-EVENT,_Add_5:OpId_103 (cycles)
5026467875,EXECUTE,0,CYCLES,BACKEND,SUB-EVENT,_Unsqueeze_2:OpId_105 (cycles)
5026467875,EXECUTE,0,CYCLES,BACKEND,SUB-EVENT,_Unsqueeze_3:OpId_106 (cycles)
5026467875,EXECUTE,3377,CYCLES,BACKEND,SUB-EVENT,_Concat_2:OpId_107 (cycles)
5026467875,EXECUTE,0,CYCLES,BACKEND,SUB-EVENT,_Reshape_4:OpId_109 (cycles)
5026467875,EXECUTE,1247,CYCLES,BACKEND,SUB-EVENT,_Reshape_4_output_0_nhwc:OpId_111 (cycles)
5026467875,EXECUTE,29049,CYCLES,BACKEND,SUB-EVENT,_Cast_1_output_0_nchw:OpId_113 (cycles)
5026467875,EXECUTE,8932,CYCLES,BACKEND,SUB-EVENT,_Concat_4:OpId_114 (cycles)
5026467875,EXECUTE,377569,CYCLES,BACKEND,SUB-EVENT,_Concat_4_output_0_nchw:OpId_117 (cycles)
5026467875,EXECUTE,3618,CYCLES,BACKEND,SUB-EVENT,_Concat_5:OpId_118 (cycles)
5026467875,EXECUTE,0,CYCLES,BACKEND,SUB-EVENT,_Unsqueeze_4:OpId_120 (cycles)
5026467875,EXECUTE,38131,CYCLES,BACKEND,SUB-EVENT,_MatMul_3:OpId_121 (cycles)
5026467875,EXECUTE,14775,CYCLES,BACKEND,SUB-EVENT,_Div_1:OpId_126 (cycles)
5026467875,EXECUTE,0,CYCLES,BACKEND,SUB-EVENT,_Add_6:OpId_129 (cycles)
5026467875,EXECUTE,27911,CYCLES,BACKEND,SUB-EVENT,_Softmax:OpId_131 (cycles)
5026467875,EXECUTE,0,CYCLES,BACKEND,SUB-EVENT,_Unsqueeze_5:OpId_134 (cycles)
5026467875,EXECUTE,36657,CYCLES,BACKEND,SUB-EVENT,_MatMul_4:OpId_135 (cycles)
5026467875,EXECUTE,0,CYCLES,BACKEND,SUB-EVENT,_Reshape_6:OpId_139 (cycles)
5026467875,EXECUTE,0,CYCLES,BACKEND,SUB-EVENT,_Transpose_4:OpId_141 (cycles)
5026467875,EXECUTE,22715,CYCLES,BACKEND,SUB-EVENT,_MatMul_5:OpId_143 (cycles)
5026467875,EXECUTE,0,CYCLES,BACKEND,SUB-EVENT,_MatMul_5_post_reshape:OpId_146 (cycles)
5026467875,EXECUTE,0,CYCLES,BACKEND,SUB-EVENT,_MatMul_5_output_0_nfc:OpId_148 (cycles)
5026467875,EXECUTE,55007,CYCLES,BACKEND,SUB-EVENT,_Add_7:OpId_150 (cycles)
5026467875,EXECUTE,230,CYCLES,BACKEND,SUB-EVENT,_Add_7_output_0_ncf:OpId_153 (cycles)
5026467875,EXECUTE,1993,CYCLES,BACKEND,SUB-EVENT,rms_norm__Mul_11_output_0:OpId_158 (cycles)
5026467875,EXECUTE,0,CYCLES,BACKEND,SUB-EVENT,_MatMul_6:OpId_162 (cycles)
5026467875,EXECUTE,0,CYCLES,BACKEND,SUB-EVENT,_MatMul_6_post_reshape:OpId_165 (cycles)
5026467875,EXECUTE,314023,CYCLES,BACKEND,SUB-EVENT,_MatMul_7:OpId_167 (cycles)
5026467875,EXECUTE,0,CYCLES,BACKEND,SUB-EVENT,_MatMul_7_post_reshape:OpId_170 (cycles)
5026467875,EXECUTE,0,CYCLES,BACKEND,SUB-EVENT,_Sigmoid:OpId_171 (cycles)
5026467875,EXECUTE,276621,CYCLES,BACKEND,SUB-EVENT,_Mul_12:OpId_178 (cycles)
5026467875,EXECUTE,40307,CYCLES,BACKEND,SUB-EVENT,_Mul_13:OpId_180 (cycles)
5026467875,EXECUTE,401727,CYCLES,BACKEND,SUB-EVENT,_MatMul_8:OpId_183 (cycles)
5026467875,EXECUTE,0,CYCLES,BACKEND,SUB-EVENT,_MatMul_8_post_reshape:OpId_186 (cycles)
5026467875,EXECUTE,0,CYCLES,BACKEND,SUB-EVENT,_MatMul_8_output_0_nfc:OpId_188 (cycles)
5026467875,EXECUTE,14880,CYCLES,BACKEND,SUB-EVENT,_Add_9:OpId_190 (cycles)
5026467875,EXECUTE,0,CYCLES,BACKEND,SUB-EVENT,_Cast_2:OpId_192 (cycles)
5026467875,EXECUTE,0,CYCLES,BACKEND,SUB-EVENT,_Cast_3:OpId_193 (cycles)
5026467875,EXECUTE,3214,CYCLES,BACKEND,SUB-EVENT,Output OpId_3 (cycles)
5026467875,EXECUTE,4478,US,BACKEND,ROOT,Accelerator (execute) time
5026467875,EXECUTE,4336,US,BACKEND,ROOT,Accelerator (execute excluding wait) time
5026467875,EXECUTE,11903,US,BACKEND,ROOT,QNN (execute) time
5026482096,EXECUTE,11778,US,NETRUN,ROOT,Graph 0: qwen2_0_5b_layer0_decode_past128_grouped_gqa_delta_kv_fp16
5026482096,EXECUTE,4,COUNT,BACKEND,ROOT,Number of HVX threads used
5026482096,EXECUTE,11379,US,BACKEND,ROOT,RPC (execute) time
5026482096,EXECUTE,9210,US,BACKEND,ROOT,QNN accelerator (execute) time
5026482096,EXECUTE,0,COUNT,BACKEND,ROOT,Num times yield occured
5026482096,EXECUTE,676,US,BACKEND,ROOT,Time for initial VTCM acquire
5026482096,EXECUTE,193,US,BACKEND,ROOT,Time for HVX + HMX power on and acquire
5026482096,EXECUTE,1891945,CYCLES,BACKEND,ROOT,Accelerator (execute) time (cycles)
5026482096,EXECUTE,5576,CYCLES,BACKEND,SUB-EVENT,Input OpId_2 (cycles)
5026482096,EXECUTE,0,CYCLES,BACKEND,SUB-EVENT,past_key_fp32:OpId_16 (cycles)
5026482096,EXECUTE,0,CYCLES,BACKEND,SUB-EVENT,past_value_fp32:OpId_17 (cycles)
5026482096,EXECUTE,33971,CYCLES,BACKEND,SUB-EVENT,hidden_states_ncf:OpId_19 (cycles)
5026482096,EXECUTE,23601,CYCLES,BACKEND,SUB-EVENT,rms_norm__Mul_1_output_0:OpId_24 (cycles)
5026482096,EXECUTE,27718,CYCLES,BACKEND,SUB-EVENT,_MatMul:OpId_29 (cycles)
5026482096,EXECUTE,0,CYCLES,BACKEND,SUB-EVENT,_MatMul_post_reshape:OpId_31 (cycles)
5026482096,EXECUTE,11043,CYCLES,BACKEND,SUB-EVENT,_MatMul_1:OpId_34 (cycles)
5026482096,EXECUTE,21113,CYCLES,BACKEND,SUB-EVENT,_MatMul_1_post_reshape:OpId_36 (cycles)
5026482096,EXECUTE,1528,CYCLES,BACKEND,SUB-EVENT,_MatMul_2:OpId_39 (cycles)
5026482096,EXECUTE,11225,CYCLES,BACKEND,SUB-EVENT,_MatMul_2_post_reshape:OpId_41 (cycles)
5026482096,EXECUTE,452,CYCLES,BACKEND,SUB-EVENT,_Transpose:OpId_43 (cycles)
5026482096,EXECUTE,1255,CYCLES,BACKEND,SUB-EVENT,_Transpose_1:OpId_45 (cycles)
5026482096,EXECUTE,912,CYCLES,BACKEND,SUB-EVENT,_Transpose_2:OpId_47 (cycles)
5026482096,EXECUTE,451,CYCLES,BACKEND,SUB-EVENT,_Transpose_2_output_0_nhwc:OpId_49 (cycles)
5026482096,EXECUTE,21406,CYCLES,BACKEND,SUB-EVENT,_Slice:OpId_51 (cycles)
5026482096,EXECUTE,5598,CYCLES,BACKEND,SUB-EVENT,_Slice_1:OpId_57 (cycles)
5026482096,EXECUTE,2095,CYCLES,BACKEND,SUB-EVENT,_Mul_2:OpId_63 (cycles)
5026482096,EXECUTE,1655,CYCLES,BACKEND,SUB-EVENT,_Mul_3:OpId_66 (cycles)
5026482096,EXECUTE,242,CYCLES,BACKEND,SUB-EVENT,_Sub:OpId_68 (cycles)
5026482096,EXECUTE,1989,CYCLES,BACKEND,SUB-EVENT,_Mul_4:OpId_70 (cycles)
5026482096,EXECUTE,2051,CYCLES,BACKEND,SUB-EVENT,_Mul_5:OpId_72 (cycles)
5026482096,EXECUTE,3646,CYCLES,BACKEND,SUB-EVENT,_Add_4:OpId_74 (cycles)
5026482096,EXECUTE,0,CYCLES,BACKEND,SUB-EVENT,_Unsqueeze:OpId_76 (cycles)
5026482096,EXECUTE,0,CYCLES,BACKEND,SUB-EVENT,_Unsqueeze_1:OpId_77 (cycles)
5026482096,EXECUTE,791,CYCLES,BACKEND,SUB-EVENT,_Concat:OpId_78 (cycles)
5026482096,EXECUTE,578,CYCLES,BACKEND,SUB-EVENT,_Reshape_3:OpId_80 (cycles)
5026482096,EXECUTE,30117,CYCLES,BACKEND,SUB-EVENT,_Slice_3:OpId_82 (cycles)
5026482096,EXECUTE,5003,CYCLES,BACKEND,SUB-EVENT,_Slice_4:OpId_88 (cycles)
5026482096,EXECUTE,6232,CYCLES,BACKEND,SUB-EVENT,_Mul_6:OpId_93 (cycles)
5026482096,EXECUTE,5798,CYCLES,BACKEND,SUB-EVENT,_Mul_7:OpId_95 (cycles)
5026482096,EXECUTE,684,CYCLES,BACKEND,SUB-EVENT,_Sub_1:OpId_97 (cycles)
5026482096,EXECUTE,6055,CYCLES,BACKEND,SUB-EVENT,_Mul_8:OpId_99 (cycles)
5026482096,EXECUTE,5727,CYCLES,BACKEND,SUB-EVENT,_Mul_9:OpId_101 (cycles)
5026482096,EXECUTE,1425,CYCLES,BACKEND,SUB-EVENT,_Add_5:OpId_103 (cycles)
5026482096,EXECUTE,0,CYCLES,BACKEND,SUB-EVENT,_Unsqueeze_2:OpId_105 (cycles)
5026482096,EXECUTE,0,CYCLES,BACKEND,SUB-EVENT,_Unsqueeze_3:OpId_106 (cycles)
5026482096,EXECUTE,2418,CYCLES,BACKEND,SUB-EVENT,_Concat_2:OpId_107 (cycles)
5026482096,EXECUTE,0,CYCLES,BACKEND,SUB-EVENT,_Reshape_4:OpId_109 (cycles)
5026482096,EXECUTE,940,CYCLES,BACKEND,SUB-EVENT,_Reshape_4_output_0_nhwc:OpId_111 (cycles)
5026482096,EXECUTE,27871,CYCLES,BACKEND,SUB-EVENT,_Cast_1_output_0_nchw:OpId_113 (cycles)
5026482096,EXECUTE,4908,CYCLES,BACKEND,SUB-EVENT,_Concat_4:OpId_114 (cycles)
5026482096,EXECUTE,376295,CYCLES,BACKEND,SUB-EVENT,_Concat_4_output_0_nchw:OpId_117 (cycles)
5026482096,EXECUTE,3622,CYCLES,BACKEND,SUB-EVENT,_Concat_5:OpId_118 (cycles)
5026482096,EXECUTE,0,CYCLES,BACKEND,SUB-EVENT,_Unsqueeze_4:OpId_120 (cycles)
5026482096,EXECUTE,40097,CYCLES,BACKEND,SUB-EVENT,_MatMul_3:OpId_121 (cycles)
5026482096,EXECUTE,24911,CYCLES,BACKEND,SUB-EVENT,_Div_1:OpId_126 (cycles)
5026482096,EXECUTE,0,CYCLES,BACKEND,SUB-EVENT,_Add_6:OpId_129 (cycles)
5026482096,EXECUTE,21055,CYCLES,BACKEND,SUB-EVENT,_Softmax:OpId_131 (cycles)
5026482096,EXECUTE,0,CYCLES,BACKEND,SUB-EVENT,_Unsqueeze_5:OpId_134 (cycles)
5026482096,EXECUTE,34519,CYCLES,BACKEND,SUB-EVENT,_MatMul_4:OpId_135 (cycles)
5026482096,EXECUTE,0,CYCLES,BACKEND,SUB-EVENT,_Reshape_6:OpId_139 (cycles)
5026482096,EXECUTE,0,CYCLES,BACKEND,SUB-EVENT,_Transpose_4:OpId_141 (cycles)
5026482096,EXECUTE,18306,CYCLES,BACKEND,SUB-EVENT,_MatMul_5:OpId_143 (cycles)
5026482096,EXECUTE,0,CYCLES,BACKEND,SUB-EVENT,_MatMul_5_post_reshape:OpId_146 (cycles)
5026482096,EXECUTE,0,CYCLES,BACKEND,SUB-EVENT,_MatMul_5_output_0_nfc:OpId_148 (cycles)
5026482096,EXECUTE,50974,CYCLES,BACKEND,SUB-EVENT,_Add_7:OpId_150 (cycles)
5026482096,EXECUTE,256,CYCLES,BACKEND,SUB-EVENT,_Add_7_output_0_ncf:OpId_153 (cycles)
5026482096,EXECUTE,3988,CYCLES,BACKEND,SUB-EVENT,rms_norm__Mul_11_output_0:OpId_158 (cycles)
5026482096,EXECUTE,0,CYCLES,BACKEND,SUB-EVENT,_MatMul_6:OpId_162 (cycles)
5026482096,EXECUTE,0,CYCLES,BACKEND,SUB-EVENT,_MatMul_6_post_reshape:OpId_165 (cycles)
5026482096,EXECUTE,305111,CYCLES,BACKEND,SUB-EVENT,_MatMul_7:OpId_167 (cycles)
5026482096,EXECUTE,0,CYCLES,BACKEND,SUB-EVENT,_MatMul_7_post_reshape:OpId_170 (cycles)
5026482096,EXECUTE,0,CYCLES,BACKEND,SUB-EVENT,_Sigmoid:OpId_171 (cycles)
5026482096,EXECUTE,283220,CYCLES,BACKEND,SUB-EVENT,_Mul_12:OpId_178 (cycles)
5026482096,EXECUTE,36870,CYCLES,BACKEND,SUB-EVENT,_Mul_13:OpId_180 (cycles)
5026482096,EXECUTE,398389,CYCLES,BACKEND,SUB-EVENT,_MatMul_8:OpId_183 (cycles)
5026482096,EXECUTE,0,CYCLES,BACKEND,SUB-EVENT,_MatMul_8_post_reshape:OpId_186 (cycles)
5026482096,EXECUTE,0,CYCLES,BACKEND,SUB-EVENT,_MatMul_8_output_0_nfc:OpId_188 (cycles)
5026482096,EXECUTE,14437,CYCLES,BACKEND,SUB-EVENT,_Add_9:OpId_190 (cycles)
5026482096,EXECUTE,0,CYCLES,BACKEND,SUB-EVENT,_Cast_2:OpId_192 (cycles)
5026482096,EXECUTE,0,CYCLES,BACKEND,SUB-EVENT,_Cast_3:OpId_193 (cycles)
5026482096,EXECUTE,3821,CYCLES,BACKEND,SUB-EVENT,Output OpId_3 (cycles)
5026482096,EXECUTE,4435,US,BACKEND,ROOT,Accelerator (execute) time
5026482096,EXECUTE,4294,US,BACKEND,ROOT,Accelerator (execute excluding wait) time
5026482096,EXECUTE,11750,US,BACKEND,ROOT,QNN (execute) time
5026496505,EXECUTE,12274,US,NETRUN,ROOT,Graph 0: qwen2_0_5b_layer0_decode_past128_grouped_gqa_delta_kv_fp16
5026496505,EXECUTE,4,COUNT,BACKEND,ROOT,Number of HVX threads used
5026496505,EXECUTE,11869,US,BACKEND,ROOT,RPC (execute) time
5026496505,EXECUTE,9796,US,BACKEND,ROOT,QNN accelerator (execute) time
5026496505,EXECUTE,0,COUNT,BACKEND,ROOT,Num times yield occured
5026496505,EXECUTE,641,US,BACKEND,ROOT,Time for initial VTCM acquire
5026496505,EXECUTE,221,US,BACKEND,ROOT,Time for HVX + HMX power on and acquire
5026496505,EXECUTE,2161477,CYCLES,BACKEND,ROOT,Accelerator (execute) time (cycles)
5026496505,EXECUTE,4435,CYCLES,BACKEND,SUB-EVENT,Input OpId_2 (cycles)
5026496505,EXECUTE,0,CYCLES,BACKEND,SUB-EVENT,past_key_fp32:OpId_16 (cycles)
5026496505,EXECUTE,0,CYCLES,BACKEND,SUB-EVENT,past_value_fp32:OpId_17 (cycles)
5026496505,EXECUTE,12875,CYCLES,BACKEND,SUB-EVENT,hidden_states_ncf:OpId_19 (cycles)
5026496505,EXECUTE,18240,CYCLES,BACKEND,SUB-EVENT,rms_norm__Mul_1_output_0:OpId_24 (cycles)
5026496505,EXECUTE,95832,CYCLES,BACKEND,SUB-EVENT,_MatMul:OpId_29 (cycles)
5026496505,EXECUTE,0,CYCLES,BACKEND,SUB-EVENT,_MatMul_post_reshape:OpId_31 (cycles)
5026496505,EXECUTE,9714,CYCLES,BACKEND,SUB-EVENT,_MatMul_1:OpId_34 (cycles)
5026496505,EXECUTE,28228,CYCLES,BACKEND,SUB-EVENT,_MatMul_1_post_reshape:OpId_36 (cycles)
5026496505,EXECUTE,10422,CYCLES,BACKEND,SUB-EVENT,_MatMul_2:OpId_39 (cycles)
5026496505,EXECUTE,2455,CYCLES,BACKEND,SUB-EVENT,_MatMul_2_post_reshape:OpId_41 (cycles)
5026496505,EXECUTE,455,CYCLES,BACKEND,SUB-EVENT,_Transpose:OpId_43 (cycles)
5026496505,EXECUTE,2858,CYCLES,BACKEND,SUB-EVENT,_Transpose_1:OpId_45 (cycles)
5026496505,EXECUTE,1895,CYCLES,BACKEND,SUB-EVENT,_Transpose_2:OpId_47 (cycles)
5026496505,EXECUTE,452,CYCLES,BACKEND,SUB-EVENT,_Transpose_2_output_0_nhwc:OpId_49 (cycles)
5026496505,EXECUTE,20442,CYCLES,BACKEND,SUB-EVENT,_Slice:OpId_51 (cycles)
5026496505,EXECUTE,5662,CYCLES,BACKEND,SUB-EVENT,_Slice_1:OpId_57 (cycles)
5026496505,EXECUTE,1968,CYCLES,BACKEND,SUB-EVENT,_Mul_2:OpId_63 (cycles)
5026496505,EXECUTE,1940,CYCLES,BACKEND,SUB-EVENT,_Mul_3:OpId_66 (cycles)
5026496505,EXECUTE,225,CYCLES,BACKEND,SUB-EVENT,_Sub:OpId_68 (cycles)
5026496505,EXECUTE,2035,CYCLES,BACKEND,SUB-EVENT,_Mul_4:OpId_70 (cycles)
5026496505,EXECUTE,2065,CYCLES,BACKEND,SUB-EVENT,_Mul_5:OpId_72 (cycles)
5026496505,EXECUTE,2211,CYCLES,BACKEND,SUB-EVENT,_Add_4:OpId_74 (cycles)
5026496505,EXECUTE,0,CYCLES,BACKEND,SUB-EVENT,_Unsqueeze:OpId_76 (cycles)
5026496505,EXECUTE,0,CYCLES,BACKEND,SUB-EVENT,_Unsqueeze_1:OpId_77 (cycles)
5026496505,EXECUTE,789,CYCLES,BACKEND,SUB-EVENT,_Concat:OpId_78 (cycles)
5026496505,EXECUTE,525,CYCLES,BACKEND,SUB-EVENT,_Reshape_3:OpId_80 (cycles)
5026496505,EXECUTE,27601,CYCLES,BACKEND,SUB-EVENT,_Slice_3:OpId_82 (cycles)
5026496505,EXECUTE,4495,CYCLES,BACKEND,SUB-EVENT,_Slice_4:OpId_88 (cycles)
5026496505,EXECUTE,6650,CYCLES,BACKEND,SUB-EVENT,_Mul_6:OpId_93 (cycles)
5026496505,EXECUTE,6226,CYCLES,BACKEND,SUB-EVENT,_Mul_7:OpId_95 (cycles)
5026496505,EXECUTE,434,CYCLES,BACKEND,SUB-EVENT,_Sub_1:OpId_97 (cycles)
5026496505,EXECUTE,6587,CYCLES,BACKEND,SUB-EVENT,_Mul_8:OpId_99 (cycles)
5026496505,EXECUTE,6156,CYCLES,BACKEND,SUB-EVENT,_Mul_9:OpId_101 (cycles)
5026496505,EXECUTE,1400,CYCLES,BACKEND,SUB-EVENT,_Add_5:OpId_103 (cycles)
5026496505,EXECUTE,0,CYCLES,BACKEND,SUB-EVENT,_Unsqueeze_2:OpId_105 (cycles)
5026496505,EXECUTE,0,CYCLES,BACKEND,SUB-EVENT,_Unsqueeze_3:OpId_106 (cycles)
5026496505,EXECUTE,3423,CYCLES,BACKEND,SUB-EVENT,_Concat_2:OpId_107 (cycles)
5026496505,EXECUTE,0,CYCLES,BACKEND,SUB-EVENT,_Reshape_4:OpId_109 (cycles)
5026496505,EXECUTE,961,CYCLES,BACKEND,SUB-EVENT,_Reshape_4_output_0_nhwc:OpId_111 (cycles)
5026496505,EXECUTE,10826,CYCLES,BACKEND,SUB-EVENT,_Cast_1_output_0_nchw:OpId_113 (cycles)
5026496505,EXECUTE,1794,CYCLES,BACKEND,SUB-EVENT,_Concat_4:OpId_114 (cycles)
5026496505,EXECUTE,371791,CYCLES,BACKEND,SUB-EVENT,_Concat_4_output_0_nchw:OpId_117 (cycles)
5026496505,EXECUTE,3177,CYCLES,BACKEND,SUB-EVENT,_Concat_5:OpId_118 (cycles)
5026496505,EXECUTE,0,CYCLES,BACKEND,SUB-EVENT,_Unsqueeze_4:OpId_120 (cycles)
5026496505,EXECUTE,34267,CYCLES,BACKEND,SUB-EVENT,_MatMul_3:OpId_121 (cycles)
5026496505,EXECUTE,6273,CYCLES,BACKEND,SUB-EVENT,_Div_1:OpId_126 (cycles)
5026496505,EXECUTE,0,CYCLES,BACKEND,SUB-EVENT,_Add_6:OpId_129 (cycles)
5026496505,EXECUTE,22856,CYCLES,BACKEND,SUB-EVENT,_Softmax:OpId_131 (cycles)
5026496505,EXECUTE,0,CYCLES,BACKEND,SUB-EVENT,_Unsqueeze_5:OpId_134 (cycles)
5026496505,EXECUTE,33869,CYCLES,BACKEND,SUB-EVENT,_MatMul_4:OpId_135 (cycles)
5026496505,EXECUTE,0,CYCLES,BACKEND,SUB-EVENT,_Reshape_6:OpId_139 (cycles)
5026496505,EXECUTE,0,CYCLES,BACKEND,SUB-EVENT,_Transpose_4:OpId_141 (cycles)
5026496505,EXECUTE,23369,CYCLES,BACKEND,SUB-EVENT,_MatMul_5:OpId_143 (cycles)
5026496505,EXECUTE,0,CYCLES,BACKEND,SUB-EVENT,_MatMul_5_post_reshape:OpId_146 (cycles)
5026496505,EXECUTE,0,CYCLES,BACKEND,SUB-EVENT,_MatMul_5_output_0_nfc:OpId_148 (cycles)
5026496505,EXECUTE,94350,CYCLES,BACKEND,SUB-EVENT,_Add_7:OpId_150 (cycles)
5026496505,EXECUTE,254,CYCLES,BACKEND,SUB-EVENT,_Add_7_output_0_ncf:OpId_153 (cycles)
5026496505,EXECUTE,1990,CYCLES,BACKEND,SUB-EVENT,rms_norm__Mul_11_output_0:OpId_158 (cycles)
5026496505,EXECUTE,0,CYCLES,BACKEND,SUB-EVENT,_MatMul_6:OpId_162 (cycles)
5026496505,EXECUTE,0,CYCLES,BACKEND,SUB-EVENT,_MatMul_6_post_reshape:OpId_165 (cycles)
5026496505,EXECUTE,421329,CYCLES,BACKEND,SUB-EVENT,_MatMul_7:OpId_167 (cycles)
5026496505,EXECUTE,0,CYCLES,BACKEND,SUB-EVENT,_MatMul_7_post_reshape:OpId_170 (cycles)
5026496505,EXECUTE,0,CYCLES,BACKEND,SUB-EVENT,_Sigmoid:OpId_171 (cycles)
5026496505,EXECUTE,379817,CYCLES,BACKEND,SUB-EVENT,_Mul_12:OpId_178 (cycles)
5026496505,EXECUTE,43455,CYCLES,BACKEND,SUB-EVENT,_Mul_13:OpId_180 (cycles)
5026496505,EXECUTE,402337,CYCLES,BACKEND,SUB-EVENT,_MatMul_8:OpId_183 (cycles)
5026496505,EXECUTE,0,CYCLES,BACKEND,SUB-EVENT,_MatMul_8_post_reshape:OpId_186 (cycles)
5026496505,EXECUTE,0,CYCLES,BACKEND,SUB-EVENT,_MatMul_8_output_0_nfc:OpId_188 (cycles)
5026496505,EXECUTE,15071,CYCLES,BACKEND,SUB-EVENT,_Add_9:OpId_190 (cycles)
5026496505,EXECUTE,0,CYCLES,BACKEND,SUB-EVENT,_Cast_2:OpId_192 (cycles)
5026496505,EXECUTE,0,CYCLES,BACKEND,SUB-EVENT,_Cast_3:OpId_193 (cycles)
5026496505,EXECUTE,4996,CYCLES,BACKEND,SUB-EVENT,Output OpId_3 (cycles)
5026496505,EXECUTE,4959,US,BACKEND,ROOT,Accelerator (execute) time
5026496505,EXECUTE,4826,US,BACKEND,ROOT,Accelerator (execute excluding wait) time
5026496505,EXECUTE,12250,US,BACKEND,ROOT,QNN (execute) time
5026509973,EXECUTE,11502,US,NETRUN,ROOT,Graph 0: qwen2_0_5b_layer0_decode_past128_grouped_gqa_delta_kv_fp16
5026509973,EXECUTE,4,COUNT,BACKEND,ROOT,Number of HVX threads used
5026509973,EXECUTE,11106,US,BACKEND,ROOT,RPC (execute) time
5026509973,EXECUTE,8962,US,BACKEND,ROOT,QNN accelerator (execute) time
5026509973,EXECUTE,0,COUNT,BACKEND,ROOT,Num times yield occured
5026509973,EXECUTE,593,US,BACKEND,ROOT,Time for initial VTCM acquire
5026509973,EXECUTE,179,US,BACKEND,ROOT,Time for HVX + HMX power on and acquire
5026509973,EXECUTE,1890236,CYCLES,BACKEND,ROOT,Accelerator (execute) time (cycles)
5026509973,EXECUTE,2657,CYCLES,BACKEND,SUB-EVENT,Input OpId_2 (cycles)
5026509973,EXECUTE,0,CYCLES,BACKEND,SUB-EVENT,past_key_fp32:OpId_16 (cycles)
5026509973,EXECUTE,0,CYCLES,BACKEND,SUB-EVENT,past_value_fp32:OpId_17 (cycles)
5026509973,EXECUTE,21268,CYCLES,BACKEND,SUB-EVENT,hidden_states_ncf:OpId_19 (cycles)
5026509973,EXECUTE,17200,CYCLES,BACKEND,SUB-EVENT,rms_norm__Mul_1_output_0:OpId_24 (cycles)
5026509973,EXECUTE,37197,CYCLES,BACKEND,SUB-EVENT,_MatMul:OpId_29 (cycles)
5026509973,EXECUTE,0,CYCLES,BACKEND,SUB-EVENT,_MatMul_post_reshape:OpId_31 (cycles)
5026509973,EXECUTE,9394,CYCLES,BACKEND,SUB-EVENT,_MatMul_1:OpId_34 (cycles)
5026509973,EXECUTE,26443,CYCLES,BACKEND,SUB-EVENT,_MatMul_1_post_reshape:OpId_36 (cycles)
5026509973,EXECUTE,7445,CYCLES,BACKEND,SUB-EVENT,_MatMul_2:OpId_39 (cycles)
5026509973,EXECUTE,12477,CYCLES,BACKEND,SUB-EVENT,_MatMul_2_post_reshape:OpId_41 (cycles)
5026509973,EXECUTE,527,CYCLES,BACKEND,SUB-EVENT,_Transpose:OpId_43 (cycles)
5026509973,EXECUTE,1931,CYCLES,BACKEND,SUB-EVENT,_Transpose_1:OpId_45 (cycles)
5026509973,EXECUTE,1673,CYCLES,BACKEND,SUB-EVENT,_Transpose_2:OpId_47 (cycles)
5026509973,EXECUTE,477,CYCLES,BACKEND,SUB-EVENT,_Transpose_2_output_0_nhwc:OpId_49 (cycles)
5026509973,EXECUTE,20715,CYCLES,BACKEND,SUB-EVENT,_Slice:OpId_51 (cycles)
5026509973,EXECUTE,5571,CYCLES,BACKEND,SUB-EVENT,_Slice_1:OpId_57 (cycles)
5026509973,EXECUTE,2048,CYCLES,BACKEND,SUB-EVENT,_Mul_2:OpId_63 (cycles)
5026509973,EXECUTE,1897,CYCLES,BACKEND,SUB-EVENT,_Mul_3:OpId_66 (cycles)
5026509973,EXECUTE,241,CYCLES,BACKEND,SUB-EVENT,_Sub:OpId_68 (cycles)
5026509973,EXECUTE,2123,CYCLES,BACKEND,SUB-EVENT,_Mul_4:OpId_70 (cycles)
5026509973,EXECUTE,2058,CYCLES,BACKEND,SUB-EVENT,_Mul_5:OpId_72 (cycles)
5026509973,EXECUTE,2807,CYCLES,BACKEND,SUB-EVENT,_Add_4:OpId_74 (cycles)
5026509973,EXECUTE,0,CYCLES,BACKEND,SUB-EVENT,_Unsqueeze:OpId_76 (cycles)
5026509973,EXECUTE,0,CYCLES,BACKEND,SUB-EVENT,_Unsqueeze_1:OpId_77 (cycles)
5026509973,EXECUTE,850,CYCLES,BACKEND,SUB-EVENT,_Concat:OpId_78 (cycles)
5026509973,EXECUTE,6219,CYCLES,BACKEND,SUB-EVENT,_Reshape_3:OpId_80 (cycles)
5026509973,EXECUTE,26537,CYCLES,BACKEND,SUB-EVENT,_Slice_3:OpId_82 (cycles)
5026509973,EXECUTE,5021,CYCLES,BACKEND,SUB-EVENT,_Slice_4:OpId_88 (cycles)
5026509973,EXECUTE,6389,CYCLES,BACKEND,SUB-EVENT,_Mul_6:OpId_93 (cycles)
5026509973,EXECUTE,5524,CYCLES,BACKEND,SUB-EVENT,_Mul_7:OpId_95 (cycles)
5026509973,EXECUTE,615,CYCLES,BACKEND,SUB-EVENT,_Sub_1:OpId_97 (cycles)
5026509973,EXECUTE,6343,CYCLES,BACKEND,SUB-EVENT,_Mul_8:OpId_99 (cycles)
5026509973,EXECUTE,5472,CYCLES,BACKEND,SUB-EVENT,_Mul_9:OpId_101 (cycles)
5026509973,EXECUTE,1249,CYCLES,BACKEND,SUB-EVENT,_Add_5:OpId_103 (cycles)
5026509973,EXECUTE,0,CYCLES,BACKEND,SUB-EVENT,_Unsqueeze_2:OpId_105 (cycles)
5026509973,EXECUTE,0,CYCLES,BACKEND,SUB-EVENT,_Unsqueeze_3:OpId_106 (cycles)
5026509973,EXECUTE,2476,CYCLES,BACKEND,SUB-EVENT,_Concat_2:OpId_107 (cycles)
5026509973,EXECUTE,0,CYCLES,BACKEND,SUB-EVENT,_Reshape_4:OpId_109 (cycles)
5026509973,EXECUTE,962,CYCLES,BACKEND,SUB-EVENT,_Reshape_4_output_0_nhwc:OpId_111 (cycles)
5026509973,EXECUTE,17324,CYCLES,BACKEND,SUB-EVENT,_Cast_1_output_0_nchw:OpId_113 (cycles)
5026509973,EXECUTE,6630,CYCLES,BACKEND,SUB-EVENT,_Concat_4:OpId_114 (cycles)
5026509973,EXECUTE,353363,CYCLES,BACKEND,SUB-EVENT,_Concat_4_output_0_nchw:OpId_117 (cycles)
5026509973,EXECUTE,2941,CYCLES,BACKEND,SUB-EVENT,_Concat_5:OpId_118 (cycles)
5026509973,EXECUTE,0,CYCLES,BACKEND,SUB-EVENT,_Unsqueeze_4:OpId_120 (cycles)
5026509973,EXECUTE,35098,CYCLES,BACKEND,SUB-EVENT,_MatMul_3:OpId_121 (cycles)
5026509973,EXECUTE,25919,CYCLES,BACKEND,SUB-EVENT,_Div_1:OpId_126 (cycles)
5026509973,EXECUTE,0,CYCLES,BACKEND,SUB-EVENT,_Add_6:OpId_129 (cycles)
5026509973,EXECUTE,20080,CYCLES,BACKEND,SUB-EVENT,_Softmax:OpId_131 (cycles)
5026509973,EXECUTE,0,CYCLES,BACKEND,SUB-EVENT,_Unsqueeze_5:OpId_134 (cycles)
5026509973,EXECUTE,35693,CYCLES,BACKEND,SUB-EVENT,_MatMul_4:OpId_135 (cycles)
5026509973,EXECUTE,0,CYCLES,BACKEND,SUB-EVENT,_Reshape_6:OpId_139 (cycles)
5026509973,EXECUTE,0,CYCLES,BACKEND,SUB-EVENT,_Transpose_4:OpId_141 (cycles)
5026509973,EXECUTE,20782,CYCLES,BACKEND,SUB-EVENT,_MatMul_5:OpId_143 (cycles)
5026509973,EXECUTE,0,CYCLES,BACKEND,SUB-EVENT,_MatMul_5_post_reshape:OpId_146 (cycles)
5026509973,EXECUTE,0,CYCLES,BACKEND,SUB-EVENT,_MatMul_5_output_0_nfc:OpId_148 (cycles)
5026509973,EXECUTE,61296,CYCLES,BACKEND,SUB-EVENT,_Add_7:OpId_150 (cycles)
5026509973,EXECUTE,231,CYCLES,BACKEND,SUB-EVENT,_Add_7_output_0_ncf:OpId_153 (cycles)
5026509973,EXECUTE,2015,CYCLES,BACKEND,SUB-EVENT,rms_norm__Mul_11_output_0:OpId_158 (cycles)
5026509973,EXECUTE,0,CYCLES,BACKEND,SUB-EVENT,_MatMul_6:OpId_162 (cycles)
5026509973,EXECUTE,0,CYCLES,BACKEND,SUB-EVENT,_MatMul_6_post_reshape:OpId_165 (cycles)
5026509973,EXECUTE,307557,CYCLES,BACKEND,SUB-EVENT,_MatMul_7:OpId_167 (cycles)
5026509973,EXECUTE,0,CYCLES,BACKEND,SUB-EVENT,_MatMul_7_post_reshape:OpId_170 (cycles)
5026509973,EXECUTE,0,CYCLES,BACKEND,SUB-EVENT,_Sigmoid:OpId_171 (cycles)
5026509973,EXECUTE,288389,CYCLES,BACKEND,SUB-EVENT,_Mul_12:OpId_178 (cycles)
5026509973,EXECUTE,46019,CYCLES,BACKEND,SUB-EVENT,_Mul_13:OpId_180 (cycles)
5026509973,EXECUTE,405051,CYCLES,BACKEND,SUB-EVENT,_MatMul_8:OpId_183 (cycles)
5026509973,EXECUTE,0,CYCLES,BACKEND,SUB-EVENT,_MatMul_8_post_reshape:OpId_186 (cycles)
5026509973,EXECUTE,0,CYCLES,BACKEND,SUB-EVENT,_MatMul_8_output_0_nfc:OpId_188 (cycles)
5026509973,EXECUTE,14855,CYCLES,BACKEND,SUB-EVENT,_Add_9:OpId_190 (cycles)
5026509973,EXECUTE,0,CYCLES,BACKEND,SUB-EVENT,_Cast_2:OpId_192 (cycles)
5026509973,EXECUTE,0,CYCLES,BACKEND,SUB-EVENT,_Cast_3:OpId_193 (cycles)
5026509973,EXECUTE,3187,CYCLES,BACKEND,SUB-EVENT,Output OpId_3 (cycles)
5026509973,EXECUTE,4390,US,BACKEND,ROOT,Accelerator (execute) time
5026509973,EXECUTE,4268,US,BACKEND,ROOT,Accelerator (execute excluding wait) time
5026509973,EXECUTE,11476,US,BACKEND,ROOT,QNN (execute) time
5026523786,EXECUTE,11874,US,NETRUN,ROOT,Graph 0: qwen2_0_5b_layer0_decode_past128_grouped_gqa_delta_kv_fp16
5026523786,EXECUTE,4,COUNT,BACKEND,ROOT,Number of HVX threads used
5026523786,EXECUTE,11454,US,BACKEND,ROOT,RPC (execute) time
5026523786,EXECUTE,9313,US,BACKEND,ROOT,QNN accelerator (execute) time
5026523786,EXECUTE,0,COUNT,BACKEND,ROOT,Num times yield occured
5026523786,EXECUTE,628,US,BACKEND,ROOT,Time for initial VTCM acquire
5026523786,EXECUTE,175,US,BACKEND,ROOT,Time for HVX + HMX power on and acquire
5026523786,EXECUTE,1870996,CYCLES,BACKEND,ROOT,Accelerator (execute) time (cycles)
5026523786,EXECUTE,2311,CYCLES,BACKEND,SUB-EVENT,Input OpId_2 (cycles)
5026523786,EXECUTE,0,CYCLES,BACKEND,SUB-EVENT,past_key_fp32:OpId_16 (cycles)
5026523786,EXECUTE,0,CYCLES,BACKEND,SUB-EVENT,past_value_fp32:OpId_17 (cycles)
5026523786,EXECUTE,29955,CYCLES,BACKEND,SUB-EVENT,hidden_states_ncf:OpId_19 (cycles)
5026523786,EXECUTE,19211,CYCLES,BACKEND,SUB-EVENT,rms_norm__Mul_1_output_0:OpId_24 (cycles)
5026523786,EXECUTE,31619,CYCLES,BACKEND,SUB-EVENT,_MatMul:OpId_29 (cycles)
5026523786,EXECUTE,0,CYCLES,BACKEND,SUB-EVENT,_MatMul_post_reshape:OpId_31 (cycles)
5026523786,EXECUTE,17315,CYCLES,BACKEND,SUB-EVENT,_MatMul_1:OpId_34 (cycles)
5026523786,EXECUTE,16028,CYCLES,BACKEND,SUB-EVENT,_MatMul_1_post_reshape:OpId_36 (cycles)
5026523786,EXECUTE,1572,CYCLES,BACKEND,SUB-EVENT,_MatMul_2:OpId_39 (cycles)
5026523786,EXECUTE,6406,CYCLES,BACKEND,SUB-EVENT,_MatMul_2_post_reshape:OpId_41 (cycles)
5026523786,EXECUTE,562,CYCLES,BACKEND,SUB-EVENT,_Transpose:OpId_43 (cycles)
5026523786,EXECUTE,826,CYCLES,BACKEND,SUB-EVENT,_Transpose_1:OpId_45 (cycles)
5026523786,EXECUTE,616,CYCLES,BACKEND,SUB-EVENT,_Transpose_2:OpId_47 (cycles)
5026523786,EXECUTE,474,CYCLES,BACKEND,SUB-EVENT,_Transpose_2_output_0_nhwc:OpId_49 (cycles)
5026523786,EXECUTE,20027,CYCLES,BACKEND,SUB-EVENT,_Slice:OpId_51 (cycles)
5026523786,EXECUTE,6084,CYCLES,BACKEND,SUB-EVENT,_Slice_1:OpId_57 (cycles)
5026523786,EXECUTE,1956,CYCLES,BACKEND,SUB-EVENT,_Mul_2:OpId_63 (cycles)
5026523786,EXECUTE,1695,CYCLES,BACKEND,SUB-EVENT,_Mul_3:OpId_66 (cycles)
5026523786,EXECUTE,245,CYCLES,BACKEND,SUB-EVENT,_Sub:OpId_68 (cycles)
5026523786,EXECUTE,2021,CYCLES,BACKEND,SUB-EVENT,_Mul_4:OpId_70 (cycles)
5026523786,EXECUTE,1968,CYCLES,BACKEND,SUB-EVENT,_Mul_5:OpId_72 (cycles)
5026523786,EXECUTE,3486,CYCLES,BACKEND,SUB-EVENT,_Add_4:OpId_74 (cycles)
5026523786,EXECUTE,0,CYCLES,BACKEND,SUB-EVENT,_Unsqueeze:OpId_76 (cycles)
5026523786,EXECUTE,0,CYCLES,BACKEND,SUB-EVENT,_Unsqueeze_1:OpId_77 (cycles)
5026523786,EXECUTE,977,CYCLES,BACKEND,SUB-EVENT,_Concat:OpId_78 (cycles)
5026523786,EXECUTE,640,CYCLES,BACKEND,SUB-EVENT,_Reshape_3:OpId_80 (cycles)
5026523786,EXECUTE,26806,CYCLES,BACKEND,SUB-EVENT,_Slice_3:OpId_82 (cycles)
5026523786,EXECUTE,4685,CYCLES,BACKEND,SUB-EVENT,_Slice_4:OpId_88 (cycles)
5026523786,EXECUTE,6341,CYCLES,BACKEND,SUB-EVENT,_Mul_6:OpId_93 (cycles)
5026523786,EXECUTE,4981,CYCLES,BACKEND,SUB-EVENT,_Mul_7:OpId_95 (cycles)
5026523786,EXECUTE,857,CYCLES,BACKEND,SUB-EVENT,_Sub_1:OpId_97 (cycles)
5026523786,EXECUTE,5288,CYCLES,BACKEND,SUB-EVENT,_Mul_8:OpId_99 (cycles)
5026523786,EXECUTE,4875,CYCLES,BACKEND,SUB-EVENT,_Mul_9:OpId_101 (cycles)
5026523786,EXECUTE,1369,CYCLES,BACKEND,SUB-EVENT,_Add_5:OpId_103 (cycles)
5026523786,EXECUTE,0,CYCLES,BACKEND,SUB-EVENT,_Unsqueeze_2:OpId_105 (cycles)
5026523786,EXECUTE,0,CYCLES,BACKEND,SUB-EVENT,_Unsqueeze_3:OpId_106 (cycles)
5026523786,EXECUTE,3350,CYCLES,BACKEND,SUB-EVENT,_Concat_2:OpId_107 (cycles)
5026523786,EXECUTE,0,CYCLES,BACKEND,SUB-EVENT,_Reshape_4:OpId_109 (cycles)
5026523786,EXECUTE,890,CYCLES,BACKEND,SUB-EVENT,_Reshape_4_output_0_nhwc:OpId_111 (cycles)
5026523786,EXECUTE,23766,CYCLES,BACKEND,SUB-EVENT,_Cast_1_output_0_nchw:OpId_113 (cycles)
5026523786,EXECUTE,3444,CYCLES,BACKEND,SUB-EVENT,_Concat_4:OpId_114 (cycles)
5026523786,EXECUTE,373818,CYCLES,BACKEND,SUB-EVENT,_Concat_4_output_0_nchw:OpId_117 (cycles)
5026523786,EXECUTE,3377,CYCLES,BACKEND,SUB-EVENT,_Concat_5:OpId_118 (cycles)
5026523786,EXECUTE,0,CYCLES,BACKEND,SUB-EVENT,_Unsqueeze_4:OpId_120 (cycles)
5026523786,EXECUTE,41336,CYCLES,BACKEND,SUB-EVENT,_MatMul_3:OpId_121 (cycles)
5026523786,EXECUTE,15404,CYCLES,BACKEND,SUB-EVENT,_Div_1:OpId_126 (cycles)
5026523786,EXECUTE,0,CYCLES,BACKEND,SUB-EVENT,_Add_6:OpId_129 (cycles)
5026523786,EXECUTE,25511,CYCLES,BACKEND,SUB-EVENT,_Softmax:OpId_131 (cycles)
5026523786,EXECUTE,0,CYCLES,BACKEND,SUB-EVENT,_Unsqueeze_5:OpId_134 (cycles)
5026523786,EXECUTE,37733,CYCLES,BACKEND,SUB-EVENT,_MatMul_4:OpId_135 (cycles)
5026523786,EXECUTE,0,CYCLES,BACKEND,SUB-EVENT,_Reshape_6:OpId_139 (cycles)
5026523786,EXECUTE,0,CYCLES,BACKEND,SUB-EVENT,_Transpose_4:OpId_141 (cycles)
5026523786,EXECUTE,22282,CYCLES,BACKEND,SUB-EVENT,_MatMul_5:OpId_143 (cycles)
5026523786,EXECUTE,0,CYCLES,BACKEND,SUB-EVENT,_MatMul_5_post_reshape:OpId_146 (cycles)
5026523786,EXECUTE,0,CYCLES,BACKEND,SUB-EVENT,_MatMul_5_output_0_nfc:OpId_148 (cycles)
5026523786,EXECUTE,57121,CYCLES,BACKEND,SUB-EVENT,_Add_7:OpId_150 (cycles)
5026523786,EXECUTE,235,CYCLES,BACKEND,SUB-EVENT,_Add_7_output_0_ncf:OpId_153 (cycles)
5026523786,EXECUTE,2018,CYCLES,BACKEND,SUB-EVENT,rms_norm__Mul_11_output_0:OpId_158 (cycles)
5026523786,EXECUTE,0,CYCLES,BACKEND,SUB-EVENT,_MatMul_6:OpId_162 (cycles)
5026523786,EXECUTE,0,CYCLES,BACKEND,SUB-EVENT,_MatMul_6_post_reshape:OpId_165 (cycles)
5026523786,EXECUTE,312588,CYCLES,BACKEND,SUB-EVENT,_MatMul_7:OpId_167 (cycles)
5026523786,EXECUTE,0,CYCLES,BACKEND,SUB-EVENT,_MatMul_7_post_reshape:OpId_170 (cycles)
5026523786,EXECUTE,0,CYCLES,BACKEND,SUB-EVENT,_Sigmoid:OpId_171 (cycles)
5026523786,EXECUTE,271784,CYCLES,BACKEND,SUB-EVENT,_Mul_12:OpId_178 (cycles)
5026523786,EXECUTE,37666,CYCLES,BACKEND,SUB-EVENT,_Mul_13:OpId_180 (cycles)
5026523786,EXECUTE,399746,CYCLES,BACKEND,SUB-EVENT,_MatMul_8:OpId_183 (cycles)
5026523786,EXECUTE,0,CYCLES,BACKEND,SUB-EVENT,_MatMul_8_post_reshape:OpId_186 (cycles)
5026523786,EXECUTE,0,CYCLES,BACKEND,SUB-EVENT,_MatMul_8_output_0_nfc:OpId_188 (cycles)
5026523786,EXECUTE,15247,CYCLES,BACKEND,SUB-EVENT,_Add_9:OpId_190 (cycles)
5026523786,EXECUTE,0,CYCLES,BACKEND,SUB-EVENT,_Cast_2:OpId_192 (cycles)
5026523786,EXECUTE,0,CYCLES,BACKEND,SUB-EVENT,_Cast_3:OpId_193 (cycles)
5026523786,EXECUTE,2484,CYCLES,BACKEND,SUB-EVENT,Output OpId_3 (cycles)
5026523786,EXECUTE,4417,US,BACKEND,ROOT,Accelerator (execute) time
5026523786,EXECUTE,4288,US,BACKEND,ROOT,Accelerator (execute excluding wait) time
5026523786,EXECUTE,11851,US,BACKEND,ROOT,QNN (execute) time
5026538017,EXECUTE,11767,US,NETRUN,ROOT,Graph 0: qwen2_0_5b_layer0_decode_past128_grouped_gqa_delta_kv_fp16
5026538017,EXECUTE,4,COUNT,BACKEND,ROOT,Number of HVX threads used
5026538017,EXECUTE,11324,US,BACKEND,ROOT,RPC (execute) time
5026538017,EXECUTE,9184,US,BACKEND,ROOT,QNN accelerator (execute) time
5026538017,EXECUTE,0,COUNT,BACKEND,ROOT,Num times yield occured
5026538017,EXECUTE,642,US,BACKEND,ROOT,Time for initial VTCM acquire
5026538017,EXECUTE,213,US,BACKEND,ROOT,Time for HVX + HMX power on and acquire
5026538017,EXECUTE,1892067,CYCLES,BACKEND,ROOT,Accelerator (execute) time (cycles)
5026538017,EXECUTE,2551,CYCLES,BACKEND,SUB-EVENT,Input OpId_2 (cycles)
5026538017,EXECUTE,0,CYCLES,BACKEND,SUB-EVENT,past_key_fp32:OpId_16 (cycles)
5026538017,EXECUTE,0,CYCLES,BACKEND,SUB-EVENT,past_value_fp32:OpId_17 (cycles)
5026538017,EXECUTE,32241,CYCLES,BACKEND,SUB-EVENT,hidden_states_ncf:OpId_19 (cycles)
5026538017,EXECUTE,25499,CYCLES,BACKEND,SUB-EVENT,rms_norm__Mul_1_output_0:OpId_24 (cycles)
5026538017,EXECUTE,29417,CYCLES,BACKEND,SUB-EVENT,_MatMul:OpId_29 (cycles)
5026538017,EXECUTE,0,CYCLES,BACKEND,SUB-EVENT,_MatMul_post_reshape:OpId_31 (cycles)
5026538017,EXECUTE,18340,CYCLES,BACKEND,SUB-EVENT,_MatMul_1:OpId_34 (cycles)
5026538017,EXECUTE,18452,CYCLES,BACKEND,SUB-EVENT,_MatMul_1_post_reshape:OpId_36 (cycles)
5026538017,EXECUTE,1492,CYCLES,BACKEND,SUB-EVENT,_MatMul_2:OpId_39 (cycles)
5026538017,EXECUTE,8845,CYCLES,BACKEND,SUB-EVENT,_MatMul_2_post_reshape:OpId_41 (cycles)
5026538017,EXECUTE,522,CYCLES,BACKEND,SUB-EVENT,_Transpose:OpId_43 (cycles)
5026538017,EXECUTE,878,CYCLES,BACKEND,SUB-EVENT,_Transpose_1:OpId_45 (cycles)
5026538017,EXECUTE,645,CYCLES,BACKEND,SUB-EVENT,_Transpose_2:OpId_47 (cycles)
5026538017,EXECUTE,503,CYCLES,BACKEND,SUB-EVENT,_Transpose_2_output_0_nhwc:OpId_49 (cycles)
5026538017,EXECUTE,21204,CYCLES,BACKEND,SUB-EVENT,_Slice:OpId_51 (cycles)
5026538017,EXECUTE,5342,CYCLES,BACKEND,SUB-EVENT,_Slice_1:OpId_57 (cycles)
5026538017,EXECUTE,2009,CYCLES,BACKEND,SUB-EVENT,_Mul_2:OpId_63 (cycles)
5026538017,EXECUTE,1633,CYCLES,BACKEND,SUB-EVENT,_Mul_3:OpId_66 (cycles)
5026538017,EXECUTE,261,CYCLES,BACKEND,SUB-EVENT,_Sub:OpId_68 (cycles)
5026538017,EXECUTE,1989,CYCLES,BACKEND,SUB-EVENT,_Mul_4:OpId_70 (cycles)
5026538017,EXECUTE,1994,CYCLES,BACKEND,SUB-EVENT,_Mul_5:OpId_72 (cycles)
5026538017,EXECUTE,3184,CYCLES,BACKEND,SUB-EVENT,_Add_4:OpId_74 (cycles)
5026538017,EXECUTE,0,CYCLES,BACKEND,SUB-EVENT,_Unsqueeze:OpId_76 (cycles)
5026538017,EXECUTE,0,CYCLES,BACKEND,SUB-EVENT,_Unsqueeze_1:OpId_77 (cycles)
5026538017,EXECUTE,896,CYCLES,BACKEND,SUB-EVENT,_Concat:OpId_78 (cycles)
5026538017,EXECUTE,577,CYCLES,BACKEND,SUB-EVENT,_Reshape_3:OpId_80 (cycles)
5026538017,EXECUTE,26064,CYCLES,BACKEND,SUB-EVENT,_Slice_3:OpId_82 (cycles)
5026538017,EXECUTE,4600,CYCLES,BACKEND,SUB-EVENT,_Slice_4:OpId_88 (cycles)
5026538017,EXECUTE,6630,CYCLES,BACKEND,SUB-EVENT,_Mul_6:OpId_93 (cycles)
5026538017,EXECUTE,5789,CYCLES,BACKEND,SUB-EVENT,_Mul_7:OpId_95 (cycles)
5026538017,EXECUTE,687,CYCLES,BACKEND,SUB-EVENT,_Sub_1:OpId_97 (cycles)
5026538017,EXECUTE,6594,CYCLES,BACKEND,SUB-EVENT,_Mul_8:OpId_99 (cycles)
5026538017,EXECUTE,5728,CYCLES,BACKEND,SUB-EVENT,_Mul_9:OpId_101 (cycles)
5026538017,EXECUTE,1335,CYCLES,BACKEND,SUB-EVENT,_Add_5:OpId_103 (cycles)
5026538017,EXECUTE,0,CYCLES,BACKEND,SUB-EVENT,_Unsqueeze_2:OpId_105 (cycles)
5026538017,EXECUTE,0,CYCLES,BACKEND,SUB-EVENT,_Unsqueeze_3:OpId_106 (cycles)
5026538017,EXECUTE,2389,CYCLES,BACKEND,SUB-EVENT,_Concat_2:OpId_107 (cycles)
5026538017,EXECUTE,0,CYCLES,BACKEND,SUB-EVENT,_Reshape_4:OpId_109 (cycles)
5026538017,EXECUTE,1248,CYCLES,BACKEND,SUB-EVENT,_Reshape_4_output_0_nhwc:OpId_111 (cycles)
5026538017,EXECUTE,24066,CYCLES,BACKEND,SUB-EVENT,_Cast_1_output_0_nchw:OpId_113 (cycles)
5026538017,EXECUTE,4603,CYCLES,BACKEND,SUB-EVENT,_Concat_4:OpId_114 (cycles)
5026538017,EXECUTE,379441,CYCLES,BACKEND,SUB-EVENT,_Concat_4_output_0_nchw:OpId_117 (cycles)
5026538017,EXECUTE,4182,CYCLES,BACKEND,SUB-EVENT,_Concat_5:OpId_118 (cycles)
5026538017,EXECUTE,0,CYCLES,BACKEND,SUB-EVENT,_Unsqueeze_4:OpId_120 (cycles)
5026538017,EXECUTE,39687,CYCLES,BACKEND,SUB-EVENT,_MatMul_3:OpId_121 (cycles)
5026538017,EXECUTE,14115,CYCLES,BACKEND,SUB-EVENT,_Div_1:OpId_126 (cycles)
5026538017,EXECUTE,0,CYCLES,BACKEND,SUB-EVENT,_Add_6:OpId_129 (cycles)
5026538017,EXECUTE,28195,CYCLES,BACKEND,SUB-EVENT,_Softmax:OpId_131 (cycles)
5026538017,EXECUTE,0,CYCLES,BACKEND,SUB-EVENT,_Unsqueeze_5:OpId_134 (cycles)
5026538017,EXECUTE,37247,CYCLES,BACKEND,SUB-EVENT,_MatMul_4:OpId_135 (cycles)
5026538017,EXECUTE,0,CYCLES,BACKEND,SUB-EVENT,_Reshape_6:OpId_139 (cycles)
5026538017,EXECUTE,0,CYCLES,BACKEND,SUB-EVENT,_Transpose_4:OpId_141 (cycles)
5026538017,EXECUTE,13812,CYCLES,BACKEND,SUB-EVENT,_MatMul_5:OpId_143 (cycles)
5026538017,EXECUTE,0,CYCLES,BACKEND,SUB-EVENT,_MatMul_5_post_reshape:OpId_146 (cycles)
5026538017,EXECUTE,0,CYCLES,BACKEND,SUB-EVENT,_MatMul_5_output_0_nfc:OpId_148 (cycles)
5026538017,EXECUTE,54122,CYCLES,BACKEND,SUB-EVENT,_Add_7:OpId_150 (cycles)
5026538017,EXECUTE,218,CYCLES,BACKEND,SUB-EVENT,_Add_7_output_0_ncf:OpId_153 (cycles)
5026538017,EXECUTE,2057,CYCLES,BACKEND,SUB-EVENT,rms_norm__Mul_11_output_0:OpId_158 (cycles)
5026538017,EXECUTE,0,CYCLES,BACKEND,SUB-EVENT,_MatMul_6:OpId_162 (cycles)
5026538017,EXECUTE,0,CYCLES,BACKEND,SUB-EVENT,_MatMul_6_post_reshape:OpId_165 (cycles)
5026538017,EXECUTE,313810,CYCLES,BACKEND,SUB-EVENT,_MatMul_7:OpId_167 (cycles)
5026538017,EXECUTE,0,CYCLES,BACKEND,SUB-EVENT,_MatMul_7_post_reshape:OpId_170 (cycles)
5026538017,EXECUTE,0,CYCLES,BACKEND,SUB-EVENT,_Sigmoid:OpId_171 (cycles)
5026538017,EXECUTE,282851,CYCLES,BACKEND,SUB-EVENT,_Mul_12:OpId_178 (cycles)
5026538017,EXECUTE,35802,CYCLES,BACKEND,SUB-EVENT,_Mul_13:OpId_180 (cycles)
5026538017,EXECUTE,400499,CYCLES,BACKEND,SUB-EVENT,_MatMul_8:OpId_183 (cycles)
5026538017,EXECUTE,0,CYCLES,BACKEND,SUB-EVENT,_MatMul_8_post_reshape:OpId_186 (cycles)
5026538017,EXECUTE,0,CYCLES,BACKEND,SUB-EVENT,_MatMul_8_output_0_nfc:OpId_188 (cycles)
5026538017,EXECUTE,15130,CYCLES,BACKEND,SUB-EVENT,_Add_9:OpId_190 (cycles)
5026538017,EXECUTE,0,CYCLES,BACKEND,SUB-EVENT,_Cast_2:OpId_192 (cycles)
5026538017,EXECUTE,0,CYCLES,BACKEND,SUB-EVENT,_Cast_3:OpId_193 (cycles)
5026538017,EXECUTE,2692,CYCLES,BACKEND,SUB-EVENT,Output OpId_3 (cycles)
5026538017,EXECUTE,4452,US,BACKEND,ROOT,Accelerator (execute) time
5026538017,EXECUTE,4316,US,BACKEND,ROOT,Accelerator (execute excluding wait) time
5026538017,EXECUTE,11741,US,BACKEND,ROOT,QNN (execute) time
5026539256,EXECUTE IPS,73.452721,INF/SEC,NETRUN,ROOT,null
