input log file location, qwen_block_custom_qnn/device_output/q_proj_device_q13_4x128_unroll2_layer0_prefill_seq16/qnn-profiling-data_0.log
qnn-profile-viewer version, v2.47.0.260601114230
qnn-net-run version, v2.47.0.260601114230
Backend version, v2.47.0.260601114230
Msg Timestamp, Message, Time, Unit of Measurement, Timing Source, Event Level, Event Identifier
1813389974,INIT,451125,US,NETRUN,ROOT,null
1813492957,COMPOSE GRAPHS,101453,US,NETRUN,ROOT,null
1813836474,FINALIZE,343067,US,NETRUN,ROOT,Graph 0: qwen2_0_5b_layer0_prefill_seq16
1813836474,FINALIZE,7654,US,BACKEND,ROOT,RPC (finalize) time
1813836474,FINALIZE,5805,US,BACKEND,ROOT,QNN accelerator (finalize) time
1813836474,FINALIZE,5647,US,BACKEND,ROOT,Accelerator (finalize) time
1813836474,FINALIZE,343019,US,BACKEND,ROOT,QNN (finalize) time
1813836474,FINALIZE,163,US,BACKEND,SUB-EVENT,Graph Preparation Initializing
1813836474,FINALIZE,247321,US,BACKEND,SUB-EVENT,Graph Optimizations
1813836474,FINALIZE,3691,US,BACKEND,SUB-EVENT,Post Graph Optimization
1813836474,FINALIZE,19829,US,BACKEND,SUB-EVENT,Graph Sequencing for Target
1813836474,FINALIZE,4575,US,BACKEND,SUB-EVENT,VTCM Allocation
1813836474,FINALIZE,1882,US,BACKEND,SUB-EVENT,Parallelization Optimization
1813836474,FINALIZE,2323,US,BACKEND,SUB-EVENT,Finalizing Graph Sequence
1813836474,FINALIZE,87,US,BACKEND,SUB-EVENT,Completion
1814083478,DE-INIT,46395,US,NETRUN,ROOT,null
1814083478,DE-INIT,10795,US,BACKEND,ROOT,RPC (deinit) time
1814083478,DE-INIT,8471,US,BACKEND,ROOT,QNN Accelerator (deinit) time
1814083478,DE-INIT,8302,US,BACKEND,ROOT,Accelerator (deinit) time
1814083478,DE-INIT,46378,US,BACKEND,ROOT,QNN (deinit) time
1813863660,EXECUTE,26228,US,NETRUN,ROOT,Graph 0: qwen2_0_5b_layer0_prefill_seq16
1813863660,EXECUTE,4,COUNT,BACKEND,ROOT,Number of HVX threads used
1813863660,EXECUTE,25767,US,BACKEND,ROOT,RPC (execute) time
1813863660,EXECUTE,20531,US,BACKEND,ROOT,QNN accelerator (execute) time
1813863660,EXECUTE,0,COUNT,BACKEND,ROOT,Num times yield occured
1813863660,EXECUTE,714,US,BACKEND,ROOT,Time for initial VTCM acquire
1813863660,EXECUTE,34448,US,BACKEND,ROOT,Time for HVX + HMX power on and acquire
1813863660,EXECUTE,1865838,CYCLES,BACKEND,ROOT,Accelerator (execute) time (cycles)
1813863660,EXECUTE,4695,CYCLES,BACKEND,SUB-EVENT,Input OpId_2 (cycles)
1813863660,EXECUTE,0,CYCLES,BACKEND,SUB-EVENT,hidden_states_nfc:OpId_17 (cycles)
1813863660,EXECUTE,68697,CYCLES,BACKEND,SUB-EVENT,rms_norm__Mul_1_output_0:OpId_22 (cycles)
1813863660,EXECUTE,0,CYCLES,BACKEND,SUB-EVENT,_MatMul_2_pre_reshape:OpId_25 (cycles)
1813863660,EXECUTE,0,CYCLES,BACKEND,SUB-EVENT,_MatMul_1_pre_reshape:OpId_26 (cycles)
1813863660,EXECUTE,0,CYCLES,BACKEND,SUB-EVENT,_MatMul_pre_reshape:OpId_27 (cycles)
1813863660,EXECUTE,31625,CYCLES,BACKEND,SUB-EVENT,OpId_28 (cycles)
1813863660,EXECUTE,0,CYCLES,BACKEND,SUB-EVENT,_MatMul_lhs_reshape:OpId_30 (cycles)
1813863660,EXECUTE,0,CYCLES,BACKEND,SUB-EVENT,_MatMul_lhs_cast_fp16:OpId_31 (cycles)
1813863660,EXECUTE,659816,CYCLES,BACKEND,SUB-EVENT,_MatMul:OpId_32 (cycles)
1813863660,EXECUTE,0,CYCLES,BACKEND,SUB-EVENT,_MatMul_custom_output_reshape:OpId_33 (cycles)
1813863660,EXECUTE,76511,CYCLES,BACKEND,SUB-EVENT,_MatMul_bias_add:OpId_34 (cycles)
1813863660,EXECUTE,0,CYCLES,BACKEND,SUB-EVENT,_MatMul_post_reshape:OpId_36 (cycles)
1813863660,EXECUTE,0,CYCLES,BACKEND,SUB-EVENT,_MatMul_1:OpId_39 (cycles)
1813863660,EXECUTE,0,CYCLES,BACKEND,SUB-EVENT,_MatMul_1_post_reshape:OpId_41 (cycles)
1813863660,EXECUTE,0,CYCLES,BACKEND,SUB-EVENT,_MatMul_2:OpId_44 (cycles)
1813863660,EXECUTE,0,CYCLES,BACKEND,SUB-EVENT,_MatMul_2_post_reshape:OpId_46 (cycles)
1813863660,EXECUTE,24491,CYCLES,BACKEND,SUB-EVENT,_Transpose:OpId_48 (cycles)
1813863660,EXECUTE,5530,CYCLES,BACKEND,SUB-EVENT,_Transpose_1:OpId_50 (cycles)
1813863660,EXECUTE,7373,CYCLES,BACKEND,SUB-EVENT,_Transpose_2:OpId_52 (cycles)
1813863660,EXECUTE,22752,CYCLES,BACKEND,SUB-EVENT,_Slice:OpId_54 (cycles)
1813863660,EXECUTE,7711,CYCLES,BACKEND,SUB-EVENT,_Slice_1:OpId_60 (cycles)
1813863660,EXECUTE,5612,CYCLES,BACKEND,SUB-EVENT,_Mul_2:OpId_66 (cycles)
1813863660,EXECUTE,4820,CYCLES,BACKEND,SUB-EVENT,_Mul_3:OpId_69 (cycles)
1813863660,EXECUTE,887,CYCLES,BACKEND,SUB-EVENT,_Sub:OpId_71 (cycles)
1813863660,EXECUTE,5472,CYCLES,BACKEND,SUB-EVENT,_Mul_4:OpId_73 (cycles)
1813863660,EXECUTE,4417,CYCLES,BACKEND,SUB-EVENT,_Mul_5:OpId_75 (cycles)
1813863660,EXECUTE,755,CYCLES,BACKEND,SUB-EVENT,_Add_4:OpId_77 (cycles)
1813863660,EXECUTE,0,CYCLES,BACKEND,SUB-EVENT,_Unsqueeze:OpId_79 (cycles)
1813863660,EXECUTE,0,CYCLES,BACKEND,SUB-EVENT,_Unsqueeze_1:OpId_80 (cycles)
1813863660,EXECUTE,3901,CYCLES,BACKEND,SUB-EVENT,_Concat:OpId_81 (cycles)
1813863660,EXECUTE,0,CYCLES,BACKEND,SUB-EVENT,_Reshape_3:OpId_83 (cycles)
1813863660,EXECUTE,23866,CYCLES,BACKEND,SUB-EVENT,_Slice_3:OpId_85 (cycles)
1813863660,EXECUTE,5125,CYCLES,BACKEND,SUB-EVENT,_Slice_4:OpId_91 (cycles)
1813863660,EXECUTE,3956,CYCLES,BACKEND,SUB-EVENT,_Mul_6:OpId_96 (cycles)
1813863660,EXECUTE,1836,CYCLES,BACKEND,SUB-EVENT,_Mul_7:OpId_98 (cycles)
1813863660,EXECUTE,980,CYCLES,BACKEND,SUB-EVENT,_Sub_1:OpId_100 (cycles)
1813863660,EXECUTE,3837,CYCLES,BACKEND,SUB-EVENT,_Mul_8:OpId_102 (cycles)
1813863660,EXECUTE,1892,CYCLES,BACKEND,SUB-EVENT,_Mul_9:OpId_104 (cycles)
1813863660,EXECUTE,1012,CYCLES,BACKEND,SUB-EVENT,_Add_5:OpId_106 (cycles)
1813863660,EXECUTE,0,CYCLES,BACKEND,SUB-EVENT,_Unsqueeze_2:OpId_108 (cycles)
1813863660,EXECUTE,0,CYCLES,BACKEND,SUB-EVENT,_Unsqueeze_3:OpId_109 (cycles)
1813863660,EXECUTE,3130,CYCLES,BACKEND,SUB-EVENT,_Concat_2:OpId_110 (cycles)
1813863660,EXECUTE,1793,CYCLES,BACKEND,SUB-EVENT,_Reshape_4:OpId_112 (cycles)
1813863660,EXECUTE,0,CYCLES,BACKEND,SUB-EVENT,_Unsqueeze_4:OpId_113 (cycles)
1813863660,EXECUTE,2303,CYCLES,BACKEND,SUB-EVENT,_Tile:OpId_115 (cycles)
1813863660,EXECUTE,0,CYCLES,BACKEND,SUB-EVENT,_Reshape_5:OpId_116 (cycles)
1813863660,EXECUTE,0,CYCLES,BACKEND,SUB-EVENT,_Unsqueeze_5:OpId_117 (cycles)
1813863660,EXECUTE,2898,CYCLES,BACKEND,SUB-EVENT,_Tile_1:OpId_119 (cycles)
1813863660,EXECUTE,0,CYCLES,BACKEND,SUB-EVENT,_Reshape_6:OpId_120 (cycles)
1813863660,EXECUTE,0,CYCLES,BACKEND,SUB-EVENT,_Transpose_3:OpId_122 (cycles)
1813863660,EXECUTE,67681,CYCLES,BACKEND,SUB-EVENT,_MatMul_3:OpId_123 (cycles)
1813863660,EXECUTE,11583,CYCLES,BACKEND,SUB-EVENT,_Div_1:OpId_128 (cycles)
1813863660,EXECUTE,3040,CYCLES,BACKEND,SUB-EVENT,_Add_6:OpId_131 (cycles)
1813863660,EXECUTE,51417,CYCLES,BACKEND,SUB-EVENT,_Softmax:OpId_133 (cycles)
1813863660,EXECUTE,15390,CYCLES,BACKEND,SUB-EVENT,_MatMul_4:OpId_136 (cycles)
1813863660,EXECUTE,0,CYCLES,BACKEND,SUB-EVENT,_Transpose_4:OpId_141 (cycles)
1813863660,EXECUTE,0,CYCLES,BACKEND,SUB-EVENT,_Reshape_7:OpId_142 (cycles)
1813863660,EXECUTE,9570,CYCLES,BACKEND,SUB-EVENT,_MatMul_5:OpId_144 (cycles)
1813863660,EXECUTE,0,CYCLES,BACKEND,SUB-EVENT,_MatMul_5_post_reshape:OpId_147 (cycles)
1813863660,EXECUTE,0,CYCLES,BACKEND,SUB-EVENT,_MatMul_5_output_0_nfc:OpId_149 (cycles)
1813863660,EXECUTE,2665,CYCLES,BACKEND,SUB-EVENT,_Add_7:OpId_151 (cycles)
1813863660,EXECUTE,0,CYCLES,BACKEND,SUB-EVENT,_Add_7_output_0_ncf:OpId_154 (cycles)
1813863660,EXECUTE,12146,CYCLES,BACKEND,SUB-EVENT,rms_norm__Mul_11_output_0:OpId_159 (cycles)
1813863660,EXECUTE,0,CYCLES,BACKEND,SUB-EVENT,_MatMul_7_pre_reshape:OpId_162 (cycles)
1813863660,EXECUTE,0,CYCLES,BACKEND,SUB-EVENT,_MatMul_6_pre_reshape:OpId_163 (cycles)
1813863660,EXECUTE,150589,CYCLES,BACKEND,SUB-EVENT,_MatMul_6:OpId_165 (cycles)
1813863660,EXECUTE,0,CYCLES,BACKEND,SUB-EVENT,_MatMul_6_post_reshape:OpId_168 (cycles)
1813863660,EXECUTE,111848,CYCLES,BACKEND,SUB-EVENT,_MatMul_7:OpId_170 (cycles)
1813863660,EXECUTE,0,CYCLES,BACKEND,SUB-EVENT,_MatMul_7_post_reshape:OpId_173 (cycles)
1813863660,EXECUTE,0,CYCLES,BACKEND,SUB-EVENT,_Sigmoid:OpId_174 (cycles)
1813863660,EXECUTE,179271,CYCLES,BACKEND,SUB-EVENT,_Mul_12:OpId_181 (cycles)
1813863660,EXECUTE,78248,CYCLES,BACKEND,SUB-EVENT,_Mul_13:OpId_183 (cycles)
1813863660,EXECUTE,0,CYCLES,BACKEND,SUB-EVENT,_MatMul_8_pre_reshape:OpId_185 (cycles)
1813863660,EXECUTE,140137,CYCLES,BACKEND,SUB-EVENT,_MatMul_8:OpId_187 (cycles)
1813863660,EXECUTE,0,CYCLES,BACKEND,SUB-EVENT,_MatMul_8_post_reshape:OpId_190 (cycles)
1813863660,EXECUTE,0,CYCLES,BACKEND,SUB-EVENT,_MatMul_8_output_0_nfc:OpId_192 (cycles)
1813863660,EXECUTE,7074,CYCLES,BACKEND,SUB-EVENT,_Add_9:OpId_194 (cycles)
1813863660,EXECUTE,29489,CYCLES,BACKEND,SUB-EVENT,hidden_out_ncf:OpId_197 (cycles)
1813863660,EXECUTE,7997,CYCLES,BACKEND,SUB-EVENT,Output OpId_3 (cycles)
1813863660,EXECUTE,4132,US,BACKEND,ROOT,Accelerator (execute) time
1813863660,EXECUTE,2236,US,BACKEND,ROOT,Accelerator (execute excluding wait) time
1813863660,EXECUTE,26201,US,BACKEND,ROOT,QNN (execute) time
1813881038,EXECUTE,11097,US,NETRUN,ROOT,Graph 0: qwen2_0_5b_layer0_prefill_seq16
1813881038,EXECUTE,4,COUNT,BACKEND,ROOT,Number of HVX threads used
1813881038,EXECUTE,10370,US,BACKEND,ROOT,RPC (execute) time
1813881038,EXECUTE,7860,US,BACKEND,ROOT,QNN accelerator (execute) time
1813881038,EXECUTE,0,COUNT,BACKEND,ROOT,Num times yield occured
1813881038,EXECUTE,626,US,BACKEND,ROOT,Time for initial VTCM acquire
1813881038,EXECUTE,232,US,BACKEND,ROOT,Time for HVX + HMX power on and acquire
1813881038,EXECUTE,1936519,CYCLES,BACKEND,ROOT,Accelerator (execute) time (cycles)
1813881038,EXECUTE,1783,CYCLES,BACKEND,SUB-EVENT,Input OpId_2 (cycles)
1813881038,EXECUTE,0,CYCLES,BACKEND,SUB-EVENT,hidden_states_nfc:OpId_17 (cycles)
1813881038,EXECUTE,139247,CYCLES,BACKEND,SUB-EVENT,rms_norm__Mul_1_output_0:OpId_22 (cycles)
1813881038,EXECUTE,0,CYCLES,BACKEND,SUB-EVENT,_MatMul_2_pre_reshape:OpId_25 (cycles)
1813881038,EXECUTE,0,CYCLES,BACKEND,SUB-EVENT,_MatMul_1_pre_reshape:OpId_26 (cycles)
1813881038,EXECUTE,0,CYCLES,BACKEND,SUB-EVENT,_MatMul_pre_reshape:OpId_27 (cycles)
1813881038,EXECUTE,2401,CYCLES,BACKEND,SUB-EVENT,OpId_28 (cycles)
1813881038,EXECUTE,0,CYCLES,BACKEND,SUB-EVENT,_MatMul_lhs_reshape:OpId_30 (cycles)
1813881038,EXECUTE,0,CYCLES,BACKEND,SUB-EVENT,_MatMul_lhs_cast_fp16:OpId_31 (cycles)
1813881038,EXECUTE,673520,CYCLES,BACKEND,SUB-EVENT,_MatMul:OpId_32 (cycles)
1813881038,EXECUTE,0,CYCLES,BACKEND,SUB-EVENT,_MatMul_custom_output_reshape:OpId_33 (cycles)
1813881038,EXECUTE,95404,CYCLES,BACKEND,SUB-EVENT,_MatMul_bias_add:OpId_34 (cycles)
1813881038,EXECUTE,0,CYCLES,BACKEND,SUB-EVENT,_MatMul_post_reshape:OpId_36 (cycles)
1813881038,EXECUTE,0,CYCLES,BACKEND,SUB-EVENT,_MatMul_1:OpId_39 (cycles)
1813881038,EXECUTE,0,CYCLES,BACKEND,SUB-EVENT,_MatMul_1_post_reshape:OpId_41 (cycles)
1813881038,EXECUTE,0,CYCLES,BACKEND,SUB-EVENT,_MatMul_2:OpId_44 (cycles)
1813881038,EXECUTE,0,CYCLES,BACKEND,SUB-EVENT,_MatMul_2_post_reshape:OpId_46 (cycles)
1813881038,EXECUTE,25368,CYCLES,BACKEND,SUB-EVENT,_Transpose:OpId_48 (cycles)
1813881038,EXECUTE,6553,CYCLES,BACKEND,SUB-EVENT,_Transpose_1:OpId_50 (cycles)
1813881038,EXECUTE,10811,CYCLES,BACKEND,SUB-EVENT,_Transpose_2:OpId_52 (cycles)
1813881038,EXECUTE,23049,CYCLES,BACKEND,SUB-EVENT,_Slice:OpId_54 (cycles)
1813881038,EXECUTE,7914,CYCLES,BACKEND,SUB-EVENT,_Slice_1:OpId_60 (cycles)
1813881038,EXECUTE,5896,CYCLES,BACKEND,SUB-EVENT,_Mul_2:OpId_66 (cycles)
1813881038,EXECUTE,4850,CYCLES,BACKEND,SUB-EVENT,_Mul_3:OpId_69 (cycles)
1813881038,EXECUTE,1549,CYCLES,BACKEND,SUB-EVENT,_Sub:OpId_71 (cycles)
1813881038,EXECUTE,5899,CYCLES,BACKEND,SUB-EVENT,_Mul_4:OpId_73 (cycles)
1813881038,EXECUTE,4674,CYCLES,BACKEND,SUB-EVENT,_Mul_5:OpId_75 (cycles)
1813881038,EXECUTE,2941,CYCLES,BACKEND,SUB-EVENT,_Add_4:OpId_77 (cycles)
1813881038,EXECUTE,0,CYCLES,BACKEND,SUB-EVENT,_Unsqueeze:OpId_79 (cycles)
1813881038,EXECUTE,0,CYCLES,BACKEND,SUB-EVENT,_Unsqueeze_1:OpId_80 (cycles)
1813881038,EXECUTE,4001,CYCLES,BACKEND,SUB-EVENT,_Concat:OpId_81 (cycles)
1813881038,EXECUTE,0,CYCLES,BACKEND,SUB-EVENT,_Reshape_3:OpId_83 (cycles)
1813881038,EXECUTE,33032,CYCLES,BACKEND,SUB-EVENT,_Slice_3:OpId_85 (cycles)
1813881038,EXECUTE,5337,CYCLES,BACKEND,SUB-EVENT,_Slice_4:OpId_91 (cycles)
1813881038,EXECUTE,7151,CYCLES,BACKEND,SUB-EVENT,_Mul_6:OpId_96 (cycles)
1813881038,EXECUTE,3587,CYCLES,BACKEND,SUB-EVENT,_Mul_7:OpId_98 (cycles)
1813881038,EXECUTE,1099,CYCLES,BACKEND,SUB-EVENT,_Sub_1:OpId_100 (cycles)
1813881038,EXECUTE,7088,CYCLES,BACKEND,SUB-EVENT,_Mul_8:OpId_102 (cycles)
1813881038,EXECUTE,3543,CYCLES,BACKEND,SUB-EVENT,_Mul_9:OpId_104 (cycles)
1813881038,EXECUTE,1297,CYCLES,BACKEND,SUB-EVENT,_Add_5:OpId_106 (cycles)
1813881038,EXECUTE,0,CYCLES,BACKEND,SUB-EVENT,_Unsqueeze_2:OpId_108 (cycles)
1813881038,EXECUTE,0,CYCLES,BACKEND,SUB-EVENT,_Unsqueeze_3:OpId_109 (cycles)
1813881038,EXECUTE,3163,CYCLES,BACKEND,SUB-EVENT,_Concat_2:OpId_110 (cycles)
1813881038,EXECUTE,1724,CYCLES,BACKEND,SUB-EVENT,_Reshape_4:OpId_112 (cycles)
1813881038,EXECUTE,0,CYCLES,BACKEND,SUB-EVENT,_Unsqueeze_4:OpId_113 (cycles)
1813881038,EXECUTE,3990,CYCLES,BACKEND,SUB-EVENT,_Tile:OpId_115 (cycles)
1813881038,EXECUTE,0,CYCLES,BACKEND,SUB-EVENT,_Reshape_5:OpId_116 (cycles)
1813881038,EXECUTE,0,CYCLES,BACKEND,SUB-EVENT,_Unsqueeze_5:OpId_117 (cycles)
1813881038,EXECUTE,6555,CYCLES,BACKEND,SUB-EVENT,_Tile_1:OpId_119 (cycles)
1813881038,EXECUTE,0,CYCLES,BACKEND,SUB-EVENT,_Reshape_6:OpId_120 (cycles)
1813881038,EXECUTE,0,CYCLES,BACKEND,SUB-EVENT,_Transpose_3:OpId_122 (cycles)
1813881038,EXECUTE,76457,CYCLES,BACKEND,SUB-EVENT,_MatMul_3:OpId_123 (cycles)
1813881038,EXECUTE,13284,CYCLES,BACKEND,SUB-EVENT,_Div_1:OpId_128 (cycles)
1813881038,EXECUTE,8054,CYCLES,BACKEND,SUB-EVENT,_Add_6:OpId_131 (cycles)
1813881038,EXECUTE,59692,CYCLES,BACKEND,SUB-EVENT,_Softmax:OpId_133 (cycles)
1813881038,EXECUTE,17181,CYCLES,BACKEND,SUB-EVENT,_MatMul_4:OpId_136 (cycles)
1813881038,EXECUTE,0,CYCLES,BACKEND,SUB-EVENT,_Transpose_4:OpId_141 (cycles)
1813881038,EXECUTE,0,CYCLES,BACKEND,SUB-EVENT,_Reshape_7:OpId_142 (cycles)
1813881038,EXECUTE,14848,CYCLES,BACKEND,SUB-EVENT,_MatMul_5:OpId_144 (cycles)
1813881038,EXECUTE,0,CYCLES,BACKEND,SUB-EVENT,_MatMul_5_post_reshape:OpId_147 (cycles)
1813881038,EXECUTE,0,CYCLES,BACKEND,SUB-EVENT,_MatMul_5_output_0_nfc:OpId_149 (cycles)
1813881038,EXECUTE,2633,CYCLES,BACKEND,SUB-EVENT,_Add_7:OpId_151 (cycles)
1813881038,EXECUTE,0,CYCLES,BACKEND,SUB-EVENT,_Add_7_output_0_ncf:OpId_154 (cycles)
1813881038,EXECUTE,13074,CYCLES,BACKEND,SUB-EVENT,rms_norm__Mul_11_output_0:OpId_159 (cycles)
1813881038,EXECUTE,0,CYCLES,BACKEND,SUB-EVENT,_MatMul_7_pre_reshape:OpId_162 (cycles)
1813881038,EXECUTE,0,CYCLES,BACKEND,SUB-EVENT,_MatMul_6_pre_reshape:OpId_163 (cycles)
1813881038,EXECUTE,112506,CYCLES,BACKEND,SUB-EVENT,_MatMul_6:OpId_165 (cycles)
1813881038,EXECUTE,0,CYCLES,BACKEND,SUB-EVENT,_MatMul_6_post_reshape:OpId_168 (cycles)
1813881038,EXECUTE,76188,CYCLES,BACKEND,SUB-EVENT,_MatMul_7:OpId_170 (cycles)
1813881038,EXECUTE,0,CYCLES,BACKEND,SUB-EVENT,_MatMul_7_post_reshape:OpId_173 (cycles)
1813881038,EXECUTE,0,CYCLES,BACKEND,SUB-EVENT,_Sigmoid:OpId_174 (cycles)
1813881038,EXECUTE,180076,CYCLES,BACKEND,SUB-EVENT,_Mul_12:OpId_181 (cycles)
1813881038,EXECUTE,78569,CYCLES,BACKEND,SUB-EVENT,_Mul_13:OpId_183 (cycles)
1813881038,EXECUTE,0,CYCLES,BACKEND,SUB-EVENT,_MatMul_8_pre_reshape:OpId_185 (cycles)
1813881038,EXECUTE,140312,CYCLES,BACKEND,SUB-EVENT,_MatMul_8:OpId_187 (cycles)
1813881038,EXECUTE,0,CYCLES,BACKEND,SUB-EVENT,_MatMul_8_post_reshape:OpId_190 (cycles)
1813881038,EXECUTE,0,CYCLES,BACKEND,SUB-EVENT,_MatMul_8_output_0_nfc:OpId_192 (cycles)
1813881038,EXECUTE,7087,CYCLES,BACKEND,SUB-EVENT,_Add_9:OpId_194 (cycles)
1813881038,EXECUTE,32626,CYCLES,BACKEND,SUB-EVENT,hidden_out_ncf:OpId_197 (cycles)
1813881038,EXECUTE,10506,CYCLES,BACKEND,SUB-EVENT,Output OpId_3 (cycles)
1813881038,EXECUTE,2287,US,BACKEND,ROOT,Accelerator (execute) time
1813881038,EXECUTE,2146,US,BACKEND,ROOT,Accelerator (execute excluding wait) time
1813881038,EXECUTE,11065,US,BACKEND,ROOT,QNN (execute) time
1813898487,EXECUTE,11736,US,NETRUN,ROOT,Graph 0: qwen2_0_5b_layer0_prefill_seq16
1813898487,EXECUTE,4,COUNT,BACKEND,ROOT,Number of HVX threads used
1813898487,EXECUTE,11304,US,BACKEND,ROOT,RPC (execute) time
1813898487,EXECUTE,9658,US,BACKEND,ROOT,QNN accelerator (execute) time
1813898487,EXECUTE,0,COUNT,BACKEND,ROOT,Num times yield occured
1813898487,EXECUTE,695,US,BACKEND,ROOT,Time for initial VTCM acquire
1813898487,EXECUTE,220,US,BACKEND,ROOT,Time for HVX + HMX power on and acquire
1813898487,EXECUTE,2840325,CYCLES,BACKEND,ROOT,Accelerator (execute) time (cycles)
1813898487,EXECUTE,1471,CYCLES,BACKEND,SUB-EVENT,Input OpId_2 (cycles)
1813898487,EXECUTE,0,CYCLES,BACKEND,SUB-EVENT,hidden_states_nfc:OpId_17 (cycles)
1813898487,EXECUTE,117801,CYCLES,BACKEND,SUB-EVENT,rms_norm__Mul_1_output_0:OpId_22 (cycles)
1813898487,EXECUTE,0,CYCLES,BACKEND,SUB-EVENT,_MatMul_2_pre_reshape:OpId_25 (cycles)
1813898487,EXECUTE,0,CYCLES,BACKEND,SUB-EVENT,_MatMul_1_pre_reshape:OpId_26 (cycles)
1813898487,EXECUTE,0,CYCLES,BACKEND,SUB-EVENT,_MatMul_pre_reshape:OpId_27 (cycles)
1813898487,EXECUTE,1865,CYCLES,BACKEND,SUB-EVENT,OpId_28 (cycles)
1813898487,EXECUTE,0,CYCLES,BACKEND,SUB-EVENT,_MatMul_lhs_reshape:OpId_30 (cycles)
1813898487,EXECUTE,0,CYCLES,BACKEND,SUB-EVENT,_MatMul_lhs_cast_fp16:OpId_31 (cycles)
1813898487,EXECUTE,656791,CYCLES,BACKEND,SUB-EVENT,_MatMul:OpId_32 (cycles)
1813898487,EXECUTE,0,CYCLES,BACKEND,SUB-EVENT,_MatMul_custom_output_reshape:OpId_33 (cycles)
1813898487,EXECUTE,133463,CYCLES,BACKEND,SUB-EVENT,_MatMul_bias_add:OpId_34 (cycles)
1813898487,EXECUTE,0,CYCLES,BACKEND,SUB-EVENT,_MatMul_post_reshape:OpId_36 (cycles)
1813898487,EXECUTE,0,CYCLES,BACKEND,SUB-EVENT,_MatMul_1:OpId_39 (cycles)
1813898487,EXECUTE,0,CYCLES,BACKEND,SUB-EVENT,_MatMul_1_post_reshape:OpId_41 (cycles)
1813898487,EXECUTE,0,CYCLES,BACKEND,SUB-EVENT,_MatMul_2:OpId_44 (cycles)
1813898487,EXECUTE,0,CYCLES,BACKEND,SUB-EVENT,_MatMul_2_post_reshape:OpId_46 (cycles)
1813898487,EXECUTE,29007,CYCLES,BACKEND,SUB-EVENT,_Transpose:OpId_48 (cycles)
1813898487,EXECUTE,7345,CYCLES,BACKEND,SUB-EVENT,_Transpose_1:OpId_50 (cycles)
1813898487,EXECUTE,12770,CYCLES,BACKEND,SUB-EVENT,_Transpose_2:OpId_52 (cycles)
1813898487,EXECUTE,23285,CYCLES,BACKEND,SUB-EVENT,_Slice:OpId_54 (cycles)
1813898487,EXECUTE,7844,CYCLES,BACKEND,SUB-EVENT,_Slice_1:OpId_60 (cycles)
1813898487,EXECUTE,7144,CYCLES,BACKEND,SUB-EVENT,_Mul_2:OpId_66 (cycles)
1813898487,EXECUTE,4721,CYCLES,BACKEND,SUB-EVENT,_Mul_3:OpId_69 (cycles)
1813898487,EXECUTE,1564,CYCLES,BACKEND,SUB-EVENT,_Sub:OpId_71 (cycles)
1813898487,EXECUTE,7136,CYCLES,BACKEND,SUB-EVENT,_Mul_4:OpId_73 (cycles)
1813898487,EXECUTE,4731,CYCLES,BACKEND,SUB-EVENT,_Mul_5:OpId_75 (cycles)
1813898487,EXECUTE,2783,CYCLES,BACKEND,SUB-EVENT,_Add_4:OpId_77 (cycles)
1813898487,EXECUTE,0,CYCLES,BACKEND,SUB-EVENT,_Unsqueeze:OpId_79 (cycles)
1813898487,EXECUTE,0,CYCLES,BACKEND,SUB-EVENT,_Unsqueeze_1:OpId_80 (cycles)
1813898487,EXECUTE,3603,CYCLES,BACKEND,SUB-EVENT,_Concat:OpId_81 (cycles)
1813898487,EXECUTE,0,CYCLES,BACKEND,SUB-EVENT,_Reshape_3:OpId_83 (cycles)
1813898487,EXECUTE,71511,CYCLES,BACKEND,SUB-EVENT,_Slice_3:OpId_85 (cycles)
1813898487,EXECUTE,11862,CYCLES,BACKEND,SUB-EVENT,_Slice_4:OpId_91 (cycles)
1813898487,EXECUTE,16771,CYCLES,BACKEND,SUB-EVENT,_Mul_6:OpId_96 (cycles)
1813898487,EXECUTE,13130,CYCLES,BACKEND,SUB-EVENT,_Mul_7:OpId_98 (cycles)
1813898487,EXECUTE,1312,CYCLES,BACKEND,SUB-EVENT,_Sub_1:OpId_100 (cycles)
1813898487,EXECUTE,16587,CYCLES,BACKEND,SUB-EVENT,_Mul_8:OpId_102 (cycles)
1813898487,EXECUTE,13239,CYCLES,BACKEND,SUB-EVENT,_Mul_9:OpId_104 (cycles)
1813898487,EXECUTE,1610,CYCLES,BACKEND,SUB-EVENT,_Add_5:OpId_106 (cycles)
1813898487,EXECUTE,0,CYCLES,BACKEND,SUB-EVENT,_Unsqueeze_2:OpId_108 (cycles)
1813898487,EXECUTE,0,CYCLES,BACKEND,SUB-EVENT,_Unsqueeze_3:OpId_109 (cycles)
1813898487,EXECUTE,2942,CYCLES,BACKEND,SUB-EVENT,_Concat_2:OpId_110 (cycles)
1813898487,EXECUTE,3382,CYCLES,BACKEND,SUB-EVENT,_Reshape_4:OpId_112 (cycles)
1813898487,EXECUTE,0,CYCLES,BACKEND,SUB-EVENT,_Unsqueeze_4:OpId_113 (cycles)
1813898487,EXECUTE,7579,CYCLES,BACKEND,SUB-EVENT,_Tile:OpId_115 (cycles)
1813898487,EXECUTE,0,CYCLES,BACKEND,SUB-EVENT,_Reshape_5:OpId_116 (cycles)
1813898487,EXECUTE,0,CYCLES,BACKEND,SUB-EVENT,_Unsqueeze_5:OpId_117 (cycles)
1813898487,EXECUTE,9525,CYCLES,BACKEND,SUB-EVENT,_Tile_1:OpId_119 (cycles)
1813898487,EXECUTE,0,CYCLES,BACKEND,SUB-EVENT,_Reshape_6:OpId_120 (cycles)
1813898487,EXECUTE,0,CYCLES,BACKEND,SUB-EVENT,_Transpose_3:OpId_122 (cycles)
1813898487,EXECUTE,119681,CYCLES,BACKEND,SUB-EVENT,_MatMul_3:OpId_123 (cycles)
1813898487,EXECUTE,14683,CYCLES,BACKEND,SUB-EVENT,_Div_1:OpId_128 (cycles)
1813898487,EXECUTE,5634,CYCLES,BACKEND,SUB-EVENT,_Add_6:OpId_131 (cycles)
1813898487,EXECUTE,62245,CYCLES,BACKEND,SUB-EVENT,_Softmax:OpId_133 (cycles)
1813898487,EXECUTE,64575,CYCLES,BACKEND,SUB-EVENT,_MatMul_4:OpId_136 (cycles)
1813898487,EXECUTE,0,CYCLES,BACKEND,SUB-EVENT,_Transpose_4:OpId_141 (cycles)
1813898487,EXECUTE,0,CYCLES,BACKEND,SUB-EVENT,_Reshape_7:OpId_142 (cycles)
1813898487,EXECUTE,11954,CYCLES,BACKEND,SUB-EVENT,_MatMul_5:OpId_144 (cycles)
1813898487,EXECUTE,0,CYCLES,BACKEND,SUB-EVENT,_MatMul_5_post_reshape:OpId_147 (cycles)
1813898487,EXECUTE,0,CYCLES,BACKEND,SUB-EVENT,_MatMul_5_output_0_nfc:OpId_149 (cycles)
1813898487,EXECUTE,2663,CYCLES,BACKEND,SUB-EVENT,_Add_7:OpId_151 (cycles)
1813898487,EXECUTE,0,CYCLES,BACKEND,SUB-EVENT,_Add_7_output_0_ncf:OpId_154 (cycles)
1813898487,EXECUTE,12087,CYCLES,BACKEND,SUB-EVENT,rms_norm__Mul_11_output_0:OpId_159 (cycles)
1813898487,EXECUTE,0,CYCLES,BACKEND,SUB-EVENT,_MatMul_7_pre_reshape:OpId_162 (cycles)
1813898487,EXECUTE,0,CYCLES,BACKEND,SUB-EVENT,_MatMul_6_pre_reshape:OpId_163 (cycles)
1813898487,EXECUTE,185041,CYCLES,BACKEND,SUB-EVENT,_MatMul_6:OpId_165 (cycles)
1813898487,EXECUTE,0,CYCLES,BACKEND,SUB-EVENT,_MatMul_6_post_reshape:OpId_168 (cycles)
1813898487,EXECUTE,362415,CYCLES,BACKEND,SUB-EVENT,_MatMul_7:OpId_170 (cycles)
1813898487,EXECUTE,0,CYCLES,BACKEND,SUB-EVENT,_MatMul_7_post_reshape:OpId_173 (cycles)
1813898487,EXECUTE,0,CYCLES,BACKEND,SUB-EVENT,_Sigmoid:OpId_174 (cycles)
1813898487,EXECUTE,230764,CYCLES,BACKEND,SUB-EVENT,_Mul_12:OpId_181 (cycles)
1813898487,EXECUTE,125633,CYCLES,BACKEND,SUB-EVENT,_Mul_13:OpId_183 (cycles)
1813898487,EXECUTE,0,CYCLES,BACKEND,SUB-EVENT,_MatMul_8_pre_reshape:OpId_185 (cycles)
1813898487,EXECUTE,384791,CYCLES,BACKEND,SUB-EVENT,_MatMul_8:OpId_187 (cycles)
1813898487,EXECUTE,0,CYCLES,BACKEND,SUB-EVENT,_MatMul_8_post_reshape:OpId_190 (cycles)
1813898487,EXECUTE,0,CYCLES,BACKEND,SUB-EVENT,_MatMul_8_output_0_nfc:OpId_192 (cycles)
1813898487,EXECUTE,7207,CYCLES,BACKEND,SUB-EVENT,_Add_9:OpId_194 (cycles)
1813898487,EXECUTE,34514,CYCLES,BACKEND,SUB-EVENT,hidden_out_ncf:OpId_197 (cycles)
1813898487,EXECUTE,23664,CYCLES,BACKEND,SUB-EVENT,Output OpId_3 (cycles)
1813898487,EXECUTE,4002,US,BACKEND,ROOT,Accelerator (execute) time
1813898487,EXECUTE,3877,US,BACKEND,ROOT,Accelerator (execute excluding wait) time
1813898487,EXECUTE,11709,US,BACKEND,ROOT,QNN (execute) time
1813918149,EXECUTE,13461,US,NETRUN,ROOT,Graph 0: qwen2_0_5b_layer0_prefill_seq16
1813918149,EXECUTE,4,COUNT,BACKEND,ROOT,Number of HVX threads used
1813918149,EXECUTE,12937,US,BACKEND,ROOT,RPC (execute) time
1813918149,EXECUTE,10743,US,BACKEND,ROOT,QNN accelerator (execute) time
1813918149,EXECUTE,0,COUNT,BACKEND,ROOT,Num times yield occured
1813918149,EXECUTE,654,US,BACKEND,ROOT,Time for initial VTCM acquire
1813918149,EXECUTE,331,US,BACKEND,ROOT,Time for HVX + HMX power on and acquire
1813918149,EXECUTE,3047774,CYCLES,BACKEND,ROOT,Accelerator (execute) time (cycles)
1813918149,EXECUTE,8443,CYCLES,BACKEND,SUB-EVENT,Input OpId_2 (cycles)
1813918149,EXECUTE,0,CYCLES,BACKEND,SUB-EVENT,hidden_states_nfc:OpId_17 (cycles)
1813918149,EXECUTE,383563,CYCLES,BACKEND,SUB-EVENT,rms_norm__Mul_1_output_0:OpId_22 (cycles)
1813918149,EXECUTE,0,CYCLES,BACKEND,SUB-EVENT,_MatMul_2_pre_reshape:OpId_25 (cycles)
1813918149,EXECUTE,0,CYCLES,BACKEND,SUB-EVENT,_MatMul_1_pre_reshape:OpId_26 (cycles)
1813918149,EXECUTE,0,CYCLES,BACKEND,SUB-EVENT,_MatMul_pre_reshape:OpId_27 (cycles)
1813918149,EXECUTE,4510,CYCLES,BACKEND,SUB-EVENT,OpId_28 (cycles)
1813918149,EXECUTE,0,CYCLES,BACKEND,SUB-EVENT,_MatMul_lhs_reshape:OpId_30 (cycles)
1813918149,EXECUTE,0,CYCLES,BACKEND,SUB-EVENT,_MatMul_lhs_cast_fp16:OpId_31 (cycles)
1813918149,EXECUTE,677800,CYCLES,BACKEND,SUB-EVENT,_MatMul:OpId_32 (cycles)
1813918149,EXECUTE,0,CYCLES,BACKEND,SUB-EVENT,_MatMul_custom_output_reshape:OpId_33 (cycles)
1813918149,EXECUTE,116683,CYCLES,BACKEND,SUB-EVENT,_MatMul_bias_add:OpId_34 (cycles)
1813918149,EXECUTE,0,CYCLES,BACKEND,SUB-EVENT,_MatMul_post_reshape:OpId_36 (cycles)
1813918149,EXECUTE,0,CYCLES,BACKEND,SUB-EVENT,_MatMul_1:OpId_39 (cycles)
1813918149,EXECUTE,0,CYCLES,BACKEND,SUB-EVENT,_MatMul_1_post_reshape:OpId_41 (cycles)
1813918149,EXECUTE,0,CYCLES,BACKEND,SUB-EVENT,_MatMul_2:OpId_44 (cycles)
1813918149,EXECUTE,0,CYCLES,BACKEND,SUB-EVENT,_MatMul_2_post_reshape:OpId_46 (cycles)
1813918149,EXECUTE,24306,CYCLES,BACKEND,SUB-EVENT,_Transpose:OpId_48 (cycles)
1813918149,EXECUTE,11093,CYCLES,BACKEND,SUB-EVENT,_Transpose_1:OpId_50 (cycles)
1813918149,EXECUTE,11588,CYCLES,BACKEND,SUB-EVENT,_Transpose_2:OpId_52 (cycles)
1813918149,EXECUTE,22513,CYCLES,BACKEND,SUB-EVENT,_Slice:OpId_54 (cycles)
1813918149,EXECUTE,7972,CYCLES,BACKEND,SUB-EVENT,_Slice_1:OpId_60 (cycles)
1813918149,EXECUTE,6880,CYCLES,BACKEND,SUB-EVENT,_Mul_2:OpId_66 (cycles)
1813918149,EXECUTE,4666,CYCLES,BACKEND,SUB-EVENT,_Mul_3:OpId_69 (cycles)
1813918149,EXECUTE,1879,CYCLES,BACKEND,SUB-EVENT,_Sub:OpId_71 (cycles)
1813918149,EXECUTE,6854,CYCLES,BACKEND,SUB-EVENT,_Mul_4:OpId_73 (cycles)
1813918149,EXECUTE,4579,CYCLES,BACKEND,SUB-EVENT,_Mul_5:OpId_75 (cycles)
1813918149,EXECUTE,965,CYCLES,BACKEND,SUB-EVENT,_Add_4:OpId_77 (cycles)
1813918149,EXECUTE,0,CYCLES,BACKEND,SUB-EVENT,_Unsqueeze:OpId_79 (cycles)
1813918149,EXECUTE,0,CYCLES,BACKEND,SUB-EVENT,_Unsqueeze_1:OpId_80 (cycles)
1813918149,EXECUTE,3670,CYCLES,BACKEND,SUB-EVENT,_Concat:OpId_81 (cycles)
1813918149,EXECUTE,0,CYCLES,BACKEND,SUB-EVENT,_Reshape_3:OpId_83 (cycles)
1813918149,EXECUTE,27636,CYCLES,BACKEND,SUB-EVENT,_Slice_3:OpId_85 (cycles)
1813918149,EXECUTE,6690,CYCLES,BACKEND,SUB-EVENT,_Slice_4:OpId_91 (cycles)
1813918149,EXECUTE,5972,CYCLES,BACKEND,SUB-EVENT,_Mul_6:OpId_96 (cycles)
1813918149,EXECUTE,2970,CYCLES,BACKEND,SUB-EVENT,_Mul_7:OpId_98 (cycles)
1813918149,EXECUTE,1322,CYCLES,BACKEND,SUB-EVENT,_Sub_1:OpId_100 (cycles)
1813918149,EXECUTE,5928,CYCLES,BACKEND,SUB-EVENT,_Mul_8:OpId_102 (cycles)
1813918149,EXECUTE,2930,CYCLES,BACKEND,SUB-EVENT,_Mul_9:OpId_104 (cycles)
1813918149,EXECUTE,1793,CYCLES,BACKEND,SUB-EVENT,_Add_5:OpId_106 (cycles)
1813918149,EXECUTE,0,CYCLES,BACKEND,SUB-EVENT,_Unsqueeze_2:OpId_108 (cycles)
1813918149,EXECUTE,0,CYCLES,BACKEND,SUB-EVENT,_Unsqueeze_3:OpId_109 (cycles)
1813918149,EXECUTE,3233,CYCLES,BACKEND,SUB-EVENT,_Concat_2:OpId_110 (cycles)
1813918149,EXECUTE,1940,CYCLES,BACKEND,SUB-EVENT,_Reshape_4:OpId_112 (cycles)
1813918149,EXECUTE,0,CYCLES,BACKEND,SUB-EVENT,_Unsqueeze_4:OpId_113 (cycles)
1813918149,EXECUTE,2927,CYCLES,BACKEND,SUB-EVENT,_Tile:OpId_115 (cycles)
1813918149,EXECUTE,0,CYCLES,BACKEND,SUB-EVENT,_Reshape_5:OpId_116 (cycles)
1813918149,EXECUTE,0,CYCLES,BACKEND,SUB-EVENT,_Unsqueeze_5:OpId_117 (cycles)
1813918149,EXECUTE,3334,CYCLES,BACKEND,SUB-EVENT,_Tile_1:OpId_119 (cycles)
1813918149,EXECUTE,0,CYCLES,BACKEND,SUB-EVENT,_Reshape_6:OpId_120 (cycles)
1813918149,EXECUTE,0,CYCLES,BACKEND,SUB-EVENT,_Transpose_3:OpId_122 (cycles)
1813918149,EXECUTE,69385,CYCLES,BACKEND,SUB-EVENT,_MatMul_3:OpId_123 (cycles)
1813918149,EXECUTE,14885,CYCLES,BACKEND,SUB-EVENT,_Div_1:OpId_128 (cycles)
1813918149,EXECUTE,3508,CYCLES,BACKEND,SUB-EVENT,_Add_6:OpId_131 (cycles)
1813918149,EXECUTE,67240,CYCLES,BACKEND,SUB-EVENT,_Softmax:OpId_133 (cycles)
1813918149,EXECUTE,19925,CYCLES,BACKEND,SUB-EVENT,_MatMul_4:OpId_136 (cycles)
1813918149,EXECUTE,0,CYCLES,BACKEND,SUB-EVENT,_Transpose_4:OpId_141 (cycles)
1813918149,EXECUTE,0,CYCLES,BACKEND,SUB-EVENT,_Reshape_7:OpId_142 (cycles)
1813918149,EXECUTE,10426,CYCLES,BACKEND,SUB-EVENT,_MatMul_5:OpId_144 (cycles)
1813918149,EXECUTE,0,CYCLES,BACKEND,SUB-EVENT,_MatMul_5_post_reshape:OpId_147 (cycles)
1813918149,EXECUTE,0,CYCLES,BACKEND,SUB-EVENT,_MatMul_5_output_0_nfc:OpId_149 (cycles)
1813918149,EXECUTE,2633,CYCLES,BACKEND,SUB-EVENT,_Add_7:OpId_151 (cycles)
1813918149,EXECUTE,0,CYCLES,BACKEND,SUB-EVENT,_Add_7_output_0_ncf:OpId_154 (cycles)
1813918149,EXECUTE,12089,CYCLES,BACKEND,SUB-EVENT,rms_norm__Mul_11_output_0:OpId_159 (cycles)
1813918149,EXECUTE,0,CYCLES,BACKEND,SUB-EVENT,_MatMul_7_pre_reshape:OpId_162 (cycles)
1813918149,EXECUTE,0,CYCLES,BACKEND,SUB-EVENT,_MatMul_6_pre_reshape:OpId_163 (cycles)
1813918149,EXECUTE,379287,CYCLES,BACKEND,SUB-EVENT,_MatMul_6:OpId_165 (cycles)
1813918149,EXECUTE,0,CYCLES,BACKEND,SUB-EVENT,_MatMul_6_post_reshape:OpId_168 (cycles)
1813918149,EXECUTE,359669,CYCLES,BACKEND,SUB-EVENT,_MatMul_7:OpId_170 (cycles)
1813918149,EXECUTE,0,CYCLES,BACKEND,SUB-EVENT,_MatMul_7_post_reshape:OpId_173 (cycles)
1813918149,EXECUTE,0,CYCLES,BACKEND,SUB-EVENT,_Sigmoid:OpId_174 (cycles)
1813918149,EXECUTE,190089,CYCLES,BACKEND,SUB-EVENT,_Mul_12:OpId_181 (cycles)
1813918149,EXECUTE,102902,CYCLES,BACKEND,SUB-EVENT,_Mul_13:OpId_183 (cycles)
1813918149,EXECUTE,0,CYCLES,BACKEND,SUB-EVENT,_MatMul_8_pre_reshape:OpId_185 (cycles)
1813918149,EXECUTE,379542,CYCLES,BACKEND,SUB-EVENT,_MatMul_8:OpId_187 (cycles)
1813918149,EXECUTE,0,CYCLES,BACKEND,SUB-EVENT,_MatMul_8_post_reshape:OpId_190 (cycles)
1813918149,EXECUTE,0,CYCLES,BACKEND,SUB-EVENT,_MatMul_8_output_0_nfc:OpId_192 (cycles)
1813918149,EXECUTE,7208,CYCLES,BACKEND,SUB-EVENT,_Add_9:OpId_194 (cycles)
1813918149,EXECUTE,41127,CYCLES,BACKEND,SUB-EVENT,hidden_out_ncf:OpId_197 (cycles)
1813918149,EXECUTE,23220,CYCLES,BACKEND,SUB-EVENT,Output OpId_3 (cycles)
1813918149,EXECUTE,4711,US,BACKEND,ROOT,Accelerator (execute) time
1813918149,EXECUTE,4565,US,BACKEND,ROOT,Accelerator (execute excluding wait) time
1813918149,EXECUTE,13437,US,BACKEND,ROOT,QNN (execute) time
1813937126,EXECUTE,13327,US,NETRUN,ROOT,Graph 0: qwen2_0_5b_layer0_prefill_seq16
1813937126,EXECUTE,4,COUNT,BACKEND,ROOT,Number of HVX threads used
1813937126,EXECUTE,12909,US,BACKEND,ROOT,RPC (execute) time
1813937126,EXECUTE,10496,US,BACKEND,ROOT,QNN accelerator (execute) time
1813937126,EXECUTE,0,COUNT,BACKEND,ROOT,Num times yield occured
1813937126,EXECUTE,1020,US,BACKEND,ROOT,Time for initial VTCM acquire
1813937126,EXECUTE,344,US,BACKEND,ROOT,Time for HVX + HMX power on and acquire
1813937126,EXECUTE,3156614,CYCLES,BACKEND,ROOT,Accelerator (execute) time (cycles)
1813937126,EXECUTE,1968,CYCLES,BACKEND,SUB-EVENT,Input OpId_2 (cycles)
1813937126,EXECUTE,0,CYCLES,BACKEND,SUB-EVENT,hidden_states_nfc:OpId_17 (cycles)
1813937126,EXECUTE,315837,CYCLES,BACKEND,SUB-EVENT,rms_norm__Mul_1_output_0:OpId_22 (cycles)
1813937126,EXECUTE,0,CYCLES,BACKEND,SUB-EVENT,_MatMul_2_pre_reshape:OpId_25 (cycles)
1813937126,EXECUTE,0,CYCLES,BACKEND,SUB-EVENT,_MatMul_1_pre_reshape:OpId_26 (cycles)
1813937126,EXECUTE,0,CYCLES,BACKEND,SUB-EVENT,_MatMul_pre_reshape:OpId_27 (cycles)
1813937126,EXECUTE,5037,CYCLES,BACKEND,SUB-EVENT,OpId_28 (cycles)
1813937126,EXECUTE,0,CYCLES,BACKEND,SUB-EVENT,_MatMul_lhs_reshape:OpId_30 (cycles)
1813937126,EXECUTE,0,CYCLES,BACKEND,SUB-EVENT,_MatMul_lhs_cast_fp16:OpId_31 (cycles)
1813937126,EXECUTE,664824,CYCLES,BACKEND,SUB-EVENT,_MatMul:OpId_32 (cycles)
1813937126,EXECUTE,0,CYCLES,BACKEND,SUB-EVENT,_MatMul_custom_output_reshape:OpId_33 (cycles)
1813937126,EXECUTE,200142,CYCLES,BACKEND,SUB-EVENT,_MatMul_bias_add:OpId_34 (cycles)
1813937126,EXECUTE,0,CYCLES,BACKEND,SUB-EVENT,_MatMul_post_reshape:OpId_36 (cycles)
1813937126,EXECUTE,0,CYCLES,BACKEND,SUB-EVENT,_MatMul_1:OpId_39 (cycles)
1813937126,EXECUTE,0,CYCLES,BACKEND,SUB-EVENT,_MatMul_1_post_reshape:OpId_41 (cycles)
1813937126,EXECUTE,0,CYCLES,BACKEND,SUB-EVENT,_MatMul_2:OpId_44 (cycles)
1813937126,EXECUTE,0,CYCLES,BACKEND,SUB-EVENT,_MatMul_2_post_reshape:OpId_46 (cycles)
1813937126,EXECUTE,32039,CYCLES,BACKEND,SUB-EVENT,_Transpose:OpId_48 (cycles)
1813937126,EXECUTE,11690,CYCLES,BACKEND,SUB-EVENT,_Transpose_1:OpId_50 (cycles)
1813937126,EXECUTE,24120,CYCLES,BACKEND,SUB-EVENT,_Transpose_2:OpId_52 (cycles)
1813937126,EXECUTE,22724,CYCLES,BACKEND,SUB-EVENT,_Slice:OpId_54 (cycles)
1813937126,EXECUTE,7628,CYCLES,BACKEND,SUB-EVENT,_Slice_1:OpId_60 (cycles)
1813937126,EXECUTE,6533,CYCLES,BACKEND,SUB-EVENT,_Mul_2:OpId_66 (cycles)
1813937126,EXECUTE,4619,CYCLES,BACKEND,SUB-EVENT,_Mul_3:OpId_69 (cycles)
1813937126,EXECUTE,1868,CYCLES,BACKEND,SUB-EVENT,_Sub:OpId_71 (cycles)
1813937126,EXECUTE,6637,CYCLES,BACKEND,SUB-EVENT,_Mul_4:OpId_73 (cycles)
1813937126,EXECUTE,4537,CYCLES,BACKEND,SUB-EVENT,_Mul_5:OpId_75 (cycles)
1813937126,EXECUTE,3680,CYCLES,BACKEND,SUB-EVENT,_Add_4:OpId_77 (cycles)
1813937126,EXECUTE,0,CYCLES,BACKEND,SUB-EVENT,_Unsqueeze:OpId_79 (cycles)
1813937126,EXECUTE,0,CYCLES,BACKEND,SUB-EVENT,_Unsqueeze_1:OpId_80 (cycles)
1813937126,EXECUTE,3660,CYCLES,BACKEND,SUB-EVENT,_Concat:OpId_81 (cycles)
1813937126,EXECUTE,0,CYCLES,BACKEND,SUB-EVENT,_Reshape_3:OpId_83 (cycles)
1813937126,EXECUTE,93080,CYCLES,BACKEND,SUB-EVENT,_Slice_3:OpId_85 (cycles)
1813937126,EXECUTE,6558,CYCLES,BACKEND,SUB-EVENT,_Slice_4:OpId_91 (cycles)
1813937126,EXECUTE,13422,CYCLES,BACKEND,SUB-EVENT,_Mul_6:OpId_96 (cycles)
1813937126,EXECUTE,10055,CYCLES,BACKEND,SUB-EVENT,_Mul_7:OpId_98 (cycles)
1813937126,EXECUTE,1286,CYCLES,BACKEND,SUB-EVENT,_Sub_1:OpId_100 (cycles)
1813937126,EXECUTE,13377,CYCLES,BACKEND,SUB-EVENT,_Mul_8:OpId_102 (cycles)
1813937126,EXECUTE,9995,CYCLES,BACKEND,SUB-EVENT,_Mul_9:OpId_104 (cycles)
1813937126,EXECUTE,1678,CYCLES,BACKEND,SUB-EVENT,_Add_5:OpId_106 (cycles)
1813937126,EXECUTE,0,CYCLES,BACKEND,SUB-EVENT,_Unsqueeze_2:OpId_108 (cycles)
1813937126,EXECUTE,0,CYCLES,BACKEND,SUB-EVENT,_Unsqueeze_3:OpId_109 (cycles)
1813937126,EXECUTE,2672,CYCLES,BACKEND,SUB-EVENT,_Concat_2:OpId_110 (cycles)
1813937126,EXECUTE,4688,CYCLES,BACKEND,SUB-EVENT,_Reshape_4:OpId_112 (cycles)
1813937126,EXECUTE,0,CYCLES,BACKEND,SUB-EVENT,_Unsqueeze_4:OpId_113 (cycles)
1813937126,EXECUTE,4219,CYCLES,BACKEND,SUB-EVENT,_Tile:OpId_115 (cycles)
1813937126,EXECUTE,0,CYCLES,BACKEND,SUB-EVENT,_Reshape_5:OpId_116 (cycles)
1813937126,EXECUTE,0,CYCLES,BACKEND,SUB-EVENT,_Unsqueeze_5:OpId_117 (cycles)
1813937126,EXECUTE,13000,CYCLES,BACKEND,SUB-EVENT,_Tile_1:OpId_119 (cycles)
1813937126,EXECUTE,0,CYCLES,BACKEND,SUB-EVENT,_Reshape_6:OpId_120 (cycles)
1813937126,EXECUTE,0,CYCLES,BACKEND,SUB-EVENT,_Transpose_3:OpId_122 (cycles)
1813937126,EXECUTE,133368,CYCLES,BACKEND,SUB-EVENT,_MatMul_3:OpId_123 (cycles)
1813937126,EXECUTE,14693,CYCLES,BACKEND,SUB-EVENT,_Div_1:OpId_128 (cycles)
1813937126,EXECUTE,8865,CYCLES,BACKEND,SUB-EVENT,_Add_6:OpId_131 (cycles)
1813937126,EXECUTE,64849,CYCLES,BACKEND,SUB-EVENT,_Softmax:OpId_133 (cycles)
1813937126,EXECUTE,48838,CYCLES,BACKEND,SUB-EVENT,_MatMul_4:OpId_136 (cycles)
1813937126,EXECUTE,0,CYCLES,BACKEND,SUB-EVENT,_Transpose_4:OpId_141 (cycles)
1813937126,EXECUTE,0,CYCLES,BACKEND,SUB-EVENT,_Reshape_7:OpId_142 (cycles)
1813937126,EXECUTE,17979,CYCLES,BACKEND,SUB-EVENT,_MatMul_5:OpId_144 (cycles)
1813937126,EXECUTE,0,CYCLES,BACKEND,SUB-EVENT,_MatMul_5_post_reshape:OpId_147 (cycles)
1813937126,EXECUTE,0,CYCLES,BACKEND,SUB-EVENT,_MatMul_5_output_0_nfc:OpId_149 (cycles)
1813937126,EXECUTE,2663,CYCLES,BACKEND,SUB-EVENT,_Add_7:OpId_151 (cycles)
1813937126,EXECUTE,0,CYCLES,BACKEND,SUB-EVENT,_Add_7_output_0_ncf:OpId_154 (cycles)
1813937126,EXECUTE,12077,CYCLES,BACKEND,SUB-EVENT,rms_norm__Mul_11_output_0:OpId_159 (cycles)
1813937126,EXECUTE,0,CYCLES,BACKEND,SUB-EVENT,_MatMul_7_pre_reshape:OpId_162 (cycles)
1813937126,EXECUTE,0,CYCLES,BACKEND,SUB-EVENT,_MatMul_6_pre_reshape:OpId_163 (cycles)
1813937126,EXECUTE,218213,CYCLES,BACKEND,SUB-EVENT,_MatMul_6:OpId_165 (cycles)
1813937126,EXECUTE,0,CYCLES,BACKEND,SUB-EVENT,_MatMul_6_post_reshape:OpId_168 (cycles)
1813937126,EXECUTE,378214,CYCLES,BACKEND,SUB-EVENT,_MatMul_7:OpId_170 (cycles)
1813937126,EXECUTE,0,CYCLES,BACKEND,SUB-EVENT,_MatMul_7_post_reshape:OpId_173 (cycles)
1813937126,EXECUTE,0,CYCLES,BACKEND,SUB-EVENT,_Sigmoid:OpId_174 (cycles)
1813937126,EXECUTE,206637,CYCLES,BACKEND,SUB-EVENT,_Mul_12:OpId_181 (cycles)
1813937126,EXECUTE,109998,CYCLES,BACKEND,SUB-EVENT,_Mul_13:OpId_183 (cycles)
1813937126,EXECUTE,0,CYCLES,BACKEND,SUB-EVENT,_MatMul_8_pre_reshape:OpId_185 (cycles)
1813937126,EXECUTE,386199,CYCLES,BACKEND,SUB-EVENT,_MatMul_8:OpId_187 (cycles)
1813937126,EXECUTE,0,CYCLES,BACKEND,SUB-EVENT,_MatMul_8_post_reshape:OpId_190 (cycles)
1813937126,EXECUTE,0,CYCLES,BACKEND,SUB-EVENT,_MatMul_8_output_0_nfc:OpId_192 (cycles)
1813937126,EXECUTE,7209,CYCLES,BACKEND,SUB-EVENT,_Add_9:OpId_194 (cycles)
1813937126,EXECUTE,37687,CYCLES,BACKEND,SUB-EVENT,hidden_out_ncf:OpId_197 (cycles)
1813937126,EXECUTE,17552,CYCLES,BACKEND,SUB-EVENT,Output OpId_3 (cycles)
1813937126,EXECUTE,4456,US,BACKEND,ROOT,Accelerator (execute) time
1813937126,EXECUTE,4285,US,BACKEND,ROOT,Accelerator (execute excluding wait) time
1813937126,EXECUTE,13304,US,BACKEND,ROOT,QNN (execute) time
1813955394,EXECUTE,13091,US,NETRUN,ROOT,Graph 0: qwen2_0_5b_layer0_prefill_seq16
1813955394,EXECUTE,4,COUNT,BACKEND,ROOT,Number of HVX threads used
1813955394,EXECUTE,12597,US,BACKEND,ROOT,RPC (execute) time
1813955394,EXECUTE,10389,US,BACKEND,ROOT,QNN accelerator (execute) time
1813955394,EXECUTE,0,COUNT,BACKEND,ROOT,Num times yield occured
1813955394,EXECUTE,810,US,BACKEND,ROOT,Time for initial VTCM acquire
1813955394,EXECUTE,315,US,BACKEND,ROOT,Time for HVX + HMX power on and acquire
1813955394,EXECUTE,3095568,CYCLES,BACKEND,ROOT,Accelerator (execute) time (cycles)
1813955394,EXECUTE,3497,CYCLES,BACKEND,SUB-EVENT,Input OpId_2 (cycles)
1813955394,EXECUTE,0,CYCLES,BACKEND,SUB-EVENT,hidden_states_nfc:OpId_17 (cycles)
1813955394,EXECUTE,313691,CYCLES,BACKEND,SUB-EVENT,rms_norm__Mul_1_output_0:OpId_22 (cycles)
1813955394,EXECUTE,0,CYCLES,BACKEND,SUB-EVENT,_MatMul_2_pre_reshape:OpId_25 (cycles)
1813955394,EXECUTE,0,CYCLES,BACKEND,SUB-EVENT,_MatMul_1_pre_reshape:OpId_26 (cycles)
1813955394,EXECUTE,0,CYCLES,BACKEND,SUB-EVENT,_MatMul_pre_reshape:OpId_27 (cycles)
1813955394,EXECUTE,4860,CYCLES,BACKEND,SUB-EVENT,OpId_28 (cycles)
1813955394,EXECUTE,0,CYCLES,BACKEND,SUB-EVENT,_MatMul_lhs_reshape:OpId_30 (cycles)
1813955394,EXECUTE,0,CYCLES,BACKEND,SUB-EVENT,_MatMul_lhs_cast_fp16:OpId_31 (cycles)
1813955394,EXECUTE,664472,CYCLES,BACKEND,SUB-EVENT,_MatMul:OpId_32 (cycles)
1813955394,EXECUTE,0,CYCLES,BACKEND,SUB-EVENT,_MatMul_custom_output_reshape:OpId_33 (cycles)
1813955394,EXECUTE,188038,CYCLES,BACKEND,SUB-EVENT,_MatMul_bias_add:OpId_34 (cycles)
1813955394,EXECUTE,0,CYCLES,BACKEND,SUB-EVENT,_MatMul_post_reshape:OpId_36 (cycles)
1813955394,EXECUTE,0,CYCLES,BACKEND,SUB-EVENT,_MatMul_1:OpId_39 (cycles)
1813955394,EXECUTE,0,CYCLES,BACKEND,SUB-EVENT,_MatMul_1_post_reshape:OpId_41 (cycles)
1813955394,EXECUTE,0,CYCLES,BACKEND,SUB-EVENT,_MatMul_2:OpId_44 (cycles)
1813955394,EXECUTE,0,CYCLES,BACKEND,SUB-EVENT,_MatMul_2_post_reshape:OpId_46 (cycles)
1813955394,EXECUTE,33080,CYCLES,BACKEND,SUB-EVENT,_Transpose:OpId_48 (cycles)
1813955394,EXECUTE,21276,CYCLES,BACKEND,SUB-EVENT,_Transpose_1:OpId_50 (cycles)
1813955394,EXECUTE,21977,CYCLES,BACKEND,SUB-EVENT,_Transpose_2:OpId_52 (cycles)
1813955394,EXECUTE,22897,CYCLES,BACKEND,SUB-EVENT,_Slice:OpId_54 (cycles)
1813955394,EXECUTE,7814,CYCLES,BACKEND,SUB-EVENT,_Slice_1:OpId_60 (cycles)
1813955394,EXECUTE,7032,CYCLES,BACKEND,SUB-EVENT,_Mul_2:OpId_66 (cycles)
1813955394,EXECUTE,4815,CYCLES,BACKEND,SUB-EVENT,_Mul_3:OpId_69 (cycles)
1813955394,EXECUTE,1801,CYCLES,BACKEND,SUB-EVENT,_Sub:OpId_71 (cycles)
1813955394,EXECUTE,6895,CYCLES,BACKEND,SUB-EVENT,_Mul_4:OpId_73 (cycles)
1813955394,EXECUTE,4629,CYCLES,BACKEND,SUB-EVENT,_Mul_5:OpId_75 (cycles)
1813955394,EXECUTE,7795,CYCLES,BACKEND,SUB-EVENT,_Add_4:OpId_77 (cycles)
1813955394,EXECUTE,0,CYCLES,BACKEND,SUB-EVENT,_Unsqueeze:OpId_79 (cycles)
1813955394,EXECUTE,0,CYCLES,BACKEND,SUB-EVENT,_Unsqueeze_1:OpId_80 (cycles)
1813955394,EXECUTE,3633,CYCLES,BACKEND,SUB-EVENT,_Concat:OpId_81 (cycles)
1813955394,EXECUTE,0,CYCLES,BACKEND,SUB-EVENT,_Reshape_3:OpId_83 (cycles)
1813955394,EXECUTE,66167,CYCLES,BACKEND,SUB-EVENT,_Slice_3:OpId_85 (cycles)
1813955394,EXECUTE,5940,CYCLES,BACKEND,SUB-EVENT,_Slice_4:OpId_91 (cycles)
1813955394,EXECUTE,13553,CYCLES,BACKEND,SUB-EVENT,_Mul_6:OpId_96 (cycles)
1813955394,EXECUTE,10442,CYCLES,BACKEND,SUB-EVENT,_Mul_7:OpId_98 (cycles)
1813955394,EXECUTE,1271,CYCLES,BACKEND,SUB-EVENT,_Sub_1:OpId_100 (cycles)
1813955394,EXECUTE,13492,CYCLES,BACKEND,SUB-EVENT,_Mul_8:OpId_102 (cycles)
1813955394,EXECUTE,10185,CYCLES,BACKEND,SUB-EVENT,_Mul_9:OpId_104 (cycles)
1813955394,EXECUTE,1791,CYCLES,BACKEND,SUB-EVENT,_Add_5:OpId_106 (cycles)
1813955394,EXECUTE,0,CYCLES,BACKEND,SUB-EVENT,_Unsqueeze_2:OpId_108 (cycles)
1813955394,EXECUTE,0,CYCLES,BACKEND,SUB-EVENT,_Unsqueeze_3:OpId_109 (cycles)
1813955394,EXECUTE,2665,CYCLES,BACKEND,SUB-EVENT,_Concat_2:OpId_110 (cycles)
1813955394,EXECUTE,3444,CYCLES,BACKEND,SUB-EVENT,_Reshape_4:OpId_112 (cycles)
1813955394,EXECUTE,0,CYCLES,BACKEND,SUB-EVENT,_Unsqueeze_4:OpId_113 (cycles)
1813955394,EXECUTE,6439,CYCLES,BACKEND,SUB-EVENT,_Tile:OpId_115 (cycles)
1813955394,EXECUTE,0,CYCLES,BACKEND,SUB-EVENT,_Reshape_5:OpId_116 (cycles)
1813955394,EXECUTE,0,CYCLES,BACKEND,SUB-EVENT,_Unsqueeze_5:OpId_117 (cycles)
1813955394,EXECUTE,7593,CYCLES,BACKEND,SUB-EVENT,_Tile_1:OpId_119 (cycles)
1813955394,EXECUTE,0,CYCLES,BACKEND,SUB-EVENT,_Reshape_6:OpId_120 (cycles)
1813955394,EXECUTE,0,CYCLES,BACKEND,SUB-EVENT,_Transpose_3:OpId_122 (cycles)
1813955394,EXECUTE,126418,CYCLES,BACKEND,SUB-EVENT,_MatMul_3:OpId_123 (cycles)
1813955394,EXECUTE,15103,CYCLES,BACKEND,SUB-EVENT,_Div_1:OpId_128 (cycles)
1813955394,EXECUTE,14325,CYCLES,BACKEND,SUB-EVENT,_Add_6:OpId_131 (cycles)
1813955394,EXECUTE,63067,CYCLES,BACKEND,SUB-EVENT,_Softmax:OpId_133 (cycles)
1813955394,EXECUTE,50131,CYCLES,BACKEND,SUB-EVENT,_MatMul_4:OpId_136 (cycles)
1813955394,EXECUTE,0,CYCLES,BACKEND,SUB-EVENT,_Transpose_4:OpId_141 (cycles)
1813955394,EXECUTE,0,CYCLES,BACKEND,SUB-EVENT,_Reshape_7:OpId_142 (cycles)
1813955394,EXECUTE,25650,CYCLES,BACKEND,SUB-EVENT,_MatMul_5:OpId_144 (cycles)
1813955394,EXECUTE,0,CYCLES,BACKEND,SUB-EVENT,_MatMul_5_post_reshape:OpId_147 (cycles)
1813955394,EXECUTE,0,CYCLES,BACKEND,SUB-EVENT,_MatMul_5_output_0_nfc:OpId_149 (cycles)
1813955394,EXECUTE,2660,CYCLES,BACKEND,SUB-EVENT,_Add_7:OpId_151 (cycles)
1813955394,EXECUTE,0,CYCLES,BACKEND,SUB-EVENT,_Add_7_output_0_ncf:OpId_154 (cycles)
1813955394,EXECUTE,12045,CYCLES,BACKEND,SUB-EVENT,rms_norm__Mul_11_output_0:OpId_159 (cycles)
1813955394,EXECUTE,0,CYCLES,BACKEND,SUB-EVENT,_MatMul_7_pre_reshape:OpId_162 (cycles)
1813955394,EXECUTE,0,CYCLES,BACKEND,SUB-EVENT,_MatMul_6_pre_reshape:OpId_163 (cycles)
1813955394,EXECUTE,208626,CYCLES,BACKEND,SUB-EVENT,_MatMul_6:OpId_165 (cycles)
1813955394,EXECUTE,0,CYCLES,BACKEND,SUB-EVENT,_MatMul_6_post_reshape:OpId_168 (cycles)
1813955394,EXECUTE,375395,CYCLES,BACKEND,SUB-EVENT,_MatMul_7:OpId_170 (cycles)
1813955394,EXECUTE,0,CYCLES,BACKEND,SUB-EVENT,_MatMul_7_post_reshape:OpId_173 (cycles)
1813955394,EXECUTE,0,CYCLES,BACKEND,SUB-EVENT,_Sigmoid:OpId_174 (cycles)
1813955394,EXECUTE,197195,CYCLES,BACKEND,SUB-EVENT,_Mul_12:OpId_181 (cycles)
1813955394,EXECUTE,103375,CYCLES,BACKEND,SUB-EVENT,_Mul_13:OpId_183 (cycles)
1813955394,EXECUTE,0,CYCLES,BACKEND,SUB-EVENT,_MatMul_8_pre_reshape:OpId_185 (cycles)
1813955394,EXECUTE,381214,CYCLES,BACKEND,SUB-EVENT,_MatMul_8:OpId_187 (cycles)
1813955394,EXECUTE,0,CYCLES,BACKEND,SUB-EVENT,_MatMul_8_post_reshape:OpId_190 (cycles)
1813955394,EXECUTE,0,CYCLES,BACKEND,SUB-EVENT,_MatMul_8_output_0_nfc:OpId_192 (cycles)
1813955394,EXECUTE,7198,CYCLES,BACKEND,SUB-EVENT,_Add_9:OpId_194 (cycles)
1813955394,EXECUTE,35745,CYCLES,BACKEND,SUB-EVENT,hidden_out_ncf:OpId_197 (cycles)
1813955394,EXECUTE,16237,CYCLES,BACKEND,SUB-EVENT,Output OpId_3 (cycles)
1813955394,EXECUTE,4426,US,BACKEND,ROOT,Accelerator (execute) time
1813955394,EXECUTE,4275,US,BACKEND,ROOT,Accelerator (execute excluding wait) time
1813955394,EXECUTE,13067,US,BACKEND,ROOT,QNN (execute) time
1813974873,EXECUTE,13343,US,NETRUN,ROOT,Graph 0: qwen2_0_5b_layer0_prefill_seq16
1813974873,EXECUTE,4,COUNT,BACKEND,ROOT,Number of HVX threads used
1813974873,EXECUTE,12867,US,BACKEND,ROOT,RPC (execute) time
1813974873,EXECUTE,10678,US,BACKEND,ROOT,QNN accelerator (execute) time
1813974873,EXECUTE,0,COUNT,BACKEND,ROOT,Num times yield occured
1813974873,EXECUTE,667,US,BACKEND,ROOT,Time for initial VTCM acquire
1813974873,EXECUTE,299,US,BACKEND,ROOT,Time for HVX + HMX power on and acquire
1813974873,EXECUTE,2961504,CYCLES,BACKEND,ROOT,Accelerator (execute) time (cycles)
1813974873,EXECUTE,9130,CYCLES,BACKEND,SUB-EVENT,Input OpId_2 (cycles)
1813974873,EXECUTE,0,CYCLES,BACKEND,SUB-EVENT,hidden_states_nfc:OpId_17 (cycles)
1813974873,EXECUTE,129246,CYCLES,BACKEND,SUB-EVENT,rms_norm__Mul_1_output_0:OpId_22 (cycles)
1813974873,EXECUTE,0,CYCLES,BACKEND,SUB-EVENT,_MatMul_2_pre_reshape:OpId_25 (cycles)
1813974873,EXECUTE,0,CYCLES,BACKEND,SUB-EVENT,_MatMul_1_pre_reshape:OpId_26 (cycles)
1813974873,EXECUTE,0,CYCLES,BACKEND,SUB-EVENT,_MatMul_pre_reshape:OpId_27 (cycles)
1813974873,EXECUTE,84918,CYCLES,BACKEND,SUB-EVENT,OpId_28 (cycles)
1813974873,EXECUTE,0,CYCLES,BACKEND,SUB-EVENT,_MatMul_lhs_reshape:OpId_30 (cycles)
1813974873,EXECUTE,0,CYCLES,BACKEND,SUB-EVENT,_MatMul_lhs_cast_fp16:OpId_31 (cycles)
1813974873,EXECUTE,705065,CYCLES,BACKEND,SUB-EVENT,_MatMul:OpId_32 (cycles)
1813974873,EXECUTE,0,CYCLES,BACKEND,SUB-EVENT,_MatMul_custom_output_reshape:OpId_33 (cycles)
1813974873,EXECUTE,118305,CYCLES,BACKEND,SUB-EVENT,_MatMul_bias_add:OpId_34 (cycles)
1813974873,EXECUTE,0,CYCLES,BACKEND,SUB-EVENT,_MatMul_post_reshape:OpId_36 (cycles)
1813974873,EXECUTE,0,CYCLES,BACKEND,SUB-EVENT,_MatMul_1:OpId_39 (cycles)
1813974873,EXECUTE,0,CYCLES,BACKEND,SUB-EVENT,_MatMul_1_post_reshape:OpId_41 (cycles)
1813974873,EXECUTE,0,CYCLES,BACKEND,SUB-EVENT,_MatMul_2:OpId_44 (cycles)
1813974873,EXECUTE,0,CYCLES,BACKEND,SUB-EVENT,_MatMul_2_post_reshape:OpId_46 (cycles)
1813974873,EXECUTE,24673,CYCLES,BACKEND,SUB-EVENT,_Transpose:OpId_48 (cycles)
1813974873,EXECUTE,19498,CYCLES,BACKEND,SUB-EVENT,_Transpose_1:OpId_50 (cycles)
1813974873,EXECUTE,29236,CYCLES,BACKEND,SUB-EVENT,_Transpose_2:OpId_52 (cycles)
1813974873,EXECUTE,22916,CYCLES,BACKEND,SUB-EVENT,_Slice:OpId_54 (cycles)
1813974873,EXECUTE,7989,CYCLES,BACKEND,SUB-EVENT,_Slice_1:OpId_60 (cycles)
1813974873,EXECUTE,6545,CYCLES,BACKEND,SUB-EVENT,_Mul_2:OpId_66 (cycles)
1813974873,EXECUTE,4893,CYCLES,BACKEND,SUB-EVENT,_Mul_3:OpId_69 (cycles)
1813974873,EXECUTE,1785,CYCLES,BACKEND,SUB-EVENT,_Sub:OpId_71 (cycles)
1813974873,EXECUTE,6675,CYCLES,BACKEND,SUB-EVENT,_Mul_4:OpId_73 (cycles)
1813974873,EXECUTE,4732,CYCLES,BACKEND,SUB-EVENT,_Mul_5:OpId_75 (cycles)
1813974873,EXECUTE,1469,CYCLES,BACKEND,SUB-EVENT,_Add_4:OpId_77 (cycles)
1813974873,EXECUTE,0,CYCLES,BACKEND,SUB-EVENT,_Unsqueeze:OpId_79 (cycles)
1813974873,EXECUTE,0,CYCLES,BACKEND,SUB-EVENT,_Unsqueeze_1:OpId_80 (cycles)
1813974873,EXECUTE,3823,CYCLES,BACKEND,SUB-EVENT,_Concat:OpId_81 (cycles)
1813974873,EXECUTE,0,CYCLES,BACKEND,SUB-EVENT,_Reshape_3:OpId_83 (cycles)
1813974873,EXECUTE,28364,CYCLES,BACKEND,SUB-EVENT,_Slice_3:OpId_85 (cycles)
1813974873,EXECUTE,6105,CYCLES,BACKEND,SUB-EVENT,_Slice_4:OpId_91 (cycles)
1813974873,EXECUTE,5664,CYCLES,BACKEND,SUB-EVENT,_Mul_6:OpId_96 (cycles)
1813974873,EXECUTE,2189,CYCLES,BACKEND,SUB-EVENT,_Mul_7:OpId_98 (cycles)
1813974873,EXECUTE,1264,CYCLES,BACKEND,SUB-EVENT,_Sub_1:OpId_100 (cycles)
1813974873,EXECUTE,5623,CYCLES,BACKEND,SUB-EVENT,_Mul_8:OpId_102 (cycles)
1813974873,EXECUTE,2094,CYCLES,BACKEND,SUB-EVENT,_Mul_9:OpId_104 (cycles)
1813974873,EXECUTE,1721,CYCLES,BACKEND,SUB-EVENT,_Add_5:OpId_106 (cycles)
1813974873,EXECUTE,0,CYCLES,BACKEND,SUB-EVENT,_Unsqueeze_2:OpId_108 (cycles)
1813974873,EXECUTE,0,CYCLES,BACKEND,SUB-EVENT,_Unsqueeze_3:OpId_109 (cycles)
1813974873,EXECUTE,3023,CYCLES,BACKEND,SUB-EVENT,_Concat_2:OpId_110 (cycles)
1813974873,EXECUTE,3441,CYCLES,BACKEND,SUB-EVENT,_Reshape_4:OpId_112 (cycles)
1813974873,EXECUTE,0,CYCLES,BACKEND,SUB-EVENT,_Unsqueeze_4:OpId_113 (cycles)
1813974873,EXECUTE,2259,CYCLES,BACKEND,SUB-EVENT,_Tile:OpId_115 (cycles)
1813974873,EXECUTE,0,CYCLES,BACKEND,SUB-EVENT,_Reshape_5:OpId_116 (cycles)
1813974873,EXECUTE,0,CYCLES,BACKEND,SUB-EVENT,_Unsqueeze_5:OpId_117 (cycles)
1813974873,EXECUTE,3524,CYCLES,BACKEND,SUB-EVENT,_Tile_1:OpId_119 (cycles)
1813974873,EXECUTE,0,CYCLES,BACKEND,SUB-EVENT,_Reshape_6:OpId_120 (cycles)
1813974873,EXECUTE,0,CYCLES,BACKEND,SUB-EVENT,_Transpose_3:OpId_122 (cycles)
1813974873,EXECUTE,71222,CYCLES,BACKEND,SUB-EVENT,_MatMul_3:OpId_123 (cycles)
1813974873,EXECUTE,14714,CYCLES,BACKEND,SUB-EVENT,_Div_1:OpId_128 (cycles)
1813974873,EXECUTE,3644,CYCLES,BACKEND,SUB-EVENT,_Add_6:OpId_131 (cycles)
1813974873,EXECUTE,65092,CYCLES,BACKEND,SUB-EVENT,_Softmax:OpId_133 (cycles)
1813974873,EXECUTE,18718,CYCLES,BACKEND,SUB-EVENT,_MatMul_4:OpId_136 (cycles)
1813974873,EXECUTE,0,CYCLES,BACKEND,SUB-EVENT,_Transpose_4:OpId_141 (cycles)
1813974873,EXECUTE,0,CYCLES,BACKEND,SUB-EVENT,_Reshape_7:OpId_142 (cycles)
1813974873,EXECUTE,10598,CYCLES,BACKEND,SUB-EVENT,_MatMul_5:OpId_144 (cycles)
1813974873,EXECUTE,0,CYCLES,BACKEND,SUB-EVENT,_MatMul_5_post_reshape:OpId_147 (cycles)
1813974873,EXECUTE,0,CYCLES,BACKEND,SUB-EVENT,_MatMul_5_output_0_nfc:OpId_149 (cycles)
1813974873,EXECUTE,2666,CYCLES,BACKEND,SUB-EVENT,_Add_7:OpId_151 (cycles)
1813974873,EXECUTE,0,CYCLES,BACKEND,SUB-EVENT,_Add_7_output_0_ncf:OpId_154 (cycles)
1813974873,EXECUTE,12078,CYCLES,BACKEND,SUB-EVENT,rms_norm__Mul_11_output_0:OpId_159 (cycles)
1813974873,EXECUTE,0,CYCLES,BACKEND,SUB-EVENT,_MatMul_7_pre_reshape:OpId_162 (cycles)
1813974873,EXECUTE,0,CYCLES,BACKEND,SUB-EVENT,_MatMul_6_pre_reshape:OpId_163 (cycles)
1813974873,EXECUTE,391398,CYCLES,BACKEND,SUB-EVENT,_MatMul_6:OpId_165 (cycles)
1813974873,EXECUTE,0,CYCLES,BACKEND,SUB-EVENT,_MatMul_6_post_reshape:OpId_168 (cycles)
1813974873,EXECUTE,348399,CYCLES,BACKEND,SUB-EVENT,_MatMul_7:OpId_170 (cycles)
1813974873,EXECUTE,0,CYCLES,BACKEND,SUB-EVENT,_MatMul_7_post_reshape:OpId_173 (cycles)
1813974873,EXECUTE,0,CYCLES,BACKEND,SUB-EVENT,_Sigmoid:OpId_174 (cycles)
1813974873,EXECUTE,208764,CYCLES,BACKEND,SUB-EVENT,_Mul_12:OpId_181 (cycles)
1813974873,EXECUTE,119332,CYCLES,BACKEND,SUB-EVENT,_Mul_13:OpId_183 (cycles)
1813974873,EXECUTE,0,CYCLES,BACKEND,SUB-EVENT,_MatMul_8_pre_reshape:OpId_185 (cycles)
1813974873,EXECUTE,379350,CYCLES,BACKEND,SUB-EVENT,_MatMul_8:OpId_187 (cycles)
1813974873,EXECUTE,0,CYCLES,BACKEND,SUB-EVENT,_MatMul_8_post_reshape:OpId_190 (cycles)
1813974873,EXECUTE,0,CYCLES,BACKEND,SUB-EVENT,_MatMul_8_output_0_nfc:OpId_192 (cycles)
1813974873,EXECUTE,7211,CYCLES,BACKEND,SUB-EVENT,_Add_9:OpId_194 (cycles)
1813974873,EXECUTE,39521,CYCLES,BACKEND,SUB-EVENT,hidden_out_ncf:OpId_197 (cycles)
1813974873,EXECUTE,22628,CYCLES,BACKEND,SUB-EVENT,Output OpId_3 (cycles)
1813974873,EXECUTE,4692,US,BACKEND,ROOT,Accelerator (execute) time
1813974873,EXECUTE,4554,US,BACKEND,ROOT,Accelerator (execute excluding wait) time
1813974873,EXECUTE,13320,US,BACKEND,ROOT,QNN (execute) time
1813992719,EXECUTE,11925,US,NETRUN,ROOT,Graph 0: qwen2_0_5b_layer0_prefill_seq16
1813992719,EXECUTE,4,COUNT,BACKEND,ROOT,Number of HVX threads used
1813992719,EXECUTE,11434,US,BACKEND,ROOT,RPC (execute) time
1813992719,EXECUTE,10346,US,BACKEND,ROOT,QNN accelerator (execute) time
1813992719,EXECUTE,0,COUNT,BACKEND,ROOT,Num times yield occured
1813992719,EXECUTE,1025,US,BACKEND,ROOT,Time for initial VTCM acquire
1813992719,EXECUTE,360,US,BACKEND,ROOT,Time for HVX + HMX power on and acquire
1813992719,EXECUTE,3051072,CYCLES,BACKEND,ROOT,Accelerator (execute) time (cycles)
1813992719,EXECUTE,3423,CYCLES,BACKEND,SUB-EVENT,Input OpId_2 (cycles)
1813992719,EXECUTE,0,CYCLES,BACKEND,SUB-EVENT,hidden_states_nfc:OpId_17 (cycles)
1813992719,EXECUTE,245176,CYCLES,BACKEND,SUB-EVENT,rms_norm__Mul_1_output_0:OpId_22 (cycles)
1813992719,EXECUTE,0,CYCLES,BACKEND,SUB-EVENT,_MatMul_2_pre_reshape:OpId_25 (cycles)
1813992719,EXECUTE,0,CYCLES,BACKEND,SUB-EVENT,_MatMul_1_pre_reshape:OpId_26 (cycles)
1813992719,EXECUTE,0,CYCLES,BACKEND,SUB-EVENT,_MatMul_pre_reshape:OpId_27 (cycles)
1813992719,EXECUTE,4457,CYCLES,BACKEND,SUB-EVENT,OpId_28 (cycles)
1813992719,EXECUTE,0,CYCLES,BACKEND,SUB-EVENT,_MatMul_lhs_reshape:OpId_30 (cycles)
1813992719,EXECUTE,0,CYCLES,BACKEND,SUB-EVENT,_MatMul_lhs_cast_fp16:OpId_31 (cycles)
1813992719,EXECUTE,672836,CYCLES,BACKEND,SUB-EVENT,_MatMul:OpId_32 (cycles)
1813992719,EXECUTE,0,CYCLES,BACKEND,SUB-EVENT,_MatMul_custom_output_reshape:OpId_33 (cycles)
1813992719,EXECUTE,203028,CYCLES,BACKEND,SUB-EVENT,_MatMul_bias_add:OpId_34 (cycles)
1813992719,EXECUTE,0,CYCLES,BACKEND,SUB-EVENT,_MatMul_post_reshape:OpId_36 (cycles)
1813992719,EXECUTE,0,CYCLES,BACKEND,SUB-EVENT,_MatMul_1:OpId_39 (cycles)
1813992719,EXECUTE,0,CYCLES,BACKEND,SUB-EVENT,_MatMul_1_post_reshape:OpId_41 (cycles)
1813992719,EXECUTE,0,CYCLES,BACKEND,SUB-EVENT,_MatMul_2:OpId_44 (cycles)
1813992719,EXECUTE,0,CYCLES,BACKEND,SUB-EVENT,_MatMul_2_post_reshape:OpId_46 (cycles)
1813992719,EXECUTE,32243,CYCLES,BACKEND,SUB-EVENT,_Transpose:OpId_48 (cycles)
1813992719,EXECUTE,12769,CYCLES,BACKEND,SUB-EVENT,_Transpose_1:OpId_50 (cycles)
1813992719,EXECUTE,19587,CYCLES,BACKEND,SUB-EVENT,_Transpose_2:OpId_52 (cycles)
1813992719,EXECUTE,22347,CYCLES,BACKEND,SUB-EVENT,_Slice:OpId_54 (cycles)
1813992719,EXECUTE,7577,CYCLES,BACKEND,SUB-EVENT,_Slice_1:OpId_60 (cycles)
1813992719,EXECUTE,6602,CYCLES,BACKEND,SUB-EVENT,_Mul_2:OpId_66 (cycles)
1813992719,EXECUTE,4706,CYCLES,BACKEND,SUB-EVENT,_Mul_3:OpId_69 (cycles)
1813992719,EXECUTE,1763,CYCLES,BACKEND,SUB-EVENT,_Sub:OpId_71 (cycles)
1813992719,EXECUTE,6636,CYCLES,BACKEND,SUB-EVENT,_Mul_4:OpId_73 (cycles)
1813992719,EXECUTE,4595,CYCLES,BACKEND,SUB-EVENT,_Mul_5:OpId_75 (cycles)
1813992719,EXECUTE,2565,CYCLES,BACKEND,SUB-EVENT,_Add_4:OpId_77 (cycles)
1813992719,EXECUTE,0,CYCLES,BACKEND,SUB-EVENT,_Unsqueeze:OpId_79 (cycles)
1813992719,EXECUTE,0,CYCLES,BACKEND,SUB-EVENT,_Unsqueeze_1:OpId_80 (cycles)
1813992719,EXECUTE,3623,CYCLES,BACKEND,SUB-EVENT,_Concat:OpId_81 (cycles)
1813992719,EXECUTE,0,CYCLES,BACKEND,SUB-EVENT,_Reshape_3:OpId_83 (cycles)
1813992719,EXECUTE,67235,CYCLES,BACKEND,SUB-EVENT,_Slice_3:OpId_85 (cycles)
1813992719,EXECUTE,6217,CYCLES,BACKEND,SUB-EVENT,_Slice_4:OpId_91 (cycles)
1813992719,EXECUTE,12909,CYCLES,BACKEND,SUB-EVENT,_Mul_6:OpId_96 (cycles)
1813992719,EXECUTE,10160,CYCLES,BACKEND,SUB-EVENT,_Mul_7:OpId_98 (cycles)
1813992719,EXECUTE,1348,CYCLES,BACKEND,SUB-EVENT,_Sub_1:OpId_100 (cycles)
1813992719,EXECUTE,12727,CYCLES,BACKEND,SUB-EVENT,_Mul_8:OpId_102 (cycles)
1813992719,EXECUTE,9927,CYCLES,BACKEND,SUB-EVENT,_Mul_9:OpId_104 (cycles)
1813992719,EXECUTE,1723,CYCLES,BACKEND,SUB-EVENT,_Add_5:OpId_106 (cycles)
1813992719,EXECUTE,0,CYCLES,BACKEND,SUB-EVENT,_Unsqueeze_2:OpId_108 (cycles)
1813992719,EXECUTE,0,CYCLES,BACKEND,SUB-EVENT,_Unsqueeze_3:OpId_109 (cycles)
1813992719,EXECUTE,2802,CYCLES,BACKEND,SUB-EVENT,_Concat_2:OpId_110 (cycles)
1813992719,EXECUTE,4193,CYCLES,BACKEND,SUB-EVENT,_Reshape_4:OpId_112 (cycles)
1813992719,EXECUTE,0,CYCLES,BACKEND,SUB-EVENT,_Unsqueeze_4:OpId_113 (cycles)
1813992719,EXECUTE,7867,CYCLES,BACKEND,SUB-EVENT,_Tile:OpId_115 (cycles)
1813992719,EXECUTE,0,CYCLES,BACKEND,SUB-EVENT,_Reshape_5:OpId_116 (cycles)
1813992719,EXECUTE,0,CYCLES,BACKEND,SUB-EVENT,_Unsqueeze_5:OpId_117 (cycles)
1813992719,EXECUTE,14940,CYCLES,BACKEND,SUB-EVENT,_Tile_1:OpId_119 (cycles)
1813992719,EXECUTE,0,CYCLES,BACKEND,SUB-EVENT,_Reshape_6:OpId_120 (cycles)
1813992719,EXECUTE,0,CYCLES,BACKEND,SUB-EVENT,_Transpose_3:OpId_122 (cycles)
1813992719,EXECUTE,124407,CYCLES,BACKEND,SUB-EVENT,_MatMul_3:OpId_123 (cycles)
1813992719,EXECUTE,15545,CYCLES,BACKEND,SUB-EVENT,_Div_1:OpId_128 (cycles)
1813992719,EXECUTE,15452,CYCLES,BACKEND,SUB-EVENT,_Add_6:OpId_131 (cycles)
1813992719,EXECUTE,62377,CYCLES,BACKEND,SUB-EVENT,_Softmax:OpId_133 (cycles)
1813992719,EXECUTE,70338,CYCLES,BACKEND,SUB-EVENT,_MatMul_4:OpId_136 (cycles)
1813992719,EXECUTE,0,CYCLES,BACKEND,SUB-EVENT,_Transpose_4:OpId_141 (cycles)
1813992719,EXECUTE,0,CYCLES,BACKEND,SUB-EVENT,_Reshape_7:OpId_142 (cycles)
1813992719,EXECUTE,18263,CYCLES,BACKEND,SUB-EVENT,_MatMul_5:OpId_144 (cycles)
1813992719,EXECUTE,0,CYCLES,BACKEND,SUB-EVENT,_MatMul_5_post_reshape:OpId_147 (cycles)
1813992719,EXECUTE,0,CYCLES,BACKEND,SUB-EVENT,_MatMul_5_output_0_nfc:OpId_149 (cycles)
1813992719,EXECUTE,2633,CYCLES,BACKEND,SUB-EVENT,_Add_7:OpId_151 (cycles)
1813992719,EXECUTE,0,CYCLES,BACKEND,SUB-EVENT,_Add_7_output_0_ncf:OpId_154 (cycles)
1813992719,EXECUTE,12078,CYCLES,BACKEND,SUB-EVENT,rms_norm__Mul_11_output_0:OpId_159 (cycles)
1813992719,EXECUTE,0,CYCLES,BACKEND,SUB-EVENT,_MatMul_7_pre_reshape:OpId_162 (cycles)
1813992719,EXECUTE,0,CYCLES,BACKEND,SUB-EVENT,_MatMul_6_pre_reshape:OpId_163 (cycles)
1813992719,EXECUTE,200194,CYCLES,BACKEND,SUB-EVENT,_MatMul_6:OpId_165 (cycles)
1813992719,EXECUTE,0,CYCLES,BACKEND,SUB-EVENT,_MatMul_6_post_reshape:OpId_168 (cycles)
1813992719,EXECUTE,386675,CYCLES,BACKEND,SUB-EVENT,_MatMul_7:OpId_170 (cycles)
1813992719,EXECUTE,0,CYCLES,BACKEND,SUB-EVENT,_MatMul_7_post_reshape:OpId_173 (cycles)
1813992719,EXECUTE,0,CYCLES,BACKEND,SUB-EVENT,_Sigmoid:OpId_174 (cycles)
1813992719,EXECUTE,188044,CYCLES,BACKEND,SUB-EVENT,_Mul_12:OpId_181 (cycles)
1813992719,EXECUTE,104012,CYCLES,BACKEND,SUB-EVENT,_Mul_13:OpId_183 (cycles)
1813992719,EXECUTE,0,CYCLES,BACKEND,SUB-EVENT,_MatMul_8_pre_reshape:OpId_185 (cycles)
1813992719,EXECUTE,383294,CYCLES,BACKEND,SUB-EVENT,_MatMul_8:OpId_187 (cycles)
1813992719,EXECUTE,0,CYCLES,BACKEND,SUB-EVENT,_MatMul_8_post_reshape:OpId_190 (cycles)
1813992719,EXECUTE,0,CYCLES,BACKEND,SUB-EVENT,_MatMul_8_output_0_nfc:OpId_192 (cycles)
1813992719,EXECUTE,7193,CYCLES,BACKEND,SUB-EVENT,_Add_9:OpId_194 (cycles)
1813992719,EXECUTE,37856,CYCLES,BACKEND,SUB-EVENT,hidden_out_ncf:OpId_197 (cycles)
1813992719,EXECUTE,16730,CYCLES,BACKEND,SUB-EVENT,Output OpId_3 (cycles)
1813992719,EXECUTE,4446,US,BACKEND,ROOT,Accelerator (execute) time
1813992719,EXECUTE,4273,US,BACKEND,ROOT,Accelerator (execute excluding wait) time
1813992719,EXECUTE,11903,US,BACKEND,ROOT,QNN (execute) time
1814011536,EXECUTE,12987,US,NETRUN,ROOT,Graph 0: qwen2_0_5b_layer0_prefill_seq16
1814011536,EXECUTE,4,COUNT,BACKEND,ROOT,Number of HVX threads used
1814011536,EXECUTE,12549,US,BACKEND,ROOT,RPC (execute) time
1814011536,EXECUTE,10384,US,BACKEND,ROOT,QNN accelerator (execute) time
1814011536,EXECUTE,0,COUNT,BACKEND,ROOT,Num times yield occured
1814011536,EXECUTE,799,US,BACKEND,ROOT,Time for initial VTCM acquire
1814011536,EXECUTE,339,US,BACKEND,ROOT,Time for HVX + HMX power on and acquire
1814011536,EXECUTE,3126786,CYCLES,BACKEND,ROOT,Accelerator (execute) time (cycles)
1814011536,EXECUTE,3897,CYCLES,BACKEND,SUB-EVENT,Input OpId_2 (cycles)
1814011536,EXECUTE,0,CYCLES,BACKEND,SUB-EVENT,hidden_states_nfc:OpId_17 (cycles)
1814011536,EXECUTE,260471,CYCLES,BACKEND,SUB-EVENT,rms_norm__Mul_1_output_0:OpId_22 (cycles)
1814011536,EXECUTE,0,CYCLES,BACKEND,SUB-EVENT,_MatMul_2_pre_reshape:OpId_25 (cycles)
1814011536,EXECUTE,0,CYCLES,BACKEND,SUB-EVENT,_MatMul_1_pre_reshape:OpId_26 (cycles)
1814011536,EXECUTE,0,CYCLES,BACKEND,SUB-EVENT,_MatMul_pre_reshape:OpId_27 (cycles)
1814011536,EXECUTE,6681,CYCLES,BACKEND,SUB-EVENT,OpId_28 (cycles)
1814011536,EXECUTE,0,CYCLES,BACKEND,SUB-EVENT,_MatMul_lhs_reshape:OpId_30 (cycles)
1814011536,EXECUTE,0,CYCLES,BACKEND,SUB-EVENT,_MatMul_lhs_cast_fp16:OpId_31 (cycles)
1814011536,EXECUTE,665194,CYCLES,BACKEND,SUB-EVENT,_MatMul:OpId_32 (cycles)
1814011536,EXECUTE,0,CYCLES,BACKEND,SUB-EVENT,_MatMul_custom_output_reshape:OpId_33 (cycles)
1814011536,EXECUTE,234580,CYCLES,BACKEND,SUB-EVENT,_MatMul_bias_add:OpId_34 (cycles)
1814011536,EXECUTE,0,CYCLES,BACKEND,SUB-EVENT,_MatMul_post_reshape:OpId_36 (cycles)
1814011536,EXECUTE,0,CYCLES,BACKEND,SUB-EVENT,_MatMul_1:OpId_39 (cycles)
1814011536,EXECUTE,0,CYCLES,BACKEND,SUB-EVENT,_MatMul_1_post_reshape:OpId_41 (cycles)
1814011536,EXECUTE,0,CYCLES,BACKEND,SUB-EVENT,_MatMul_2:OpId_44 (cycles)
1814011536,EXECUTE,0,CYCLES,BACKEND,SUB-EVENT,_MatMul_2_post_reshape:OpId_46 (cycles)
1814011536,EXECUTE,32029,CYCLES,BACKEND,SUB-EVENT,_Transpose:OpId_48 (cycles)
1814011536,EXECUTE,16327,CYCLES,BACKEND,SUB-EVENT,_Transpose_1:OpId_50 (cycles)
1814011536,EXECUTE,26557,CYCLES,BACKEND,SUB-EVENT,_Transpose_2:OpId_52 (cycles)
1814011536,EXECUTE,22226,CYCLES,BACKEND,SUB-EVENT,_Slice:OpId_54 (cycles)
1814011536,EXECUTE,7373,CYCLES,BACKEND,SUB-EVENT,_Slice_1:OpId_60 (cycles)
1814011536,EXECUTE,6746,CYCLES,BACKEND,SUB-EVENT,_Mul_2:OpId_66 (cycles)
1814011536,EXECUTE,4662,CYCLES,BACKEND,SUB-EVENT,_Mul_3:OpId_69 (cycles)
1814011536,EXECUTE,1456,CYCLES,BACKEND,SUB-EVENT,_Sub:OpId_71 (cycles)
1814011536,EXECUTE,6826,CYCLES,BACKEND,SUB-EVENT,_Mul_4:OpId_73 (cycles)
1814011536,EXECUTE,4614,CYCLES,BACKEND,SUB-EVENT,_Mul_5:OpId_75 (cycles)
1814011536,EXECUTE,9066,CYCLES,BACKEND,SUB-EVENT,_Add_4:OpId_77 (cycles)
1814011536,EXECUTE,0,CYCLES,BACKEND,SUB-EVENT,_Unsqueeze:OpId_79 (cycles)
1814011536,EXECUTE,0,CYCLES,BACKEND,SUB-EVENT,_Unsqueeze_1:OpId_80 (cycles)
1814011536,EXECUTE,3518,CYCLES,BACKEND,SUB-EVENT,_Concat:OpId_81 (cycles)
1814011536,EXECUTE,0,CYCLES,BACKEND,SUB-EVENT,_Reshape_3:OpId_83 (cycles)
1814011536,EXECUTE,83435,CYCLES,BACKEND,SUB-EVENT,_Slice_3:OpId_85 (cycles)
1814011536,EXECUTE,5632,CYCLES,BACKEND,SUB-EVENT,_Slice_4:OpId_91 (cycles)
1814011536,EXECUTE,14080,CYCLES,BACKEND,SUB-EVENT,_Mul_6:OpId_96 (cycles)
1814011536,EXECUTE,11043,CYCLES,BACKEND,SUB-EVENT,_Mul_7:OpId_98 (cycles)
1814011536,EXECUTE,1283,CYCLES,BACKEND,SUB-EVENT,_Sub_1:OpId_100 (cycles)
1814011536,EXECUTE,14035,CYCLES,BACKEND,SUB-EVENT,_Mul_8:OpId_102 (cycles)
1814011536,EXECUTE,10872,CYCLES,BACKEND,SUB-EVENT,_Mul_9:OpId_104 (cycles)
1814011536,EXECUTE,1738,CYCLES,BACKEND,SUB-EVENT,_Add_5:OpId_106 (cycles)
1814011536,EXECUTE,0,CYCLES,BACKEND,SUB-EVENT,_Unsqueeze_2:OpId_108 (cycles)
1814011536,EXECUTE,0,CYCLES,BACKEND,SUB-EVENT,_Unsqueeze_3:OpId_109 (cycles)
1814011536,EXECUTE,2695,CYCLES,BACKEND,SUB-EVENT,_Concat_2:OpId_110 (cycles)
1814011536,EXECUTE,4149,CYCLES,BACKEND,SUB-EVENT,_Reshape_4:OpId_112 (cycles)
1814011536,EXECUTE,0,CYCLES,BACKEND,SUB-EVENT,_Unsqueeze_4:OpId_113 (cycles)
1814011536,EXECUTE,4513,CYCLES,BACKEND,SUB-EVENT,_Tile:OpId_115 (cycles)
1814011536,EXECUTE,0,CYCLES,BACKEND,SUB-EVENT,_Reshape_5:OpId_116 (cycles)
1814011536,EXECUTE,0,CYCLES,BACKEND,SUB-EVENT,_Unsqueeze_5:OpId_117 (cycles)
1814011536,EXECUTE,7803,CYCLES,BACKEND,SUB-EVENT,_Tile_1:OpId_119 (cycles)
1814011536,EXECUTE,0,CYCLES,BACKEND,SUB-EVENT,_Reshape_6:OpId_120 (cycles)
1814011536,EXECUTE,0,CYCLES,BACKEND,SUB-EVENT,_Transpose_3:OpId_122 (cycles)
1814011536,EXECUTE,138850,CYCLES,BACKEND,SUB-EVENT,_MatMul_3:OpId_123 (cycles)
1814011536,EXECUTE,15235,CYCLES,BACKEND,SUB-EVENT,_Div_1:OpId_128 (cycles)
1814011536,EXECUTE,9573,CYCLES,BACKEND,SUB-EVENT,_Add_6:OpId_131 (cycles)
1814011536,EXECUTE,62529,CYCLES,BACKEND,SUB-EVENT,_Softmax:OpId_133 (cycles)
1814011536,EXECUTE,68201,CYCLES,BACKEND,SUB-EVENT,_MatMul_4:OpId_136 (cycles)
1814011536,EXECUTE,0,CYCLES,BACKEND,SUB-EVENT,_Transpose_4:OpId_141 (cycles)
1814011536,EXECUTE,0,CYCLES,BACKEND,SUB-EVENT,_Reshape_7:OpId_142 (cycles)
1814011536,EXECUTE,21260,CYCLES,BACKEND,SUB-EVENT,_MatMul_5:OpId_144 (cycles)
1814011536,EXECUTE,0,CYCLES,BACKEND,SUB-EVENT,_MatMul_5_post_reshape:OpId_147 (cycles)
1814011536,EXECUTE,0,CYCLES,BACKEND,SUB-EVENT,_MatMul_5_output_0_nfc:OpId_149 (cycles)
1814011536,EXECUTE,2665,CYCLES,BACKEND,SUB-EVENT,_Add_7:OpId_151 (cycles)
1814011536,EXECUTE,0,CYCLES,BACKEND,SUB-EVENT,_Add_7_output_0_ncf:OpId_154 (cycles)
1814011536,EXECUTE,12088,CYCLES,BACKEND,SUB-EVENT,rms_norm__Mul_11_output_0:OpId_159 (cycles)
1814011536,EXECUTE,0,CYCLES,BACKEND,SUB-EVENT,_MatMul_7_pre_reshape:OpId_162 (cycles)
1814011536,EXECUTE,0,CYCLES,BACKEND,SUB-EVENT,_MatMul_6_pre_reshape:OpId_163 (cycles)
1814011536,EXECUTE,216594,CYCLES,BACKEND,SUB-EVENT,_MatMul_6:OpId_165 (cycles)
1814011536,EXECUTE,0,CYCLES,BACKEND,SUB-EVENT,_MatMul_6_post_reshape:OpId_168 (cycles)
1814011536,EXECUTE,382684,CYCLES,BACKEND,SUB-EVENT,_MatMul_7:OpId_170 (cycles)
1814011536,EXECUTE,0,CYCLES,BACKEND,SUB-EVENT,_MatMul_7_post_reshape:OpId_173 (cycles)
1814011536,EXECUTE,0,CYCLES,BACKEND,SUB-EVENT,_Sigmoid:OpId_174 (cycles)
1814011536,EXECUTE,188590,CYCLES,BACKEND,SUB-EVENT,_Mul_12:OpId_181 (cycles)
1814011536,EXECUTE,95868,CYCLES,BACKEND,SUB-EVENT,_Mul_13:OpId_183 (cycles)
1814011536,EXECUTE,0,CYCLES,BACKEND,SUB-EVENT,_MatMul_8_pre_reshape:OpId_185 (cycles)
1814011536,EXECUTE,379813,CYCLES,BACKEND,SUB-EVENT,_MatMul_8:OpId_187 (cycles)
1814011536,EXECUTE,0,CYCLES,BACKEND,SUB-EVENT,_MatMul_8_post_reshape:OpId_190 (cycles)
1814011536,EXECUTE,0,CYCLES,BACKEND,SUB-EVENT,_MatMul_8_output_0_nfc:OpId_192 (cycles)
1814011536,EXECUTE,7210,CYCLES,BACKEND,SUB-EVENT,_Add_9:OpId_194 (cycles)
1814011536,EXECUTE,34603,CYCLES,BACKEND,SUB-EVENT,hidden_out_ncf:OpId_197 (cycles)
1814011536,EXECUTE,17522,CYCLES,BACKEND,SUB-EVENT,Output OpId_3 (cycles)
1814011536,EXECUTE,4425,US,BACKEND,ROOT,Accelerator (execute) time
1814011536,EXECUTE,4271,US,BACKEND,ROOT,Accelerator (execute excluding wait) time
1814011536,EXECUTE,12938,US,BACKEND,ROOT,QNN (execute) time
1814030836,EXECUTE,13301,US,NETRUN,ROOT,Graph 0: qwen2_0_5b_layer0_prefill_seq16
1814030836,EXECUTE,4,COUNT,BACKEND,ROOT,Number of HVX threads used
1814030836,EXECUTE,12865,US,BACKEND,ROOT,RPC (execute) time
1814030836,EXECUTE,10663,US,BACKEND,ROOT,QNN accelerator (execute) time
1814030836,EXECUTE,0,COUNT,BACKEND,ROOT,Num times yield occured
1814030836,EXECUTE,658,US,BACKEND,ROOT,Time for initial VTCM acquire
1814030836,EXECUTE,331,US,BACKEND,ROOT,Time for HVX + HMX power on and acquire
1814030836,EXECUTE,2932978,CYCLES,BACKEND,ROOT,Accelerator (execute) time (cycles)
1814030836,EXECUTE,9556,CYCLES,BACKEND,SUB-EVENT,Input OpId_2 (cycles)
1814030836,EXECUTE,0,CYCLES,BACKEND,SUB-EVENT,hidden_states_nfc:OpId_17 (cycles)
1814030836,EXECUTE,110515,CYCLES,BACKEND,SUB-EVENT,rms_norm__Mul_1_output_0:OpId_22 (cycles)
1814030836,EXECUTE,0,CYCLES,BACKEND,SUB-EVENT,_MatMul_2_pre_reshape:OpId_25 (cycles)
1814030836,EXECUTE,0,CYCLES,BACKEND,SUB-EVENT,_MatMul_1_pre_reshape:OpId_26 (cycles)
1814030836,EXECUTE,0,CYCLES,BACKEND,SUB-EVENT,_MatMul_pre_reshape:OpId_27 (cycles)
1814030836,EXECUTE,84771,CYCLES,BACKEND,SUB-EVENT,OpId_28 (cycles)
1814030836,EXECUTE,0,CYCLES,BACKEND,SUB-EVENT,_MatMul_lhs_reshape:OpId_30 (cycles)
1814030836,EXECUTE,0,CYCLES,BACKEND,SUB-EVENT,_MatMul_lhs_cast_fp16:OpId_31 (cycles)
1814030836,EXECUTE,699499,CYCLES,BACKEND,SUB-EVENT,_MatMul:OpId_32 (cycles)
1814030836,EXECUTE,0,CYCLES,BACKEND,SUB-EVENT,_MatMul_custom_output_reshape:OpId_33 (cycles)
1814030836,EXECUTE,115016,CYCLES,BACKEND,SUB-EVENT,_MatMul_bias_add:OpId_34 (cycles)
1814030836,EXECUTE,0,CYCLES,BACKEND,SUB-EVENT,_MatMul_post_reshape:OpId_36 (cycles)
1814030836,EXECUTE,0,CYCLES,BACKEND,SUB-EVENT,_MatMul_1:OpId_39 (cycles)
1814030836,EXECUTE,0,CYCLES,BACKEND,SUB-EVENT,_MatMul_1_post_reshape:OpId_41 (cycles)
1814030836,EXECUTE,0,CYCLES,BACKEND,SUB-EVENT,_MatMul_2:OpId_44 (cycles)
1814030836,EXECUTE,0,CYCLES,BACKEND,SUB-EVENT,_MatMul_2_post_reshape:OpId_46 (cycles)
1814030836,EXECUTE,24087,CYCLES,BACKEND,SUB-EVENT,_Transpose:OpId_48 (cycles)
1814030836,EXECUTE,16176,CYCLES,BACKEND,SUB-EVENT,_Transpose_1:OpId_50 (cycles)
1814030836,EXECUTE,23157,CYCLES,BACKEND,SUB-EVENT,_Transpose_2:OpId_52 (cycles)
1814030836,EXECUTE,22442,CYCLES,BACKEND,SUB-EVENT,_Slice:OpId_54 (cycles)
1814030836,EXECUTE,7524,CYCLES,BACKEND,SUB-EVENT,_Slice_1:OpId_60 (cycles)
1814030836,EXECUTE,6652,CYCLES,BACKEND,SUB-EVENT,_Mul_2:OpId_66 (cycles)
1814030836,EXECUTE,4782,CYCLES,BACKEND,SUB-EVENT,_Mul_3:OpId_69 (cycles)
1814030836,EXECUTE,1755,CYCLES,BACKEND,SUB-EVENT,_Sub:OpId_71 (cycles)
1814030836,EXECUTE,6875,CYCLES,BACKEND,SUB-EVENT,_Mul_4:OpId_73 (cycles)
1814030836,EXECUTE,4574,CYCLES,BACKEND,SUB-EVENT,_Mul_5:OpId_75 (cycles)
1814030836,EXECUTE,1468,CYCLES,BACKEND,SUB-EVENT,_Add_4:OpId_77 (cycles)
1814030836,EXECUTE,0,CYCLES,BACKEND,SUB-EVENT,_Unsqueeze:OpId_79 (cycles)
1814030836,EXECUTE,0,CYCLES,BACKEND,SUB-EVENT,_Unsqueeze_1:OpId_80 (cycles)
1814030836,EXECUTE,3529,CYCLES,BACKEND,SUB-EVENT,_Concat:OpId_81 (cycles)
1814030836,EXECUTE,0,CYCLES,BACKEND,SUB-EVENT,_Reshape_3:OpId_83 (cycles)
1814030836,EXECUTE,28343,CYCLES,BACKEND,SUB-EVENT,_Slice_3:OpId_85 (cycles)
1814030836,EXECUTE,6137,CYCLES,BACKEND,SUB-EVENT,_Slice_4:OpId_91 (cycles)
1814030836,EXECUTE,5882,CYCLES,BACKEND,SUB-EVENT,_Mul_6:OpId_96 (cycles)
1814030836,EXECUTE,2918,CYCLES,BACKEND,SUB-EVENT,_Mul_7:OpId_98 (cycles)
1814030836,EXECUTE,1336,CYCLES,BACKEND,SUB-EVENT,_Sub_1:OpId_100 (cycles)
1814030836,EXECUTE,5759,CYCLES,BACKEND,SUB-EVENT,_Mul_8:OpId_102 (cycles)
1814030836,EXECUTE,2532,CYCLES,BACKEND,SUB-EVENT,_Mul_9:OpId_104 (cycles)
1814030836,EXECUTE,1759,CYCLES,BACKEND,SUB-EVENT,_Add_5:OpId_106 (cycles)
1814030836,EXECUTE,0,CYCLES,BACKEND,SUB-EVENT,_Unsqueeze_2:OpId_108 (cycles)
1814030836,EXECUTE,0,CYCLES,BACKEND,SUB-EVENT,_Unsqueeze_3:OpId_109 (cycles)
1814030836,EXECUTE,2587,CYCLES,BACKEND,SUB-EVENT,_Concat_2:OpId_110 (cycles)
1814030836,EXECUTE,4260,CYCLES,BACKEND,SUB-EVENT,_Reshape_4:OpId_112 (cycles)
1814030836,EXECUTE,0,CYCLES,BACKEND,SUB-EVENT,_Unsqueeze_4:OpId_113 (cycles)
1814030836,EXECUTE,2169,CYCLES,BACKEND,SUB-EVENT,_Tile:OpId_115 (cycles)
1814030836,EXECUTE,0,CYCLES,BACKEND,SUB-EVENT,_Reshape_5:OpId_116 (cycles)
1814030836,EXECUTE,0,CYCLES,BACKEND,SUB-EVENT,_Unsqueeze_5:OpId_117 (cycles)
1814030836,EXECUTE,4015,CYCLES,BACKEND,SUB-EVENT,_Tile_1:OpId_119 (cycles)
1814030836,EXECUTE,0,CYCLES,BACKEND,SUB-EVENT,_Reshape_6:OpId_120 (cycles)
1814030836,EXECUTE,0,CYCLES,BACKEND,SUB-EVENT,_Transpose_3:OpId_122 (cycles)
1814030836,EXECUTE,73888,CYCLES,BACKEND,SUB-EVENT,_MatMul_3:OpId_123 (cycles)
1814030836,EXECUTE,14747,CYCLES,BACKEND,SUB-EVENT,_Div_1:OpId_128 (cycles)
1814030836,EXECUTE,3660,CYCLES,BACKEND,SUB-EVENT,_Add_6:OpId_131 (cycles)
1814030836,EXECUTE,63399,CYCLES,BACKEND,SUB-EVENT,_Softmax:OpId_133 (cycles)
1814030836,EXECUTE,18777,CYCLES,BACKEND,SUB-EVENT,_MatMul_4:OpId_136 (cycles)
1814030836,EXECUTE,0,CYCLES,BACKEND,SUB-EVENT,_Transpose_4:OpId_141 (cycles)
1814030836,EXECUTE,0,CYCLES,BACKEND,SUB-EVENT,_Reshape_7:OpId_142 (cycles)
1814030836,EXECUTE,10403,CYCLES,BACKEND,SUB-EVENT,_MatMul_5:OpId_144 (cycles)
1814030836,EXECUTE,0,CYCLES,BACKEND,SUB-EVENT,_MatMul_5_post_reshape:OpId_147 (cycles)
1814030836,EXECUTE,0,CYCLES,BACKEND,SUB-EVENT,_MatMul_5_output_0_nfc:OpId_149 (cycles)
1814030836,EXECUTE,2664,CYCLES,BACKEND,SUB-EVENT,_Add_7:OpId_151 (cycles)
1814030836,EXECUTE,0,CYCLES,BACKEND,SUB-EVENT,_Add_7_output_0_ncf:OpId_154 (cycles)
1814030836,EXECUTE,12067,CYCLES,BACKEND,SUB-EVENT,rms_norm__Mul_11_output_0:OpId_159 (cycles)
1814030836,EXECUTE,0,CYCLES,BACKEND,SUB-EVENT,_MatMul_7_pre_reshape:OpId_162 (cycles)
1814030836,EXECUTE,0,CYCLES,BACKEND,SUB-EVENT,_MatMul_6_pre_reshape:OpId_163 (cycles)
1814030836,EXECUTE,404204,CYCLES,BACKEND,SUB-EVENT,_MatMul_6:OpId_165 (cycles)
1814030836,EXECUTE,0,CYCLES,BACKEND,SUB-EVENT,_MatMul_6_post_reshape:OpId_168 (cycles)
1814030836,EXECUTE,360859,CYCLES,BACKEND,SUB-EVENT,_MatMul_7:OpId_170 (cycles)
1814030836,EXECUTE,0,CYCLES,BACKEND,SUB-EVENT,_MatMul_7_post_reshape:OpId_173 (cycles)
1814030836,EXECUTE,0,CYCLES,BACKEND,SUB-EVENT,_Sigmoid:OpId_174 (cycles)
1814030836,EXECUTE,207710,CYCLES,BACKEND,SUB-EVENT,_Mul_12:OpId_181 (cycles)
1814030836,EXECUTE,102565,CYCLES,BACKEND,SUB-EVENT,_Mul_13:OpId_183 (cycles)
1814030836,EXECUTE,0,CYCLES,BACKEND,SUB-EVENT,_MatMul_8_pre_reshape:OpId_185 (cycles)
1814030836,EXECUTE,379807,CYCLES,BACKEND,SUB-EVENT,_MatMul_8:OpId_187 (cycles)
1814030836,EXECUTE,0,CYCLES,BACKEND,SUB-EVENT,_MatMul_8_post_reshape:OpId_190 (cycles)
1814030836,EXECUTE,0,CYCLES,BACKEND,SUB-EVENT,_MatMul_8_output_0_nfc:OpId_192 (cycles)
1814030836,EXECUTE,7185,CYCLES,BACKEND,SUB-EVENT,_Add_9:OpId_194 (cycles)
1814030836,EXECUTE,38585,CYCLES,BACKEND,SUB-EVENT,hidden_out_ncf:OpId_197 (cycles)
1814030836,EXECUTE,22383,CYCLES,BACKEND,SUB-EVENT,Output OpId_3 (cycles)
1814030836,EXECUTE,4669,US,BACKEND,ROOT,Accelerator (execute) time
1814030836,EXECUTE,4523,US,BACKEND,ROOT,Accelerator (execute excluding wait) time
1814030836,EXECUTE,13278,US,BACKEND,ROOT,QNN (execute) time
1814035996,EXECUTE IPS,51.302311,INF/SEC,NETRUN,ROOT,null
