input log file location, qnn_custom_ops/17_qwen_flash_attention_hvx/device_output/past128_hvx_av/qnn-profiling-data_0.log
qnn-profile-viewer version, v2.47.0.260601114230
qnn-net-run version, v2.47.0.260601114230
Backend version, v2.47.0.260601114230
Msg Timestamp, Message, Time, Unit of Measurement, Timing Source, Event Level, Event Identifier
11913445686,INIT,424772,US,NETRUN,ROOT,null
11913540404,COMPOSE GRAPHS,93426,US,NETRUN,ROOT,null
11913866088,FINALIZE,325239,US,NETRUN,ROOT,Graph 0: qwen2_0_5b_layer0_decode_past128_flash_attention
11913866088,FINALIZE,6724,US,BACKEND,ROOT,RPC (finalize) time
11913866088,FINALIZE,4875,US,BACKEND,ROOT,QNN accelerator (finalize) time
11913866088,FINALIZE,4755,US,BACKEND,ROOT,Accelerator (finalize) time
11913866088,FINALIZE,325189,US,BACKEND,ROOT,QNN (finalize) time
11913866088,FINALIZE,171,US,BACKEND,SUB-EVENT,Graph Preparation Initializing
11913866088,FINALIZE,246097,US,BACKEND,SUB-EVENT,Graph Optimizations
11913866088,FINALIZE,2743,US,BACKEND,SUB-EVENT,Post Graph Optimization
11913866088,FINALIZE,15325,US,BACKEND,SUB-EVENT,Graph Sequencing for Target
11913866088,FINALIZE,1947,US,BACKEND,SUB-EVENT,VTCM Allocation
11913866088,FINALIZE,1229,US,BACKEND,SUB-EVENT,Parallelization Optimization
11913866088,FINALIZE,1552,US,BACKEND,SUB-EVENT,Finalizing Graph Sequence
11913866088,FINALIZE,75,US,BACKEND,SUB-EVENT,Completion
11914134621,DE-INIT,45611,US,NETRUN,ROOT,null
11914134621,DE-INIT,10168,US,BACKEND,ROOT,RPC (deinit) time
11914134621,DE-INIT,7546,US,BACKEND,ROOT,QNN Accelerator (deinit) time
11914134621,DE-INIT,7398,US,BACKEND,ROOT,Accelerator (deinit) time
11914134621,DE-INIT,45597,US,BACKEND,ROOT,QNN (deinit) time
11913894531,EXECUTE,27852,US,NETRUN,ROOT,Graph 0: qwen2_0_5b_layer0_decode_past128_flash_attention
11913894531,EXECUTE,4,COUNT,BACKEND,ROOT,Number of HVX threads used
11913894531,EXECUTE,27527,US,BACKEND,ROOT,RPC (execute) time
11913894531,EXECUTE,25951,US,BACKEND,ROOT,QNN accelerator (execute) time
11913894531,EXECUTE,0,COUNT,BACKEND,ROOT,Num times yield occured
11913894531,EXECUTE,768,US,BACKEND,ROOT,Time for initial VTCM acquire
11913894531,EXECUTE,34601,US,BACKEND,ROOT,Time for HVX + HMX power on and acquire
11913894531,EXECUTE,12025074,CYCLES,BACKEND,ROOT,Accelerator (execute) time (cycles)
11913894531,EXECUTE,12188,CYCLES,BACKEND,SUB-EVENT,Input OpId_2 (cycles)
11913894531,EXECUTE,4201,CYCLES,BACKEND,SUB-EVENT,hidden_states_ncf:OpId_17 (cycles)
11913894531,EXECUTE,31229,CYCLES,BACKEND,SUB-EVENT,past_value_nchw:OpId_20 (cycles)
11913894531,EXECUTE,11319,CYCLES,BACKEND,SUB-EVENT,rms_norm__Mul_1_output_0:OpId_24 (cycles)
11913894531,EXECUTE,38070,CYCLES,BACKEND,SUB-EVENT,_MatMul:OpId_29 (cycles)
11913894531,EXECUTE,0,CYCLES,BACKEND,SUB-EVENT,_MatMul_post_reshape:OpId_31 (cycles)
11913894531,EXECUTE,1485,CYCLES,BACKEND,SUB-EVENT,_MatMul_1:OpId_34 (cycles)
11913894531,EXECUTE,1886,CYCLES,BACKEND,SUB-EVENT,_MatMul_1_post_reshape:OpId_36 (cycles)
11913894531,EXECUTE,3027,CYCLES,BACKEND,SUB-EVENT,_MatMul_2:OpId_39 (cycles)
11913894531,EXECUTE,4416,CYCLES,BACKEND,SUB-EVENT,_MatMul_2_post_reshape:OpId_41 (cycles)
11913894531,EXECUTE,542,CYCLES,BACKEND,SUB-EVENT,_Transpose:OpId_43 (cycles)
11913894531,EXECUTE,2765,CYCLES,BACKEND,SUB-EVENT,_Transpose_1:OpId_45 (cycles)
11913894531,EXECUTE,2450,CYCLES,BACKEND,SUB-EVENT,_Transpose_2:OpId_47 (cycles)
11913894531,EXECUTE,24199,CYCLES,BACKEND,SUB-EVENT,_Slice:OpId_49 (cycles)
11913894531,EXECUTE,6523,CYCLES,BACKEND,SUB-EVENT,_Slice_1:OpId_55 (cycles)
11913894531,EXECUTE,1751,CYCLES,BACKEND,SUB-EVENT,_Mul_2:OpId_61 (cycles)
11913894531,EXECUTE,1519,CYCLES,BACKEND,SUB-EVENT,_Mul_3:OpId_64 (cycles)
11913894531,EXECUTE,277,CYCLES,BACKEND,SUB-EVENT,_Sub:OpId_66 (cycles)
11913894531,EXECUTE,1772,CYCLES,BACKEND,SUB-EVENT,_Mul_4:OpId_68 (cycles)
11913894531,EXECUTE,1664,CYCLES,BACKEND,SUB-EVENT,_Mul_5:OpId_70 (cycles)
11913894531,EXECUTE,2054,CYCLES,BACKEND,SUB-EVENT,_Add_4:OpId_72 (cycles)
11913894531,EXECUTE,0,CYCLES,BACKEND,SUB-EVENT,_Unsqueeze:OpId_74 (cycles)
11913894531,EXECUTE,0,CYCLES,BACKEND,SUB-EVENT,_Unsqueeze_1:OpId_75 (cycles)
11913894531,EXECUTE,826,CYCLES,BACKEND,SUB-EVENT,_Concat:OpId_76 (cycles)
11913894531,EXECUTE,2614,CYCLES,BACKEND,SUB-EVENT,_Reshape_3:OpId_78 (cycles)
11913894531,EXECUTE,22291,CYCLES,BACKEND,SUB-EVENT,_Slice_3:OpId_80 (cycles)
11913894531,EXECUTE,4816,CYCLES,BACKEND,SUB-EVENT,_Slice_4:OpId_86 (cycles)
11913894531,EXECUTE,4636,CYCLES,BACKEND,SUB-EVENT,_Mul_6:OpId_91 (cycles)
11913894531,EXECUTE,3231,CYCLES,BACKEND,SUB-EVENT,_Mul_7:OpId_93 (cycles)
11913894531,EXECUTE,503,CYCLES,BACKEND,SUB-EVENT,_Sub_1:OpId_95 (cycles)
11913894531,EXECUTE,3314,CYCLES,BACKEND,SUB-EVENT,_Mul_8:OpId_97 (cycles)
11913894531,EXECUTE,2484,CYCLES,BACKEND,SUB-EVENT,_Mul_9:OpId_99 (cycles)
11913894531,EXECUTE,773,CYCLES,BACKEND,SUB-EVENT,_Add_5:OpId_101 (cycles)
11913894531,EXECUTE,0,CYCLES,BACKEND,SUB-EVENT,_Unsqueeze_2:OpId_103 (cycles)
11913894531,EXECUTE,0,CYCLES,BACKEND,SUB-EVENT,_Unsqueeze_3:OpId_104 (cycles)
11913894531,EXECUTE,2288,CYCLES,BACKEND,SUB-EVENT,_Concat_2:OpId_105 (cycles)
11913894531,EXECUTE,0,CYCLES,BACKEND,SUB-EVENT,_Reshape_4:OpId_107 (cycles)
11913894531,EXECUTE,833,CYCLES,BACKEND,SUB-EVENT,current_key_nhwc:OpId_109 (cycles)
11913894531,EXECUTE,12838,CYCLES,BACKEND,SUB-EVENT,_Concat_4:OpId_110 (cycles)
11913894531,EXECUTE,19839,CYCLES,BACKEND,SUB-EVENT,_Concat_5:OpId_112 (cycles)
11913894531,EXECUTE,11231914,CYCLES,BACKEND,SUB-EVENT,_QwenGqaFlashAttention:OpId_114 (cycles)
11913894531,EXECUTE,5458,CYCLES,BACKEND,SUB-EVENT,_Transpose_4:OpId_116 (cycles)
11913894531,EXECUTE,12466,CYCLES,BACKEND,SUB-EVENT,_MatMul_5:OpId_118 (cycles)
11913894531,EXECUTE,0,CYCLES,BACKEND,SUB-EVENT,_MatMul_5_post_reshape:OpId_121 (cycles)
11913894531,EXECUTE,0,CYCLES,BACKEND,SUB-EVENT,_MatMul_5_output_0_nfc:OpId_123 (cycles)
11913894531,EXECUTE,54624,CYCLES,BACKEND,SUB-EVENT,_Add_7:OpId_125 (cycles)
11913894531,EXECUTE,251,CYCLES,BACKEND,SUB-EVENT,_Add_7_output_0_ncf:OpId_128 (cycles)
11913894531,EXECUTE,2003,CYCLES,BACKEND,SUB-EVENT,rms_norm__Mul_11_output_0:OpId_133 (cycles)
11913894531,EXECUTE,0,CYCLES,BACKEND,SUB-EVENT,_MatMul_6:OpId_137 (cycles)
11913894531,EXECUTE,0,CYCLES,BACKEND,SUB-EVENT,_MatMul_6_post_reshape:OpId_140 (cycles)
11913894531,EXECUTE,156985,CYCLES,BACKEND,SUB-EVENT,_MatMul_7:OpId_142 (cycles)
11913894531,EXECUTE,0,CYCLES,BACKEND,SUB-EVENT,_MatMul_7_post_reshape:OpId_145 (cycles)
11913894531,EXECUTE,0,CYCLES,BACKEND,SUB-EVENT,_Sigmoid:OpId_146 (cycles)
11913894531,EXECUTE,127896,CYCLES,BACKEND,SUB-EVENT,_Mul_12:OpId_153 (cycles)
11913894531,EXECUTE,18374,CYCLES,BACKEND,SUB-EVENT,_Mul_13:OpId_155 (cycles)
11913894531,EXECUTE,159832,CYCLES,BACKEND,SUB-EVENT,_MatMul_8:OpId_158 (cycles)
11913894531,EXECUTE,0,CYCLES,BACKEND,SUB-EVENT,_MatMul_8_post_reshape:OpId_161 (cycles)
11913894531,EXECUTE,0,CYCLES,BACKEND,SUB-EVENT,_MatMul_8_output_0_nfc:OpId_163 (cycles)
11913894531,EXECUTE,15014,CYCLES,BACKEND,SUB-EVENT,_Add_9:OpId_165 (cycles)
11913894531,EXECUTE,5634,CYCLES,BACKEND,SUB-EVENT,Output OpId_3 (cycles)
11913894531,EXECUTE,11829,US,BACKEND,ROOT,Accelerator (execute) time
11913894531,EXECUTE,9917,US,BACKEND,ROOT,Accelerator (execute excluding wait) time
11913894531,EXECUTE,27823,US,BACKEND,ROOT,QNN (execute) time
11913913664,EXECUTE,17324,US,NETRUN,ROOT,Graph 0: qwen2_0_5b_layer0_decode_past128_flash_attention
11913913664,EXECUTE,4,COUNT,BACKEND,ROOT,Number of HVX threads used
11913913664,EXECUTE,16933,US,BACKEND,ROOT,RPC (execute) time
11913913664,EXECUTE,14894,US,BACKEND,ROOT,QNN accelerator (execute) time
11913913664,EXECUTE,0,COUNT,BACKEND,ROOT,Num times yield occured
11913913664,EXECUTE,641,US,BACKEND,ROOT,Time for initial VTCM acquire
11913913664,EXECUTE,274,US,BACKEND,ROOT,Time for HVX + HMX power on and acquire
11913913664,EXECUTE,12190974,CYCLES,BACKEND,ROOT,Accelerator (execute) time (cycles)
11913913664,EXECUTE,20675,CYCLES,BACKEND,SUB-EVENT,Input OpId_2 (cycles)
11913913664,EXECUTE,12907,CYCLES,BACKEND,SUB-EVENT,hidden_states_ncf:OpId_17 (cycles)
11913913664,EXECUTE,58505,CYCLES,BACKEND,SUB-EVENT,past_value_nchw:OpId_20 (cycles)
11913913664,EXECUTE,12687,CYCLES,BACKEND,SUB-EVENT,rms_norm__Mul_1_output_0:OpId_24 (cycles)
11913913664,EXECUTE,31884,CYCLES,BACKEND,SUB-EVENT,_MatMul:OpId_29 (cycles)
11913913664,EXECUTE,0,CYCLES,BACKEND,SUB-EVENT,_MatMul_post_reshape:OpId_31 (cycles)
11913913664,EXECUTE,2349,CYCLES,BACKEND,SUB-EVENT,_MatMul_1:OpId_34 (cycles)
11913913664,EXECUTE,10617,CYCLES,BACKEND,SUB-EVENT,_MatMul_1_post_reshape:OpId_36 (cycles)
11913913664,EXECUTE,6456,CYCLES,BACKEND,SUB-EVENT,_MatMul_2:OpId_39 (cycles)
11913913664,EXECUTE,13397,CYCLES,BACKEND,SUB-EVENT,_MatMul_2_post_reshape:OpId_41 (cycles)
11913913664,EXECUTE,475,CYCLES,BACKEND,SUB-EVENT,_Transpose:OpId_43 (cycles)
11913913664,EXECUTE,3468,CYCLES,BACKEND,SUB-EVENT,_Transpose_1:OpId_45 (cycles)
11913913664,EXECUTE,3199,CYCLES,BACKEND,SUB-EVENT,_Transpose_2:OpId_47 (cycles)
11913913664,EXECUTE,28459,CYCLES,BACKEND,SUB-EVENT,_Slice:OpId_49 (cycles)
11913913664,EXECUTE,10361,CYCLES,BACKEND,SUB-EVENT,_Slice_1:OpId_55 (cycles)
11913913664,EXECUTE,2545,CYCLES,BACKEND,SUB-EVENT,_Mul_2:OpId_61 (cycles)
11913913664,EXECUTE,1771,CYCLES,BACKEND,SUB-EVENT,_Mul_3:OpId_64 (cycles)
11913913664,EXECUTE,276,CYCLES,BACKEND,SUB-EVENT,_Sub:OpId_66 (cycles)
11913913664,EXECUTE,1899,CYCLES,BACKEND,SUB-EVENT,_Mul_4:OpId_68 (cycles)
11913913664,EXECUTE,2464,CYCLES,BACKEND,SUB-EVENT,_Mul_5:OpId_70 (cycles)
11913913664,EXECUTE,3194,CYCLES,BACKEND,SUB-EVENT,_Add_4:OpId_72 (cycles)
11913913664,EXECUTE,0,CYCLES,BACKEND,SUB-EVENT,_Unsqueeze:OpId_74 (cycles)
11913913664,EXECUTE,0,CYCLES,BACKEND,SUB-EVENT,_Unsqueeze_1:OpId_75 (cycles)
11913913664,EXECUTE,750,CYCLES,BACKEND,SUB-EVENT,_Concat:OpId_76 (cycles)
11913913664,EXECUTE,3104,CYCLES,BACKEND,SUB-EVENT,_Reshape_3:OpId_78 (cycles)
11913913664,EXECUTE,49567,CYCLES,BACKEND,SUB-EVENT,_Slice_3:OpId_80 (cycles)
11913913664,EXECUTE,7960,CYCLES,BACKEND,SUB-EVENT,_Slice_4:OpId_86 (cycles)
11913913664,EXECUTE,6917,CYCLES,BACKEND,SUB-EVENT,_Mul_6:OpId_91 (cycles)
11913913664,EXECUTE,1894,CYCLES,BACKEND,SUB-EVENT,_Mul_7:OpId_93 (cycles)
11913913664,EXECUTE,633,CYCLES,BACKEND,SUB-EVENT,_Sub_1:OpId_95 (cycles)
11913913664,EXECUTE,1921,CYCLES,BACKEND,SUB-EVENT,_Mul_8:OpId_97 (cycles)
11913913664,EXECUTE,1248,CYCLES,BACKEND,SUB-EVENT,_Mul_9:OpId_99 (cycles)
11913913664,EXECUTE,1691,CYCLES,BACKEND,SUB-EVENT,_Add_5:OpId_101 (cycles)
11913913664,EXECUTE,0,CYCLES,BACKEND,SUB-EVENT,_Unsqueeze_2:OpId_103 (cycles)
11913913664,EXECUTE,0,CYCLES,BACKEND,SUB-EVENT,_Unsqueeze_3:OpId_104 (cycles)
11913913664,EXECUTE,2584,CYCLES,BACKEND,SUB-EVENT,_Concat_2:OpId_105 (cycles)
11913913664,EXECUTE,0,CYCLES,BACKEND,SUB-EVENT,_Reshape_4:OpId_107 (cycles)
11913913664,EXECUTE,923,CYCLES,BACKEND,SUB-EVENT,current_key_nhwc:OpId_109 (cycles)
11913913664,EXECUTE,14233,CYCLES,BACKEND,SUB-EVENT,_Concat_4:OpId_110 (cycles)
11913913664,EXECUTE,24065,CYCLES,BACKEND,SUB-EVENT,_Concat_5:OpId_112 (cycles)
11913913664,EXECUTE,11344909,CYCLES,BACKEND,SUB-EVENT,_QwenGqaFlashAttention:OpId_114 (cycles)
11913913664,EXECUTE,4559,CYCLES,BACKEND,SUB-EVENT,_Transpose_4:OpId_116 (cycles)
11913913664,EXECUTE,15345,CYCLES,BACKEND,SUB-EVENT,_MatMul_5:OpId_118 (cycles)
11913913664,EXECUTE,0,CYCLES,BACKEND,SUB-EVENT,_MatMul_5_post_reshape:OpId_121 (cycles)
11913913664,EXECUTE,0,CYCLES,BACKEND,SUB-EVENT,_MatMul_5_output_0_nfc:OpId_123 (cycles)
11913913664,EXECUTE,91718,CYCLES,BACKEND,SUB-EVENT,_Add_7:OpId_125 (cycles)
11913913664,EXECUTE,289,CYCLES,BACKEND,SUB-EVENT,_Add_7_output_0_ncf:OpId_128 (cycles)
11913913664,EXECUTE,2485,CYCLES,BACKEND,SUB-EVENT,rms_norm__Mul_11_output_0:OpId_133 (cycles)
11913913664,EXECUTE,0,CYCLES,BACKEND,SUB-EVENT,_MatMul_6:OpId_137 (cycles)
11913913664,EXECUTE,0,CYCLES,BACKEND,SUB-EVENT,_MatMul_6_post_reshape:OpId_140 (cycles)
11913913664,EXECUTE,90883,CYCLES,BACKEND,SUB-EVENT,_MatMul_7:OpId_142 (cycles)
11913913664,EXECUTE,0,CYCLES,BACKEND,SUB-EVENT,_MatMul_7_post_reshape:OpId_145 (cycles)
11913913664,EXECUTE,0,CYCLES,BACKEND,SUB-EVENT,_Sigmoid:OpId_146 (cycles)
11913913664,EXECUTE,93280,CYCLES,BACKEND,SUB-EVENT,_Mul_12:OpId_153 (cycles)
11913913664,EXECUTE,24726,CYCLES,BACKEND,SUB-EVENT,_Mul_13:OpId_155 (cycles)
11913913664,EXECUTE,156433,CYCLES,BACKEND,SUB-EVENT,_MatMul_8:OpId_158 (cycles)
11913913664,EXECUTE,0,CYCLES,BACKEND,SUB-EVENT,_MatMul_8_post_reshape:OpId_161 (cycles)
11913913664,EXECUTE,0,CYCLES,BACKEND,SUB-EVENT,_MatMul_8_output_0_nfc:OpId_163 (cycles)
11913913664,EXECUTE,15058,CYCLES,BACKEND,SUB-EVENT,_Add_9:OpId_165 (cycles)
11913913664,EXECUTE,6211,CYCLES,BACKEND,SUB-EVENT,Output OpId_3 (cycles)
11913913664,EXECUTE,9980,US,BACKEND,ROOT,Accelerator (execute) time
11913913664,EXECUTE,9834,US,BACKEND,ROOT,Accelerator (execute excluding wait) time
11913913664,EXECUTE,17294,US,BACKEND,ROOT,QNN (execute) time
11913934100,EXECUTE,18552,US,NETRUN,ROOT,Graph 0: qwen2_0_5b_layer0_decode_past128_flash_attention
11913934100,EXECUTE,4,COUNT,BACKEND,ROOT,Number of HVX threads used
11913934100,EXECUTE,18179,US,BACKEND,ROOT,RPC (execute) time
11913934100,EXECUTE,16112,US,BACKEND,ROOT,QNN accelerator (execute) time
11913934100,EXECUTE,0,COUNT,BACKEND,ROOT,Num times yield occured
11913934100,EXECUTE,550,US,BACKEND,ROOT,Time for initial VTCM acquire
11913934100,EXECUTE,259,US,BACKEND,ROOT,Time for HVX + HMX power on and acquire
11913934100,EXECUTE,12711017,CYCLES,BACKEND,ROOT,Accelerator (execute) time (cycles)
11913934100,EXECUTE,16668,CYCLES,BACKEND,SUB-EVENT,Input OpId_2 (cycles)
11913934100,EXECUTE,9101,CYCLES,BACKEND,SUB-EVENT,hidden_states_ncf:OpId_17 (cycles)
11913934100,EXECUTE,33803,CYCLES,BACKEND,SUB-EVENT,past_value_nchw:OpId_20 (cycles)
11913934100,EXECUTE,10633,CYCLES,BACKEND,SUB-EVENT,rms_norm__Mul_1_output_0:OpId_24 (cycles)
11913934100,EXECUTE,16929,CYCLES,BACKEND,SUB-EVENT,_MatMul:OpId_29 (cycles)
11913934100,EXECUTE,0,CYCLES,BACKEND,SUB-EVENT,_MatMul_post_reshape:OpId_31 (cycles)
11913934100,EXECUTE,1551,CYCLES,BACKEND,SUB-EVENT,_MatMul_1:OpId_34 (cycles)
11913934100,EXECUTE,6048,CYCLES,BACKEND,SUB-EVENT,_MatMul_1_post_reshape:OpId_36 (cycles)
11913934100,EXECUTE,3781,CYCLES,BACKEND,SUB-EVENT,_MatMul_2:OpId_39 (cycles)
11913934100,EXECUTE,8693,CYCLES,BACKEND,SUB-EVENT,_MatMul_2_post_reshape:OpId_41 (cycles)
11913934100,EXECUTE,482,CYCLES,BACKEND,SUB-EVENT,_Transpose:OpId_43 (cycles)
11913934100,EXECUTE,931,CYCLES,BACKEND,SUB-EVENT,_Transpose_1:OpId_45 (cycles)
11913934100,EXECUTE,764,CYCLES,BACKEND,SUB-EVENT,_Transpose_2:OpId_47 (cycles)
11913934100,EXECUTE,29233,CYCLES,BACKEND,SUB-EVENT,_Slice:OpId_49 (cycles)
11913934100,EXECUTE,10629,CYCLES,BACKEND,SUB-EVENT,_Slice_1:OpId_55 (cycles)
11913934100,EXECUTE,2127,CYCLES,BACKEND,SUB-EVENT,_Mul_2:OpId_61 (cycles)
11913934100,EXECUTE,1428,CYCLES,BACKEND,SUB-EVENT,_Mul_3:OpId_64 (cycles)
11913934100,EXECUTE,279,CYCLES,BACKEND,SUB-EVENT,_Sub:OpId_66 (cycles)
11913934100,EXECUTE,2013,CYCLES,BACKEND,SUB-EVENT,_Mul_4:OpId_68 (cycles)
11913934100,EXECUTE,1961,CYCLES,BACKEND,SUB-EVENT,_Mul_5:OpId_70 (cycles)
11913934100,EXECUTE,2536,CYCLES,BACKEND,SUB-EVENT,_Add_4:OpId_72 (cycles)
11913934100,EXECUTE,0,CYCLES,BACKEND,SUB-EVENT,_Unsqueeze:OpId_74 (cycles)
11913934100,EXECUTE,0,CYCLES,BACKEND,SUB-EVENT,_Unsqueeze_1:OpId_75 (cycles)
11913934100,EXECUTE,836,CYCLES,BACKEND,SUB-EVENT,_Concat:OpId_76 (cycles)
11913934100,EXECUTE,5234,CYCLES,BACKEND,SUB-EVENT,_Reshape_3:OpId_78 (cycles)
11913934100,EXECUTE,37861,CYCLES,BACKEND,SUB-EVENT,_Slice_3:OpId_80 (cycles)
11913934100,EXECUTE,8795,CYCLES,BACKEND,SUB-EVENT,_Slice_4:OpId_86 (cycles)
11913934100,EXECUTE,7941,CYCLES,BACKEND,SUB-EVENT,_Mul_6:OpId_91 (cycles)
11913934100,EXECUTE,3215,CYCLES,BACKEND,SUB-EVENT,_Mul_7:OpId_93 (cycles)
11913934100,EXECUTE,1193,CYCLES,BACKEND,SUB-EVENT,_Sub_1:OpId_95 (cycles)
11913934100,EXECUTE,3208,CYCLES,BACKEND,SUB-EVENT,_Mul_8:OpId_97 (cycles)
11913934100,EXECUTE,1649,CYCLES,BACKEND,SUB-EVENT,_Mul_9:OpId_99 (cycles)
11913934100,EXECUTE,1798,CYCLES,BACKEND,SUB-EVENT,_Add_5:OpId_101 (cycles)
11913934100,EXECUTE,0,CYCLES,BACKEND,SUB-EVENT,_Unsqueeze_2:OpId_103 (cycles)
11913934100,EXECUTE,0,CYCLES,BACKEND,SUB-EVENT,_Unsqueeze_3:OpId_104 (cycles)
11913934100,EXECUTE,3878,CYCLES,BACKEND,SUB-EVENT,_Concat_2:OpId_105 (cycles)
11913934100,EXECUTE,0,CYCLES,BACKEND,SUB-EVENT,_Reshape_4:OpId_107 (cycles)
11913934100,EXECUTE,416,CYCLES,BACKEND,SUB-EVENT,current_key_nhwc:OpId_109 (cycles)
11913934100,EXECUTE,13231,CYCLES,BACKEND,SUB-EVENT,_Concat_4:OpId_110 (cycles)
11913934100,EXECUTE,24275,CYCLES,BACKEND,SUB-EVENT,_Concat_5:OpId_112 (cycles)
11913934100,EXECUTE,11365607,CYCLES,BACKEND,SUB-EVENT,_QwenGqaFlashAttention:OpId_114 (cycles)
11913934100,EXECUTE,5011,CYCLES,BACKEND,SUB-EVENT,_Transpose_4:OpId_116 (cycles)
11913934100,EXECUTE,14152,CYCLES,BACKEND,SUB-EVENT,_MatMul_5:OpId_118 (cycles)
11913934100,EXECUTE,0,CYCLES,BACKEND,SUB-EVENT,_MatMul_5_post_reshape:OpId_121 (cycles)
11913934100,EXECUTE,0,CYCLES,BACKEND,SUB-EVENT,_MatMul_5_output_0_nfc:OpId_123 (cycles)
11913934100,EXECUTE,84209,CYCLES,BACKEND,SUB-EVENT,_Add_7:OpId_125 (cycles)
11913934100,EXECUTE,315,CYCLES,BACKEND,SUB-EVENT,_Add_7_output_0_ncf:OpId_128 (cycles)
11913934100,EXECUTE,2025,CYCLES,BACKEND,SUB-EVENT,rms_norm__Mul_11_output_0:OpId_133 (cycles)
11913934100,EXECUTE,0,CYCLES,BACKEND,SUB-EVENT,_MatMul_6:OpId_137 (cycles)
11913934100,EXECUTE,0,CYCLES,BACKEND,SUB-EVENT,_MatMul_6_post_reshape:OpId_140 (cycles)
11913934100,EXECUTE,283084,CYCLES,BACKEND,SUB-EVENT,_MatMul_7:OpId_142 (cycles)
11913934100,EXECUTE,0,CYCLES,BACKEND,SUB-EVENT,_MatMul_7_post_reshape:OpId_145 (cycles)
11913934100,EXECUTE,0,CYCLES,BACKEND,SUB-EVENT,_Sigmoid:OpId_146 (cycles)
11913934100,EXECUTE,234885,CYCLES,BACKEND,SUB-EVENT,_Mul_12:OpId_153 (cycles)
11913934100,EXECUTE,31519,CYCLES,BACKEND,SUB-EVENT,_Mul_13:OpId_155 (cycles)
11913934100,EXECUTE,400636,CYCLES,BACKEND,SUB-EVENT,_MatMul_8:OpId_158 (cycles)
11913934100,EXECUTE,0,CYCLES,BACKEND,SUB-EVENT,_MatMul_8_post_reshape:OpId_161 (cycles)
11913934100,EXECUTE,0,CYCLES,BACKEND,SUB-EVENT,_MatMul_8_output_0_nfc:OpId_163 (cycles)
11913934100,EXECUTE,14727,CYCLES,BACKEND,SUB-EVENT,_Add_9:OpId_165 (cycles)
11913934100,EXECUTE,1727,CYCLES,BACKEND,SUB-EVENT,Output OpId_3 (cycles)
11913934100,EXECUTE,11423,US,BACKEND,ROOT,Accelerator (execute) time
11913934100,EXECUTE,11301,US,BACKEND,ROOT,Accelerator (execute excluding wait) time
11913934100,EXECUTE,18525,US,BACKEND,ROOT,QNN (execute) time
11913955165,EXECUTE,19184,US,NETRUN,ROOT,Graph 0: qwen2_0_5b_layer0_decode_past128_flash_attention
11913955165,EXECUTE,4,COUNT,BACKEND,ROOT,Number of HVX threads used
11913955165,EXECUTE,18808,US,BACKEND,ROOT,RPC (execute) time
11913955165,EXECUTE,16624,US,BACKEND,ROOT,QNN accelerator (execute) time
11913955165,EXECUTE,0,COUNT,BACKEND,ROOT,Num times yield occured
11913955165,EXECUTE,514,US,BACKEND,ROOT,Time for initial VTCM acquire
11913955165,EXECUTE,244,US,BACKEND,ROOT,Time for HVX + HMX power on and acquire
11913955165,EXECUTE,13306943,CYCLES,BACKEND,ROOT,Accelerator (execute) time (cycles)
11913955165,EXECUTE,21506,CYCLES,BACKEND,SUB-EVENT,Input OpId_2 (cycles)
11913955165,EXECUTE,21006,CYCLES,BACKEND,SUB-EVENT,hidden_states_ncf:OpId_17 (cycles)
11913955165,EXECUTE,82236,CYCLES,BACKEND,SUB-EVENT,past_value_nchw:OpId_20 (cycles)
11913955165,EXECUTE,30355,CYCLES,BACKEND,SUB-EVENT,rms_norm__Mul_1_output_0:OpId_24 (cycles)
11913955165,EXECUTE,25204,CYCLES,BACKEND,SUB-EVENT,_MatMul:OpId_29 (cycles)
11913955165,EXECUTE,0,CYCLES,BACKEND,SUB-EVENT,_MatMul_post_reshape:OpId_31 (cycles)
11913955165,EXECUTE,2991,CYCLES,BACKEND,SUB-EVENT,_MatMul_1:OpId_34 (cycles)
11913955165,EXECUTE,25697,CYCLES,BACKEND,SUB-EVENT,_MatMul_1_post_reshape:OpId_36 (cycles)
11913955165,EXECUTE,6530,CYCLES,BACKEND,SUB-EVENT,_MatMul_2:OpId_39 (cycles)
11913955165,EXECUTE,28785,CYCLES,BACKEND,SUB-EVENT,_MatMul_2_post_reshape:OpId_41 (cycles)
11913955165,EXECUTE,484,CYCLES,BACKEND,SUB-EVENT,_Transpose:OpId_43 (cycles)
11913955165,EXECUTE,4837,CYCLES,BACKEND,SUB-EVENT,_Transpose_1:OpId_45 (cycles)
11913955165,EXECUTE,4602,CYCLES,BACKEND,SUB-EVENT,_Transpose_2:OpId_47 (cycles)
11913955165,EXECUTE,66733,CYCLES,BACKEND,SUB-EVENT,_Slice:OpId_49 (cycles)
11913955165,EXECUTE,14899,CYCLES,BACKEND,SUB-EVENT,_Slice_1:OpId_55 (cycles)
11913955165,EXECUTE,3068,CYCLES,BACKEND,SUB-EVENT,_Mul_2:OpId_61 (cycles)
11913955165,EXECUTE,1176,CYCLES,BACKEND,SUB-EVENT,_Mul_3:OpId_64 (cycles)
11913955165,EXECUTE,275,CYCLES,BACKEND,SUB-EVENT,_Sub:OpId_66 (cycles)
11913955165,EXECUTE,3094,CYCLES,BACKEND,SUB-EVENT,_Mul_4:OpId_68 (cycles)
11913955165,EXECUTE,3019,CYCLES,BACKEND,SUB-EVENT,_Mul_5:OpId_70 (cycles)
11913955165,EXECUTE,18427,CYCLES,BACKEND,SUB-EVENT,_Add_4:OpId_72 (cycles)
11913955165,EXECUTE,0,CYCLES,BACKEND,SUB-EVENT,_Unsqueeze:OpId_74 (cycles)
11913955165,EXECUTE,0,CYCLES,BACKEND,SUB-EVENT,_Unsqueeze_1:OpId_75 (cycles)
11913955165,EXECUTE,740,CYCLES,BACKEND,SUB-EVENT,_Concat:OpId_76 (cycles)
11913955165,EXECUTE,13328,CYCLES,BACKEND,SUB-EVENT,_Reshape_3:OpId_78 (cycles)
11913955165,EXECUTE,158576,CYCLES,BACKEND,SUB-EVENT,_Slice_3:OpId_80 (cycles)
11913955165,EXECUTE,31575,CYCLES,BACKEND,SUB-EVENT,_Slice_4:OpId_86 (cycles)
11913955165,EXECUTE,30228,CYCLES,BACKEND,SUB-EVENT,_Mul_6:OpId_91 (cycles)
11913955165,EXECUTE,19814,CYCLES,BACKEND,SUB-EVENT,_Mul_7:OpId_93 (cycles)
11913955165,EXECUTE,3688,CYCLES,BACKEND,SUB-EVENT,_Sub_1:OpId_95 (cycles)
11913955165,EXECUTE,20358,CYCLES,BACKEND,SUB-EVENT,_Mul_8:OpId_97 (cycles)
11913955165,EXECUTE,12015,CYCLES,BACKEND,SUB-EVENT,_Mul_9:OpId_99 (cycles)
11913955165,EXECUTE,7067,CYCLES,BACKEND,SUB-EVENT,_Add_5:OpId_101 (cycles)
11913955165,EXECUTE,0,CYCLES,BACKEND,SUB-EVENT,_Unsqueeze_2:OpId_103 (cycles)
11913955165,EXECUTE,0,CYCLES,BACKEND,SUB-EVENT,_Unsqueeze_3:OpId_104 (cycles)
11913955165,EXECUTE,25620,CYCLES,BACKEND,SUB-EVENT,_Concat_2:OpId_105 (cycles)
11913955165,EXECUTE,0,CYCLES,BACKEND,SUB-EVENT,_Reshape_4:OpId_107 (cycles)
11913955165,EXECUTE,2264,CYCLES,BACKEND,SUB-EVENT,current_key_nhwc:OpId_109 (cycles)
11913955165,EXECUTE,24905,CYCLES,BACKEND,SUB-EVENT,_Concat_4:OpId_110 (cycles)
11913955165,EXECUTE,41927,CYCLES,BACKEND,SUB-EVENT,_Concat_5:OpId_112 (cycles)
11913955165,EXECUTE,11432311,CYCLES,BACKEND,SUB-EVENT,_QwenGqaFlashAttention:OpId_114 (cycles)
11913955165,EXECUTE,5221,CYCLES,BACKEND,SUB-EVENT,_Transpose_4:OpId_116 (cycles)
11913955165,EXECUTE,17318,CYCLES,BACKEND,SUB-EVENT,_MatMul_5:OpId_118 (cycles)
11913955165,EXECUTE,0,CYCLES,BACKEND,SUB-EVENT,_MatMul_5_post_reshape:OpId_121 (cycles)
11913955165,EXECUTE,0,CYCLES,BACKEND,SUB-EVENT,_MatMul_5_output_0_nfc:OpId_123 (cycles)
11913955165,EXECUTE,106822,CYCLES,BACKEND,SUB-EVENT,_Add_7:OpId_125 (cycles)
11913955165,EXECUTE,292,CYCLES,BACKEND,SUB-EVENT,_Add_7_output_0_ncf:OpId_128 (cycles)
11913955165,EXECUTE,2013,CYCLES,BACKEND,SUB-EVENT,rms_norm__Mul_11_output_0:OpId_133 (cycles)
11913955165,EXECUTE,0,CYCLES,BACKEND,SUB-EVENT,_MatMul_6:OpId_137 (cycles)
11913955165,EXECUTE,0,CYCLES,BACKEND,SUB-EVENT,_MatMul_6_post_reshape:OpId_140 (cycles)
11913955165,EXECUTE,291707,CYCLES,BACKEND,SUB-EVENT,_MatMul_7:OpId_142 (cycles)
11913955165,EXECUTE,0,CYCLES,BACKEND,SUB-EVENT,_MatMul_7_post_reshape:OpId_145 (cycles)
11913955165,EXECUTE,0,CYCLES,BACKEND,SUB-EVENT,_Sigmoid:OpId_146 (cycles)
11913955165,EXECUTE,238929,CYCLES,BACKEND,SUB-EVENT,_Mul_12:OpId_153 (cycles)
11913955165,EXECUTE,39460,CYCLES,BACKEND,SUB-EVENT,_Mul_13:OpId_155 (cycles)
11913955165,EXECUTE,398129,CYCLES,BACKEND,SUB-EVENT,_MatMul_8:OpId_158 (cycles)
11913955165,EXECUTE,0,CYCLES,BACKEND,SUB-EVENT,_MatMul_8_post_reshape:OpId_161 (cycles)
11913955165,EXECUTE,0,CYCLES,BACKEND,SUB-EVENT,_MatMul_8_output_0_nfc:OpId_163 (cycles)
11913955165,EXECUTE,15065,CYCLES,BACKEND,SUB-EVENT,_Add_9:OpId_165 (cycles)
11913955165,EXECUTE,2647,CYCLES,BACKEND,SUB-EVENT,Output OpId_3 (cycles)
11913955165,EXECUTE,11930,US,BACKEND,ROOT,Accelerator (execute) time
11913955165,EXECUTE,11811,US,BACKEND,ROOT,Accelerator (execute excluding wait) time
11913955165,EXECUTE,19156,US,BACKEND,ROOT,QNN (execute) time
11913976722,EXECUTE,19234,US,NETRUN,ROOT,Graph 0: qwen2_0_5b_layer0_decode_past128_flash_attention
11913976722,EXECUTE,4,COUNT,BACKEND,ROOT,Number of HVX threads used
11913976722,EXECUTE,18858,US,BACKEND,ROOT,RPC (execute) time
11913976722,EXECUTE,16696,US,BACKEND,ROOT,QNN accelerator (execute) time
11913976722,EXECUTE,0,COUNT,BACKEND,ROOT,Num times yield occured
11913976722,EXECUTE,875,US,BACKEND,ROOT,Time for initial VTCM acquire
11913976722,EXECUTE,320,US,BACKEND,ROOT,Time for HVX + HMX power on and acquire
11913976722,EXECUTE,13165785,CYCLES,BACKEND,ROOT,Accelerator (execute) time (cycles)
11913976722,EXECUTE,20423,CYCLES,BACKEND,SUB-EVENT,Input OpId_2 (cycles)
11913976722,EXECUTE,22625,CYCLES,BACKEND,SUB-EVENT,hidden_states_ncf:OpId_17 (cycles)
11913976722,EXECUTE,79810,CYCLES,BACKEND,SUB-EVENT,past_value_nchw:OpId_20 (cycles)
11913976722,EXECUTE,18144,CYCLES,BACKEND,SUB-EVENT,rms_norm__Mul_1_output_0:OpId_24 (cycles)
11913976722,EXECUTE,21780,CYCLES,BACKEND,SUB-EVENT,_MatMul:OpId_29 (cycles)
11913976722,EXECUTE,0,CYCLES,BACKEND,SUB-EVENT,_MatMul_post_reshape:OpId_31 (cycles)
11913976722,EXECUTE,3002,CYCLES,BACKEND,SUB-EVENT,_MatMul_1:OpId_34 (cycles)
11913976722,EXECUTE,14386,CYCLES,BACKEND,SUB-EVENT,_MatMul_1_post_reshape:OpId_36 (cycles)
11913976722,EXECUTE,5425,CYCLES,BACKEND,SUB-EVENT,_MatMul_2:OpId_39 (cycles)
11913976722,EXECUTE,17188,CYCLES,BACKEND,SUB-EVENT,_MatMul_2_post_reshape:OpId_41 (cycles)
11913976722,EXECUTE,485,CYCLES,BACKEND,SUB-EVENT,_Transpose:OpId_43 (cycles)
11913976722,EXECUTE,3872,CYCLES,BACKEND,SUB-EVENT,_Transpose_1:OpId_45 (cycles)
11913976722,EXECUTE,3559,CYCLES,BACKEND,SUB-EVENT,_Transpose_2:OpId_47 (cycles)
11913976722,EXECUTE,59330,CYCLES,BACKEND,SUB-EVENT,_Slice:OpId_49 (cycles)
11913976722,EXECUTE,13836,CYCLES,BACKEND,SUB-EVENT,_Slice_1:OpId_55 (cycles)
11913976722,EXECUTE,3156,CYCLES,BACKEND,SUB-EVENT,_Mul_2:OpId_61 (cycles)
11913976722,EXECUTE,1356,CYCLES,BACKEND,SUB-EVENT,_Mul_3:OpId_64 (cycles)
11913976722,EXECUTE,261,CYCLES,BACKEND,SUB-EVENT,_Sub:OpId_66 (cycles)
11913976722,EXECUTE,3188,CYCLES,BACKEND,SUB-EVENT,_Mul_4:OpId_68 (cycles)
11913976722,EXECUTE,3210,CYCLES,BACKEND,SUB-EVENT,_Mul_5:OpId_70 (cycles)
11913976722,EXECUTE,2083,CYCLES,BACKEND,SUB-EVENT,_Add_4:OpId_72 (cycles)
11913976722,EXECUTE,0,CYCLES,BACKEND,SUB-EVENT,_Unsqueeze:OpId_74 (cycles)
11913976722,EXECUTE,0,CYCLES,BACKEND,SUB-EVENT,_Unsqueeze_1:OpId_75 (cycles)
11913976722,EXECUTE,936,CYCLES,BACKEND,SUB-EVENT,_Concat:OpId_76 (cycles)
11913976722,EXECUTE,9570,CYCLES,BACKEND,SUB-EVENT,_Reshape_3:OpId_78 (cycles)
11913976722,EXECUTE,107915,CYCLES,BACKEND,SUB-EVENT,_Slice_3:OpId_80 (cycles)
11913976722,EXECUTE,22500,CYCLES,BACKEND,SUB-EVENT,_Slice_4:OpId_86 (cycles)
11913976722,EXECUTE,24843,CYCLES,BACKEND,SUB-EVENT,_Mul_6:OpId_91 (cycles)
11913976722,EXECUTE,16016,CYCLES,BACKEND,SUB-EVENT,_Mul_7:OpId_93 (cycles)
11913976722,EXECUTE,2440,CYCLES,BACKEND,SUB-EVENT,_Sub_1:OpId_95 (cycles)
11913976722,EXECUTE,16017,CYCLES,BACKEND,SUB-EVENT,_Mul_8:OpId_97 (cycles)
11913976722,EXECUTE,8437,CYCLES,BACKEND,SUB-EVENT,_Mul_9:OpId_99 (cycles)
11913976722,EXECUTE,3901,CYCLES,BACKEND,SUB-EVENT,_Add_5:OpId_101 (cycles)
11913976722,EXECUTE,0,CYCLES,BACKEND,SUB-EVENT,_Unsqueeze_2:OpId_103 (cycles)
11913976722,EXECUTE,0,CYCLES,BACKEND,SUB-EVENT,_Unsqueeze_3:OpId_104 (cycles)
11913976722,EXECUTE,6227,CYCLES,BACKEND,SUB-EVENT,_Concat_2:OpId_105 (cycles)
11913976722,EXECUTE,0,CYCLES,BACKEND,SUB-EVENT,_Reshape_4:OpId_107 (cycles)
11913976722,EXECUTE,488,CYCLES,BACKEND,SUB-EVENT,current_key_nhwc:OpId_109 (cycles)
11913976722,EXECUTE,22755,CYCLES,BACKEND,SUB-EVENT,_Concat_4:OpId_110 (cycles)
11913976722,EXECUTE,33555,CYCLES,BACKEND,SUB-EVENT,_Concat_5:OpId_112 (cycles)
11913976722,EXECUTE,11453256,CYCLES,BACKEND,SUB-EVENT,_QwenGqaFlashAttention:OpId_114 (cycles)
11913976722,EXECUTE,5439,CYCLES,BACKEND,SUB-EVENT,_Transpose_4:OpId_116 (cycles)
11913976722,EXECUTE,20999,CYCLES,BACKEND,SUB-EVENT,_MatMul_5:OpId_118 (cycles)
11913976722,EXECUTE,0,CYCLES,BACKEND,SUB-EVENT,_MatMul_5_post_reshape:OpId_121 (cycles)
11913976722,EXECUTE,0,CYCLES,BACKEND,SUB-EVENT,_MatMul_5_output_0_nfc:OpId_123 (cycles)
11913976722,EXECUTE,125001,CYCLES,BACKEND,SUB-EVENT,_Add_7:OpId_125 (cycles)
11913976722,EXECUTE,250,CYCLES,BACKEND,SUB-EVENT,_Add_7_output_0_ncf:OpId_128 (cycles)
11913976722,EXECUTE,3468,CYCLES,BACKEND,SUB-EVENT,rms_norm__Mul_11_output_0:OpId_133 (cycles)
11913976722,EXECUTE,0,CYCLES,BACKEND,SUB-EVENT,_MatMul_6:OpId_137 (cycles)
11913976722,EXECUTE,0,CYCLES,BACKEND,SUB-EVENT,_MatMul_6_post_reshape:OpId_140 (cycles)
11913976722,EXECUTE,299148,CYCLES,BACKEND,SUB-EVENT,_MatMul_7:OpId_142 (cycles)
11913976722,EXECUTE,0,CYCLES,BACKEND,SUB-EVENT,_MatMul_7_post_reshape:OpId_145 (cycles)
11913976722,EXECUTE,0,CYCLES,BACKEND,SUB-EVENT,_Sigmoid:OpId_146 (cycles)
11913976722,EXECUTE,240728,CYCLES,BACKEND,SUB-EVENT,_Mul_12:OpId_153 (cycles)
11913976722,EXECUTE,30232,CYCLES,BACKEND,SUB-EVENT,_Mul_13:OpId_155 (cycles)
11913976722,EXECUTE,398245,CYCLES,BACKEND,SUB-EVENT,_MatMul_8:OpId_158 (cycles)
11913976722,EXECUTE,0,CYCLES,BACKEND,SUB-EVENT,_MatMul_8_post_reshape:OpId_161 (cycles)
11913976722,EXECUTE,0,CYCLES,BACKEND,SUB-EVENT,_MatMul_8_output_0_nfc:OpId_163 (cycles)
11913976722,EXECUTE,15058,CYCLES,BACKEND,SUB-EVENT,_Add_9:OpId_165 (cycles)
11913976722,EXECUTE,1242,CYCLES,BACKEND,SUB-EVENT,Output OpId_3 (cycles)
11913976722,EXECUTE,11883,US,BACKEND,ROOT,Accelerator (execute) time
11913976722,EXECUTE,11729,US,BACKEND,ROOT,Accelerator (execute excluding wait) time
11913976722,EXECUTE,19208,US,BACKEND,ROOT,QNN (execute) time
11913998148,EXECUTE,19698,US,NETRUN,ROOT,Graph 0: qwen2_0_5b_layer0_decode_past128_flash_attention
11913998148,EXECUTE,4,COUNT,BACKEND,ROOT,Number of HVX threads used
11913998148,EXECUTE,19265,US,BACKEND,ROOT,RPC (execute) time
11913998148,EXECUTE,16973,US,BACKEND,ROOT,QNN accelerator (execute) time
11913998148,EXECUTE,0,COUNT,BACKEND,ROOT,Num times yield occured
11913998148,EXECUTE,555,US,BACKEND,ROOT,Time for initial VTCM acquire
11913998148,EXECUTE,309,US,BACKEND,ROOT,Time for HVX + HMX power on and acquire
11913998148,EXECUTE,13302941,CYCLES,BACKEND,ROOT,Accelerator (execute) time (cycles)
11913998148,EXECUTE,18796,CYCLES,BACKEND,SUB-EVENT,Input OpId_2 (cycles)
11913998148,EXECUTE,6561,CYCLES,BACKEND,SUB-EVENT,hidden_states_ncf:OpId_17 (cycles)
11913998148,EXECUTE,58559,CYCLES,BACKEND,SUB-EVENT,past_value_nchw:OpId_20 (cycles)
11913998148,EXECUTE,24616,CYCLES,BACKEND,SUB-EVENT,rms_norm__Mul_1_output_0:OpId_24 (cycles)
11913998148,EXECUTE,79715,CYCLES,BACKEND,SUB-EVENT,_MatMul:OpId_29 (cycles)
11913998148,EXECUTE,0,CYCLES,BACKEND,SUB-EVENT,_MatMul_post_reshape:OpId_31 (cycles)
11913998148,EXECUTE,1977,CYCLES,BACKEND,SUB-EVENT,_MatMul_1:OpId_34 (cycles)
11913998148,EXECUTE,10092,CYCLES,BACKEND,SUB-EVENT,_MatMul_1_post_reshape:OpId_36 (cycles)
11913998148,EXECUTE,7231,CYCLES,BACKEND,SUB-EVENT,_MatMul_2:OpId_39 (cycles)
11913998148,EXECUTE,13308,CYCLES,BACKEND,SUB-EVENT,_MatMul_2_post_reshape:OpId_41 (cycles)
11913998148,EXECUTE,529,CYCLES,BACKEND,SUB-EVENT,_Transpose:OpId_43 (cycles)
11913998148,EXECUTE,14753,CYCLES,BACKEND,SUB-EVENT,_Transpose_1:OpId_45 (cycles)
11913998148,EXECUTE,14453,CYCLES,BACKEND,SUB-EVENT,_Transpose_2:OpId_47 (cycles)
11913998148,EXECUTE,48138,CYCLES,BACKEND,SUB-EVENT,_Slice:OpId_49 (cycles)
11913998148,EXECUTE,12755,CYCLES,BACKEND,SUB-EVENT,_Slice_1:OpId_55 (cycles)
11913998148,EXECUTE,5485,CYCLES,BACKEND,SUB-EVENT,_Mul_2:OpId_61 (cycles)
11913998148,EXECUTE,1422,CYCLES,BACKEND,SUB-EVENT,_Mul_3:OpId_64 (cycles)
11913998148,EXECUTE,307,CYCLES,BACKEND,SUB-EVENT,_Sub:OpId_66 (cycles)
11913998148,EXECUTE,3121,CYCLES,BACKEND,SUB-EVENT,_Mul_4:OpId_68 (cycles)
11913998148,EXECUTE,5557,CYCLES,BACKEND,SUB-EVENT,_Mul_5:OpId_70 (cycles)
11913998148,EXECUTE,4531,CYCLES,BACKEND,SUB-EVENT,_Add_4:OpId_72 (cycles)
11913998148,EXECUTE,0,CYCLES,BACKEND,SUB-EVENT,_Unsqueeze:OpId_74 (cycles)
11913998148,EXECUTE,0,CYCLES,BACKEND,SUB-EVENT,_Unsqueeze_1:OpId_75 (cycles)
11913998148,EXECUTE,925,CYCLES,BACKEND,SUB-EVENT,_Concat:OpId_76 (cycles)
11913998148,EXECUTE,3225,CYCLES,BACKEND,SUB-EVENT,_Reshape_3:OpId_78 (cycles)
11913998148,EXECUTE,153683,CYCLES,BACKEND,SUB-EVENT,_Slice_3:OpId_80 (cycles)
11913998148,EXECUTE,27334,CYCLES,BACKEND,SUB-EVENT,_Slice_4:OpId_86 (cycles)
11913998148,EXECUTE,38956,CYCLES,BACKEND,SUB-EVENT,_Mul_6:OpId_91 (cycles)
11913998148,EXECUTE,31201,CYCLES,BACKEND,SUB-EVENT,_Mul_7:OpId_93 (cycles)
11913998148,EXECUTE,2216,CYCLES,BACKEND,SUB-EVENT,_Sub_1:OpId_95 (cycles)
11913998148,EXECUTE,31219,CYCLES,BACKEND,SUB-EVENT,_Mul_8:OpId_97 (cycles)
11913998148,EXECUTE,5960,CYCLES,BACKEND,SUB-EVENT,_Mul_9:OpId_99 (cycles)
11913998148,EXECUTE,5017,CYCLES,BACKEND,SUB-EVENT,_Add_5:OpId_101 (cycles)
11913998148,EXECUTE,0,CYCLES,BACKEND,SUB-EVENT,_Unsqueeze_2:OpId_103 (cycles)
11913998148,EXECUTE,0,CYCLES,BACKEND,SUB-EVENT,_Unsqueeze_3:OpId_104 (cycles)
11913998148,EXECUTE,4791,CYCLES,BACKEND,SUB-EVENT,_Concat_2:OpId_105 (cycles)
11913998148,EXECUTE,0,CYCLES,BACKEND,SUB-EVENT,_Reshape_4:OpId_107 (cycles)
11913998148,EXECUTE,583,CYCLES,BACKEND,SUB-EVENT,current_key_nhwc:OpId_109 (cycles)
11913998148,EXECUTE,13903,CYCLES,BACKEND,SUB-EVENT,_Concat_4:OpId_110 (cycles)
11913998148,EXECUTE,49989,CYCLES,BACKEND,SUB-EVENT,_Concat_5:OpId_112 (cycles)
11913998148,EXECUTE,11334628,CYCLES,BACKEND,SUB-EVENT,_QwenGqaFlashAttention:OpId_114 (cycles)
11913998148,EXECUTE,5700,CYCLES,BACKEND,SUB-EVENT,_Transpose_4:OpId_116 (cycles)
11913998148,EXECUTE,12193,CYCLES,BACKEND,SUB-EVENT,_MatMul_5:OpId_118 (cycles)
11913998148,EXECUTE,0,CYCLES,BACKEND,SUB-EVENT,_MatMul_5_post_reshape:OpId_121 (cycles)
11913998148,EXECUTE,0,CYCLES,BACKEND,SUB-EVENT,_MatMul_5_output_0_nfc:OpId_123 (cycles)
11913998148,EXECUTE,68588,CYCLES,BACKEND,SUB-EVENT,_Add_7:OpId_125 (cycles)
11913998148,EXECUTE,270,CYCLES,BACKEND,SUB-EVENT,_Add_7_output_0_ncf:OpId_128 (cycles)
11913998148,EXECUTE,2030,CYCLES,BACKEND,SUB-EVENT,rms_norm__Mul_11_output_0:OpId_133 (cycles)
11913998148,EXECUTE,0,CYCLES,BACKEND,SUB-EVENT,_MatMul_6:OpId_137 (cycles)
11913998148,EXECUTE,0,CYCLES,BACKEND,SUB-EVENT,_MatMul_6_post_reshape:OpId_140 (cycles)
11913998148,EXECUTE,424637,CYCLES,BACKEND,SUB-EVENT,_MatMul_7:OpId_142 (cycles)
11913998148,EXECUTE,0,CYCLES,BACKEND,SUB-EVENT,_MatMul_7_post_reshape:OpId_145 (cycles)
11913998148,EXECUTE,0,CYCLES,BACKEND,SUB-EVENT,_Sigmoid:OpId_146 (cycles)
11913998148,EXECUTE,306120,CYCLES,BACKEND,SUB-EVENT,_Mul_12:OpId_153 (cycles)
11913998148,EXECUTE,29878,CYCLES,BACKEND,SUB-EVENT,_Mul_13:OpId_155 (cycles)
11913998148,EXECUTE,399429,CYCLES,BACKEND,SUB-EVENT,_MatMul_8:OpId_158 (cycles)
11913998148,EXECUTE,0,CYCLES,BACKEND,SUB-EVENT,_MatMul_8_post_reshape:OpId_161 (cycles)
11913998148,EXECUTE,0,CYCLES,BACKEND,SUB-EVENT,_MatMul_8_output_0_nfc:OpId_163 (cycles)
11913998148,EXECUTE,15222,CYCLES,BACKEND,SUB-EVENT,_Add_9:OpId_165 (cycles)
11913998148,EXECUTE,3338,CYCLES,BACKEND,SUB-EVENT,Output OpId_3 (cycles)
11913998148,EXECUTE,12309,US,BACKEND,ROOT,Accelerator (execute) time
11913998148,EXECUTE,12175,US,BACKEND,ROOT,Accelerator (execute excluding wait) time
11913998148,EXECUTE,19672,US,BACKEND,ROOT,QNN (execute) time
11914019270,EXECUTE,19269,US,NETRUN,ROOT,Graph 0: qwen2_0_5b_layer0_decode_past128_flash_attention
11914019270,EXECUTE,4,COUNT,BACKEND,ROOT,Number of HVX threads used
11914019270,EXECUTE,18817,US,BACKEND,ROOT,RPC (execute) time
11914019270,EXECUTE,16679,US,BACKEND,ROOT,QNN accelerator (execute) time
11914019270,EXECUTE,0,COUNT,BACKEND,ROOT,Num times yield occured
11914019270,EXECUTE,522,US,BACKEND,ROOT,Time for initial VTCM acquire
11914019270,EXECUTE,296,US,BACKEND,ROOT,Time for HVX + HMX power on and acquire
11914019270,EXECUTE,13154157,CYCLES,BACKEND,ROOT,Accelerator (execute) time (cycles)
11914019270,EXECUTE,21312,CYCLES,BACKEND,SUB-EVENT,Input OpId_2 (cycles)
11914019270,EXECUTE,20453,CYCLES,BACKEND,SUB-EVENT,hidden_states_ncf:OpId_17 (cycles)
11914019270,EXECUTE,74642,CYCLES,BACKEND,SUB-EVENT,past_value_nchw:OpId_20 (cycles)
11914019270,EXECUTE,30300,CYCLES,BACKEND,SUB-EVENT,rms_norm__Mul_1_output_0:OpId_24 (cycles)
11914019270,EXECUTE,27906,CYCLES,BACKEND,SUB-EVENT,_MatMul:OpId_29 (cycles)
11914019270,EXECUTE,0,CYCLES,BACKEND,SUB-EVENT,_MatMul_post_reshape:OpId_31 (cycles)
11914019270,EXECUTE,2994,CYCLES,BACKEND,SUB-EVENT,_MatMul_1:OpId_34 (cycles)
11914019270,EXECUTE,15463,CYCLES,BACKEND,SUB-EVENT,_MatMul_1_post_reshape:OpId_36 (cycles)
11914019270,EXECUTE,6002,CYCLES,BACKEND,SUB-EVENT,_MatMul_2:OpId_39 (cycles)
11914019270,EXECUTE,18513,CYCLES,BACKEND,SUB-EVENT,_MatMul_2_post_reshape:OpId_41 (cycles)
11914019270,EXECUTE,492,CYCLES,BACKEND,SUB-EVENT,_Transpose:OpId_43 (cycles)
11914019270,EXECUTE,4694,CYCLES,BACKEND,SUB-EVENT,_Transpose_1:OpId_45 (cycles)
11914019270,EXECUTE,4463,CYCLES,BACKEND,SUB-EVENT,_Transpose_2:OpId_47 (cycles)
11914019270,EXECUTE,53331,CYCLES,BACKEND,SUB-EVENT,_Slice:OpId_49 (cycles)
11914019270,EXECUTE,20228,CYCLES,BACKEND,SUB-EVENT,_Slice_1:OpId_55 (cycles)
11914019270,EXECUTE,3052,CYCLES,BACKEND,SUB-EVENT,_Mul_2:OpId_61 (cycles)
11914019270,EXECUTE,3170,CYCLES,BACKEND,SUB-EVENT,_Mul_3:OpId_64 (cycles)
11914019270,EXECUTE,303,CYCLES,BACKEND,SUB-EVENT,_Sub:OpId_66 (cycles)
11914019270,EXECUTE,5348,CYCLES,BACKEND,SUB-EVENT,_Mul_4:OpId_68 (cycles)
11914019270,EXECUTE,3005,CYCLES,BACKEND,SUB-EVENT,_Mul_5:OpId_70 (cycles)
11914019270,EXECUTE,4549,CYCLES,BACKEND,SUB-EVENT,_Add_4:OpId_72 (cycles)
11914019270,EXECUTE,0,CYCLES,BACKEND,SUB-EVENT,_Unsqueeze:OpId_74 (cycles)
11914019270,EXECUTE,0,CYCLES,BACKEND,SUB-EVENT,_Unsqueeze_1:OpId_75 (cycles)
11914019270,EXECUTE,1096,CYCLES,BACKEND,SUB-EVENT,_Concat:OpId_76 (cycles)
11914019270,EXECUTE,12687,CYCLES,BACKEND,SUB-EVENT,_Reshape_3:OpId_78 (cycles)
11914019270,EXECUTE,99611,CYCLES,BACKEND,SUB-EVENT,_Slice_3:OpId_80 (cycles)
11914019270,EXECUTE,25221,CYCLES,BACKEND,SUB-EVENT,_Slice_4:OpId_86 (cycles)
11914019270,EXECUTE,36076,CYCLES,BACKEND,SUB-EVENT,_Mul_6:OpId_91 (cycles)
11914019270,EXECUTE,22438,CYCLES,BACKEND,SUB-EVENT,_Mul_7:OpId_93 (cycles)
11914019270,EXECUTE,2121,CYCLES,BACKEND,SUB-EVENT,_Sub_1:OpId_95 (cycles)
11914019270,EXECUTE,20844,CYCLES,BACKEND,SUB-EVENT,_Mul_8:OpId_97 (cycles)
11914019270,EXECUTE,6906,CYCLES,BACKEND,SUB-EVENT,_Mul_9:OpId_99 (cycles)
11914019270,EXECUTE,5653,CYCLES,BACKEND,SUB-EVENT,_Add_5:OpId_101 (cycles)
11914019270,EXECUTE,0,CYCLES,BACKEND,SUB-EVENT,_Unsqueeze_2:OpId_103 (cycles)
11914019270,EXECUTE,0,CYCLES,BACKEND,SUB-EVENT,_Unsqueeze_3:OpId_104 (cycles)
11914019270,EXECUTE,8199,CYCLES,BACKEND,SUB-EVENT,_Concat_2:OpId_105 (cycles)
11914019270,EXECUTE,0,CYCLES,BACKEND,SUB-EVENT,_Reshape_4:OpId_107 (cycles)
11914019270,EXECUTE,507,CYCLES,BACKEND,SUB-EVENT,current_key_nhwc:OpId_109 (cycles)
11914019270,EXECUTE,17550,CYCLES,BACKEND,SUB-EVENT,_Concat_4:OpId_110 (cycles)
11914019270,EXECUTE,51329,CYCLES,BACKEND,SUB-EVENT,_Concat_5:OpId_112 (cycles)
11914019270,EXECUTE,11388420,CYCLES,BACKEND,SUB-EVENT,_QwenGqaFlashAttention:OpId_114 (cycles)
11914019270,EXECUTE,6272,CYCLES,BACKEND,SUB-EVENT,_Transpose_4:OpId_116 (cycles)
11914019270,EXECUTE,13845,CYCLES,BACKEND,SUB-EVENT,_MatMul_5:OpId_118 (cycles)
11914019270,EXECUTE,0,CYCLES,BACKEND,SUB-EVENT,_MatMul_5_post_reshape:OpId_121 (cycles)
11914019270,EXECUTE,0,CYCLES,BACKEND,SUB-EVENT,_MatMul_5_output_0_nfc:OpId_123 (cycles)
11914019270,EXECUTE,116756,CYCLES,BACKEND,SUB-EVENT,_Add_7:OpId_125 (cycles)
11914019270,EXECUTE,293,CYCLES,BACKEND,SUB-EVENT,_Add_7_output_0_ncf:OpId_128 (cycles)
11914019270,EXECUTE,1997,CYCLES,BACKEND,SUB-EVENT,rms_norm__Mul_11_output_0:OpId_133 (cycles)
11914019270,EXECUTE,0,CYCLES,BACKEND,SUB-EVENT,_MatMul_6:OpId_137 (cycles)
11914019270,EXECUTE,0,CYCLES,BACKEND,SUB-EVENT,_MatMul_6_post_reshape:OpId_140 (cycles)
11914019270,EXECUTE,292749,CYCLES,BACKEND,SUB-EVENT,_MatMul_7:OpId_142 (cycles)
11914019270,EXECUTE,0,CYCLES,BACKEND,SUB-EVENT,_MatMul_7_post_reshape:OpId_145 (cycles)
11914019270,EXECUTE,0,CYCLES,BACKEND,SUB-EVENT,_Sigmoid:OpId_146 (cycles)
11914019270,EXECUTE,241964,CYCLES,BACKEND,SUB-EVENT,_Mul_12:OpId_153 (cycles)
11914019270,EXECUTE,30998,CYCLES,BACKEND,SUB-EVENT,_Mul_13:OpId_155 (cycles)
11914019270,EXECUTE,397654,CYCLES,BACKEND,SUB-EVENT,_MatMul_8:OpId_158 (cycles)
11914019270,EXECUTE,0,CYCLES,BACKEND,SUB-EVENT,_MatMul_8_post_reshape:OpId_161 (cycles)
11914019270,EXECUTE,0,CYCLES,BACKEND,SUB-EVENT,_MatMul_8_output_0_nfc:OpId_163 (cycles)
11914019270,EXECUTE,16644,CYCLES,BACKEND,SUB-EVENT,_Add_9:OpId_165 (cycles)
11914019270,EXECUTE,16107,CYCLES,BACKEND,SUB-EVENT,Output OpId_3 (cycles)
11914019270,EXECUTE,11798,US,BACKEND,ROOT,Accelerator (execute) time
11914019270,EXECUTE,11672,US,BACKEND,ROOT,Accelerator (execute excluding wait) time
11914019270,EXECUTE,19245,US,BACKEND,ROOT,QNN (execute) time
11914042990,EXECUTE,21359,US,NETRUN,ROOT,Graph 0: qwen2_0_5b_layer0_decode_past128_flash_attention
11914042990,EXECUTE,4,COUNT,BACKEND,ROOT,Number of HVX threads used
11914042990,EXECUTE,20899,US,BACKEND,ROOT,RPC (execute) time
11914042990,EXECUTE,16672,US,BACKEND,ROOT,QNN accelerator (execute) time
11914042990,EXECUTE,0,COUNT,BACKEND,ROOT,Num times yield occured
11914042990,EXECUTE,577,US,BACKEND,ROOT,Time for initial VTCM acquire
11914042990,EXECUTE,294,US,BACKEND,ROOT,Time for HVX + HMX power on and acquire
11914042990,EXECUTE,13174337,CYCLES,BACKEND,ROOT,Accelerator (execute) time (cycles)
11914042990,EXECUTE,19108,CYCLES,BACKEND,SUB-EVENT,Input OpId_2 (cycles)
11914042990,EXECUTE,19283,CYCLES,BACKEND,SUB-EVENT,hidden_states_ncf:OpId_17 (cycles)
11914042990,EXECUTE,72393,CYCLES,BACKEND,SUB-EVENT,past_value_nchw:OpId_20 (cycles)
11914042990,EXECUTE,23992,CYCLES,BACKEND,SUB-EVENT,rms_norm__Mul_1_output_0:OpId_24 (cycles)
11914042990,EXECUTE,28702,CYCLES,BACKEND,SUB-EVENT,_MatMul:OpId_29 (cycles)
11914042990,EXECUTE,0,CYCLES,BACKEND,SUB-EVENT,_MatMul_post_reshape:OpId_31 (cycles)
11914042990,EXECUTE,2999,CYCLES,BACKEND,SUB-EVENT,_MatMul_1:OpId_34 (cycles)
11914042990,EXECUTE,20927,CYCLES,BACKEND,SUB-EVENT,_MatMul_1_post_reshape:OpId_36 (cycles)
11914042990,EXECUTE,13417,CYCLES,BACKEND,SUB-EVENT,_MatMul_2:OpId_39 (cycles)
11914042990,EXECUTE,24127,CYCLES,BACKEND,SUB-EVENT,_MatMul_2_post_reshape:OpId_41 (cycles)
11914042990,EXECUTE,477,CYCLES,BACKEND,SUB-EVENT,_Transpose:OpId_43 (cycles)
11914042990,EXECUTE,3447,CYCLES,BACKEND,SUB-EVENT,_Transpose_1:OpId_45 (cycles)
11914042990,EXECUTE,3258,CYCLES,BACKEND,SUB-EVENT,_Transpose_2:OpId_47 (cycles)
11914042990,EXECUTE,74409,CYCLES,BACKEND,SUB-EVENT,_Slice:OpId_49 (cycles)
11914042990,EXECUTE,20207,CYCLES,BACKEND,SUB-EVENT,_Slice_1:OpId_55 (cycles)
11914042990,EXECUTE,3834,CYCLES,BACKEND,SUB-EVENT,_Mul_2:OpId_61 (cycles)
11914042990,EXECUTE,1279,CYCLES,BACKEND,SUB-EVENT,_Mul_3:OpId_64 (cycles)
11914042990,EXECUTE,258,CYCLES,BACKEND,SUB-EVENT,_Sub:OpId_66 (cycles)
11914042990,EXECUTE,3117,CYCLES,BACKEND,SUB-EVENT,_Mul_4:OpId_68 (cycles)
11914042990,EXECUTE,3811,CYCLES,BACKEND,SUB-EVENT,_Mul_5:OpId_70 (cycles)
11914042990,EXECUTE,2809,CYCLES,BACKEND,SUB-EVENT,_Add_4:OpId_72 (cycles)
11914042990,EXECUTE,0,CYCLES,BACKEND,SUB-EVENT,_Unsqueeze:OpId_74 (cycles)
11914042990,EXECUTE,0,CYCLES,BACKEND,SUB-EVENT,_Unsqueeze_1:OpId_75 (cycles)
11914042990,EXECUTE,792,CYCLES,BACKEND,SUB-EVENT,_Concat:OpId_76 (cycles)
11914042990,EXECUTE,9294,CYCLES,BACKEND,SUB-EVENT,_Reshape_3:OpId_78 (cycles)
11914042990,EXECUTE,125400,CYCLES,BACKEND,SUB-EVENT,_Slice_3:OpId_80 (cycles)
11914042990,EXECUTE,31413,CYCLES,BACKEND,SUB-EVENT,_Slice_4:OpId_86 (cycles)
11914042990,EXECUTE,33569,CYCLES,BACKEND,SUB-EVENT,_Mul_6:OpId_91 (cycles)
11914042990,EXECUTE,19819,CYCLES,BACKEND,SUB-EVENT,_Mul_7:OpId_93 (cycles)
11914042990,EXECUTE,1885,CYCLES,BACKEND,SUB-EVENT,_Sub_1:OpId_95 (cycles)
11914042990,EXECUTE,19816,CYCLES,BACKEND,SUB-EVENT,_Mul_8:OpId_97 (cycles)
11914042990,EXECUTE,13574,CYCLES,BACKEND,SUB-EVENT,_Mul_9:OpId_99 (cycles)
11914042990,EXECUTE,7753,CYCLES,BACKEND,SUB-EVENT,_Add_5:OpId_101 (cycles)
11914042990,EXECUTE,0,CYCLES,BACKEND,SUB-EVENT,_Unsqueeze_2:OpId_103 (cycles)
11914042990,EXECUTE,0,CYCLES,BACKEND,SUB-EVENT,_Unsqueeze_3:OpId_104 (cycles)
11914042990,EXECUTE,8787,CYCLES,BACKEND,SUB-EVENT,_Concat_2:OpId_105 (cycles)
11914042990,EXECUTE,0,CYCLES,BACKEND,SUB-EVENT,_Reshape_4:OpId_107 (cycles)
11914042990,EXECUTE,492,CYCLES,BACKEND,SUB-EVENT,current_key_nhwc:OpId_109 (cycles)
11914042990,EXECUTE,18322,CYCLES,BACKEND,SUB-EVENT,_Concat_4:OpId_110 (cycles)
11914042990,EXECUTE,37578,CYCLES,BACKEND,SUB-EVENT,_Concat_5:OpId_112 (cycles)
11914042990,EXECUTE,11376498,CYCLES,BACKEND,SUB-EVENT,_QwenGqaFlashAttention:OpId_114 (cycles)
11914042990,EXECUTE,7327,CYCLES,BACKEND,SUB-EVENT,_Transpose_4:OpId_116 (cycles)
11914042990,EXECUTE,15566,CYCLES,BACKEND,SUB-EVENT,_MatMul_5:OpId_118 (cycles)
11914042990,EXECUTE,0,CYCLES,BACKEND,SUB-EVENT,_MatMul_5_post_reshape:OpId_121 (cycles)
11914042990,EXECUTE,0,CYCLES,BACKEND,SUB-EVENT,_MatMul_5_output_0_nfc:OpId_123 (cycles)
11914042990,EXECUTE,113796,CYCLES,BACKEND,SUB-EVENT,_Add_7:OpId_125 (cycles)
11914042990,EXECUTE,318,CYCLES,BACKEND,SUB-EVENT,_Add_7_output_0_ncf:OpId_128 (cycles)
11914042990,EXECUTE,2016,CYCLES,BACKEND,SUB-EVENT,rms_norm__Mul_11_output_0:OpId_133 (cycles)
11914042990,EXECUTE,0,CYCLES,BACKEND,SUB-EVENT,_MatMul_6:OpId_137 (cycles)
11914042990,EXECUTE,0,CYCLES,BACKEND,SUB-EVENT,_MatMul_6_post_reshape:OpId_140 (cycles)
11914042990,EXECUTE,296497,CYCLES,BACKEND,SUB-EVENT,_MatMul_7:OpId_142 (cycles)
11914042990,EXECUTE,0,CYCLES,BACKEND,SUB-EVENT,_MatMul_7_post_reshape:OpId_145 (cycles)
11914042990,EXECUTE,0,CYCLES,BACKEND,SUB-EVENT,_Sigmoid:OpId_146 (cycles)
11914042990,EXECUTE,243698,CYCLES,BACKEND,SUB-EVENT,_Mul_12:OpId_153 (cycles)
11914042990,EXECUTE,34138,CYCLES,BACKEND,SUB-EVENT,_Mul_13:OpId_155 (cycles)
11914042990,EXECUTE,397727,CYCLES,BACKEND,SUB-EVENT,_MatMul_8:OpId_158 (cycles)
11914042990,EXECUTE,0,CYCLES,BACKEND,SUB-EVENT,_MatMul_8_post_reshape:OpId_161 (cycles)
11914042990,EXECUTE,0,CYCLES,BACKEND,SUB-EVENT,_MatMul_8_output_0_nfc:OpId_163 (cycles)
11914042990,EXECUTE,15173,CYCLES,BACKEND,SUB-EVENT,_Add_9:OpId_165 (cycles)
11914042990,EXECUTE,1235,CYCLES,BACKEND,SUB-EVENT,Output OpId_3 (cycles)
11914042990,EXECUTE,11867,US,BACKEND,ROOT,Accelerator (execute) time
11914042990,EXECUTE,11738,US,BACKEND,ROOT,Accelerator (execute excluding wait) time
11914042990,EXECUTE,21319,US,BACKEND,ROOT,QNN (execute) time
11914066803,EXECUTE,20047,US,NETRUN,ROOT,Graph 0: qwen2_0_5b_layer0_decode_past128_flash_attention
11914066803,EXECUTE,4,COUNT,BACKEND,ROOT,Number of HVX threads used
11914066803,EXECUTE,19629,US,BACKEND,ROOT,RPC (execute) time
11914066803,EXECUTE,16766,US,BACKEND,ROOT,QNN accelerator (execute) time
11914066803,EXECUTE,0,COUNT,BACKEND,ROOT,Num times yield occured
11914066803,EXECUTE,543,US,BACKEND,ROOT,Time for initial VTCM acquire
11914066803,EXECUTE,326,US,BACKEND,ROOT,Time for HVX + HMX power on and acquire
11914066803,EXECUTE,13261491,CYCLES,BACKEND,ROOT,Accelerator (execute) time (cycles)
11914066803,EXECUTE,19324,CYCLES,BACKEND,SUB-EVENT,Input OpId_2 (cycles)
11914066803,EXECUTE,23372,CYCLES,BACKEND,SUB-EVENT,hidden_states_ncf:OpId_17 (cycles)
11914066803,EXECUTE,101551,CYCLES,BACKEND,SUB-EVENT,past_value_nchw:OpId_20 (cycles)
11914066803,EXECUTE,39334,CYCLES,BACKEND,SUB-EVENT,rms_norm__Mul_1_output_0:OpId_24 (cycles)
11914066803,EXECUTE,25161,CYCLES,BACKEND,SUB-EVENT,_MatMul:OpId_29 (cycles)
11914066803,EXECUTE,0,CYCLES,BACKEND,SUB-EVENT,_MatMul_post_reshape:OpId_31 (cycles)
11914066803,EXECUTE,3076,CYCLES,BACKEND,SUB-EVENT,_MatMul_1:OpId_34 (cycles)
11914066803,EXECUTE,27141,CYCLES,BACKEND,SUB-EVENT,_MatMul_1_post_reshape:OpId_36 (cycles)
11914066803,EXECUTE,5719,CYCLES,BACKEND,SUB-EVENT,_MatMul_2:OpId_39 (cycles)
11914066803,EXECUTE,30361,CYCLES,BACKEND,SUB-EVENT,_MatMul_2_post_reshape:OpId_41 (cycles)
11914066803,EXECUTE,464,CYCLES,BACKEND,SUB-EVENT,_Transpose:OpId_43 (cycles)
11914066803,EXECUTE,9967,CYCLES,BACKEND,SUB-EVENT,_Transpose_1:OpId_45 (cycles)
11914066803,EXECUTE,9765,CYCLES,BACKEND,SUB-EVENT,_Transpose_2:OpId_47 (cycles)
11914066803,EXECUTE,64739,CYCLES,BACKEND,SUB-EVENT,_Slice:OpId_49 (cycles)
11914066803,EXECUTE,15965,CYCLES,BACKEND,SUB-EVENT,_Slice_1:OpId_55 (cycles)
11914066803,EXECUTE,3079,CYCLES,BACKEND,SUB-EVENT,_Mul_2:OpId_61 (cycles)
11914066803,EXECUTE,1389,CYCLES,BACKEND,SUB-EVENT,_Mul_3:OpId_64 (cycles)
11914066803,EXECUTE,269,CYCLES,BACKEND,SUB-EVENT,_Sub:OpId_66 (cycles)
11914066803,EXECUTE,3111,CYCLES,BACKEND,SUB-EVENT,_Mul_4:OpId_68 (cycles)
11914066803,EXECUTE,2985,CYCLES,BACKEND,SUB-EVENT,_Mul_5:OpId_70 (cycles)
11914066803,EXECUTE,4138,CYCLES,BACKEND,SUB-EVENT,_Add_4:OpId_72 (cycles)
11914066803,EXECUTE,0,CYCLES,BACKEND,SUB-EVENT,_Unsqueeze:OpId_74 (cycles)
11914066803,EXECUTE,0,CYCLES,BACKEND,SUB-EVENT,_Unsqueeze_1:OpId_75 (cycles)
11914066803,EXECUTE,774,CYCLES,BACKEND,SUB-EVENT,_Concat:OpId_76 (cycles)
11914066803,EXECUTE,14050,CYCLES,BACKEND,SUB-EVENT,_Reshape_3:OpId_78 (cycles)
11914066803,EXECUTE,133342,CYCLES,BACKEND,SUB-EVENT,_Slice_3:OpId_80 (cycles)
11914066803,EXECUTE,19496,CYCLES,BACKEND,SUB-EVENT,_Slice_4:OpId_86 (cycles)
11914066803,EXECUTE,32152,CYCLES,BACKEND,SUB-EVENT,_Mul_6:OpId_91 (cycles)
11914066803,EXECUTE,21818,CYCLES,BACKEND,SUB-EVENT,_Mul_7:OpId_93 (cycles)
11914066803,EXECUTE,1813,CYCLES,BACKEND,SUB-EVENT,_Sub_1:OpId_95 (cycles)
11914066803,EXECUTE,21796,CYCLES,BACKEND,SUB-EVENT,_Mul_8:OpId_97 (cycles)
11914066803,EXECUTE,18872,CYCLES,BACKEND,SUB-EVENT,_Mul_9:OpId_99 (cycles)
11914066803,EXECUTE,4151,CYCLES,BACKEND,SUB-EVENT,_Add_5:OpId_101 (cycles)
11914066803,EXECUTE,0,CYCLES,BACKEND,SUB-EVENT,_Unsqueeze_2:OpId_103 (cycles)
11914066803,EXECUTE,0,CYCLES,BACKEND,SUB-EVENT,_Unsqueeze_3:OpId_104 (cycles)
11914066803,EXECUTE,7900,CYCLES,BACKEND,SUB-EVENT,_Concat_2:OpId_105 (cycles)
11914066803,EXECUTE,0,CYCLES,BACKEND,SUB-EVENT,_Reshape_4:OpId_107 (cycles)
11914066803,EXECUTE,386,CYCLES,BACKEND,SUB-EVENT,current_key_nhwc:OpId_109 (cycles)
11914066803,EXECUTE,29056,CYCLES,BACKEND,SUB-EVENT,_Concat_4:OpId_110 (cycles)
11914066803,EXECUTE,40498,CYCLES,BACKEND,SUB-EVENT,_Concat_5:OpId_112 (cycles)
11914066803,EXECUTE,11371942,CYCLES,BACKEND,SUB-EVENT,_QwenGqaFlashAttention:OpId_114 (cycles)
11914066803,EXECUTE,4663,CYCLES,BACKEND,SUB-EVENT,_Transpose_4:OpId_116 (cycles)
11914066803,EXECUTE,17648,CYCLES,BACKEND,SUB-EVENT,_MatMul_5:OpId_118 (cycles)
11914066803,EXECUTE,0,CYCLES,BACKEND,SUB-EVENT,_MatMul_5_post_reshape:OpId_121 (cycles)
11914066803,EXECUTE,0,CYCLES,BACKEND,SUB-EVENT,_MatMul_5_output_0_nfc:OpId_123 (cycles)
11914066803,EXECUTE,148146,CYCLES,BACKEND,SUB-EVENT,_Add_7:OpId_125 (cycles)
11914066803,EXECUTE,322,CYCLES,BACKEND,SUB-EVENT,_Add_7_output_0_ncf:OpId_128 (cycles)
11914066803,EXECUTE,1995,CYCLES,BACKEND,SUB-EVENT,rms_norm__Mul_11_output_0:OpId_133 (cycles)
11914066803,EXECUTE,0,CYCLES,BACKEND,SUB-EVENT,_MatMul_6:OpId_137 (cycles)
11914066803,EXECUTE,0,CYCLES,BACKEND,SUB-EVENT,_MatMul_6_post_reshape:OpId_140 (cycles)
11914066803,EXECUTE,297845,CYCLES,BACKEND,SUB-EVENT,_MatMul_7:OpId_142 (cycles)
11914066803,EXECUTE,0,CYCLES,BACKEND,SUB-EVENT,_MatMul_7_post_reshape:OpId_145 (cycles)
11914066803,EXECUTE,0,CYCLES,BACKEND,SUB-EVENT,_Sigmoid:OpId_146 (cycles)
11914066803,EXECUTE,230881,CYCLES,BACKEND,SUB-EVENT,_Mul_12:OpId_153 (cycles)
11914066803,EXECUTE,36508,CYCLES,BACKEND,SUB-EVENT,_Mul_13:OpId_155 (cycles)
11914066803,EXECUTE,398276,CYCLES,BACKEND,SUB-EVENT,_MatMul_8:OpId_158 (cycles)
11914066803,EXECUTE,0,CYCLES,BACKEND,SUB-EVENT,_MatMul_8_post_reshape:OpId_161 (cycles)
11914066803,EXECUTE,0,CYCLES,BACKEND,SUB-EVENT,_MatMul_8_output_0_nfc:OpId_163 (cycles)
11914066803,EXECUTE,15049,CYCLES,BACKEND,SUB-EVENT,_Add_9:OpId_165 (cycles)
11914066803,EXECUTE,1202,CYCLES,BACKEND,SUB-EVENT,Output OpId_3 (cycles)
11914066803,EXECUTE,11906,US,BACKEND,ROOT,Accelerator (execute) time
11914066803,EXECUTE,11778,US,BACKEND,ROOT,Accelerator (execute excluding wait) time
11914066803,EXECUTE,20015,US,BACKEND,ROOT,QNN (execute) time
11914086653,EXECUTE,19048,US,NETRUN,ROOT,Graph 0: qwen2_0_5b_layer0_decode_past128_flash_attention
11914086653,EXECUTE,4,COUNT,BACKEND,ROOT,Number of HVX threads used
11914086653,EXECUTE,18682,US,BACKEND,ROOT,RPC (execute) time
11914086653,EXECUTE,16588,US,BACKEND,ROOT,QNN accelerator (execute) time
11914086653,EXECUTE,0,COUNT,BACKEND,ROOT,Num times yield occured
11914086653,EXECUTE,873,US,BACKEND,ROOT,Time for initial VTCM acquire
11914086653,EXECUTE,337,US,BACKEND,ROOT,Time for HVX + HMX power on and acquire
11914086653,EXECUTE,13086197,CYCLES,BACKEND,ROOT,Accelerator (execute) time (cycles)
11914086653,EXECUTE,18884,CYCLES,BACKEND,SUB-EVENT,Input OpId_2 (cycles)
11914086653,EXECUTE,25146,CYCLES,BACKEND,SUB-EVENT,hidden_states_ncf:OpId_17 (cycles)
11914086653,EXECUTE,92022,CYCLES,BACKEND,SUB-EVENT,past_value_nchw:OpId_20 (cycles)
11914086653,EXECUTE,24898,CYCLES,BACKEND,SUB-EVENT,rms_norm__Mul_1_output_0:OpId_24 (cycles)
11914086653,EXECUTE,25881,CYCLES,BACKEND,SUB-EVENT,_MatMul:OpId_29 (cycles)
11914086653,EXECUTE,0,CYCLES,BACKEND,SUB-EVENT,_MatMul_post_reshape:OpId_31 (cycles)
11914086653,EXECUTE,1465,CYCLES,BACKEND,SUB-EVENT,_MatMul_1:OpId_34 (cycles)
11914086653,EXECUTE,20568,CYCLES,BACKEND,SUB-EVENT,_MatMul_1_post_reshape:OpId_36 (cycles)
11914086653,EXECUTE,10417,CYCLES,BACKEND,SUB-EVENT,_MatMul_2:OpId_39 (cycles)
11914086653,EXECUTE,23299,CYCLES,BACKEND,SUB-EVENT,_MatMul_2_post_reshape:OpId_41 (cycles)
11914086653,EXECUTE,492,CYCLES,BACKEND,SUB-EVENT,_Transpose:OpId_43 (cycles)
11914086653,EXECUTE,5610,CYCLES,BACKEND,SUB-EVENT,_Transpose_1:OpId_45 (cycles)
11914086653,EXECUTE,5306,CYCLES,BACKEND,SUB-EVENT,_Transpose_2:OpId_47 (cycles)
11914086653,EXECUTE,41570,CYCLES,BACKEND,SUB-EVENT,_Slice:OpId_49 (cycles)
11914086653,EXECUTE,15281,CYCLES,BACKEND,SUB-EVENT,_Slice_1:OpId_55 (cycles)
11914086653,EXECUTE,3006,CYCLES,BACKEND,SUB-EVENT,_Mul_2:OpId_61 (cycles)
11914086653,EXECUTE,1351,CYCLES,BACKEND,SUB-EVENT,_Mul_3:OpId_64 (cycles)
11914086653,EXECUTE,269,CYCLES,BACKEND,SUB-EVENT,_Sub:OpId_66 (cycles)
11914086653,EXECUTE,3252,CYCLES,BACKEND,SUB-EVENT,_Mul_4:OpId_68 (cycles)
11914086653,EXECUTE,2995,CYCLES,BACKEND,SUB-EVENT,_Mul_5:OpId_70 (cycles)
11914086653,EXECUTE,2567,CYCLES,BACKEND,SUB-EVENT,_Add_4:OpId_72 (cycles)
11914086653,EXECUTE,0,CYCLES,BACKEND,SUB-EVENT,_Unsqueeze:OpId_74 (cycles)
11914086653,EXECUTE,0,CYCLES,BACKEND,SUB-EVENT,_Unsqueeze_1:OpId_75 (cycles)
11914086653,EXECUTE,901,CYCLES,BACKEND,SUB-EVENT,_Concat:OpId_76 (cycles)
11914086653,EXECUTE,10028,CYCLES,BACKEND,SUB-EVENT,_Reshape_3:OpId_78 (cycles)
11914086653,EXECUTE,109497,CYCLES,BACKEND,SUB-EVENT,_Slice_3:OpId_80 (cycles)
11914086653,EXECUTE,31542,CYCLES,BACKEND,SUB-EVENT,_Slice_4:OpId_86 (cycles)
11914086653,EXECUTE,20997,CYCLES,BACKEND,SUB-EVENT,_Mul_6:OpId_91 (cycles)
11914086653,EXECUTE,10581,CYCLES,BACKEND,SUB-EVENT,_Mul_7:OpId_93 (cycles)
11914086653,EXECUTE,162,CYCLES,BACKEND,SUB-EVENT,_Sub_1:OpId_95 (cycles)
11914086653,EXECUTE,10588,CYCLES,BACKEND,SUB-EVENT,_Mul_8:OpId_97 (cycles)
11914086653,EXECUTE,579,CYCLES,BACKEND,SUB-EVENT,_Mul_9:OpId_99 (cycles)
11914086653,EXECUTE,7388,CYCLES,BACKEND,SUB-EVENT,_Add_5:OpId_101 (cycles)
11914086653,EXECUTE,0,CYCLES,BACKEND,SUB-EVENT,_Unsqueeze_2:OpId_103 (cycles)
11914086653,EXECUTE,0,CYCLES,BACKEND,SUB-EVENT,_Unsqueeze_3:OpId_104 (cycles)
11914086653,EXECUTE,7168,CYCLES,BACKEND,SUB-EVENT,_Concat_2:OpId_105 (cycles)
11914086653,EXECUTE,0,CYCLES,BACKEND,SUB-EVENT,_Reshape_4:OpId_107 (cycles)
11914086653,EXECUTE,1192,CYCLES,BACKEND,SUB-EVENT,current_key_nhwc:OpId_109 (cycles)
11914086653,EXECUTE,18112,CYCLES,BACKEND,SUB-EVENT,_Concat_4:OpId_110 (cycles)
11914086653,EXECUTE,46217,CYCLES,BACKEND,SUB-EVENT,_Concat_5:OpId_112 (cycles)
11914086653,EXECUTE,11304745,CYCLES,BACKEND,SUB-EVENT,_QwenGqaFlashAttention:OpId_114 (cycles)
11914086653,EXECUTE,5272,CYCLES,BACKEND,SUB-EVENT,_Transpose_4:OpId_116 (cycles)
11914086653,EXECUTE,15667,CYCLES,BACKEND,SUB-EVENT,_MatMul_5:OpId_118 (cycles)
11914086653,EXECUTE,0,CYCLES,BACKEND,SUB-EVENT,_MatMul_5_post_reshape:OpId_121 (cycles)
11914086653,EXECUTE,0,CYCLES,BACKEND,SUB-EVENT,_MatMul_5_output_0_nfc:OpId_123 (cycles)
11914086653,EXECUTE,138472,CYCLES,BACKEND,SUB-EVENT,_Add_7:OpId_125 (cycles)
11914086653,EXECUTE,249,CYCLES,BACKEND,SUB-EVENT,_Add_7_output_0_ncf:OpId_128 (cycles)
11914086653,EXECUTE,1994,CYCLES,BACKEND,SUB-EVENT,rms_norm__Mul_11_output_0:OpId_133 (cycles)
11914086653,EXECUTE,0,CYCLES,BACKEND,SUB-EVENT,_MatMul_6:OpId_137 (cycles)
11914086653,EXECUTE,0,CYCLES,BACKEND,SUB-EVENT,_MatMul_6_post_reshape:OpId_140 (cycles)
11914086653,EXECUTE,312403,CYCLES,BACKEND,SUB-EVENT,_MatMul_7:OpId_142 (cycles)
11914086653,EXECUTE,0,CYCLES,BACKEND,SUB-EVENT,_MatMul_7_post_reshape:OpId_145 (cycles)
11914086653,EXECUTE,0,CYCLES,BACKEND,SUB-EVENT,_Sigmoid:OpId_146 (cycles)
11914086653,EXECUTE,247614,CYCLES,BACKEND,SUB-EVENT,_Mul_12:OpId_153 (cycles)
11914086653,EXECUTE,41712,CYCLES,BACKEND,SUB-EVENT,_Mul_13:OpId_155 (cycles)
11914086653,EXECUTE,402183,CYCLES,BACKEND,SUB-EVENT,_MatMul_8:OpId_158 (cycles)
11914086653,EXECUTE,0,CYCLES,BACKEND,SUB-EVENT,_MatMul_8_post_reshape:OpId_161 (cycles)
11914086653,EXECUTE,0,CYCLES,BACKEND,SUB-EVENT,_MatMul_8_output_0_nfc:OpId_163 (cycles)
11914086653,EXECUTE,15520,CYCLES,BACKEND,SUB-EVENT,_Add_9:OpId_165 (cycles)
11914086653,EXECUTE,1135,CYCLES,BACKEND,SUB-EVENT,Output OpId_3 (cycles)
11914086653,EXECUTE,11832,US,BACKEND,ROOT,Accelerator (execute) time
11914086653,EXECUTE,11679,US,BACKEND,ROOT,Accelerator (execute excluding wait) time
11914086653,EXECUTE,19026,US,BACKEND,ROOT,QNN (execute) time
11914087844,EXECUTE IPS,45.211021,INF/SEC,NETRUN,ROOT,null
