input log file location, qwen_block_custom_qnn/device_output/fused_attention_layer0_decode_past128/qnn-profiling-data_0.log
qnn-profile-viewer version, v2.47.0.260601114230
qnn-net-run version, v2.47.0.260601114230
Backend version, v2.47.0.260601114230
Msg Timestamp, Message, Time, Unit of Measurement, Timing Source, Event Level, Event Identifier
5804038289,INIT,449853,US,NETRUN,ROOT,null
5804158277,COMPOSE GRAPHS,119431,US,NETRUN,ROOT,null
5804486096,FINALIZE,326644,US,NETRUN,ROOT,Graph 0: qwen2_0_5b_layer0_decode_past128_fused_attention
5804486096,FINALIZE,7084,US,BACKEND,ROOT,RPC (finalize) time
5804486096,FINALIZE,5731,US,BACKEND,ROOT,QNN accelerator (finalize) time
5804486096,FINALIZE,5588,US,BACKEND,ROOT,Accelerator (finalize) time
5804486096,FINALIZE,326593,US,BACKEND,ROOT,QNN (finalize) time
5804486096,FINALIZE,228,US,BACKEND,SUB-EVENT,Graph Preparation Initializing
5804486096,FINALIZE,254342,US,BACKEND,SUB-EVENT,Graph Optimizations
5804486096,FINALIZE,2655,US,BACKEND,SUB-EVENT,Post Graph Optimization
5804486096,FINALIZE,15259,US,BACKEND,SUB-EVENT,Graph Sequencing for Target
5804486096,FINALIZE,1954,US,BACKEND,SUB-EVENT,VTCM Allocation
5804486096,FINALIZE,1226,US,BACKEND,SUB-EVENT,Parallelization Optimization
5804486096,FINALIZE,1566,US,BACKEND,SUB-EVENT,Finalizing Graph Sequence
5804486096,FINALIZE,73,US,BACKEND,SUB-EVENT,Completion
5804831963,DE-INIT,84520,US,NETRUN,ROOT,null
5804831963,DE-INIT,9909,US,BACKEND,ROOT,RPC (deinit) time
5804831963,DE-INIT,7702,US,BACKEND,ROOT,QNN Accelerator (deinit) time
5804831963,DE-INIT,7559,US,BACKEND,ROOT,Accelerator (deinit) time
5804831963,DE-INIT,84495,US,BACKEND,ROOT,QNN (deinit) time
5804516902,EXECUTE,29610,US,NETRUN,ROOT,Graph 0: qwen2_0_5b_layer0_decode_past128_fused_attention
5804516902,EXECUTE,4,COUNT,BACKEND,ROOT,Number of HVX threads used
5804516902,EXECUTE,29284,US,BACKEND,ROOT,RPC (execute) time
5804516902,EXECUTE,27606,US,BACKEND,ROOT,QNN accelerator (execute) time
5804516902,EXECUTE,0,COUNT,BACKEND,ROOT,Num times yield occured
5804516902,EXECUTE,784,US,BACKEND,ROOT,Time for initial VTCM acquire
5804516902,EXECUTE,34830,US,BACKEND,ROOT,Time for HVX + HMX power on and acquire
5804516902,EXECUTE,15106342,CYCLES,BACKEND,ROOT,Accelerator (execute) time (cycles)
5804516902,EXECUTE,12817,CYCLES,BACKEND,SUB-EVENT,Input OpId_2 (cycles)
5804516902,EXECUTE,4037,CYCLES,BACKEND,SUB-EVENT,hidden_states_ncf:OpId_17 (cycles)
5804516902,EXECUTE,32475,CYCLES,BACKEND,SUB-EVENT,past_value_nchw:OpId_20 (cycles)
5804516902,EXECUTE,13142,CYCLES,BACKEND,SUB-EVENT,rms_norm__Mul_1_output_0:OpId_24 (cycles)
5804516902,EXECUTE,34771,CYCLES,BACKEND,SUB-EVENT,_MatMul:OpId_29 (cycles)
5804516902,EXECUTE,0,CYCLES,BACKEND,SUB-EVENT,_MatMul_post_reshape:OpId_31 (cycles)
5804516902,EXECUTE,1825,CYCLES,BACKEND,SUB-EVENT,_MatMul_1:OpId_34 (cycles)
5804516902,EXECUTE,1685,CYCLES,BACKEND,SUB-EVENT,_MatMul_1_post_reshape:OpId_36 (cycles)
5804516902,EXECUTE,3144,CYCLES,BACKEND,SUB-EVENT,_MatMul_2:OpId_39 (cycles)
5804516902,EXECUTE,4295,CYCLES,BACKEND,SUB-EVENT,_MatMul_2_post_reshape:OpId_41 (cycles)
5804516902,EXECUTE,462,CYCLES,BACKEND,SUB-EVENT,_Transpose:OpId_43 (cycles)
5804516902,EXECUTE,2506,CYCLES,BACKEND,SUB-EVENT,_Transpose_1:OpId_45 (cycles)
5804516902,EXECUTE,2283,CYCLES,BACKEND,SUB-EVENT,_Transpose_2:OpId_47 (cycles)
5804516902,EXECUTE,30592,CYCLES,BACKEND,SUB-EVENT,_Slice:OpId_49 (cycles)
5804516902,EXECUTE,13687,CYCLES,BACKEND,SUB-EVENT,_Slice_1:OpId_55 (cycles)
5804516902,EXECUTE,1930,CYCLES,BACKEND,SUB-EVENT,_Mul_2:OpId_61 (cycles)
5804516902,EXECUTE,1353,CYCLES,BACKEND,SUB-EVENT,_Mul_3:OpId_64 (cycles)
5804516902,EXECUTE,282,CYCLES,BACKEND,SUB-EVENT,_Sub:OpId_66 (cycles)
5804516902,EXECUTE,1707,CYCLES,BACKEND,SUB-EVENT,_Mul_4:OpId_68 (cycles)
5804516902,EXECUTE,1494,CYCLES,BACKEND,SUB-EVENT,_Mul_5:OpId_70 (cycles)
5804516902,EXECUTE,2154,CYCLES,BACKEND,SUB-EVENT,_Add_4:OpId_72 (cycles)
5804516902,EXECUTE,0,CYCLES,BACKEND,SUB-EVENT,_Unsqueeze:OpId_74 (cycles)
5804516902,EXECUTE,0,CYCLES,BACKEND,SUB-EVENT,_Unsqueeze_1:OpId_75 (cycles)
5804516902,EXECUTE,795,CYCLES,BACKEND,SUB-EVENT,_Concat:OpId_76 (cycles)
5804516902,EXECUTE,4986,CYCLES,BACKEND,SUB-EVENT,_Reshape_3:OpId_78 (cycles)
5804516902,EXECUTE,44843,CYCLES,BACKEND,SUB-EVENT,_Slice_3:OpId_80 (cycles)
5804516902,EXECUTE,8524,CYCLES,BACKEND,SUB-EVENT,_Slice_4:OpId_86 (cycles)
5804516902,EXECUTE,8627,CYCLES,BACKEND,SUB-EVENT,_Mul_6:OpId_91 (cycles)
5804516902,EXECUTE,1680,CYCLES,BACKEND,SUB-EVENT,_Mul_7:OpId_93 (cycles)
5804516902,EXECUTE,719,CYCLES,BACKEND,SUB-EVENT,_Sub_1:OpId_95 (cycles)
5804516902,EXECUTE,1683,CYCLES,BACKEND,SUB-EVENT,_Mul_8:OpId_97 (cycles)
5804516902,EXECUTE,1256,CYCLES,BACKEND,SUB-EVENT,_Mul_9:OpId_99 (cycles)
5804516902,EXECUTE,1771,CYCLES,BACKEND,SUB-EVENT,_Add_5:OpId_101 (cycles)
5804516902,EXECUTE,0,CYCLES,BACKEND,SUB-EVENT,_Unsqueeze_2:OpId_103 (cycles)
5804516902,EXECUTE,0,CYCLES,BACKEND,SUB-EVENT,_Unsqueeze_3:OpId_104 (cycles)
5804516902,EXECUTE,3440,CYCLES,BACKEND,SUB-EVENT,_Concat_2:OpId_105 (cycles)
5804516902,EXECUTE,0,CYCLES,BACKEND,SUB-EVENT,_Reshape_4:OpId_107 (cycles)
5804516902,EXECUTE,2142,CYCLES,BACKEND,SUB-EVENT,current_key_nhwc:OpId_109 (cycles)
5804516902,EXECUTE,13286,CYCLES,BACKEND,SUB-EVENT,_Concat_4:OpId_110 (cycles)
5804516902,EXECUTE,26010,CYCLES,BACKEND,SUB-EVENT,_Concat_5:OpId_112 (cycles)
5804516902,EXECUTE,14341880,CYCLES,BACKEND,SUB-EVENT,_FusedDecodeAttentionPast128:OpId_114 (cycles)
5804516902,EXECUTE,4893,CYCLES,BACKEND,SUB-EVENT,_Transpose_4:OpId_116 (cycles)
5804516902,EXECUTE,12032,CYCLES,BACKEND,SUB-EVENT,_MatMul_5:OpId_118 (cycles)
5804516902,EXECUTE,0,CYCLES,BACKEND,SUB-EVENT,_MatMul_5_post_reshape:OpId_121 (cycles)
5804516902,EXECUTE,0,CYCLES,BACKEND,SUB-EVENT,_MatMul_5_output_0_nfc:OpId_123 (cycles)
5804516902,EXECUTE,56143,CYCLES,BACKEND,SUB-EVENT,_Add_7:OpId_125 (cycles)
5804516902,EXECUTE,238,CYCLES,BACKEND,SUB-EVENT,_Add_7_output_0_ncf:OpId_128 (cycles)
5804516902,EXECUTE,2023,CYCLES,BACKEND,SUB-EVENT,rms_norm__Mul_11_output_0:OpId_133 (cycles)
5804516902,EXECUTE,0,CYCLES,BACKEND,SUB-EVENT,_MatMul_6:OpId_137 (cycles)
5804516902,EXECUTE,0,CYCLES,BACKEND,SUB-EVENT,_MatMul_6_post_reshape:OpId_140 (cycles)
5804516902,EXECUTE,107963,CYCLES,BACKEND,SUB-EVENT,_MatMul_7:OpId_142 (cycles)
5804516902,EXECUTE,0,CYCLES,BACKEND,SUB-EVENT,_MatMul_7_post_reshape:OpId_145 (cycles)
5804516902,EXECUTE,0,CYCLES,BACKEND,SUB-EVENT,_Sigmoid:OpId_146 (cycles)
5804516902,EXECUTE,96941,CYCLES,BACKEND,SUB-EVENT,_Mul_12:OpId_153 (cycles)
5804516902,EXECUTE,18028,CYCLES,BACKEND,SUB-EVENT,_Mul_13:OpId_155 (cycles)
5804516902,EXECUTE,159373,CYCLES,BACKEND,SUB-EVENT,_MatMul_8:OpId_158 (cycles)
5804516902,EXECUTE,0,CYCLES,BACKEND,SUB-EVENT,_MatMul_8_post_reshape:OpId_161 (cycles)
5804516902,EXECUTE,0,CYCLES,BACKEND,SUB-EVENT,_MatMul_8_output_0_nfc:OpId_163 (cycles)
5804516902,EXECUTE,14800,CYCLES,BACKEND,SUB-EVENT,_Add_9:OpId_165 (cycles)
5804516902,EXECUTE,5625,CYCLES,BACKEND,SUB-EVENT,Output OpId_3 (cycles)
5804516902,EXECUTE,13878,US,BACKEND,ROOT,Accelerator (execute) time
5804516902,EXECUTE,11954,US,BACKEND,ROOT,Accelerator (execute excluding wait) time
5804516902,EXECUTE,29559,US,BACKEND,ROOT,QNN (execute) time
5804537238,EXECUTE,19321,US,NETRUN,ROOT,Graph 0: qwen2_0_5b_layer0_decode_past128_fused_attention
5804537238,EXECUTE,4,COUNT,BACKEND,ROOT,Number of HVX threads used
5804537238,EXECUTE,18792,US,BACKEND,ROOT,RPC (execute) time
5804537238,EXECUTE,16718,US,BACKEND,ROOT,QNN accelerator (execute) time
5804537238,EXECUTE,0,COUNT,BACKEND,ROOT,Num times yield occured
5804537238,EXECUTE,658,US,BACKEND,ROOT,Time for initial VTCM acquire
5804537238,EXECUTE,238,US,BACKEND,ROOT,Time for HVX + HMX power on and acquire
5804537238,EXECUTE,15199955,CYCLES,BACKEND,ROOT,Accelerator (execute) time (cycles)
5804537238,EXECUTE,19353,CYCLES,BACKEND,SUB-EVENT,Input OpId_2 (cycles)
5804537238,EXECUTE,11776,CYCLES,BACKEND,SUB-EVENT,hidden_states_ncf:OpId_17 (cycles)
5804537238,EXECUTE,50048,CYCLES,BACKEND,SUB-EVENT,past_value_nchw:OpId_20 (cycles)
5804537238,EXECUTE,12402,CYCLES,BACKEND,SUB-EVENT,rms_norm__Mul_1_output_0:OpId_24 (cycles)
5804537238,EXECUTE,32070,CYCLES,BACKEND,SUB-EVENT,_MatMul:OpId_29 (cycles)
5804537238,EXECUTE,0,CYCLES,BACKEND,SUB-EVENT,_MatMul_post_reshape:OpId_31 (cycles)
5804537238,EXECUTE,1959,CYCLES,BACKEND,SUB-EVENT,_MatMul_1:OpId_34 (cycles)
5804537238,EXECUTE,10770,CYCLES,BACKEND,SUB-EVENT,_MatMul_1_post_reshape:OpId_36 (cycles)
5804537238,EXECUTE,4595,CYCLES,BACKEND,SUB-EVENT,_MatMul_2:OpId_39 (cycles)
5804537238,EXECUTE,13503,CYCLES,BACKEND,SUB-EVENT,_MatMul_2_post_reshape:OpId_41 (cycles)
5804537238,EXECUTE,469,CYCLES,BACKEND,SUB-EVENT,_Transpose:OpId_43 (cycles)
5804537238,EXECUTE,2571,CYCLES,BACKEND,SUB-EVENT,_Transpose_1:OpId_45 (cycles)
5804537238,EXECUTE,2351,CYCLES,BACKEND,SUB-EVENT,_Transpose_2:OpId_47 (cycles)
5804537238,EXECUTE,31741,CYCLES,BACKEND,SUB-EVENT,_Slice:OpId_49 (cycles)
5804537238,EXECUTE,13178,CYCLES,BACKEND,SUB-EVENT,_Slice_1:OpId_55 (cycles)
5804537238,EXECUTE,1938,CYCLES,BACKEND,SUB-EVENT,_Mul_2:OpId_61 (cycles)
5804537238,EXECUTE,1332,CYCLES,BACKEND,SUB-EVENT,_Mul_3:OpId_64 (cycles)
5804537238,EXECUTE,278,CYCLES,BACKEND,SUB-EVENT,_Sub:OpId_66 (cycles)
5804537238,EXECUTE,1998,CYCLES,BACKEND,SUB-EVENT,_Mul_4:OpId_68 (cycles)
5804537238,EXECUTE,1764,CYCLES,BACKEND,SUB-EVENT,_Mul_5:OpId_70 (cycles)
5804537238,EXECUTE,4117,CYCLES,BACKEND,SUB-EVENT,_Add_4:OpId_72 (cycles)
5804537238,EXECUTE,0,CYCLES,BACKEND,SUB-EVENT,_Unsqueeze:OpId_74 (cycles)
5804537238,EXECUTE,0,CYCLES,BACKEND,SUB-EVENT,_Unsqueeze_1:OpId_75 (cycles)
5804537238,EXECUTE,738,CYCLES,BACKEND,SUB-EVENT,_Concat:OpId_76 (cycles)
5804537238,EXECUTE,2901,CYCLES,BACKEND,SUB-EVENT,_Reshape_3:OpId_78 (cycles)
5804537238,EXECUTE,45272,CYCLES,BACKEND,SUB-EVENT,_Slice_3:OpId_80 (cycles)
5804537238,EXECUTE,8886,CYCLES,BACKEND,SUB-EVENT,_Slice_4:OpId_86 (cycles)
5804537238,EXECUTE,8983,CYCLES,BACKEND,SUB-EVENT,_Mul_6:OpId_91 (cycles)
5804537238,EXECUTE,2360,CYCLES,BACKEND,SUB-EVENT,_Mul_7:OpId_93 (cycles)
5804537238,EXECUTE,1233,CYCLES,BACKEND,SUB-EVENT,_Sub_1:OpId_95 (cycles)
5804537238,EXECUTE,2353,CYCLES,BACKEND,SUB-EVENT,_Mul_8:OpId_97 (cycles)
5804537238,EXECUTE,1794,CYCLES,BACKEND,SUB-EVENT,_Mul_9:OpId_99 (cycles)
5804537238,EXECUTE,2195,CYCLES,BACKEND,SUB-EVENT,_Add_5:OpId_101 (cycles)
5804537238,EXECUTE,0,CYCLES,BACKEND,SUB-EVENT,_Unsqueeze_2:OpId_103 (cycles)
5804537238,EXECUTE,0,CYCLES,BACKEND,SUB-EVENT,_Unsqueeze_3:OpId_104 (cycles)
5804537238,EXECUTE,3284,CYCLES,BACKEND,SUB-EVENT,_Concat_2:OpId_105 (cycles)
5804537238,EXECUTE,0,CYCLES,BACKEND,SUB-EVENT,_Reshape_4:OpId_107 (cycles)
5804537238,EXECUTE,902,CYCLES,BACKEND,SUB-EVENT,current_key_nhwc:OpId_109 (cycles)
5804537238,EXECUTE,12912,CYCLES,BACKEND,SUB-EVENT,_Concat_4:OpId_110 (cycles)
5804537238,EXECUTE,26731,CYCLES,BACKEND,SUB-EVENT,_Concat_5:OpId_112 (cycles)
5804537238,EXECUTE,14384865,CYCLES,BACKEND,SUB-EVENT,_FusedDecodeAttentionPast128:OpId_114 (cycles)
5804537238,EXECUTE,5664,CYCLES,BACKEND,SUB-EVENT,_Transpose_4:OpId_116 (cycles)
5804537238,EXECUTE,15062,CYCLES,BACKEND,SUB-EVENT,_MatMul_5:OpId_118 (cycles)
5804537238,EXECUTE,0,CYCLES,BACKEND,SUB-EVENT,_MatMul_5_post_reshape:OpId_121 (cycles)
5804537238,EXECUTE,0,CYCLES,BACKEND,SUB-EVENT,_MatMul_5_output_0_nfc:OpId_123 (cycles)
5804537238,EXECUTE,74765,CYCLES,BACKEND,SUB-EVENT,_Add_7:OpId_125 (cycles)
5804537238,EXECUTE,294,CYCLES,BACKEND,SUB-EVENT,_Add_7_output_0_ncf:OpId_128 (cycles)
5804537238,EXECUTE,2522,CYCLES,BACKEND,SUB-EVENT,rms_norm__Mul_11_output_0:OpId_133 (cycles)
5804537238,EXECUTE,0,CYCLES,BACKEND,SUB-EVENT,_MatMul_6:OpId_137 (cycles)
5804537238,EXECUTE,0,CYCLES,BACKEND,SUB-EVENT,_MatMul_6_post_reshape:OpId_140 (cycles)
5804537238,EXECUTE,91335,CYCLES,BACKEND,SUB-EVENT,_MatMul_7:OpId_142 (cycles)
5804537238,EXECUTE,0,CYCLES,BACKEND,SUB-EVENT,_MatMul_7_post_reshape:OpId_145 (cycles)
5804537238,EXECUTE,0,CYCLES,BACKEND,SUB-EVENT,_Sigmoid:OpId_146 (cycles)
5804537238,EXECUTE,91661,CYCLES,BACKEND,SUB-EVENT,_Mul_12:OpId_153 (cycles)
5804537238,EXECUTE,18471,CYCLES,BACKEND,SUB-EVENT,_Mul_13:OpId_155 (cycles)
5804537238,EXECUTE,156190,CYCLES,BACKEND,SUB-EVENT,_MatMul_8:OpId_158 (cycles)
5804537238,EXECUTE,0,CYCLES,BACKEND,SUB-EVENT,_MatMul_8_post_reshape:OpId_161 (cycles)
5804537238,EXECUTE,0,CYCLES,BACKEND,SUB-EVENT,_MatMul_8_output_0_nfc:OpId_163 (cycles)
5804537238,EXECUTE,15033,CYCLES,BACKEND,SUB-EVENT,_Add_9:OpId_165 (cycles)
5804537238,EXECUTE,5336,CYCLES,BACKEND,SUB-EVENT,Output OpId_3 (cycles)
5804537238,EXECUTE,12118,US,BACKEND,ROOT,Accelerator (execute) time
5804537238,EXECUTE,11980,US,BACKEND,ROOT,Accelerator (execute excluding wait) time
5804537238,EXECUTE,19291,US,BACKEND,ROOT,QNN (execute) time
5804561769,EXECUTE,21730,US,NETRUN,ROOT,Graph 0: qwen2_0_5b_layer0_decode_past128_fused_attention
5804561769,EXECUTE,4,COUNT,BACKEND,ROOT,Number of HVX threads used
5804561769,EXECUTE,21144,US,BACKEND,ROOT,RPC (execute) time
5804561769,EXECUTE,18779,US,BACKEND,ROOT,QNN accelerator (execute) time
5804561769,EXECUTE,0,COUNT,BACKEND,ROOT,Num times yield occured
5804561769,EXECUTE,559,US,BACKEND,ROOT,Time for initial VTCM acquire
5804561769,EXECUTE,247,US,BACKEND,ROOT,Time for HVX + HMX power on and acquire
5804561769,EXECUTE,16034558,CYCLES,BACKEND,ROOT,Accelerator (execute) time (cycles)
5804561769,EXECUTE,18271,CYCLES,BACKEND,SUB-EVENT,Input OpId_2 (cycles)
5804561769,EXECUTE,19074,CYCLES,BACKEND,SUB-EVENT,hidden_states_ncf:OpId_17 (cycles)
5804561769,EXECUTE,78649,CYCLES,BACKEND,SUB-EVENT,past_value_nchw:OpId_20 (cycles)
5804561769,EXECUTE,35847,CYCLES,BACKEND,SUB-EVENT,rms_norm__Mul_1_output_0:OpId_24 (cycles)
5804561769,EXECUTE,37619,CYCLES,BACKEND,SUB-EVENT,_MatMul:OpId_29 (cycles)
5804561769,EXECUTE,0,CYCLES,BACKEND,SUB-EVENT,_MatMul_post_reshape:OpId_31 (cycles)
5804561769,EXECUTE,2879,CYCLES,BACKEND,SUB-EVENT,_MatMul_1:OpId_34 (cycles)
5804561769,EXECUTE,22759,CYCLES,BACKEND,SUB-EVENT,_MatMul_1_post_reshape:OpId_36 (cycles)
5804561769,EXECUTE,11800,CYCLES,BACKEND,SUB-EVENT,_MatMul_2:OpId_39 (cycles)
5804561769,EXECUTE,26123,CYCLES,BACKEND,SUB-EVENT,_MatMul_2_post_reshape:OpId_41 (cycles)
5804561769,EXECUTE,455,CYCLES,BACKEND,SUB-EVENT,_Transpose:OpId_43 (cycles)
5804561769,EXECUTE,4744,CYCLES,BACKEND,SUB-EVENT,_Transpose_1:OpId_45 (cycles)
5804561769,EXECUTE,4559,CYCLES,BACKEND,SUB-EVENT,_Transpose_2:OpId_47 (cycles)
5804561769,EXECUTE,60523,CYCLES,BACKEND,SUB-EVENT,_Slice:OpId_49 (cycles)
5804561769,EXECUTE,27528,CYCLES,BACKEND,SUB-EVENT,_Slice_1:OpId_55 (cycles)
5804561769,EXECUTE,2874,CYCLES,BACKEND,SUB-EVENT,_Mul_2:OpId_61 (cycles)
5804561769,EXECUTE,1162,CYCLES,BACKEND,SUB-EVENT,_Mul_3:OpId_64 (cycles)
5804561769,EXECUTE,253,CYCLES,BACKEND,SUB-EVENT,_Sub:OpId_66 (cycles)
5804561769,EXECUTE,3142,CYCLES,BACKEND,SUB-EVENT,_Mul_4:OpId_68 (cycles)
5804561769,EXECUTE,3004,CYCLES,BACKEND,SUB-EVENT,_Mul_5:OpId_70 (cycles)
5804561769,EXECUTE,7388,CYCLES,BACKEND,SUB-EVENT,_Add_4:OpId_72 (cycles)
5804561769,EXECUTE,0,CYCLES,BACKEND,SUB-EVENT,_Unsqueeze:OpId_74 (cycles)
5804561769,EXECUTE,0,CYCLES,BACKEND,SUB-EVENT,_Unsqueeze_1:OpId_75 (cycles)
5804561769,EXECUTE,826,CYCLES,BACKEND,SUB-EVENT,_Concat:OpId_76 (cycles)
5804561769,EXECUTE,11177,CYCLES,BACKEND,SUB-EVENT,_Reshape_3:OpId_78 (cycles)
5804561769,EXECUTE,111070,CYCLES,BACKEND,SUB-EVENT,_Slice_3:OpId_80 (cycles)
5804561769,EXECUTE,27551,CYCLES,BACKEND,SUB-EVENT,_Slice_4:OpId_86 (cycles)
5804561769,EXECUTE,26101,CYCLES,BACKEND,SUB-EVENT,_Mul_6:OpId_91 (cycles)
5804561769,EXECUTE,13129,CYCLES,BACKEND,SUB-EVENT,_Mul_7:OpId_93 (cycles)
5804561769,EXECUTE,8607,CYCLES,BACKEND,SUB-EVENT,_Sub_1:OpId_95 (cycles)
5804561769,EXECUTE,21393,CYCLES,BACKEND,SUB-EVENT,_Mul_8:OpId_97 (cycles)
5804561769,EXECUTE,12801,CYCLES,BACKEND,SUB-EVENT,_Mul_9:OpId_99 (cycles)
5804561769,EXECUTE,6725,CYCLES,BACKEND,SUB-EVENT,_Add_5:OpId_101 (cycles)
5804561769,EXECUTE,0,CYCLES,BACKEND,SUB-EVENT,_Unsqueeze_2:OpId_103 (cycles)
5804561769,EXECUTE,0,CYCLES,BACKEND,SUB-EVENT,_Unsqueeze_3:OpId_104 (cycles)
5804561769,EXECUTE,9355,CYCLES,BACKEND,SUB-EVENT,_Concat_2:OpId_105 (cycles)
5804561769,EXECUTE,0,CYCLES,BACKEND,SUB-EVENT,_Reshape_4:OpId_107 (cycles)
5804561769,EXECUTE,2629,CYCLES,BACKEND,SUB-EVENT,current_key_nhwc:OpId_109 (cycles)
5804561769,EXECUTE,23564,CYCLES,BACKEND,SUB-EVENT,_Concat_4:OpId_110 (cycles)
5804561769,EXECUTE,30576,CYCLES,BACKEND,SUB-EVENT,_Concat_5:OpId_112 (cycles)
5804561769,EXECUTE,14228981,CYCLES,BACKEND,SUB-EVENT,_FusedDecodeAttentionPast128:OpId_114 (cycles)
5804561769,EXECUTE,6611,CYCLES,BACKEND,SUB-EVENT,_Transpose_4:OpId_116 (cycles)
5804561769,EXECUTE,25185,CYCLES,BACKEND,SUB-EVENT,_MatMul_5:OpId_118 (cycles)
5804561769,EXECUTE,0,CYCLES,BACKEND,SUB-EVENT,_MatMul_5_post_reshape:OpId_121 (cycles)
5804561769,EXECUTE,0,CYCLES,BACKEND,SUB-EVENT,_MatMul_5_output_0_nfc:OpId_123 (cycles)
5804561769,EXECUTE,106231,CYCLES,BACKEND,SUB-EVENT,_Add_7:OpId_125 (cycles)
5804561769,EXECUTE,293,CYCLES,BACKEND,SUB-EVENT,_Add_7_output_0_ncf:OpId_128 (cycles)
5804561769,EXECUTE,3366,CYCLES,BACKEND,SUB-EVENT,rms_norm__Mul_11_output_0:OpId_133 (cycles)
5804561769,EXECUTE,0,CYCLES,BACKEND,SUB-EVENT,_MatMul_6:OpId_137 (cycles)
5804561769,EXECUTE,0,CYCLES,BACKEND,SUB-EVENT,_MatMul_6_post_reshape:OpId_140 (cycles)
5804561769,EXECUTE,303245,CYCLES,BACKEND,SUB-EVENT,_MatMul_7:OpId_142 (cycles)
5804561769,EXECUTE,0,CYCLES,BACKEND,SUB-EVENT,_MatMul_7_post_reshape:OpId_145 (cycles)
5804561769,EXECUTE,0,CYCLES,BACKEND,SUB-EVENT,_Sigmoid:OpId_146 (cycles)
5804561769,EXECUTE,229309,CYCLES,BACKEND,SUB-EVENT,_Mul_12:OpId_153 (cycles)
5804561769,EXECUTE,32668,CYCLES,BACKEND,SUB-EVENT,_Mul_13:OpId_155 (cycles)
5804561769,EXECUTE,399197,CYCLES,BACKEND,SUB-EVENT,_MatMul_8:OpId_158 (cycles)
5804561769,EXECUTE,0,CYCLES,BACKEND,SUB-EVENT,_MatMul_8_post_reshape:OpId_161 (cycles)
5804561769,EXECUTE,0,CYCLES,BACKEND,SUB-EVENT,_MatMul_8_output_0_nfc:OpId_163 (cycles)
5804561769,EXECUTE,14999,CYCLES,BACKEND,SUB-EVENT,_Add_9:OpId_165 (cycles)
5804561769,EXECUTE,10316,CYCLES,BACKEND,SUB-EVENT,Output OpId_3 (cycles)
5804561769,EXECUTE,13944,US,BACKEND,ROOT,Accelerator (execute) time
5804561769,EXECUTE,13816,US,BACKEND,ROOT,Accelerator (execute excluding wait) time
5804561769,EXECUTE,21686,US,BACKEND,ROOT,QNN (execute) time
5804590421,EXECUTE,24733,US,NETRUN,ROOT,Graph 0: qwen2_0_5b_layer0_decode_past128_fused_attention
5804590421,EXECUTE,4,COUNT,BACKEND,ROOT,Number of HVX threads used
5804590421,EXECUTE,23600,US,BACKEND,ROOT,RPC (execute) time
5804590421,EXECUTE,18758,US,BACKEND,ROOT,QNN accelerator (execute) time
5804590421,EXECUTE,0,COUNT,BACKEND,ROOT,Num times yield occured
5804590421,EXECUTE,544,US,BACKEND,ROOT,Time for initial VTCM acquire
5804590421,EXECUTE,206,US,BACKEND,ROOT,Time for HVX + HMX power on and acquire
5804590421,EXECUTE,16253109,CYCLES,BACKEND,ROOT,Accelerator (execute) time (cycles)
5804590421,EXECUTE,17738,CYCLES,BACKEND,SUB-EVENT,Input OpId_2 (cycles)
5804590421,EXECUTE,20587,CYCLES,BACKEND,SUB-EVENT,hidden_states_ncf:OpId_17 (cycles)
5804590421,EXECUTE,81528,CYCLES,BACKEND,SUB-EVENT,past_value_nchw:OpId_20 (cycles)
5804590421,EXECUTE,18880,CYCLES,BACKEND,SUB-EVENT,rms_norm__Mul_1_output_0:OpId_24 (cycles)
5804590421,EXECUTE,37314,CYCLES,BACKEND,SUB-EVENT,_MatMul:OpId_29 (cycles)
5804590421,EXECUTE,0,CYCLES,BACKEND,SUB-EVENT,_MatMul_post_reshape:OpId_31 (cycles)
5804590421,EXECUTE,2944,CYCLES,BACKEND,SUB-EVENT,_MatMul_1:OpId_34 (cycles)
5804590421,EXECUTE,15797,CYCLES,BACKEND,SUB-EVENT,_MatMul_1_post_reshape:OpId_36 (cycles)
5804590421,EXECUTE,10088,CYCLES,BACKEND,SUB-EVENT,_MatMul_2:OpId_39 (cycles)
5804590421,EXECUTE,19093,CYCLES,BACKEND,SUB-EVENT,_MatMul_2_post_reshape:OpId_41 (cycles)
5804590421,EXECUTE,438,CYCLES,BACKEND,SUB-EVENT,_Transpose:OpId_43 (cycles)
5804590421,EXECUTE,3505,CYCLES,BACKEND,SUB-EVENT,_Transpose_1:OpId_45 (cycles)
5804590421,EXECUTE,3281,CYCLES,BACKEND,SUB-EVENT,_Transpose_2:OpId_47 (cycles)
5804590421,EXECUTE,46315,CYCLES,BACKEND,SUB-EVENT,_Slice:OpId_49 (cycles)
5804590421,EXECUTE,13070,CYCLES,BACKEND,SUB-EVENT,_Slice_1:OpId_55 (cycles)
5804590421,EXECUTE,3045,CYCLES,BACKEND,SUB-EVENT,_Mul_2:OpId_61 (cycles)
5804590421,EXECUTE,1149,CYCLES,BACKEND,SUB-EVENT,_Mul_3:OpId_64 (cycles)
5804590421,EXECUTE,267,CYCLES,BACKEND,SUB-EVENT,_Sub:OpId_66 (cycles)
5804590421,EXECUTE,3074,CYCLES,BACKEND,SUB-EVENT,_Mul_4:OpId_68 (cycles)
5804590421,EXECUTE,3039,CYCLES,BACKEND,SUB-EVENT,_Mul_5:OpId_70 (cycles)
5804590421,EXECUTE,5082,CYCLES,BACKEND,SUB-EVENT,_Add_4:OpId_72 (cycles)
5804590421,EXECUTE,0,CYCLES,BACKEND,SUB-EVENT,_Unsqueeze:OpId_74 (cycles)
5804590421,EXECUTE,0,CYCLES,BACKEND,SUB-EVENT,_Unsqueeze_1:OpId_75 (cycles)
5804590421,EXECUTE,1051,CYCLES,BACKEND,SUB-EVENT,_Concat:OpId_76 (cycles)
5804590421,EXECUTE,11666,CYCLES,BACKEND,SUB-EVENT,_Reshape_3:OpId_78 (cycles)
5804590421,EXECUTE,89277,CYCLES,BACKEND,SUB-EVENT,_Slice_3:OpId_80 (cycles)
5804590421,EXECUTE,17487,CYCLES,BACKEND,SUB-EVENT,_Slice_4:OpId_86 (cycles)
5804590421,EXECUTE,36213,CYCLES,BACKEND,SUB-EVENT,_Mul_6:OpId_91 (cycles)
5804590421,EXECUTE,31010,CYCLES,BACKEND,SUB-EVENT,_Mul_7:OpId_93 (cycles)
5804590421,EXECUTE,3932,CYCLES,BACKEND,SUB-EVENT,_Sub_1:OpId_95 (cycles)
5804590421,EXECUTE,31013,CYCLES,BACKEND,SUB-EVENT,_Mul_8:OpId_97 (cycles)
5804590421,EXECUTE,23908,CYCLES,BACKEND,SUB-EVENT,_Mul_9:OpId_99 (cycles)
5804590421,EXECUTE,4106,CYCLES,BACKEND,SUB-EVENT,_Add_5:OpId_101 (cycles)
5804590421,EXECUTE,0,CYCLES,BACKEND,SUB-EVENT,_Unsqueeze_2:OpId_103 (cycles)
5804590421,EXECUTE,0,CYCLES,BACKEND,SUB-EVENT,_Unsqueeze_3:OpId_104 (cycles)
5804590421,EXECUTE,6316,CYCLES,BACKEND,SUB-EVENT,_Concat_2:OpId_105 (cycles)
5804590421,EXECUTE,0,CYCLES,BACKEND,SUB-EVENT,_Reshape_4:OpId_107 (cycles)
5804590421,EXECUTE,2702,CYCLES,BACKEND,SUB-EVENT,current_key_nhwc:OpId_109 (cycles)
5804590421,EXECUTE,25738,CYCLES,BACKEND,SUB-EVENT,_Concat_4:OpId_110 (cycles)
5804590421,EXECUTE,28881,CYCLES,BACKEND,SUB-EVENT,_Concat_5:OpId_112 (cycles)
5804590421,EXECUTE,14531493,CYCLES,BACKEND,SUB-EVENT,_FusedDecodeAttentionPast128:OpId_114 (cycles)
5804590421,EXECUTE,6746,CYCLES,BACKEND,SUB-EVENT,_Transpose_4:OpId_116 (cycles)
5804590421,EXECUTE,20193,CYCLES,BACKEND,SUB-EVENT,_MatMul_5:OpId_118 (cycles)
5804590421,EXECUTE,0,CYCLES,BACKEND,SUB-EVENT,_MatMul_5_post_reshape:OpId_121 (cycles)
5804590421,EXECUTE,0,CYCLES,BACKEND,SUB-EVENT,_MatMul_5_output_0_nfc:OpId_123 (cycles)
5804590421,EXECUTE,79914,CYCLES,BACKEND,SUB-EVENT,_Add_7:OpId_125 (cycles)
5804590421,EXECUTE,302,CYCLES,BACKEND,SUB-EVENT,_Add_7_output_0_ncf:OpId_128 (cycles)
5804590421,EXECUTE,3485,CYCLES,BACKEND,SUB-EVENT,rms_norm__Mul_11_output_0:OpId_133 (cycles)
5804590421,EXECUTE,0,CYCLES,BACKEND,SUB-EVENT,_MatMul_6:OpId_137 (cycles)
5804590421,EXECUTE,0,CYCLES,BACKEND,SUB-EVENT,_MatMul_6_post_reshape:OpId_140 (cycles)
5804590421,EXECUTE,291095,CYCLES,BACKEND,SUB-EVENT,_MatMul_7:OpId_142 (cycles)
5804590421,EXECUTE,0,CYCLES,BACKEND,SUB-EVENT,_MatMul_7_post_reshape:OpId_145 (cycles)
5804590421,EXECUTE,0,CYCLES,BACKEND,SUB-EVENT,_Sigmoid:OpId_146 (cycles)
5804590421,EXECUTE,242666,CYCLES,BACKEND,SUB-EVENT,_Mul_12:OpId_153 (cycles)
5804590421,EXECUTE,32241,CYCLES,BACKEND,SUB-EVENT,_Mul_13:OpId_155 (cycles)
5804590421,EXECUTE,399186,CYCLES,BACKEND,SUB-EVENT,_MatMul_8:OpId_158 (cycles)
5804590421,EXECUTE,0,CYCLES,BACKEND,SUB-EVENT,_MatMul_8_post_reshape:OpId_161 (cycles)
5804590421,EXECUTE,0,CYCLES,BACKEND,SUB-EVENT,_MatMul_8_output_0_nfc:OpId_163 (cycles)
5804590421,EXECUTE,15105,CYCLES,BACKEND,SUB-EVENT,_Add_9:OpId_165 (cycles)
5804590421,EXECUTE,11149,CYCLES,BACKEND,SUB-EVENT,Output OpId_3 (cycles)
5804590421,EXECUTE,14010,US,BACKEND,ROOT,Accelerator (execute) time
5804590421,EXECUTE,13881,US,BACKEND,ROOT,Accelerator (execute excluding wait) time
5804590421,EXECUTE,24698,US,BACKEND,ROOT,QNN (execute) time
5804612508,EXECUTE,21232,US,NETRUN,ROOT,Graph 0: qwen2_0_5b_layer0_decode_past128_fused_attention
5804612508,EXECUTE,4,COUNT,BACKEND,ROOT,Number of HVX threads used
5804612508,EXECUTE,20847,US,BACKEND,ROOT,RPC (execute) time
5804612508,EXECUTE,18641,US,BACKEND,ROOT,QNN accelerator (execute) time
5804612508,EXECUTE,0,COUNT,BACKEND,ROOT,Num times yield occured
5804612508,EXECUTE,923,US,BACKEND,ROOT,Time for initial VTCM acquire
5804612508,EXECUTE,217,US,BACKEND,ROOT,Time for HVX + HMX power on and acquire
5804612508,EXECUTE,16158245,CYCLES,BACKEND,ROOT,Accelerator (execute) time (cycles)
5804612508,EXECUTE,16963,CYCLES,BACKEND,SUB-EVENT,Input OpId_2 (cycles)
5804612508,EXECUTE,28836,CYCLES,BACKEND,SUB-EVENT,hidden_states_ncf:OpId_17 (cycles)
5804612508,EXECUTE,102962,CYCLES,BACKEND,SUB-EVENT,past_value_nchw:OpId_20 (cycles)
5804612508,EXECUTE,26956,CYCLES,BACKEND,SUB-EVENT,rms_norm__Mul_1_output_0:OpId_24 (cycles)
5804612508,EXECUTE,42768,CYCLES,BACKEND,SUB-EVENT,_MatMul:OpId_29 (cycles)
5804612508,EXECUTE,0,CYCLES,BACKEND,SUB-EVENT,_MatMul_post_reshape:OpId_31 (cycles)
5804612508,EXECUTE,2985,CYCLES,BACKEND,SUB-EVENT,_MatMul_1:OpId_34 (cycles)
5804612508,EXECUTE,23404,CYCLES,BACKEND,SUB-EVENT,_MatMul_1_post_reshape:OpId_36 (cycles)
5804612508,EXECUTE,8696,CYCLES,BACKEND,SUB-EVENT,_MatMul_2:OpId_39 (cycles)
5804612508,EXECUTE,26481,CYCLES,BACKEND,SUB-EVENT,_MatMul_2_post_reshape:OpId_41 (cycles)
5804612508,EXECUTE,452,CYCLES,BACKEND,SUB-EVENT,_Transpose:OpId_43 (cycles)
5804612508,EXECUTE,3507,CYCLES,BACKEND,SUB-EVENT,_Transpose_1:OpId_45 (cycles)
5804612508,EXECUTE,3240,CYCLES,BACKEND,SUB-EVENT,_Transpose_2:OpId_47 (cycles)
5804612508,EXECUTE,52917,CYCLES,BACKEND,SUB-EVENT,_Slice:OpId_49 (cycles)
5804612508,EXECUTE,24322,CYCLES,BACKEND,SUB-EVENT,_Slice_1:OpId_55 (cycles)
5804612508,EXECUTE,2954,CYCLES,BACKEND,SUB-EVENT,_Mul_2:OpId_61 (cycles)
5804612508,EXECUTE,1181,CYCLES,BACKEND,SUB-EVENT,_Mul_3:OpId_64 (cycles)
5804612508,EXECUTE,263,CYCLES,BACKEND,SUB-EVENT,_Sub:OpId_66 (cycles)
5804612508,EXECUTE,3194,CYCLES,BACKEND,SUB-EVENT,_Mul_4:OpId_68 (cycles)
5804612508,EXECUTE,2984,CYCLES,BACKEND,SUB-EVENT,_Mul_5:OpId_70 (cycles)
5804612508,EXECUTE,5039,CYCLES,BACKEND,SUB-EVENT,_Add_4:OpId_72 (cycles)
5804612508,EXECUTE,0,CYCLES,BACKEND,SUB-EVENT,_Unsqueeze:OpId_74 (cycles)
5804612508,EXECUTE,0,CYCLES,BACKEND,SUB-EVENT,_Unsqueeze_1:OpId_75 (cycles)
5804612508,EXECUTE,904,CYCLES,BACKEND,SUB-EVENT,_Concat:OpId_76 (cycles)
5804612508,EXECUTE,8611,CYCLES,BACKEND,SUB-EVENT,_Reshape_3:OpId_78 (cycles)
5804612508,EXECUTE,144053,CYCLES,BACKEND,SUB-EVENT,_Slice_3:OpId_80 (cycles)
5804612508,EXECUTE,37169,CYCLES,BACKEND,SUB-EVENT,_Slice_4:OpId_86 (cycles)
5804612508,EXECUTE,32458,CYCLES,BACKEND,SUB-EVENT,_Mul_6:OpId_91 (cycles)
5804612508,EXECUTE,17357,CYCLES,BACKEND,SUB-EVENT,_Mul_7:OpId_93 (cycles)
5804612508,EXECUTE,3546,CYCLES,BACKEND,SUB-EVENT,_Sub_1:OpId_95 (cycles)
5804612508,EXECUTE,21152,CYCLES,BACKEND,SUB-EVENT,_Mul_8:OpId_97 (cycles)
5804612508,EXECUTE,15731,CYCLES,BACKEND,SUB-EVENT,_Mul_9:OpId_99 (cycles)
5804612508,EXECUTE,6675,CYCLES,BACKEND,SUB-EVENT,_Add_5:OpId_101 (cycles)
5804612508,EXECUTE,0,CYCLES,BACKEND,SUB-EVENT,_Unsqueeze_2:OpId_103 (cycles)
5804612508,EXECUTE,0,CYCLES,BACKEND,SUB-EVENT,_Unsqueeze_3:OpId_104 (cycles)
5804612508,EXECUTE,6369,CYCLES,BACKEND,SUB-EVENT,_Concat_2:OpId_105 (cycles)
5804612508,EXECUTE,0,CYCLES,BACKEND,SUB-EVENT,_Reshape_4:OpId_107 (cycles)
5804612508,EXECUTE,3572,CYCLES,BACKEND,SUB-EVENT,current_key_nhwc:OpId_109 (cycles)
5804612508,EXECUTE,18104,CYCLES,BACKEND,SUB-EVENT,_Concat_4:OpId_110 (cycles)
5804612508,EXECUTE,34092,CYCLES,BACKEND,SUB-EVENT,_Concat_5:OpId_112 (cycles)
5804612508,EXECUTE,14307194,CYCLES,BACKEND,SUB-EVENT,_FusedDecodeAttentionPast128:OpId_114 (cycles)
5804612508,EXECUTE,6259,CYCLES,BACKEND,SUB-EVENT,_Transpose_4:OpId_116 (cycles)
5804612508,EXECUTE,17860,CYCLES,BACKEND,SUB-EVENT,_MatMul_5:OpId_118 (cycles)
5804612508,EXECUTE,0,CYCLES,BACKEND,SUB-EVENT,_MatMul_5_post_reshape:OpId_121 (cycles)
5804612508,EXECUTE,0,CYCLES,BACKEND,SUB-EVENT,_MatMul_5_output_0_nfc:OpId_123 (cycles)
5804612508,EXECUTE,91487,CYCLES,BACKEND,SUB-EVENT,_Add_7:OpId_125 (cycles)
5804612508,EXECUTE,273,CYCLES,BACKEND,SUB-EVENT,_Add_7_output_0_ncf:OpId_128 (cycles)
5804612508,EXECUTE,3365,CYCLES,BACKEND,SUB-EVENT,rms_norm__Mul_11_output_0:OpId_133 (cycles)
5804612508,EXECUTE,0,CYCLES,BACKEND,SUB-EVENT,_MatMul_6:OpId_137 (cycles)
5804612508,EXECUTE,0,CYCLES,BACKEND,SUB-EVENT,_MatMul_6_post_reshape:OpId_140 (cycles)
5804612508,EXECUTE,295527,CYCLES,BACKEND,SUB-EVENT,_MatMul_7:OpId_142 (cycles)
5804612508,EXECUTE,0,CYCLES,BACKEND,SUB-EVENT,_MatMul_7_post_reshape:OpId_145 (cycles)
5804612508,EXECUTE,0,CYCLES,BACKEND,SUB-EVENT,_Sigmoid:OpId_146 (cycles)
5804612508,EXECUTE,237102,CYCLES,BACKEND,SUB-EVENT,_Mul_12:OpId_153 (cycles)
5804612508,EXECUTE,29133,CYCLES,BACKEND,SUB-EVENT,_Mul_13:OpId_155 (cycles)
5804612508,EXECUTE,412646,CYCLES,BACKEND,SUB-EVENT,_MatMul_8:OpId_158 (cycles)
5804612508,EXECUTE,0,CYCLES,BACKEND,SUB-EVENT,_MatMul_8_post_reshape:OpId_161 (cycles)
5804612508,EXECUTE,0,CYCLES,BACKEND,SUB-EVENT,_MatMul_8_output_0_nfc:OpId_163 (cycles)
5804612508,EXECUTE,14712,CYCLES,BACKEND,SUB-EVENT,_Add_9:OpId_165 (cycles)
5804612508,EXECUTE,12790,CYCLES,BACKEND,SUB-EVENT,Output OpId_3 (cycles)
5804612508,EXECUTE,14060,US,BACKEND,ROOT,Accelerator (execute) time
5804612508,EXECUTE,13920,US,BACKEND,ROOT,Accelerator (execute excluding wait) time
5804612508,EXECUTE,21205,US,BACKEND,ROOT,QNN (execute) time
5804636439,EXECUTE,21403,US,NETRUN,ROOT,Graph 0: qwen2_0_5b_layer0_decode_past128_fused_attention
5804636439,EXECUTE,4,COUNT,BACKEND,ROOT,Number of HVX threads used
5804636439,EXECUTE,20974,US,BACKEND,ROOT,RPC (execute) time
5804636439,EXECUTE,18888,US,BACKEND,ROOT,QNN accelerator (execute) time
5804636439,EXECUTE,0,COUNT,BACKEND,ROOT,Num times yield occured
5804636439,EXECUTE,517,US,BACKEND,ROOT,Time for initial VTCM acquire
5804636439,EXECUTE,190,US,BACKEND,ROOT,Time for HVX + HMX power on and acquire
5804636439,EXECUTE,16229059,CYCLES,BACKEND,ROOT,Accelerator (execute) time (cycles)
5804636439,EXECUTE,17745,CYCLES,BACKEND,SUB-EVENT,Input OpId_2 (cycles)
5804636439,EXECUTE,5443,CYCLES,BACKEND,SUB-EVENT,hidden_states_ncf:OpId_17 (cycles)
5804636439,EXECUTE,51202,CYCLES,BACKEND,SUB-EVENT,past_value_nchw:OpId_20 (cycles)
5804636439,EXECUTE,24956,CYCLES,BACKEND,SUB-EVENT,rms_norm__Mul_1_output_0:OpId_24 (cycles)
5804636439,EXECUTE,84942,CYCLES,BACKEND,SUB-EVENT,_MatMul:OpId_29 (cycles)
5804636439,EXECUTE,0,CYCLES,BACKEND,SUB-EVENT,_MatMul_post_reshape:OpId_31 (cycles)
5804636439,EXECUTE,1740,CYCLES,BACKEND,SUB-EVENT,_MatMul_1:OpId_34 (cycles)
5804636439,EXECUTE,13045,CYCLES,BACKEND,SUB-EVENT,_MatMul_1_post_reshape:OpId_36 (cycles)
5804636439,EXECUTE,16545,CYCLES,BACKEND,SUB-EVENT,_MatMul_2:OpId_39 (cycles)
5804636439,EXECUTE,16110,CYCLES,BACKEND,SUB-EVENT,_MatMul_2_post_reshape:OpId_41 (cycles)
5804636439,EXECUTE,522,CYCLES,BACKEND,SUB-EVENT,_Transpose:OpId_43 (cycles)
5804636439,EXECUTE,7746,CYCLES,BACKEND,SUB-EVENT,_Transpose_1:OpId_45 (cycles)
5804636439,EXECUTE,7457,CYCLES,BACKEND,SUB-EVENT,_Transpose_2:OpId_47 (cycles)
5804636439,EXECUTE,59961,CYCLES,BACKEND,SUB-EVENT,_Slice:OpId_49 (cycles)
5804636439,EXECUTE,26135,CYCLES,BACKEND,SUB-EVENT,_Slice_1:OpId_55 (cycles)
5804636439,EXECUTE,2889,CYCLES,BACKEND,SUB-EVENT,_Mul_2:OpId_61 (cycles)
5804636439,EXECUTE,1326,CYCLES,BACKEND,SUB-EVENT,_Mul_3:OpId_64 (cycles)
5804636439,EXECUTE,269,CYCLES,BACKEND,SUB-EVENT,_Sub:OpId_66 (cycles)
5804636439,EXECUTE,3196,CYCLES,BACKEND,SUB-EVENT,_Mul_4:OpId_68 (cycles)
5804636439,EXECUTE,1246,CYCLES,BACKEND,SUB-EVENT,_Mul_5:OpId_70 (cycles)
5804636439,EXECUTE,4547,CYCLES,BACKEND,SUB-EVENT,_Add_4:OpId_72 (cycles)
5804636439,EXECUTE,0,CYCLES,BACKEND,SUB-EVENT,_Unsqueeze:OpId_74 (cycles)
5804636439,EXECUTE,0,CYCLES,BACKEND,SUB-EVENT,_Unsqueeze_1:OpId_75 (cycles)
5804636439,EXECUTE,750,CYCLES,BACKEND,SUB-EVENT,_Concat:OpId_76 (cycles)
5804636439,EXECUTE,13083,CYCLES,BACKEND,SUB-EVENT,_Reshape_3:OpId_78 (cycles)
5804636439,EXECUTE,140344,CYCLES,BACKEND,SUB-EVENT,_Slice_3:OpId_80 (cycles)
5804636439,EXECUTE,31305,CYCLES,BACKEND,SUB-EVENT,_Slice_4:OpId_86 (cycles)
5804636439,EXECUTE,39741,CYCLES,BACKEND,SUB-EVENT,_Mul_6:OpId_91 (cycles)
5804636439,EXECUTE,24627,CYCLES,BACKEND,SUB-EVENT,_Mul_7:OpId_93 (cycles)
5804636439,EXECUTE,4259,CYCLES,BACKEND,SUB-EVENT,_Sub_1:OpId_95 (cycles)
5804636439,EXECUTE,29152,CYCLES,BACKEND,SUB-EVENT,_Mul_8:OpId_97 (cycles)
5804636439,EXECUTE,6411,CYCLES,BACKEND,SUB-EVENT,_Mul_9:OpId_99 (cycles)
5804636439,EXECUTE,4113,CYCLES,BACKEND,SUB-EVENT,_Add_5:OpId_101 (cycles)
5804636439,EXECUTE,0,CYCLES,BACKEND,SUB-EVENT,_Unsqueeze_2:OpId_103 (cycles)
5804636439,EXECUTE,0,CYCLES,BACKEND,SUB-EVENT,_Unsqueeze_3:OpId_104 (cycles)
5804636439,EXECUTE,9546,CYCLES,BACKEND,SUB-EVENT,_Concat_2:OpId_105 (cycles)
5804636439,EXECUTE,0,CYCLES,BACKEND,SUB-EVENT,_Reshape_4:OpId_107 (cycles)
5804636439,EXECUTE,5106,CYCLES,BACKEND,SUB-EVENT,current_key_nhwc:OpId_109 (cycles)
5804636439,EXECUTE,29443,CYCLES,BACKEND,SUB-EVENT,_Concat_4:OpId_110 (cycles)
5804636439,EXECUTE,52615,CYCLES,BACKEND,SUB-EVENT,_Concat_5:OpId_112 (cycles)
5804636439,EXECUTE,14412884,CYCLES,BACKEND,SUB-EVENT,_FusedDecodeAttentionPast128:OpId_114 (cycles)
5804636439,EXECUTE,5755,CYCLES,BACKEND,SUB-EVENT,_Transpose_4:OpId_116 (cycles)
5804636439,EXECUTE,14943,CYCLES,BACKEND,SUB-EVENT,_MatMul_5:OpId_118 (cycles)
5804636439,EXECUTE,0,CYCLES,BACKEND,SUB-EVENT,_MatMul_5_post_reshape:OpId_121 (cycles)
5804636439,EXECUTE,0,CYCLES,BACKEND,SUB-EVENT,_MatMul_5_output_0_nfc:OpId_123 (cycles)
5804636439,EXECUTE,62875,CYCLES,BACKEND,SUB-EVENT,_Add_7:OpId_125 (cycles)
5804636439,EXECUTE,267,CYCLES,BACKEND,SUB-EVENT,_Add_7_output_0_ncf:OpId_128 (cycles)
5804636439,EXECUTE,2481,CYCLES,BACKEND,SUB-EVENT,rms_norm__Mul_11_output_0:OpId_133 (cycles)
5804636439,EXECUTE,0,CYCLES,BACKEND,SUB-EVENT,_MatMul_6:OpId_137 (cycles)
5804636439,EXECUTE,0,CYCLES,BACKEND,SUB-EVENT,_MatMul_6_post_reshape:OpId_140 (cycles)
5804636439,EXECUTE,302459,CYCLES,BACKEND,SUB-EVENT,_MatMul_7:OpId_142 (cycles)
5804636439,EXECUTE,0,CYCLES,BACKEND,SUB-EVENT,_MatMul_7_post_reshape:OpId_145 (cycles)
5804636439,EXECUTE,0,CYCLES,BACKEND,SUB-EVENT,_Sigmoid:OpId_146 (cycles)
5804636439,EXECUTE,232239,CYCLES,BACKEND,SUB-EVENT,_Mul_12:OpId_153 (cycles)
5804636439,EXECUTE,29656,CYCLES,BACKEND,SUB-EVENT,_Mul_13:OpId_155 (cycles)
5804636439,EXECUTE,401480,CYCLES,BACKEND,SUB-EVENT,_MatMul_8:OpId_158 (cycles)
5804636439,EXECUTE,0,CYCLES,BACKEND,SUB-EVENT,_MatMul_8_post_reshape:OpId_161 (cycles)
5804636439,EXECUTE,0,CYCLES,BACKEND,SUB-EVENT,_MatMul_8_output_0_nfc:OpId_163 (cycles)
5804636439,EXECUTE,15006,CYCLES,BACKEND,SUB-EVENT,_Add_9:OpId_165 (cycles)
5804636439,EXECUTE,11497,CYCLES,BACKEND,SUB-EVENT,Output OpId_3 (cycles)
5804636439,EXECUTE,14089,US,BACKEND,ROOT,Accelerator (execute) time
5804636439,EXECUTE,13966,US,BACKEND,ROOT,Accelerator (execute excluding wait) time
5804636439,EXECUTE,21377,US,BACKEND,ROOT,QNN (execute) time
5804659952,EXECUTE,20837,US,NETRUN,ROOT,Graph 0: qwen2_0_5b_layer0_decode_past128_fused_attention
5804659952,EXECUTE,4,COUNT,BACKEND,ROOT,Number of HVX threads used
5804659952,EXECUTE,19991,US,BACKEND,ROOT,RPC (execute) time
5804659952,EXECUTE,18754,US,BACKEND,ROOT,QNN accelerator (execute) time
5804659952,EXECUTE,0,COUNT,BACKEND,ROOT,Num times yield occured
5804659952,EXECUTE,594,US,BACKEND,ROOT,Time for initial VTCM acquire
5804659952,EXECUTE,207,US,BACKEND,ROOT,Time for HVX + HMX power on and acquire
5804659952,EXECUTE,16228140,CYCLES,BACKEND,ROOT,Accelerator (execute) time (cycles)
5804659952,EXECUTE,17621,CYCLES,BACKEND,SUB-EVENT,Input OpId_2 (cycles)
5804659952,EXECUTE,25277,CYCLES,BACKEND,SUB-EVENT,hidden_states_ncf:OpId_17 (cycles)
5804659952,EXECUTE,85164,CYCLES,BACKEND,SUB-EVENT,past_value_nchw:OpId_20 (cycles)
5804659952,EXECUTE,21928,CYCLES,BACKEND,SUB-EVENT,rms_norm__Mul_1_output_0:OpId_24 (cycles)
5804659952,EXECUTE,30002,CYCLES,BACKEND,SUB-EVENT,_MatMul:OpId_29 (cycles)
5804659952,EXECUTE,0,CYCLES,BACKEND,SUB-EVENT,_MatMul_post_reshape:OpId_31 (cycles)
5804659952,EXECUTE,2828,CYCLES,BACKEND,SUB-EVENT,_MatMul_1:OpId_34 (cycles)
5804659952,EXECUTE,24236,CYCLES,BACKEND,SUB-EVENT,_MatMul_1_post_reshape:OpId_36 (cycles)
5804659952,EXECUTE,11237,CYCLES,BACKEND,SUB-EVENT,_MatMul_2:OpId_39 (cycles)
5804659952,EXECUTE,27459,CYCLES,BACKEND,SUB-EVENT,_MatMul_2_post_reshape:OpId_41 (cycles)
5804659952,EXECUTE,464,CYCLES,BACKEND,SUB-EVENT,_Transpose:OpId_43 (cycles)
5804659952,EXECUTE,2932,CYCLES,BACKEND,SUB-EVENT,_Transpose_1:OpId_45 (cycles)
5804659952,EXECUTE,2740,CYCLES,BACKEND,SUB-EVENT,_Transpose_2:OpId_47 (cycles)
5804659952,EXECUTE,61269,CYCLES,BACKEND,SUB-EVENT,_Slice:OpId_49 (cycles)
5804659952,EXECUTE,28714,CYCLES,BACKEND,SUB-EVENT,_Slice_1:OpId_55 (cycles)
5804659952,EXECUTE,3790,CYCLES,BACKEND,SUB-EVENT,_Mul_2:OpId_61 (cycles)
5804659952,EXECUTE,1300,CYCLES,BACKEND,SUB-EVENT,_Mul_3:OpId_64 (cycles)
5804659952,EXECUTE,258,CYCLES,BACKEND,SUB-EVENT,_Sub:OpId_66 (cycles)
5804659952,EXECUTE,3004,CYCLES,BACKEND,SUB-EVENT,_Mul_4:OpId_68 (cycles)
5804659952,EXECUTE,3791,CYCLES,BACKEND,SUB-EVENT,_Mul_5:OpId_70 (cycles)
5804659952,EXECUTE,4880,CYCLES,BACKEND,SUB-EVENT,_Add_4:OpId_72 (cycles)
5804659952,EXECUTE,0,CYCLES,BACKEND,SUB-EVENT,_Unsqueeze:OpId_74 (cycles)
5804659952,EXECUTE,0,CYCLES,BACKEND,SUB-EVENT,_Unsqueeze_1:OpId_75 (cycles)
5804659952,EXECUTE,929,CYCLES,BACKEND,SUB-EVENT,_Concat:OpId_76 (cycles)
5804659952,EXECUTE,13550,CYCLES,BACKEND,SUB-EVENT,_Reshape_3:OpId_78 (cycles)
5804659952,EXECUTE,93011,CYCLES,BACKEND,SUB-EVENT,_Slice_3:OpId_80 (cycles)
5804659952,EXECUTE,15750,CYCLES,BACKEND,SUB-EVENT,_Slice_4:OpId_86 (cycles)
5804659952,EXECUTE,44432,CYCLES,BACKEND,SUB-EVENT,_Mul_6:OpId_91 (cycles)
5804659952,EXECUTE,35157,CYCLES,BACKEND,SUB-EVENT,_Mul_7:OpId_93 (cycles)
5804659952,EXECUTE,3493,CYCLES,BACKEND,SUB-EVENT,_Sub_1:OpId_95 (cycles)
5804659952,EXECUTE,25714,CYCLES,BACKEND,SUB-EVENT,_Mul_8:OpId_97 (cycles)
5804659952,EXECUTE,14098,CYCLES,BACKEND,SUB-EVENT,_Mul_9:OpId_99 (cycles)
5804659952,EXECUTE,6640,CYCLES,BACKEND,SUB-EVENT,_Add_5:OpId_101 (cycles)
5804659952,EXECUTE,0,CYCLES,BACKEND,SUB-EVENT,_Unsqueeze_2:OpId_103 (cycles)
5804659952,EXECUTE,0,CYCLES,BACKEND,SUB-EVENT,_Unsqueeze_3:OpId_104 (cycles)
5804659952,EXECUTE,4716,CYCLES,BACKEND,SUB-EVENT,_Concat_2:OpId_105 (cycles)
5804659952,EXECUTE,0,CYCLES,BACKEND,SUB-EVENT,_Reshape_4:OpId_107 (cycles)
5804659952,EXECUTE,4097,CYCLES,BACKEND,SUB-EVENT,current_key_nhwc:OpId_109 (cycles)
5804659952,EXECUTE,35211,CYCLES,BACKEND,SUB-EVENT,_Concat_4:OpId_110 (cycles)
5804659952,EXECUTE,47527,CYCLES,BACKEND,SUB-EVENT,_Concat_5:OpId_112 (cycles)
5804659952,EXECUTE,14413739,CYCLES,BACKEND,SUB-EVENT,_FusedDecodeAttentionPast128:OpId_114 (cycles)
5804659952,EXECUTE,5540,CYCLES,BACKEND,SUB-EVENT,_Transpose_4:OpId_116 (cycles)
5804659952,EXECUTE,20326,CYCLES,BACKEND,SUB-EVENT,_MatMul_5:OpId_118 (cycles)
5804659952,EXECUTE,0,CYCLES,BACKEND,SUB-EVENT,_MatMul_5_post_reshape:OpId_121 (cycles)
5804659952,EXECUTE,0,CYCLES,BACKEND,SUB-EVENT,_MatMul_5_output_0_nfc:OpId_123 (cycles)
5804659952,EXECUTE,92710,CYCLES,BACKEND,SUB-EVENT,_Add_7:OpId_125 (cycles)
5804659952,EXECUTE,298,CYCLES,BACKEND,SUB-EVENT,_Add_7_output_0_ncf:OpId_128 (cycles)
5804659952,EXECUTE,3599,CYCLES,BACKEND,SUB-EVENT,rms_norm__Mul_11_output_0:OpId_133 (cycles)
5804659952,EXECUTE,0,CYCLES,BACKEND,SUB-EVENT,_MatMul_6:OpId_137 (cycles)
5804659952,EXECUTE,0,CYCLES,BACKEND,SUB-EVENT,_MatMul_6_post_reshape:OpId_140 (cycles)
5804659952,EXECUTE,303323,CYCLES,BACKEND,SUB-EVENT,_MatMul_7:OpId_142 (cycles)
5804659952,EXECUTE,0,CYCLES,BACKEND,SUB-EVENT,_MatMul_7_post_reshape:OpId_145 (cycles)
5804659952,EXECUTE,0,CYCLES,BACKEND,SUB-EVENT,_Sigmoid:OpId_146 (cycles)
5804659952,EXECUTE,224035,CYCLES,BACKEND,SUB-EVENT,_Mul_12:OpId_153 (cycles)
5804659952,EXECUTE,31506,CYCLES,BACKEND,SUB-EVENT,_Mul_13:OpId_155 (cycles)
5804659952,EXECUTE,400435,CYCLES,BACKEND,SUB-EVENT,_MatMul_8:OpId_158 (cycles)
5804659952,EXECUTE,0,CYCLES,BACKEND,SUB-EVENT,_MatMul_8_post_reshape:OpId_161 (cycles)
5804659952,EXECUTE,0,CYCLES,BACKEND,SUB-EVENT,_MatMul_8_output_0_nfc:OpId_163 (cycles)
5804659952,EXECUTE,14935,CYCLES,BACKEND,SUB-EVENT,_Add_9:OpId_165 (cycles)
5804659952,EXECUTE,14475,CYCLES,BACKEND,SUB-EVENT,Output OpId_3 (cycles)
5804659952,EXECUTE,13942,US,BACKEND,ROOT,Accelerator (execute) time
5804659952,EXECUTE,13810,US,BACKEND,ROOT,Accelerator (execute excluding wait) time
5804659952,EXECUTE,20797,US,BACKEND,ROOT,QNN (execute) time
5804686562,EXECUTE,21426,US,NETRUN,ROOT,Graph 0: qwen2_0_5b_layer0_decode_past128_fused_attention
5804686562,EXECUTE,4,COUNT,BACKEND,ROOT,Number of HVX threads used
5804686562,EXECUTE,19989,US,BACKEND,ROOT,RPC (execute) time
5804686562,EXECUTE,18829,US,BACKEND,ROOT,QNN accelerator (execute) time
5804686562,EXECUTE,0,COUNT,BACKEND,ROOT,Num times yield occured
5804686562,EXECUTE,541,US,BACKEND,ROOT,Time for initial VTCM acquire
5804686562,EXECUTE,255,US,BACKEND,ROOT,Time for HVX + HMX power on and acquire
5804686562,EXECUTE,16264944,CYCLES,BACKEND,ROOT,Accelerator (execute) time (cycles)
5804686562,EXECUTE,16314,CYCLES,BACKEND,SUB-EVENT,Input OpId_2 (cycles)
5804686562,EXECUTE,20888,CYCLES,BACKEND,SUB-EVENT,hidden_states_ncf:OpId_17 (cycles)
5804686562,EXECUTE,82493,CYCLES,BACKEND,SUB-EVENT,past_value_nchw:OpId_20 (cycles)
5804686562,EXECUTE,29549,CYCLES,BACKEND,SUB-EVENT,rms_norm__Mul_1_output_0:OpId_24 (cycles)
5804686562,EXECUTE,39429,CYCLES,BACKEND,SUB-EVENT,_MatMul:OpId_29 (cycles)
5804686562,EXECUTE,0,CYCLES,BACKEND,SUB-EVENT,_MatMul_post_reshape:OpId_31 (cycles)
5804686562,EXECUTE,3070,CYCLES,BACKEND,SUB-EVENT,_MatMul_1:OpId_34 (cycles)
5804686562,EXECUTE,25089,CYCLES,BACKEND,SUB-EVENT,_MatMul_1_post_reshape:OpId_36 (cycles)
5804686562,EXECUTE,11483,CYCLES,BACKEND,SUB-EVENT,_MatMul_2:OpId_39 (cycles)
5804686562,EXECUTE,28364,CYCLES,BACKEND,SUB-EVENT,_MatMul_2_post_reshape:OpId_41 (cycles)
5804686562,EXECUTE,493,CYCLES,BACKEND,SUB-EVENT,_Transpose:OpId_43 (cycles)
5804686562,EXECUTE,4693,CYCLES,BACKEND,SUB-EVENT,_Transpose_1:OpId_45 (cycles)
5804686562,EXECUTE,4448,CYCLES,BACKEND,SUB-EVENT,_Transpose_2:OpId_47 (cycles)
5804686562,EXECUTE,67901,CYCLES,BACKEND,SUB-EVENT,_Slice:OpId_49 (cycles)
5804686562,EXECUTE,19352,CYCLES,BACKEND,SUB-EVENT,_Slice_1:OpId_55 (cycles)
5804686562,EXECUTE,2936,CYCLES,BACKEND,SUB-EVENT,_Mul_2:OpId_61 (cycles)
5804686562,EXECUTE,1171,CYCLES,BACKEND,SUB-EVENT,_Mul_3:OpId_64 (cycles)
5804686562,EXECUTE,270,CYCLES,BACKEND,SUB-EVENT,_Sub:OpId_66 (cycles)
5804686562,EXECUTE,2982,CYCLES,BACKEND,SUB-EVENT,_Mul_4:OpId_68 (cycles)
5804686562,EXECUTE,2946,CYCLES,BACKEND,SUB-EVENT,_Mul_5:OpId_70 (cycles)
5804686562,EXECUTE,5262,CYCLES,BACKEND,SUB-EVENT,_Add_4:OpId_72 (cycles)
5804686562,EXECUTE,0,CYCLES,BACKEND,SUB-EVENT,_Unsqueeze:OpId_74 (cycles)
5804686562,EXECUTE,0,CYCLES,BACKEND,SUB-EVENT,_Unsqueeze_1:OpId_75 (cycles)
5804686562,EXECUTE,867,CYCLES,BACKEND,SUB-EVENT,_Concat:OpId_76 (cycles)
5804686562,EXECUTE,11610,CYCLES,BACKEND,SUB-EVENT,_Reshape_3:OpId_78 (cycles)
5804686562,EXECUTE,134821,CYCLES,BACKEND,SUB-EVENT,_Slice_3:OpId_80 (cycles)
5804686562,EXECUTE,30812,CYCLES,BACKEND,SUB-EVENT,_Slice_4:OpId_86 (cycles)
5804686562,EXECUTE,31885,CYCLES,BACKEND,SUB-EVENT,_Mul_6:OpId_91 (cycles)
5804686562,EXECUTE,22718,CYCLES,BACKEND,SUB-EVENT,_Mul_7:OpId_93 (cycles)
5804686562,EXECUTE,3964,CYCLES,BACKEND,SUB-EVENT,_Sub_1:OpId_95 (cycles)
5804686562,EXECUTE,22772,CYCLES,BACKEND,SUB-EVENT,_Mul_8:OpId_97 (cycles)
5804686562,EXECUTE,5548,CYCLES,BACKEND,SUB-EVENT,_Mul_9:OpId_99 (cycles)
5804686562,EXECUTE,6777,CYCLES,BACKEND,SUB-EVENT,_Add_5:OpId_101 (cycles)
5804686562,EXECUTE,0,CYCLES,BACKEND,SUB-EVENT,_Unsqueeze_2:OpId_103 (cycles)
5804686562,EXECUTE,0,CYCLES,BACKEND,SUB-EVENT,_Unsqueeze_3:OpId_104 (cycles)
5804686562,EXECUTE,9937,CYCLES,BACKEND,SUB-EVENT,_Concat_2:OpId_105 (cycles)
5804686562,EXECUTE,0,CYCLES,BACKEND,SUB-EVENT,_Reshape_4:OpId_107 (cycles)
5804686562,EXECUTE,512,CYCLES,BACKEND,SUB-EVENT,current_key_nhwc:OpId_109 (cycles)
5804686562,EXECUTE,34246,CYCLES,BACKEND,SUB-EVENT,_Concat_4:OpId_110 (cycles)
5804686562,EXECUTE,46419,CYCLES,BACKEND,SUB-EVENT,_Concat_5:OpId_112 (cycles)
5804686562,EXECUTE,14430318,CYCLES,BACKEND,SUB-EVENT,_FusedDecodeAttentionPast128:OpId_114 (cycles)
5804686562,EXECUTE,4852,CYCLES,BACKEND,SUB-EVENT,_Transpose_4:OpId_116 (cycles)
5804686562,EXECUTE,15858,CYCLES,BACKEND,SUB-EVENT,_MatMul_5:OpId_118 (cycles)
5804686562,EXECUTE,0,CYCLES,BACKEND,SUB-EVENT,_MatMul_5_post_reshape:OpId_121 (cycles)
5804686562,EXECUTE,0,CYCLES,BACKEND,SUB-EVENT,_MatMul_5_output_0_nfc:OpId_123 (cycles)
5804686562,EXECUTE,82729,CYCLES,BACKEND,SUB-EVENT,_Add_7:OpId_125 (cycles)
5804686562,EXECUTE,303,CYCLES,BACKEND,SUB-EVENT,_Add_7_output_0_ncf:OpId_128 (cycles)
5804686562,EXECUTE,3483,CYCLES,BACKEND,SUB-EVENT,rms_norm__Mul_11_output_0:OpId_133 (cycles)
5804686562,EXECUTE,0,CYCLES,BACKEND,SUB-EVENT,_MatMul_6:OpId_137 (cycles)
5804686562,EXECUTE,0,CYCLES,BACKEND,SUB-EVENT,_MatMul_6_post_reshape:OpId_140 (cycles)
5804686562,EXECUTE,293426,CYCLES,BACKEND,SUB-EVENT,_MatMul_7:OpId_142 (cycles)
5804686562,EXECUTE,0,CYCLES,BACKEND,SUB-EVENT,_MatMul_7_post_reshape:OpId_145 (cycles)
5804686562,EXECUTE,0,CYCLES,BACKEND,SUB-EVENT,_Sigmoid:OpId_146 (cycles)
5804686562,EXECUTE,243341,CYCLES,BACKEND,SUB-EVENT,_Mul_12:OpId_153 (cycles)
5804686562,EXECUTE,31990,CYCLES,BACKEND,SUB-EVENT,_Mul_13:OpId_155 (cycles)
5804686562,EXECUTE,399722,CYCLES,BACKEND,SUB-EVENT,_MatMul_8:OpId_158 (cycles)
5804686562,EXECUTE,0,CYCLES,BACKEND,SUB-EVENT,_MatMul_8_post_reshape:OpId_161 (cycles)
5804686562,EXECUTE,0,CYCLES,BACKEND,SUB-EVENT,_MatMul_8_output_0_nfc:OpId_163 (cycles)
5804686562,EXECUTE,15092,CYCLES,BACKEND,SUB-EVENT,_Add_9:OpId_165 (cycles)
5804686562,EXECUTE,11809,CYCLES,BACKEND,SUB-EVENT,Output OpId_3 (cycles)
5804686562,EXECUTE,14091,US,BACKEND,ROOT,Accelerator (execute) time
5804686562,EXECUTE,13975,US,BACKEND,ROOT,Accelerator (execute excluding wait) time
5804686562,EXECUTE,21376,US,BACKEND,ROOT,QNN (execute) time
5804712851,EXECUTE,21226,US,NETRUN,ROOT,Graph 0: qwen2_0_5b_layer0_decode_past128_fused_attention
5804712851,EXECUTE,4,COUNT,BACKEND,ROOT,Number of HVX threads used
5804712851,EXECUTE,20214,US,BACKEND,ROOT,RPC (execute) time
5804712851,EXECUTE,18615,US,BACKEND,ROOT,QNN accelerator (execute) time
5804712851,EXECUTE,0,COUNT,BACKEND,ROOT,Num times yield occured
5804712851,EXECUTE,554,US,BACKEND,ROOT,Time for initial VTCM acquire
5804712851,EXECUTE,215,US,BACKEND,ROOT,Time for HVX + HMX power on and acquire
5804712851,EXECUTE,15951080,CYCLES,BACKEND,ROOT,Accelerator (execute) time (cycles)
5804712851,EXECUTE,17481,CYCLES,BACKEND,SUB-EVENT,Input OpId_2 (cycles)
5804712851,EXECUTE,23441,CYCLES,BACKEND,SUB-EVENT,hidden_states_ncf:OpId_17 (cycles)
5804712851,EXECUTE,85056,CYCLES,BACKEND,SUB-EVENT,past_value_nchw:OpId_20 (cycles)
5804712851,EXECUTE,23192,CYCLES,BACKEND,SUB-EVENT,rms_norm__Mul_1_output_0:OpId_24 (cycles)
5804712851,EXECUTE,29837,CYCLES,BACKEND,SUB-EVENT,_MatMul:OpId_29 (cycles)
5804712851,EXECUTE,0,CYCLES,BACKEND,SUB-EVENT,_MatMul_post_reshape:OpId_31 (cycles)
5804712851,EXECUTE,2970,CYCLES,BACKEND,SUB-EVENT,_MatMul_1:OpId_34 (cycles)
5804712851,EXECUTE,16926,CYCLES,BACKEND,SUB-EVENT,_MatMul_1_post_reshape:OpId_36 (cycles)
5804712851,EXECUTE,10265,CYCLES,BACKEND,SUB-EVENT,_MatMul_2:OpId_39 (cycles)
5804712851,EXECUTE,19494,CYCLES,BACKEND,SUB-EVENT,_MatMul_2_post_reshape:OpId_41 (cycles)
5804712851,EXECUTE,456,CYCLES,BACKEND,SUB-EVENT,_Transpose:OpId_43 (cycles)
5804712851,EXECUTE,3152,CYCLES,BACKEND,SUB-EVENT,_Transpose_1:OpId_45 (cycles)
5804712851,EXECUTE,2934,CYCLES,BACKEND,SUB-EVENT,_Transpose_2:OpId_47 (cycles)
5804712851,EXECUTE,46328,CYCLES,BACKEND,SUB-EVENT,_Slice:OpId_49 (cycles)
5804712851,EXECUTE,17689,CYCLES,BACKEND,SUB-EVENT,_Slice_1:OpId_55 (cycles)
5804712851,EXECUTE,3780,CYCLES,BACKEND,SUB-EVENT,_Mul_2:OpId_61 (cycles)
5804712851,EXECUTE,1780,CYCLES,BACKEND,SUB-EVENT,_Mul_3:OpId_64 (cycles)
5804712851,EXECUTE,266,CYCLES,BACKEND,SUB-EVENT,_Sub:OpId_66 (cycles)
5804712851,EXECUTE,4025,CYCLES,BACKEND,SUB-EVENT,_Mul_4:OpId_68 (cycles)
5804712851,EXECUTE,3868,CYCLES,BACKEND,SUB-EVENT,_Mul_5:OpId_70 (cycles)
5804712851,EXECUTE,10686,CYCLES,BACKEND,SUB-EVENT,_Add_4:OpId_72 (cycles)
5804712851,EXECUTE,0,CYCLES,BACKEND,SUB-EVENT,_Unsqueeze:OpId_74 (cycles)
5804712851,EXECUTE,0,CYCLES,BACKEND,SUB-EVENT,_Unsqueeze_1:OpId_75 (cycles)
5804712851,EXECUTE,734,CYCLES,BACKEND,SUB-EVENT,_Concat:OpId_76 (cycles)
5804712851,EXECUTE,9984,CYCLES,BACKEND,SUB-EVENT,_Reshape_3:OpId_78 (cycles)
5804712851,EXECUTE,129595,CYCLES,BACKEND,SUB-EVENT,_Slice_3:OpId_80 (cycles)
5804712851,EXECUTE,14694,CYCLES,BACKEND,SUB-EVENT,_Slice_4:OpId_86 (cycles)
5804712851,EXECUTE,28045,CYCLES,BACKEND,SUB-EVENT,_Mul_6:OpId_91 (cycles)
5804712851,EXECUTE,19008,CYCLES,BACKEND,SUB-EVENT,_Mul_7:OpId_93 (cycles)
5804712851,EXECUTE,2571,CYCLES,BACKEND,SUB-EVENT,_Sub_1:OpId_95 (cycles)
5804712851,EXECUTE,19032,CYCLES,BACKEND,SUB-EVENT,_Mul_8:OpId_97 (cycles)
5804712851,EXECUTE,3433,CYCLES,BACKEND,SUB-EVENT,_Mul_9:OpId_99 (cycles)
5804712851,EXECUTE,4214,CYCLES,BACKEND,SUB-EVENT,_Add_5:OpId_101 (cycles)
5804712851,EXECUTE,0,CYCLES,BACKEND,SUB-EVENT,_Unsqueeze_2:OpId_103 (cycles)
5804712851,EXECUTE,0,CYCLES,BACKEND,SUB-EVENT,_Unsqueeze_3:OpId_104 (cycles)
5804712851,EXECUTE,10965,CYCLES,BACKEND,SUB-EVENT,_Concat_2:OpId_105 (cycles)
5804712851,EXECUTE,0,CYCLES,BACKEND,SUB-EVENT,_Reshape_4:OpId_107 (cycles)
5804712851,EXECUTE,1792,CYCLES,BACKEND,SUB-EVENT,current_key_nhwc:OpId_109 (cycles)
5804712851,EXECUTE,21685,CYCLES,BACKEND,SUB-EVENT,_Concat_4:OpId_110 (cycles)
5804712851,EXECUTE,41623,CYCLES,BACKEND,SUB-EVENT,_Concat_5:OpId_112 (cycles)
5804712851,EXECUTE,14222704,CYCLES,BACKEND,SUB-EVENT,_FusedDecodeAttentionPast128:OpId_114 (cycles)
5804712851,EXECUTE,5279,CYCLES,BACKEND,SUB-EVENT,_Transpose_4:OpId_116 (cycles)
5804712851,EXECUTE,16749,CYCLES,BACKEND,SUB-EVENT,_MatMul_5:OpId_118 (cycles)
5804712851,EXECUTE,0,CYCLES,BACKEND,SUB-EVENT,_MatMul_5_post_reshape:OpId_121 (cycles)
5804712851,EXECUTE,0,CYCLES,BACKEND,SUB-EVENT,_MatMul_5_output_0_nfc:OpId_123 (cycles)
5804712851,EXECUTE,82068,CYCLES,BACKEND,SUB-EVENT,_Add_7:OpId_125 (cycles)
5804712851,EXECUTE,241,CYCLES,BACKEND,SUB-EVENT,_Add_7_output_0_ncf:OpId_128 (cycles)
5804712851,EXECUTE,3428,CYCLES,BACKEND,SUB-EVENT,rms_norm__Mul_11_output_0:OpId_133 (cycles)
5804712851,EXECUTE,0,CYCLES,BACKEND,SUB-EVENT,_MatMul_6:OpId_137 (cycles)
5804712851,EXECUTE,0,CYCLES,BACKEND,SUB-EVENT,_MatMul_6_post_reshape:OpId_140 (cycles)
5804712851,EXECUTE,295931,CYCLES,BACKEND,SUB-EVENT,_MatMul_7:OpId_142 (cycles)
5804712851,EXECUTE,0,CYCLES,BACKEND,SUB-EVENT,_MatMul_7_post_reshape:OpId_145 (cycles)
5804712851,EXECUTE,0,CYCLES,BACKEND,SUB-EVENT,_Sigmoid:OpId_146 (cycles)
5804712851,EXECUTE,236995,CYCLES,BACKEND,SUB-EVENT,_Mul_12:OpId_153 (cycles)
5804712851,EXECUTE,33049,CYCLES,BACKEND,SUB-EVENT,_Mul_13:OpId_155 (cycles)
5804712851,EXECUTE,399546,CYCLES,BACKEND,SUB-EVENT,_MatMul_8:OpId_158 (cycles)
5804712851,EXECUTE,0,CYCLES,BACKEND,SUB-EVENT,_MatMul_8_post_reshape:OpId_161 (cycles)
5804712851,EXECUTE,0,CYCLES,BACKEND,SUB-EVENT,_MatMul_8_output_0_nfc:OpId_163 (cycles)
5804712851,EXECUTE,14668,CYCLES,BACKEND,SUB-EVENT,_Add_9:OpId_165 (cycles)
5804712851,EXECUTE,9421,CYCLES,BACKEND,SUB-EVENT,Output OpId_3 (cycles)
5804712851,EXECUTE,13780,US,BACKEND,ROOT,Accelerator (execute) time
5804712851,EXECUTE,13663,US,BACKEND,ROOT,Accelerator (execute excluding wait) time
5804712851,EXECUTE,21179,US,BACKEND,ROOT,QNN (execute) time
5804740632,EXECUTE,22716,US,NETRUN,ROOT,Graph 0: qwen2_0_5b_layer0_decode_past128_fused_attention
5804740632,EXECUTE,4,COUNT,BACKEND,ROOT,Number of HVX threads used
5804740632,EXECUTE,21622,US,BACKEND,ROOT,RPC (execute) time
5804740632,EXECUTE,18818,US,BACKEND,ROOT,QNN accelerator (execute) time
5804740632,EXECUTE,0,COUNT,BACKEND,ROOT,Num times yield occured
5804740632,EXECUTE,902,US,BACKEND,ROOT,Time for initial VTCM acquire
5804740632,EXECUTE,207,US,BACKEND,ROOT,Time for HVX + HMX power on and acquire
5804740632,EXECUTE,16295768,CYCLES,BACKEND,ROOT,Accelerator (execute) time (cycles)
5804740632,EXECUTE,17041,CYCLES,BACKEND,SUB-EVENT,Input OpId_2 (cycles)
5804740632,EXECUTE,21213,CYCLES,BACKEND,SUB-EVENT,hidden_states_ncf:OpId_17 (cycles)
5804740632,EXECUTE,80124,CYCLES,BACKEND,SUB-EVENT,past_value_nchw:OpId_20 (cycles)
5804740632,EXECUTE,21625,CYCLES,BACKEND,SUB-EVENT,rms_norm__Mul_1_output_0:OpId_24 (cycles)
5804740632,EXECUTE,38343,CYCLES,BACKEND,SUB-EVENT,_MatMul:OpId_29 (cycles)
5804740632,EXECUTE,0,CYCLES,BACKEND,SUB-EVENT,_MatMul_post_reshape:OpId_31 (cycles)
5804740632,EXECUTE,2856,CYCLES,BACKEND,SUB-EVENT,_MatMul_1:OpId_34 (cycles)
5804740632,EXECUTE,19420,CYCLES,BACKEND,SUB-EVENT,_MatMul_1_post_reshape:OpId_36 (cycles)
5804740632,EXECUTE,11310,CYCLES,BACKEND,SUB-EVENT,_MatMul_2:OpId_39 (cycles)
5804740632,EXECUTE,22670,CYCLES,BACKEND,SUB-EVENT,_MatMul_2_post_reshape:OpId_41 (cycles)
5804740632,EXECUTE,474,CYCLES,BACKEND,SUB-EVENT,_Transpose:OpId_43 (cycles)
5804740632,EXECUTE,3366,CYCLES,BACKEND,SUB-EVENT,_Transpose_1:OpId_45 (cycles)
5804740632,EXECUTE,3138,CYCLES,BACKEND,SUB-EVENT,_Transpose_2:OpId_47 (cycles)
5804740632,EXECUTE,58975,CYCLES,BACKEND,SUB-EVENT,_Slice:OpId_49 (cycles)
5804740632,EXECUTE,26961,CYCLES,BACKEND,SUB-EVENT,_Slice_1:OpId_55 (cycles)
5804740632,EXECUTE,3958,CYCLES,BACKEND,SUB-EVENT,_Mul_2:OpId_61 (cycles)
5804740632,EXECUTE,1477,CYCLES,BACKEND,SUB-EVENT,_Mul_3:OpId_64 (cycles)
5804740632,EXECUTE,277,CYCLES,BACKEND,SUB-EVENT,_Sub:OpId_66 (cycles)
5804740632,EXECUTE,3110,CYCLES,BACKEND,SUB-EVENT,_Mul_4:OpId_68 (cycles)
5804740632,EXECUTE,3936,CYCLES,BACKEND,SUB-EVENT,_Mul_5:OpId_70 (cycles)
5804740632,EXECUTE,6321,CYCLES,BACKEND,SUB-EVENT,_Add_4:OpId_72 (cycles)
5804740632,EXECUTE,0,CYCLES,BACKEND,SUB-EVENT,_Unsqueeze:OpId_74 (cycles)
5804740632,EXECUTE,0,CYCLES,BACKEND,SUB-EVENT,_Unsqueeze_1:OpId_75 (cycles)
5804740632,EXECUTE,812,CYCLES,BACKEND,SUB-EVENT,_Concat:OpId_76 (cycles)
5804740632,EXECUTE,15476,CYCLES,BACKEND,SUB-EVENT,_Reshape_3:OpId_78 (cycles)
5804740632,EXECUTE,101894,CYCLES,BACKEND,SUB-EVENT,_Slice_3:OpId_80 (cycles)
5804740632,EXECUTE,22981,CYCLES,BACKEND,SUB-EVENT,_Slice_4:OpId_86 (cycles)
5804740632,EXECUTE,36775,CYCLES,BACKEND,SUB-EVENT,_Mul_6:OpId_91 (cycles)
5804740632,EXECUTE,24340,CYCLES,BACKEND,SUB-EVENT,_Mul_7:OpId_93 (cycles)
5804740632,EXECUTE,3521,CYCLES,BACKEND,SUB-EVENT,_Sub_1:OpId_95 (cycles)
5804740632,EXECUTE,24379,CYCLES,BACKEND,SUB-EVENT,_Mul_8:OpId_97 (cycles)
5804740632,EXECUTE,8840,CYCLES,BACKEND,SUB-EVENT,_Mul_9:OpId_99 (cycles)
5804740632,EXECUTE,3794,CYCLES,BACKEND,SUB-EVENT,_Add_5:OpId_101 (cycles)
5804740632,EXECUTE,0,CYCLES,BACKEND,SUB-EVENT,_Unsqueeze_2:OpId_103 (cycles)
5804740632,EXECUTE,0,CYCLES,BACKEND,SUB-EVENT,_Unsqueeze_3:OpId_104 (cycles)
5804740632,EXECUTE,5812,CYCLES,BACKEND,SUB-EVENT,_Concat_2:OpId_105 (cycles)
5804740632,EXECUTE,0,CYCLES,BACKEND,SUB-EVENT,_Reshape_4:OpId_107 (cycles)
5804740632,EXECUTE,3988,CYCLES,BACKEND,SUB-EVENT,current_key_nhwc:OpId_109 (cycles)
5804740632,EXECUTE,29560,CYCLES,BACKEND,SUB-EVENT,_Concat_4:OpId_110 (cycles)
5804740632,EXECUTE,44259,CYCLES,BACKEND,SUB-EVENT,_Concat_5:OpId_112 (cycles)
5804740632,EXECUTE,14514150,CYCLES,BACKEND,SUB-EVENT,_FusedDecodeAttentionPast128:OpId_114 (cycles)
5804740632,EXECUTE,5917,CYCLES,BACKEND,SUB-EVENT,_Transpose_4:OpId_116 (cycles)
5804740632,EXECUTE,24087,CYCLES,BACKEND,SUB-EVENT,_MatMul_5:OpId_118 (cycles)
5804740632,EXECUTE,0,CYCLES,BACKEND,SUB-EVENT,_MatMul_5_post_reshape:OpId_121 (cycles)
5804740632,EXECUTE,0,CYCLES,BACKEND,SUB-EVENT,_MatMul_5_output_0_nfc:OpId_123 (cycles)
5804740632,EXECUTE,75566,CYCLES,BACKEND,SUB-EVENT,_Add_7:OpId_125 (cycles)
5804740632,EXECUTE,236,CYCLES,BACKEND,SUB-EVENT,_Add_7_output_0_ncf:OpId_128 (cycles)
5804740632,EXECUTE,3589,CYCLES,BACKEND,SUB-EVENT,rms_norm__Mul_11_output_0:OpId_133 (cycles)
5804740632,EXECUTE,0,CYCLES,BACKEND,SUB-EVENT,_MatMul_6:OpId_137 (cycles)
5804740632,EXECUTE,0,CYCLES,BACKEND,SUB-EVENT,_MatMul_6_post_reshape:OpId_140 (cycles)
5804740632,EXECUTE,290829,CYCLES,BACKEND,SUB-EVENT,_MatMul_7:OpId_142 (cycles)
5804740632,EXECUTE,0,CYCLES,BACKEND,SUB-EVENT,_MatMul_7_post_reshape:OpId_145 (cycles)
5804740632,EXECUTE,0,CYCLES,BACKEND,SUB-EVENT,_Sigmoid:OpId_146 (cycles)
5804740632,EXECUTE,247826,CYCLES,BACKEND,SUB-EVENT,_Mul_12:OpId_153 (cycles)
5804740632,EXECUTE,29791,CYCLES,BACKEND,SUB-EVENT,_Mul_13:OpId_155 (cycles)
5804740632,EXECUTE,398386,CYCLES,BACKEND,SUB-EVENT,_MatMul_8:OpId_158 (cycles)
5804740632,EXECUTE,0,CYCLES,BACKEND,SUB-EVENT,_MatMul_8_post_reshape:OpId_161 (cycles)
5804740632,EXECUTE,0,CYCLES,BACKEND,SUB-EVENT,_MatMul_8_output_0_nfc:OpId_163 (cycles)
5804740632,EXECUTE,14821,CYCLES,BACKEND,SUB-EVENT,_Add_9:OpId_165 (cycles)
5804740632,EXECUTE,17544,CYCLES,BACKEND,SUB-EVENT,Output OpId_3 (cycles)
5804740632,EXECUTE,14056,US,BACKEND,ROOT,Accelerator (execute) time
5804740632,EXECUTE,13914,US,BACKEND,ROOT,Accelerator (execute excluding wait) time
5804740632,EXECUTE,22673,US,BACKEND,ROOT,QNN (execute) time
5804744584,EXECUTE IPS,39.181881,INF/SEC,NETRUN,ROOT,null
