input log file location, qnn_custom_ops/qwen_flash_attention_hvx/device_output/past128/qnn-profiling-data_0.log
qnn-profile-viewer version, v2.47.0.260601114230
qnn-net-run version, v2.47.0.260601114230
Backend version, v2.47.0.260601114230
Msg Timestamp, Message, Time, Unit of Measurement, Timing Source, Event Level, Event Identifier
11137492527,INIT,424654,US,NETRUN,ROOT,null
11137587224,COMPOSE GRAPHS,93976,US,NETRUN,ROOT,null
11137913582,FINALIZE,326070,US,NETRUN,ROOT,Graph 0: qwen2_0_5b_layer0_decode_past128_flash_attention
11137913582,FINALIZE,5692,US,BACKEND,ROOT,RPC (finalize) time
11137913582,FINALIZE,5150,US,BACKEND,ROOT,QNN accelerator (finalize) time
11137913582,FINALIZE,5024,US,BACKEND,ROOT,Accelerator (finalize) time
11137913582,FINALIZE,326022,US,BACKEND,ROOT,QNN (finalize) time
11137913582,FINALIZE,227,US,BACKEND,SUB-EVENT,Graph Preparation Initializing
11137913582,FINALIZE,250952,US,BACKEND,SUB-EVENT,Graph Optimizations
11137913582,FINALIZE,2724,US,BACKEND,SUB-EVENT,Post Graph Optimization
11137913582,FINALIZE,15516,US,BACKEND,SUB-EVENT,Graph Sequencing for Target
11137913582,FINALIZE,1958,US,BACKEND,SUB-EVENT,VTCM Allocation
11137913582,FINALIZE,1330,US,BACKEND,SUB-EVENT,Parallelization Optimization
11137913582,FINALIZE,1570,US,BACKEND,SUB-EVENT,Finalizing Graph Sequence
11137913582,FINALIZE,78,US,BACKEND,SUB-EVENT,Completion
11138236468,DE-INIT,49947,US,NETRUN,ROOT,null
11138236468,DE-INIT,9095,US,BACKEND,ROOT,RPC (deinit) time
11138236468,DE-INIT,7754,US,BACKEND,ROOT,QNN Accelerator (deinit) time
11138236468,DE-INIT,7618,US,BACKEND,ROOT,Accelerator (deinit) time
11138236468,DE-INIT,49920,US,BACKEND,ROOT,QNN (deinit) time
11137945571,EXECUTE,30959,US,NETRUN,ROOT,Graph 0: qwen2_0_5b_layer0_decode_past128_flash_attention
11137945571,EXECUTE,4,COUNT,BACKEND,ROOT,Number of HVX threads used
11137945571,EXECUTE,30733,US,BACKEND,ROOT,RPC (execute) time
11137945571,EXECUTE,30023,US,BACKEND,ROOT,QNN accelerator (execute) time
11137945571,EXECUTE,0,COUNT,BACKEND,ROOT,Num times yield occured
11137945571,EXECUTE,754,US,BACKEND,ROOT,Time for initial VTCM acquire
11137945571,EXECUTE,33851,US,BACKEND,ROOT,Time for HVX + HMX power on and acquire
11137945571,EXECUTE,18269862,CYCLES,BACKEND,ROOT,Accelerator (execute) time (cycles)
11137945571,EXECUTE,11697,CYCLES,BACKEND,SUB-EVENT,Input OpId_2 (cycles)
11137945571,EXECUTE,4094,CYCLES,BACKEND,SUB-EVENT,hidden_states_ncf:OpId_17 (cycles)
11137945571,EXECUTE,31506,CYCLES,BACKEND,SUB-EVENT,past_value_nchw:OpId_20 (cycles)
11137945571,EXECUTE,10516,CYCLES,BACKEND,SUB-EVENT,rms_norm__Mul_1_output_0:OpId_24 (cycles)
11137945571,EXECUTE,39646,CYCLES,BACKEND,SUB-EVENT,_MatMul:OpId_29 (cycles)
11137945571,EXECUTE,0,CYCLES,BACKEND,SUB-EVENT,_MatMul_post_reshape:OpId_31 (cycles)
11137945571,EXECUTE,1624,CYCLES,BACKEND,SUB-EVENT,_MatMul_1:OpId_34 (cycles)
11137945571,EXECUTE,1130,CYCLES,BACKEND,SUB-EVENT,_MatMul_1_post_reshape:OpId_36 (cycles)
11137945571,EXECUTE,3201,CYCLES,BACKEND,SUB-EVENT,_MatMul_2:OpId_39 (cycles)
11137945571,EXECUTE,3711,CYCLES,BACKEND,SUB-EVENT,_MatMul_2_post_reshape:OpId_41 (cycles)
11137945571,EXECUTE,489,CYCLES,BACKEND,SUB-EVENT,_Transpose:OpId_43 (cycles)
11137945571,EXECUTE,2690,CYCLES,BACKEND,SUB-EVENT,_Transpose_1:OpId_45 (cycles)
11137945571,EXECUTE,2465,CYCLES,BACKEND,SUB-EVENT,_Transpose_2:OpId_47 (cycles)
11137945571,EXECUTE,24493,CYCLES,BACKEND,SUB-EVENT,_Slice:OpId_49 (cycles)
11137945571,EXECUTE,6398,CYCLES,BACKEND,SUB-EVENT,_Slice_1:OpId_55 (cycles)
11137945571,EXECUTE,1816,CYCLES,BACKEND,SUB-EVENT,_Mul_2:OpId_61 (cycles)
11137945571,EXECUTE,1500,CYCLES,BACKEND,SUB-EVENT,_Mul_3:OpId_64 (cycles)
11137945571,EXECUTE,258,CYCLES,BACKEND,SUB-EVENT,_Sub:OpId_66 (cycles)
11137945571,EXECUTE,1700,CYCLES,BACKEND,SUB-EVENT,_Mul_4:OpId_68 (cycles)
11137945571,EXECUTE,1783,CYCLES,BACKEND,SUB-EVENT,_Mul_5:OpId_70 (cycles)
11137945571,EXECUTE,1999,CYCLES,BACKEND,SUB-EVENT,_Add_4:OpId_72 (cycles)
11137945571,EXECUTE,0,CYCLES,BACKEND,SUB-EVENT,_Unsqueeze:OpId_74 (cycles)
11137945571,EXECUTE,0,CYCLES,BACKEND,SUB-EVENT,_Unsqueeze_1:OpId_75 (cycles)
11137945571,EXECUTE,826,CYCLES,BACKEND,SUB-EVENT,_Concat:OpId_76 (cycles)
11137945571,EXECUTE,2717,CYCLES,BACKEND,SUB-EVENT,_Reshape_3:OpId_78 (cycles)
11137945571,EXECUTE,24240,CYCLES,BACKEND,SUB-EVENT,_Slice_3:OpId_80 (cycles)
11137945571,EXECUTE,5670,CYCLES,BACKEND,SUB-EVENT,_Slice_4:OpId_86 (cycles)
11137945571,EXECUTE,3704,CYCLES,BACKEND,SUB-EVENT,_Mul_6:OpId_91 (cycles)
11137945571,EXECUTE,2502,CYCLES,BACKEND,SUB-EVENT,_Mul_7:OpId_93 (cycles)
11137945571,EXECUTE,514,CYCLES,BACKEND,SUB-EVENT,_Sub_1:OpId_95 (cycles)
11137945571,EXECUTE,2513,CYCLES,BACKEND,SUB-EVENT,_Mul_8:OpId_97 (cycles)
11137945571,EXECUTE,1550,CYCLES,BACKEND,SUB-EVENT,_Mul_9:OpId_99 (cycles)
11137945571,EXECUTE,755,CYCLES,BACKEND,SUB-EVENT,_Add_5:OpId_101 (cycles)
11137945571,EXECUTE,0,CYCLES,BACKEND,SUB-EVENT,_Unsqueeze_2:OpId_103 (cycles)
11137945571,EXECUTE,0,CYCLES,BACKEND,SUB-EVENT,_Unsqueeze_3:OpId_104 (cycles)
11137945571,EXECUTE,1640,CYCLES,BACKEND,SUB-EVENT,_Concat_2:OpId_105 (cycles)
11137945571,EXECUTE,0,CYCLES,BACKEND,SUB-EVENT,_Reshape_4:OpId_107 (cycles)
11137945571,EXECUTE,868,CYCLES,BACKEND,SUB-EVENT,current_key_nhwc:OpId_109 (cycles)
11137945571,EXECUTE,12165,CYCLES,BACKEND,SUB-EVENT,_Concat_4:OpId_110 (cycles)
11137945571,EXECUTE,21822,CYCLES,BACKEND,SUB-EVENT,_Concat_5:OpId_112 (cycles)
11137945571,EXECUTE,17474669,CYCLES,BACKEND,SUB-EVENT,_QwenGqaFlashAttention:OpId_114 (cycles)
11137945571,EXECUTE,4901,CYCLES,BACKEND,SUB-EVENT,_Transpose_4:OpId_116 (cycles)
11137945571,EXECUTE,12733,CYCLES,BACKEND,SUB-EVENT,_MatMul_5:OpId_118 (cycles)
11137945571,EXECUTE,0,CYCLES,BACKEND,SUB-EVENT,_MatMul_5_post_reshape:OpId_121 (cycles)
11137945571,EXECUTE,0,CYCLES,BACKEND,SUB-EVENT,_MatMul_5_output_0_nfc:OpId_123 (cycles)
11137945571,EXECUTE,57705,CYCLES,BACKEND,SUB-EVENT,_Add_7:OpId_125 (cycles)
11137945571,EXECUTE,340,CYCLES,BACKEND,SUB-EVENT,_Add_7_output_0_ncf:OpId_128 (cycles)
11137945571,EXECUTE,2016,CYCLES,BACKEND,SUB-EVENT,rms_norm__Mul_11_output_0:OpId_133 (cycles)
11137945571,EXECUTE,0,CYCLES,BACKEND,SUB-EVENT,_MatMul_6:OpId_137 (cycles)
11137945571,EXECUTE,0,CYCLES,BACKEND,SUB-EVENT,_MatMul_6_post_reshape:OpId_140 (cycles)
11137945571,EXECUTE,156624,CYCLES,BACKEND,SUB-EVENT,_MatMul_7:OpId_142 (cycles)
11137945571,EXECUTE,0,CYCLES,BACKEND,SUB-EVENT,_MatMul_7_post_reshape:OpId_145 (cycles)
11137945571,EXECUTE,0,CYCLES,BACKEND,SUB-EVENT,_Sigmoid:OpId_146 (cycles)
11137945571,EXECUTE,129005,CYCLES,BACKEND,SUB-EVENT,_Mul_12:OpId_153 (cycles)
11137945571,EXECUTE,18171,CYCLES,BACKEND,SUB-EVENT,_Mul_13:OpId_155 (cycles)
11137945571,EXECUTE,158967,CYCLES,BACKEND,SUB-EVENT,_MatMul_8:OpId_158 (cycles)
11137945571,EXECUTE,0,CYCLES,BACKEND,SUB-EVENT,_MatMul_8_post_reshape:OpId_161 (cycles)
11137945571,EXECUTE,0,CYCLES,BACKEND,SUB-EVENT,_MatMul_8_output_0_nfc:OpId_163 (cycles)
11137945571,EXECUTE,14999,CYCLES,BACKEND,SUB-EVENT,_Add_9:OpId_165 (cycles)
11137945571,EXECUTE,5530,CYCLES,BACKEND,SUB-EVENT,Output OpId_3 (cycles)
11137945571,EXECUTE,16405,US,BACKEND,ROOT,Accelerator (execute) time
11137945571,EXECUTE,14531,US,BACKEND,ROOT,Accelerator (execute excluding wait) time
11137945571,EXECUTE,30949,US,BACKEND,ROOT,QNN (execute) time
11137967732,EXECUTE,20657,US,NETRUN,ROOT,Graph 0: qwen2_0_5b_layer0_decode_past128_flash_attention
11137967732,EXECUTE,4,COUNT,BACKEND,ROOT,Number of HVX threads used
11137967732,EXECUTE,20324,US,BACKEND,ROOT,RPC (execute) time
11137967732,EXECUTE,19327,US,BACKEND,ROOT,QNN accelerator (execute) time
11137967732,EXECUTE,0,COUNT,BACKEND,ROOT,Num times yield occured
11137967732,EXECUTE,681,US,BACKEND,ROOT,Time for initial VTCM acquire
11137967732,EXECUTE,246,US,BACKEND,ROOT,Time for HVX + HMX power on and acquire
11137967732,EXECUTE,18679767,CYCLES,BACKEND,ROOT,Accelerator (execute) time (cycles)
11137967732,EXECUTE,17936,CYCLES,BACKEND,SUB-EVENT,Input OpId_2 (cycles)
11137967732,EXECUTE,21063,CYCLES,BACKEND,SUB-EVENT,hidden_states_ncf:OpId_17 (cycles)
11137967732,EXECUTE,86339,CYCLES,BACKEND,SUB-EVENT,past_value_nchw:OpId_20 (cycles)
11137967732,EXECUTE,12012,CYCLES,BACKEND,SUB-EVENT,rms_norm__Mul_1_output_0:OpId_24 (cycles)
11137967732,EXECUTE,43509,CYCLES,BACKEND,SUB-EVENT,_MatMul:OpId_29 (cycles)
11137967732,EXECUTE,0,CYCLES,BACKEND,SUB-EVENT,_MatMul_post_reshape:OpId_31 (cycles)
11137967732,EXECUTE,2091,CYCLES,BACKEND,SUB-EVENT,_MatMul_1:OpId_34 (cycles)
11137967732,EXECUTE,13867,CYCLES,BACKEND,SUB-EVENT,_MatMul_1_post_reshape:OpId_36 (cycles)
11137967732,EXECUTE,7518,CYCLES,BACKEND,SUB-EVENT,_MatMul_2:OpId_39 (cycles)
11137967732,EXECUTE,16746,CYCLES,BACKEND,SUB-EVENT,_MatMul_2_post_reshape:OpId_41 (cycles)
11137967732,EXECUTE,483,CYCLES,BACKEND,SUB-EVENT,_Transpose:OpId_43 (cycles)
11137967732,EXECUTE,3301,CYCLES,BACKEND,SUB-EVENT,_Transpose_1:OpId_45 (cycles)
11137967732,EXECUTE,3116,CYCLES,BACKEND,SUB-EVENT,_Transpose_2:OpId_47 (cycles)
11137967732,EXECUTE,32815,CYCLES,BACKEND,SUB-EVENT,_Slice:OpId_49 (cycles)
11137967732,EXECUTE,10554,CYCLES,BACKEND,SUB-EVENT,_Slice_1:OpId_55 (cycles)
11137967732,EXECUTE,1635,CYCLES,BACKEND,SUB-EVENT,_Mul_2:OpId_61 (cycles)
11137967732,EXECUTE,1338,CYCLES,BACKEND,SUB-EVENT,_Mul_3:OpId_64 (cycles)
11137967732,EXECUTE,276,CYCLES,BACKEND,SUB-EVENT,_Sub:OpId_66 (cycles)
11137967732,EXECUTE,1675,CYCLES,BACKEND,SUB-EVENT,_Mul_4:OpId_68 (cycles)
11137967732,EXECUTE,1614,CYCLES,BACKEND,SUB-EVENT,_Mul_5:OpId_70 (cycles)
11137967732,EXECUTE,3027,CYCLES,BACKEND,SUB-EVENT,_Add_4:OpId_72 (cycles)
11137967732,EXECUTE,0,CYCLES,BACKEND,SUB-EVENT,_Unsqueeze:OpId_74 (cycles)
11137967732,EXECUTE,0,CYCLES,BACKEND,SUB-EVENT,_Unsqueeze_1:OpId_75 (cycles)
11137967732,EXECUTE,875,CYCLES,BACKEND,SUB-EVENT,_Concat:OpId_76 (cycles)
11137967732,EXECUTE,2860,CYCLES,BACKEND,SUB-EVENT,_Reshape_3:OpId_78 (cycles)
11137967732,EXECUTE,32687,CYCLES,BACKEND,SUB-EVENT,_Slice_3:OpId_80 (cycles)
11137967732,EXECUTE,6530,CYCLES,BACKEND,SUB-EVENT,_Slice_4:OpId_86 (cycles)
11137967732,EXECUTE,5898,CYCLES,BACKEND,SUB-EVENT,_Mul_6:OpId_91 (cycles)
11137967732,EXECUTE,1068,CYCLES,BACKEND,SUB-EVENT,_Mul_7:OpId_93 (cycles)
11137967732,EXECUTE,567,CYCLES,BACKEND,SUB-EVENT,_Sub_1:OpId_95 (cycles)
11137967732,EXECUTE,1105,CYCLES,BACKEND,SUB-EVENT,_Mul_8:OpId_97 (cycles)
11137967732,EXECUTE,1496,CYCLES,BACKEND,SUB-EVENT,_Mul_9:OpId_99 (cycles)
11137967732,EXECUTE,1536,CYCLES,BACKEND,SUB-EVENT,_Add_5:OpId_101 (cycles)
11137967732,EXECUTE,0,CYCLES,BACKEND,SUB-EVENT,_Unsqueeze_2:OpId_103 (cycles)
11137967732,EXECUTE,0,CYCLES,BACKEND,SUB-EVENT,_Unsqueeze_3:OpId_104 (cycles)
11137967732,EXECUTE,2042,CYCLES,BACKEND,SUB-EVENT,_Concat_2:OpId_105 (cycles)
11137967732,EXECUTE,0,CYCLES,BACKEND,SUB-EVENT,_Reshape_4:OpId_107 (cycles)
11137967732,EXECUTE,1042,CYCLES,BACKEND,SUB-EVENT,current_key_nhwc:OpId_109 (cycles)
11137967732,EXECUTE,12762,CYCLES,BACKEND,SUB-EVENT,_Concat_4:OpId_110 (cycles)
11137967732,EXECUTE,26458,CYCLES,BACKEND,SUB-EVENT,_Concat_5:OpId_112 (cycles)
11137967732,EXECUTE,17807882,CYCLES,BACKEND,SUB-EVENT,_QwenGqaFlashAttention:OpId_114 (cycles)
11137967732,EXECUTE,5010,CYCLES,BACKEND,SUB-EVENT,_Transpose_4:OpId_116 (cycles)
11137967732,EXECUTE,16446,CYCLES,BACKEND,SUB-EVENT,_MatMul_5:OpId_118 (cycles)
11137967732,EXECUTE,0,CYCLES,BACKEND,SUB-EVENT,_MatMul_5_post_reshape:OpId_121 (cycles)
11137967732,EXECUTE,0,CYCLES,BACKEND,SUB-EVENT,_MatMul_5_output_0_nfc:OpId_123 (cycles)
11137967732,EXECUTE,87252,CYCLES,BACKEND,SUB-EVENT,_Add_7:OpId_125 (cycles)
11137967732,EXECUTE,327,CYCLES,BACKEND,SUB-EVENT,_Add_7_output_0_ncf:OpId_128 (cycles)
11137967732,EXECUTE,2470,CYCLES,BACKEND,SUB-EVENT,rms_norm__Mul_11_output_0:OpId_133 (cycles)
11137967732,EXECUTE,0,CYCLES,BACKEND,SUB-EVENT,_MatMul_6:OpId_137 (cycles)
11137967732,EXECUTE,0,CYCLES,BACKEND,SUB-EVENT,_MatMul_6_post_reshape:OpId_140 (cycles)
11137967732,EXECUTE,92745,CYCLES,BACKEND,SUB-EVENT,_MatMul_7:OpId_142 (cycles)
11137967732,EXECUTE,0,CYCLES,BACKEND,SUB-EVENT,_MatMul_7_post_reshape:OpId_145 (cycles)
11137967732,EXECUTE,0,CYCLES,BACKEND,SUB-EVENT,_Sigmoid:OpId_146 (cycles)
11137967732,EXECUTE,92752,CYCLES,BACKEND,SUB-EVENT,_Mul_12:OpId_153 (cycles)
11137967732,EXECUTE,19713,CYCLES,BACKEND,SUB-EVENT,_Mul_13:OpId_155 (cycles)
11137967732,EXECUTE,157940,CYCLES,BACKEND,SUB-EVENT,_MatMul_8:OpId_158 (cycles)
11137967732,EXECUTE,0,CYCLES,BACKEND,SUB-EVENT,_MatMul_8_post_reshape:OpId_161 (cycles)
11137967732,EXECUTE,0,CYCLES,BACKEND,SUB-EVENT,_MatMul_8_output_0_nfc:OpId_163 (cycles)
11137967732,EXECUTE,14414,CYCLES,BACKEND,SUB-EVENT,_Add_9:OpId_165 (cycles)
11137967732,EXECUTE,4975,CYCLES,BACKEND,SUB-EVENT,Output OpId_3 (cycles)
11137967732,EXECUTE,14756,US,BACKEND,ROOT,Accelerator (execute) time
11137967732,EXECUTE,14616,US,BACKEND,ROOT,Accelerator (execute excluding wait) time
11137967732,EXECUTE,20634,US,BACKEND,ROOT,QNN (execute) time
11137990905,EXECUTE,21002,US,NETRUN,ROOT,Graph 0: qwen2_0_5b_layer0_decode_past128_flash_attention
11137990905,EXECUTE,4,COUNT,BACKEND,ROOT,Number of HVX threads used
11137990905,EXECUTE,20614,US,BACKEND,ROOT,RPC (execute) time
11137990905,EXECUTE,19702,US,BACKEND,ROOT,QNN accelerator (execute) time
11137990905,EXECUTE,0,COUNT,BACKEND,ROOT,Num times yield occured
11137990905,EXECUTE,609,US,BACKEND,ROOT,Time for initial VTCM acquire
11137990905,EXECUTE,268,US,BACKEND,ROOT,Time for HVX + HMX power on and acquire
11137990905,EXECUTE,19056710,CYCLES,BACKEND,ROOT,Accelerator (execute) time (cycles)
11137990905,EXECUTE,22481,CYCLES,BACKEND,SUB-EVENT,Input OpId_2 (cycles)
11137990905,EXECUTE,26689,CYCLES,BACKEND,SUB-EVENT,hidden_states_ncf:OpId_17 (cycles)
11137990905,EXECUTE,120394,CYCLES,BACKEND,SUB-EVENT,past_value_nchw:OpId_20 (cycles)
11137990905,EXECUTE,15655,CYCLES,BACKEND,SUB-EVENT,rms_norm__Mul_1_output_0:OpId_24 (cycles)
11137990905,EXECUTE,27518,CYCLES,BACKEND,SUB-EVENT,_MatMul:OpId_29 (cycles)
11137990905,EXECUTE,0,CYCLES,BACKEND,SUB-EVENT,_MatMul_post_reshape:OpId_31 (cycles)
11137990905,EXECUTE,1428,CYCLES,BACKEND,SUB-EVENT,_MatMul_1:OpId_34 (cycles)
11137990905,EXECUTE,32533,CYCLES,BACKEND,SUB-EVENT,_MatMul_1_post_reshape:OpId_36 (cycles)
11137990905,EXECUTE,7709,CYCLES,BACKEND,SUB-EVENT,_MatMul_2:OpId_39 (cycles)
11137990905,EXECUTE,38287,CYCLES,BACKEND,SUB-EVENT,_MatMul_2_post_reshape:OpId_41 (cycles)
11137990905,EXECUTE,490,CYCLES,BACKEND,SUB-EVENT,_Transpose:OpId_43 (cycles)
11137990905,EXECUTE,3410,CYCLES,BACKEND,SUB-EVENT,_Transpose_1:OpId_45 (cycles)
11137990905,EXECUTE,3144,CYCLES,BACKEND,SUB-EVENT,_Transpose_2:OpId_47 (cycles)
11137990905,EXECUTE,75920,CYCLES,BACKEND,SUB-EVENT,_Slice:OpId_49 (cycles)
11137990905,EXECUTE,40397,CYCLES,BACKEND,SUB-EVENT,_Slice_1:OpId_55 (cycles)
11137990905,EXECUTE,3179,CYCLES,BACKEND,SUB-EVENT,_Mul_2:OpId_61 (cycles)
11137990905,EXECUTE,1520,CYCLES,BACKEND,SUB-EVENT,_Mul_3:OpId_64 (cycles)
11137990905,EXECUTE,255,CYCLES,BACKEND,SUB-EVENT,_Sub:OpId_66 (cycles)
11137990905,EXECUTE,3261,CYCLES,BACKEND,SUB-EVENT,_Mul_4:OpId_68 (cycles)
11137990905,EXECUTE,3297,CYCLES,BACKEND,SUB-EVENT,_Mul_5:OpId_70 (cycles)
11137990905,EXECUTE,3139,CYCLES,BACKEND,SUB-EVENT,_Add_4:OpId_72 (cycles)
11137990905,EXECUTE,0,CYCLES,BACKEND,SUB-EVENT,_Unsqueeze:OpId_74 (cycles)
11137990905,EXECUTE,0,CYCLES,BACKEND,SUB-EVENT,_Unsqueeze_1:OpId_75 (cycles)
11137990905,EXECUTE,792,CYCLES,BACKEND,SUB-EVENT,_Concat:OpId_76 (cycles)
11137990905,EXECUTE,11986,CYCLES,BACKEND,SUB-EVENT,_Reshape_3:OpId_78 (cycles)
11137990905,EXECUTE,114513,CYCLES,BACKEND,SUB-EVENT,_Slice_3:OpId_80 (cycles)
11137990905,EXECUTE,11296,CYCLES,BACKEND,SUB-EVENT,_Slice_4:OpId_86 (cycles)
11137990905,EXECUTE,42594,CYCLES,BACKEND,SUB-EVENT,_Mul_6:OpId_91 (cycles)
11137990905,EXECUTE,7259,CYCLES,BACKEND,SUB-EVENT,_Mul_7:OpId_93 (cycles)
11137990905,EXECUTE,2087,CYCLES,BACKEND,SUB-EVENT,_Sub_1:OpId_95 (cycles)
11137990905,EXECUTE,7247,CYCLES,BACKEND,SUB-EVENT,_Mul_8:OpId_97 (cycles)
11137990905,EXECUTE,5153,CYCLES,BACKEND,SUB-EVENT,_Mul_9:OpId_99 (cycles)
11137990905,EXECUTE,13295,CYCLES,BACKEND,SUB-EVENT,_Add_5:OpId_101 (cycles)
11137990905,EXECUTE,0,CYCLES,BACKEND,SUB-EVENT,_Unsqueeze_2:OpId_103 (cycles)
11137990905,EXECUTE,0,CYCLES,BACKEND,SUB-EVENT,_Unsqueeze_3:OpId_104 (cycles)
11137990905,EXECUTE,12541,CYCLES,BACKEND,SUB-EVENT,_Concat_2:OpId_105 (cycles)
11137990905,EXECUTE,0,CYCLES,BACKEND,SUB-EVENT,_Reshape_4:OpId_107 (cycles)
11137990905,EXECUTE,3128,CYCLES,BACKEND,SUB-EVENT,current_key_nhwc:OpId_109 (cycles)
11137990905,EXECUTE,19151,CYCLES,BACKEND,SUB-EVENT,_Concat_4:OpId_110 (cycles)
11137990905,EXECUTE,53459,CYCLES,BACKEND,SUB-EVENT,_Concat_5:OpId_112 (cycles)
11137990905,EXECUTE,17432324,CYCLES,BACKEND,SUB-EVENT,_QwenGqaFlashAttention:OpId_114 (cycles)
11137990905,EXECUTE,5268,CYCLES,BACKEND,SUB-EVENT,_Transpose_4:OpId_116 (cycles)
11137990905,EXECUTE,15376,CYCLES,BACKEND,SUB-EVENT,_MatMul_5:OpId_118 (cycles)
11137990905,EXECUTE,0,CYCLES,BACKEND,SUB-EVENT,_MatMul_5_post_reshape:OpId_121 (cycles)
11137990905,EXECUTE,0,CYCLES,BACKEND,SUB-EVENT,_MatMul_5_output_0_nfc:OpId_123 (cycles)
11137990905,EXECUTE,120049,CYCLES,BACKEND,SUB-EVENT,_Add_7:OpId_125 (cycles)
11137990905,EXECUTE,280,CYCLES,BACKEND,SUB-EVENT,_Add_7_output_0_ncf:OpId_128 (cycles)
11137990905,EXECUTE,3624,CYCLES,BACKEND,SUB-EVENT,rms_norm__Mul_11_output_0:OpId_133 (cycles)
11137990905,EXECUTE,0,CYCLES,BACKEND,SUB-EVENT,_MatMul_6:OpId_137 (cycles)
11137990905,EXECUTE,0,CYCLES,BACKEND,SUB-EVENT,_MatMul_6_post_reshape:OpId_140 (cycles)
11137990905,EXECUTE,222507,CYCLES,BACKEND,SUB-EVENT,_MatMul_7:OpId_142 (cycles)
11137990905,EXECUTE,0,CYCLES,BACKEND,SUB-EVENT,_MatMul_7_post_reshape:OpId_145 (cycles)
11137990905,EXECUTE,0,CYCLES,BACKEND,SUB-EVENT,_Sigmoid:OpId_146 (cycles)
11137990905,EXECUTE,185316,CYCLES,BACKEND,SUB-EVENT,_Mul_12:OpId_153 (cycles)
11137990905,EXECUTE,24156,CYCLES,BACKEND,SUB-EVENT,_Mul_13:OpId_155 (cycles)
11137990905,EXECUTE,295038,CYCLES,BACKEND,SUB-EVENT,_MatMul_8:OpId_158 (cycles)
11137990905,EXECUTE,0,CYCLES,BACKEND,SUB-EVENT,_MatMul_8_post_reshape:OpId_161 (cycles)
11137990905,EXECUTE,0,CYCLES,BACKEND,SUB-EVENT,_MatMul_8_output_0_nfc:OpId_163 (cycles)
11137990905,EXECUTE,14959,CYCLES,BACKEND,SUB-EVENT,_Add_9:OpId_165 (cycles)
11137990905,EXECUTE,2606,CYCLES,BACKEND,SUB-EVENT,Output OpId_3 (cycles)
11137990905,EXECUTE,15696,US,BACKEND,ROOT,Accelerator (execute) time
11137990905,EXECUTE,15574,US,BACKEND,ROOT,Accelerator (execute excluding wait) time
11137990905,EXECUTE,20975,US,BACKEND,ROOT,QNN (execute) time
11138015588,EXECUTE,22568,US,NETRUN,ROOT,Graph 0: qwen2_0_5b_layer0_decode_past128_flash_attention
11138015588,EXECUTE,4,COUNT,BACKEND,ROOT,Number of HVX threads used
11138015588,EXECUTE,22213,US,BACKEND,ROOT,RPC (execute) time
11138015588,EXECUTE,21272,US,BACKEND,ROOT,QNN accelerator (execute) time
11138015588,EXECUTE,0,COUNT,BACKEND,ROOT,Num times yield occured
11138015588,EXECUTE,571,US,BACKEND,ROOT,Time for initial VTCM acquire
11138015588,EXECUTE,191,US,BACKEND,ROOT,Time for HVX + HMX power on and acquire
11138015588,EXECUTE,19545041,CYCLES,BACKEND,ROOT,Accelerator (execute) time (cycles)
11138015588,EXECUTE,20614,CYCLES,BACKEND,SUB-EVENT,Input OpId_2 (cycles)
11138015588,EXECUTE,35430,CYCLES,BACKEND,SUB-EVENT,hidden_states_ncf:OpId_17 (cycles)
11138015588,EXECUTE,113292,CYCLES,BACKEND,SUB-EVENT,past_value_nchw:OpId_20 (cycles)
11138015588,EXECUTE,12529,CYCLES,BACKEND,SUB-EVENT,rms_norm__Mul_1_output_0:OpId_24 (cycles)
11138015588,EXECUTE,30769,CYCLES,BACKEND,SUB-EVENT,_MatMul:OpId_29 (cycles)
11138015588,EXECUTE,0,CYCLES,BACKEND,SUB-EVENT,_MatMul_post_reshape:OpId_31 (cycles)
11138015588,EXECUTE,4578,CYCLES,BACKEND,SUB-EVENT,_MatMul_1:OpId_34 (cycles)
11138015588,EXECUTE,55231,CYCLES,BACKEND,SUB-EVENT,_MatMul_1_post_reshape:OpId_36 (cycles)
11138015588,EXECUTE,9312,CYCLES,BACKEND,SUB-EVENT,_MatMul_2:OpId_39 (cycles)
11138015588,EXECUTE,58626,CYCLES,BACKEND,SUB-EVENT,_MatMul_2_post_reshape:OpId_41 (cycles)
11138015588,EXECUTE,459,CYCLES,BACKEND,SUB-EVENT,_Transpose:OpId_43 (cycles)
11138015588,EXECUTE,3186,CYCLES,BACKEND,SUB-EVENT,_Transpose_1:OpId_45 (cycles)
11138015588,EXECUTE,2962,CYCLES,BACKEND,SUB-EVENT,_Transpose_2:OpId_47 (cycles)
11138015588,EXECUTE,60250,CYCLES,BACKEND,SUB-EVENT,_Slice:OpId_49 (cycles)
11138015588,EXECUTE,27635,CYCLES,BACKEND,SUB-EVENT,_Slice_1:OpId_55 (cycles)
11138015588,EXECUTE,2793,CYCLES,BACKEND,SUB-EVENT,_Mul_2:OpId_61 (cycles)
11138015588,EXECUTE,1274,CYCLES,BACKEND,SUB-EVENT,_Mul_3:OpId_64 (cycles)
11138015588,EXECUTE,259,CYCLES,BACKEND,SUB-EVENT,_Sub:OpId_66 (cycles)
11138015588,EXECUTE,3111,CYCLES,BACKEND,SUB-EVENT,_Mul_4:OpId_68 (cycles)
11138015588,EXECUTE,5307,CYCLES,BACKEND,SUB-EVENT,_Mul_5:OpId_70 (cycles)
11138015588,EXECUTE,7379,CYCLES,BACKEND,SUB-EVENT,_Add_4:OpId_72 (cycles)
11138015588,EXECUTE,0,CYCLES,BACKEND,SUB-EVENT,_Unsqueeze:OpId_74 (cycles)
11138015588,EXECUTE,0,CYCLES,BACKEND,SUB-EVENT,_Unsqueeze_1:OpId_75 (cycles)
11138015588,EXECUTE,770,CYCLES,BACKEND,SUB-EVENT,_Concat:OpId_76 (cycles)
11138015588,EXECUTE,14012,CYCLES,BACKEND,SUB-EVENT,_Reshape_3:OpId_78 (cycles)
11138015588,EXECUTE,104975,CYCLES,BACKEND,SUB-EVENT,_Slice_3:OpId_80 (cycles)
11138015588,EXECUTE,12464,CYCLES,BACKEND,SUB-EVENT,_Slice_4:OpId_86 (cycles)
11138015588,EXECUTE,29839,CYCLES,BACKEND,SUB-EVENT,_Mul_6:OpId_91 (cycles)
11138015588,EXECUTE,12949,CYCLES,BACKEND,SUB-EVENT,_Mul_7:OpId_93 (cycles)
11138015588,EXECUTE,1852,CYCLES,BACKEND,SUB-EVENT,_Sub_1:OpId_95 (cycles)
11138015588,EXECUTE,12941,CYCLES,BACKEND,SUB-EVENT,_Mul_8:OpId_97 (cycles)
11138015588,EXECUTE,599,CYCLES,BACKEND,SUB-EVENT,_Mul_9:OpId_99 (cycles)
11138015588,EXECUTE,10513,CYCLES,BACKEND,SUB-EVENT,_Add_5:OpId_101 (cycles)
11138015588,EXECUTE,0,CYCLES,BACKEND,SUB-EVENT,_Unsqueeze_2:OpId_103 (cycles)
11138015588,EXECUTE,0,CYCLES,BACKEND,SUB-EVENT,_Unsqueeze_3:OpId_104 (cycles)
11138015588,EXECUTE,17137,CYCLES,BACKEND,SUB-EVENT,_Concat_2:OpId_105 (cycles)
11138015588,EXECUTE,0,CYCLES,BACKEND,SUB-EVENT,_Reshape_4:OpId_107 (cycles)
11138015588,EXECUTE,541,CYCLES,BACKEND,SUB-EVENT,current_key_nhwc:OpId_109 (cycles)
11138015588,EXECUTE,21162,CYCLES,BACKEND,SUB-EVENT,_Concat_4:OpId_110 (cycles)
11138015588,EXECUTE,52844,CYCLES,BACKEND,SUB-EVENT,_Concat_5:OpId_112 (cycles)
11138015588,EXECUTE,17618383,CYCLES,BACKEND,SUB-EVENT,_QwenGqaFlashAttention:OpId_114 (cycles)
11138015588,EXECUTE,4553,CYCLES,BACKEND,SUB-EVENT,_Transpose_4:OpId_116 (cycles)
11138015588,EXECUTE,15451,CYCLES,BACKEND,SUB-EVENT,_MatMul_5:OpId_118 (cycles)
11138015588,EXECUTE,0,CYCLES,BACKEND,SUB-EVENT,_MatMul_5_post_reshape:OpId_121 (cycles)
11138015588,EXECUTE,0,CYCLES,BACKEND,SUB-EVENT,_MatMul_5_output_0_nfc:OpId_123 (cycles)
11138015588,EXECUTE,157334,CYCLES,BACKEND,SUB-EVENT,_Add_7:OpId_125 (cycles)
11138015588,EXECUTE,287,CYCLES,BACKEND,SUB-EVENT,_Add_7_output_0_ncf:OpId_128 (cycles)
11138015588,EXECUTE,2008,CYCLES,BACKEND,SUB-EVENT,rms_norm__Mul_11_output_0:OpId_133 (cycles)
11138015588,EXECUTE,0,CYCLES,BACKEND,SUB-EVENT,_MatMul_6:OpId_137 (cycles)
11138015588,EXECUTE,0,CYCLES,BACKEND,SUB-EVENT,_MatMul_6_post_reshape:OpId_140 (cycles)
11138015588,EXECUTE,316701,CYCLES,BACKEND,SUB-EVENT,_MatMul_7:OpId_142 (cycles)
11138015588,EXECUTE,0,CYCLES,BACKEND,SUB-EVENT,_MatMul_7_post_reshape:OpId_145 (cycles)
11138015588,EXECUTE,0,CYCLES,BACKEND,SUB-EVENT,_Sigmoid:OpId_146 (cycles)
11138015588,EXECUTE,234086,CYCLES,BACKEND,SUB-EVENT,_Mul_12:OpId_153 (cycles)
11138015588,EXECUTE,32781,CYCLES,BACKEND,SUB-EVENT,_Mul_13:OpId_155 (cycles)
11138015588,EXECUTE,399691,CYCLES,BACKEND,SUB-EVENT,_MatMul_8:OpId_158 (cycles)
11138015588,EXECUTE,0,CYCLES,BACKEND,SUB-EVENT,_MatMul_8_post_reshape:OpId_161 (cycles)
11138015588,EXECUTE,0,CYCLES,BACKEND,SUB-EVENT,_MatMul_8_output_0_nfc:OpId_163 (cycles)
11138015588,EXECUTE,15004,CYCLES,BACKEND,SUB-EVENT,_Add_9:OpId_165 (cycles)
11138015588,EXECUTE,1168,CYCLES,BACKEND,SUB-EVENT,Output OpId_3 (cycles)
11138015588,EXECUTE,16483,US,BACKEND,ROOT,Accelerator (execute) time
11138015588,EXECUTE,16363,US,BACKEND,ROOT,Accelerator (execute excluding wait) time
11138015588,EXECUTE,22537,US,BACKEND,ROOT,QNN (execute) time
11138041624,EXECUTE,23224,US,NETRUN,ROOT,Graph 0: qwen2_0_5b_layer0_decode_past128_flash_attention
11138041624,EXECUTE,4,COUNT,BACKEND,ROOT,Number of HVX threads used
11138041624,EXECUTE,22285,US,BACKEND,ROOT,RPC (execute) time
11138041624,EXECUTE,21122,US,BACKEND,ROOT,QNN accelerator (execute) time
11138041624,EXECUTE,0,COUNT,BACKEND,ROOT,Num times yield occured
11138041624,EXECUTE,809,US,BACKEND,ROOT,Time for initial VTCM acquire
11138041624,EXECUTE,244,US,BACKEND,ROOT,Time for HVX + HMX power on and acquire
11138041624,EXECUTE,19508660,CYCLES,BACKEND,ROOT,Accelerator (execute) time (cycles)
11138041624,EXECUTE,21950,CYCLES,BACKEND,SUB-EVENT,Input OpId_2 (cycles)
11138041624,EXECUTE,42084,CYCLES,BACKEND,SUB-EVENT,hidden_states_ncf:OpId_17 (cycles)
11138041624,EXECUTE,154316,CYCLES,BACKEND,SUB-EVENT,past_value_nchw:OpId_20 (cycles)
11138041624,EXECUTE,16231,CYCLES,BACKEND,SUB-EVENT,rms_norm__Mul_1_output_0:OpId_24 (cycles)
11138041624,EXECUTE,50956,CYCLES,BACKEND,SUB-EVENT,_MatMul:OpId_29 (cycles)
11138041624,EXECUTE,0,CYCLES,BACKEND,SUB-EVENT,_MatMul_post_reshape:OpId_31 (cycles)
11138041624,EXECUTE,4556,CYCLES,BACKEND,SUB-EVENT,_MatMul_1:OpId_34 (cycles)
11138041624,EXECUTE,37389,CYCLES,BACKEND,SUB-EVENT,_MatMul_1_post_reshape:OpId_36 (cycles)
11138041624,EXECUTE,12669,CYCLES,BACKEND,SUB-EVENT,_MatMul_2:OpId_39 (cycles)
11138041624,EXECUTE,43198,CYCLES,BACKEND,SUB-EVENT,_MatMul_2_post_reshape:OpId_41 (cycles)
11138041624,EXECUTE,453,CYCLES,BACKEND,SUB-EVENT,_Transpose:OpId_43 (cycles)
11138041624,EXECUTE,3313,CYCLES,BACKEND,SUB-EVENT,_Transpose_1:OpId_45 (cycles)
11138041624,EXECUTE,3088,CYCLES,BACKEND,SUB-EVENT,_Transpose_2:OpId_47 (cycles)
11138041624,EXECUTE,70629,CYCLES,BACKEND,SUB-EVENT,_Slice:OpId_49 (cycles)
11138041624,EXECUTE,23975,CYCLES,BACKEND,SUB-EVENT,_Slice_1:OpId_55 (cycles)
11138041624,EXECUTE,3431,CYCLES,BACKEND,SUB-EVENT,_Mul_2:OpId_61 (cycles)
11138041624,EXECUTE,1184,CYCLES,BACKEND,SUB-EVENT,_Mul_3:OpId_64 (cycles)
11138041624,EXECUTE,257,CYCLES,BACKEND,SUB-EVENT,_Sub:OpId_66 (cycles)
11138041624,EXECUTE,2851,CYCLES,BACKEND,SUB-EVENT,_Mul_4:OpId_68 (cycles)
11138041624,EXECUTE,3406,CYCLES,BACKEND,SUB-EVENT,_Mul_5:OpId_70 (cycles)
11138041624,EXECUTE,5388,CYCLES,BACKEND,SUB-EVENT,_Add_4:OpId_72 (cycles)
11138041624,EXECUTE,0,CYCLES,BACKEND,SUB-EVENT,_Unsqueeze:OpId_74 (cycles)
11138041624,EXECUTE,0,CYCLES,BACKEND,SUB-EVENT,_Unsqueeze_1:OpId_75 (cycles)
11138041624,EXECUTE,761,CYCLES,BACKEND,SUB-EVENT,_Concat:OpId_76 (cycles)
11138041624,EXECUTE,6342,CYCLES,BACKEND,SUB-EVENT,_Reshape_3:OpId_78 (cycles)
11138041624,EXECUTE,117572,CYCLES,BACKEND,SUB-EVENT,_Slice_3:OpId_80 (cycles)
11138041624,EXECUTE,10657,CYCLES,BACKEND,SUB-EVENT,_Slice_4:OpId_86 (cycles)
11138041624,EXECUTE,23553,CYCLES,BACKEND,SUB-EVENT,_Mul_6:OpId_91 (cycles)
11138041624,EXECUTE,7671,CYCLES,BACKEND,SUB-EVENT,_Mul_7:OpId_93 (cycles)
11138041624,EXECUTE,7786,CYCLES,BACKEND,SUB-EVENT,_Sub_1:OpId_95 (cycles)
11138041624,EXECUTE,7670,CYCLES,BACKEND,SUB-EVENT,_Mul_8:OpId_97 (cycles)
11138041624,EXECUTE,2423,CYCLES,BACKEND,SUB-EVENT,_Mul_9:OpId_99 (cycles)
11138041624,EXECUTE,7366,CYCLES,BACKEND,SUB-EVENT,_Add_5:OpId_101 (cycles)
11138041624,EXECUTE,0,CYCLES,BACKEND,SUB-EVENT,_Unsqueeze_2:OpId_103 (cycles)
11138041624,EXECUTE,0,CYCLES,BACKEND,SUB-EVENT,_Unsqueeze_3:OpId_104 (cycles)
11138041624,EXECUTE,8569,CYCLES,BACKEND,SUB-EVENT,_Concat_2:OpId_105 (cycles)
11138041624,EXECUTE,0,CYCLES,BACKEND,SUB-EVENT,_Reshape_4:OpId_107 (cycles)
11138041624,EXECUTE,333,CYCLES,BACKEND,SUB-EVENT,current_key_nhwc:OpId_109 (cycles)
11138041624,EXECUTE,14350,CYCLES,BACKEND,SUB-EVENT,_Concat_4:OpId_110 (cycles)
11138041624,EXECUTE,39333,CYCLES,BACKEND,SUB-EVENT,_Concat_5:OpId_112 (cycles)
11138041624,EXECUTE,17571360,CYCLES,BACKEND,SUB-EVENT,_QwenGqaFlashAttention:OpId_114 (cycles)
11138041624,EXECUTE,4502,CYCLES,BACKEND,SUB-EVENT,_Transpose_4:OpId_116 (cycles)
11138041624,EXECUTE,13499,CYCLES,BACKEND,SUB-EVENT,_MatMul_5:OpId_118 (cycles)
11138041624,EXECUTE,0,CYCLES,BACKEND,SUB-EVENT,_MatMul_5_post_reshape:OpId_121 (cycles)
11138041624,EXECUTE,0,CYCLES,BACKEND,SUB-EVENT,_MatMul_5_output_0_nfc:OpId_123 (cycles)
11138041624,EXECUTE,139023,CYCLES,BACKEND,SUB-EVENT,_Add_7:OpId_125 (cycles)
11138041624,EXECUTE,278,CYCLES,BACKEND,SUB-EVENT,_Add_7_output_0_ncf:OpId_128 (cycles)
11138041624,EXECUTE,3384,CYCLES,BACKEND,SUB-EVENT,rms_norm__Mul_11_output_0:OpId_133 (cycles)
11138041624,EXECUTE,0,CYCLES,BACKEND,SUB-EVENT,_MatMul_6:OpId_137 (cycles)
11138041624,EXECUTE,0,CYCLES,BACKEND,SUB-EVENT,_MatMul_6_post_reshape:OpId_140 (cycles)
11138041624,EXECUTE,316832,CYCLES,BACKEND,SUB-EVENT,_MatMul_7:OpId_142 (cycles)
11138041624,EXECUTE,0,CYCLES,BACKEND,SUB-EVENT,_MatMul_7_post_reshape:OpId_145 (cycles)
11138041624,EXECUTE,0,CYCLES,BACKEND,SUB-EVENT,_Sigmoid:OpId_146 (cycles)
11138041624,EXECUTE,252808,CYCLES,BACKEND,SUB-EVENT,_Mul_12:OpId_153 (cycles)
11138041624,EXECUTE,29318,CYCLES,BACKEND,SUB-EVENT,_Mul_13:OpId_155 (cycles)
11138041624,EXECUTE,405604,CYCLES,BACKEND,SUB-EVENT,_MatMul_8:OpId_158 (cycles)
11138041624,EXECUTE,0,CYCLES,BACKEND,SUB-EVENT,_MatMul_8_post_reshape:OpId_161 (cycles)
11138041624,EXECUTE,0,CYCLES,BACKEND,SUB-EVENT,_MatMul_8_output_0_nfc:OpId_163 (cycles)
11138041624,EXECUTE,15179,CYCLES,BACKEND,SUB-EVENT,_Add_9:OpId_165 (cycles)
11138041624,EXECUTE,1163,CYCLES,BACKEND,SUB-EVENT,Output OpId_3 (cycles)
11138041624,EXECUTE,16539,US,BACKEND,ROOT,Accelerator (execute) time
11138041624,EXECUTE,16404,US,BACKEND,ROOT,Accelerator (execute excluding wait) time
11138041624,EXECUTE,23177,US,BACKEND,ROOT,QNN (execute) time
11138070337,EXECUTE,24415,US,NETRUN,ROOT,Graph 0: qwen2_0_5b_layer0_decode_past128_flash_attention
11138070337,EXECUTE,4,COUNT,BACKEND,ROOT,Number of HVX threads used
11138070337,EXECUTE,22887,US,BACKEND,ROOT,RPC (execute) time
11138070337,EXECUTE,21791,US,BACKEND,ROOT,QNN accelerator (execute) time
11138070337,EXECUTE,0,COUNT,BACKEND,ROOT,Num times yield occured
11138070337,EXECUTE,553,US,BACKEND,ROOT,Time for initial VTCM acquire
11138070337,EXECUTE,290,US,BACKEND,ROOT,Time for HVX + HMX power on and acquire
11138070337,EXECUTE,19565882,CYCLES,BACKEND,ROOT,Accelerator (execute) time (cycles)
11138070337,EXECUTE,18955,CYCLES,BACKEND,SUB-EVENT,Input OpId_2 (cycles)
11138070337,EXECUTE,5361,CYCLES,BACKEND,SUB-EVENT,hidden_states_ncf:OpId_17 (cycles)
11138070337,EXECUTE,65924,CYCLES,BACKEND,SUB-EVENT,past_value_nchw:OpId_20 (cycles)
11138070337,EXECUTE,19112,CYCLES,BACKEND,SUB-EVENT,rms_norm__Mul_1_output_0:OpId_24 (cycles)
11138070337,EXECUTE,77838,CYCLES,BACKEND,SUB-EVENT,_MatMul:OpId_29 (cycles)
11138070337,EXECUTE,0,CYCLES,BACKEND,SUB-EVENT,_MatMul_post_reshape:OpId_31 (cycles)
11138070337,EXECUTE,1785,CYCLES,BACKEND,SUB-EVENT,_MatMul_1:OpId_34 (cycles)
11138070337,EXECUTE,8474,CYCLES,BACKEND,SUB-EVENT,_MatMul_1_post_reshape:OpId_36 (cycles)
11138070337,EXECUTE,7085,CYCLES,BACKEND,SUB-EVENT,_MatMul_2:OpId_39 (cycles)
11138070337,EXECUTE,17488,CYCLES,BACKEND,SUB-EVENT,_MatMul_2_post_reshape:OpId_41 (cycles)
11138070337,EXECUTE,544,CYCLES,BACKEND,SUB-EVENT,_Transpose:OpId_43 (cycles)
11138070337,EXECUTE,10231,CYCLES,BACKEND,SUB-EVENT,_Transpose_1:OpId_45 (cycles)
11138070337,EXECUTE,9956,CYCLES,BACKEND,SUB-EVENT,_Transpose_2:OpId_47 (cycles)
11138070337,EXECUTE,57151,CYCLES,BACKEND,SUB-EVENT,_Slice:OpId_49 (cycles)
11138070337,EXECUTE,24953,CYCLES,BACKEND,SUB-EVENT,_Slice_1:OpId_55 (cycles)
11138070337,EXECUTE,1843,CYCLES,BACKEND,SUB-EVENT,_Mul_2:OpId_61 (cycles)
11138070337,EXECUTE,1635,CYCLES,BACKEND,SUB-EVENT,_Mul_3:OpId_64 (cycles)
11138070337,EXECUTE,299,CYCLES,BACKEND,SUB-EVENT,_Sub:OpId_66 (cycles)
11138070337,EXECUTE,7844,CYCLES,BACKEND,SUB-EVENT,_Mul_4:OpId_68 (cycles)
11138070337,EXECUTE,1755,CYCLES,BACKEND,SUB-EVENT,_Mul_5:OpId_70 (cycles)
11138070337,EXECUTE,2462,CYCLES,BACKEND,SUB-EVENT,_Add_4:OpId_72 (cycles)
11138070337,EXECUTE,0,CYCLES,BACKEND,SUB-EVENT,_Unsqueeze:OpId_74 (cycles)
11138070337,EXECUTE,0,CYCLES,BACKEND,SUB-EVENT,_Unsqueeze_1:OpId_75 (cycles)
11138070337,EXECUTE,1307,CYCLES,BACKEND,SUB-EVENT,_Concat:OpId_76 (cycles)
11138070337,EXECUTE,3061,CYCLES,BACKEND,SUB-EVENT,_Reshape_3:OpId_78 (cycles)
11138070337,EXECUTE,106758,CYCLES,BACKEND,SUB-EVENT,_Slice_3:OpId_80 (cycles)
11138070337,EXECUTE,16561,CYCLES,BACKEND,SUB-EVENT,_Slice_4:OpId_86 (cycles)
11138070337,EXECUTE,36990,CYCLES,BACKEND,SUB-EVENT,_Mul_6:OpId_91 (cycles)
11138070337,EXECUTE,17013,CYCLES,BACKEND,SUB-EVENT,_Mul_7:OpId_93 (cycles)
11138070337,EXECUTE,1324,CYCLES,BACKEND,SUB-EVENT,_Sub_1:OpId_95 (cycles)
11138070337,EXECUTE,17016,CYCLES,BACKEND,SUB-EVENT,_Mul_8:OpId_97 (cycles)
11138070337,EXECUTE,2703,CYCLES,BACKEND,SUB-EVENT,_Mul_9:OpId_99 (cycles)
11138070337,EXECUTE,1121,CYCLES,BACKEND,SUB-EVENT,_Add_5:OpId_101 (cycles)
11138070337,EXECUTE,0,CYCLES,BACKEND,SUB-EVENT,_Unsqueeze_2:OpId_103 (cycles)
11138070337,EXECUTE,0,CYCLES,BACKEND,SUB-EVENT,_Unsqueeze_3:OpId_104 (cycles)
11138070337,EXECUTE,2612,CYCLES,BACKEND,SUB-EVENT,_Concat_2:OpId_105 (cycles)
11138070337,EXECUTE,0,CYCLES,BACKEND,SUB-EVENT,_Reshape_4:OpId_107 (cycles)
11138070337,EXECUTE,547,CYCLES,BACKEND,SUB-EVENT,current_key_nhwc:OpId_109 (cycles)
11138070337,EXECUTE,11488,CYCLES,BACKEND,SUB-EVENT,_Concat_4:OpId_110 (cycles)
11138070337,EXECUTE,53544,CYCLES,BACKEND,SUB-EVENT,_Concat_5:OpId_112 (cycles)
11138070337,EXECUTE,17631262,CYCLES,BACKEND,SUB-EVENT,_QwenGqaFlashAttention:OpId_114 (cycles)
11138070337,EXECUTE,4664,CYCLES,BACKEND,SUB-EVENT,_Transpose_4:OpId_116 (cycles)
11138070337,EXECUTE,12060,CYCLES,BACKEND,SUB-EVENT,_MatMul_5:OpId_118 (cycles)
11138070337,EXECUTE,0,CYCLES,BACKEND,SUB-EVENT,_MatMul_5_post_reshape:OpId_121 (cycles)
11138070337,EXECUTE,0,CYCLES,BACKEND,SUB-EVENT,_MatMul_5_output_0_nfc:OpId_123 (cycles)
11138070337,EXECUTE,96226,CYCLES,BACKEND,SUB-EVENT,_Add_7:OpId_125 (cycles)
11138070337,EXECUTE,292,CYCLES,BACKEND,SUB-EVENT,_Add_7_output_0_ncf:OpId_128 (cycles)
11138070337,EXECUTE,2008,CYCLES,BACKEND,SUB-EVENT,rms_norm__Mul_11_output_0:OpId_133 (cycles)
11138070337,EXECUTE,0,CYCLES,BACKEND,SUB-EVENT,_MatMul_6:OpId_137 (cycles)
11138070337,EXECUTE,0,CYCLES,BACKEND,SUB-EVENT,_MatMul_6_post_reshape:OpId_140 (cycles)
11138070337,EXECUTE,441899,CYCLES,BACKEND,SUB-EVENT,_MatMul_7:OpId_142 (cycles)
11138070337,EXECUTE,0,CYCLES,BACKEND,SUB-EVENT,_MatMul_7_post_reshape:OpId_145 (cycles)
11138070337,EXECUTE,0,CYCLES,BACKEND,SUB-EVENT,_Sigmoid:OpId_146 (cycles)
11138070337,EXECUTE,314754,CYCLES,BACKEND,SUB-EVENT,_Mul_12:OpId_153 (cycles)
11138070337,EXECUTE,32866,CYCLES,BACKEND,SUB-EVENT,_Mul_13:OpId_155 (cycles)
11138070337,EXECUTE,398317,CYCLES,BACKEND,SUB-EVENT,_MatMul_8:OpId_158 (cycles)
11138070337,EXECUTE,0,CYCLES,BACKEND,SUB-EVENT,_MatMul_8_post_reshape:OpId_161 (cycles)
11138070337,EXECUTE,0,CYCLES,BACKEND,SUB-EVENT,_MatMul_8_output_0_nfc:OpId_163 (cycles)
11138070337,EXECUTE,15268,CYCLES,BACKEND,SUB-EVENT,_Add_9:OpId_165 (cycles)
11138070337,EXECUTE,3526,CYCLES,BACKEND,SUB-EVENT,Output OpId_3 (cycles)
11138070337,EXECUTE,16961,US,BACKEND,ROOT,Accelerator (execute) time
11138070337,EXECUTE,16834,US,BACKEND,ROOT,Accelerator (execute excluding wait) time
11138070337,EXECUTE,24355,US,BACKEND,ROOT,QNN (execute) time
11138097994,EXECUTE,23514,US,NETRUN,ROOT,Graph 0: qwen2_0_5b_layer0_decode_past128_flash_attention
11138097994,EXECUTE,4,COUNT,BACKEND,ROOT,Number of HVX threads used
11138097994,EXECUTE,22007,US,BACKEND,ROOT,RPC (execute) time
11138097994,EXECUTE,20821,US,BACKEND,ROOT,QNN accelerator (execute) time
11138097994,EXECUTE,0,COUNT,BACKEND,ROOT,Num times yield occured
11138097994,EXECUTE,667,US,BACKEND,ROOT,Time for initial VTCM acquire
11138097994,EXECUTE,271,US,BACKEND,ROOT,Time for HVX + HMX power on and acquire
11138097994,EXECUTE,19379697,CYCLES,BACKEND,ROOT,Accelerator (execute) time (cycles)
11138097994,EXECUTE,20713,CYCLES,BACKEND,SUB-EVENT,Input OpId_2 (cycles)
11138097994,EXECUTE,35139,CYCLES,BACKEND,SUB-EVENT,hidden_states_ncf:OpId_17 (cycles)
11138097994,EXECUTE,135970,CYCLES,BACKEND,SUB-EVENT,past_value_nchw:OpId_20 (cycles)
11138097994,EXECUTE,15308,CYCLES,BACKEND,SUB-EVENT,rms_norm__Mul_1_output_0:OpId_24 (cycles)
11138097994,EXECUTE,41184,CYCLES,BACKEND,SUB-EVENT,_MatMul:OpId_29 (cycles)
11138097994,EXECUTE,0,CYCLES,BACKEND,SUB-EVENT,_MatMul_post_reshape:OpId_31 (cycles)
11138097994,EXECUTE,2783,CYCLES,BACKEND,SUB-EVENT,_MatMul_1:OpId_34 (cycles)
11138097994,EXECUTE,24459,CYCLES,BACKEND,SUB-EVENT,_MatMul_1_post_reshape:OpId_36 (cycles)
11138097994,EXECUTE,12175,CYCLES,BACKEND,SUB-EVENT,_MatMul_2:OpId_39 (cycles)
11138097994,EXECUTE,35269,CYCLES,BACKEND,SUB-EVENT,_MatMul_2_post_reshape:OpId_41 (cycles)
11138097994,EXECUTE,551,CYCLES,BACKEND,SUB-EVENT,_Transpose:OpId_43 (cycles)
11138097994,EXECUTE,3481,CYCLES,BACKEND,SUB-EVENT,_Transpose_1:OpId_45 (cycles)
11138097994,EXECUTE,3200,CYCLES,BACKEND,SUB-EVENT,_Transpose_2:OpId_47 (cycles)
11138097994,EXECUTE,58490,CYCLES,BACKEND,SUB-EVENT,_Slice:OpId_49 (cycles)
11138097994,EXECUTE,26031,CYCLES,BACKEND,SUB-EVENT,_Slice_1:OpId_55 (cycles)
11138097994,EXECUTE,3002,CYCLES,BACKEND,SUB-EVENT,_Mul_2:OpId_61 (cycles)
11138097994,EXECUTE,1291,CYCLES,BACKEND,SUB-EVENT,_Mul_3:OpId_64 (cycles)
11138097994,EXECUTE,271,CYCLES,BACKEND,SUB-EVENT,_Sub:OpId_66 (cycles)
11138097994,EXECUTE,3067,CYCLES,BACKEND,SUB-EVENT,_Mul_4:OpId_68 (cycles)
11138097994,EXECUTE,2979,CYCLES,BACKEND,SUB-EVENT,_Mul_5:OpId_70 (cycles)
11138097994,EXECUTE,2145,CYCLES,BACKEND,SUB-EVENT,_Add_4:OpId_72 (cycles)
11138097994,EXECUTE,0,CYCLES,BACKEND,SUB-EVENT,_Unsqueeze:OpId_74 (cycles)
11138097994,EXECUTE,0,CYCLES,BACKEND,SUB-EVENT,_Unsqueeze_1:OpId_75 (cycles)
11138097994,EXECUTE,858,CYCLES,BACKEND,SUB-EVENT,_Concat:OpId_76 (cycles)
11138097994,EXECUTE,11161,CYCLES,BACKEND,SUB-EVENT,_Reshape_3:OpId_78 (cycles)
11138097994,EXECUTE,81126,CYCLES,BACKEND,SUB-EVENT,_Slice_3:OpId_80 (cycles)
11138097994,EXECUTE,13766,CYCLES,BACKEND,SUB-EVENT,_Slice_4:OpId_86 (cycles)
11138097994,EXECUTE,28946,CYCLES,BACKEND,SUB-EVENT,_Mul_6:OpId_91 (cycles)
11138097994,EXECUTE,15124,CYCLES,BACKEND,SUB-EVENT,_Mul_7:OpId_93 (cycles)
11138097994,EXECUTE,1947,CYCLES,BACKEND,SUB-EVENT,_Sub_1:OpId_95 (cycles)
11138097994,EXECUTE,15238,CYCLES,BACKEND,SUB-EVENT,_Mul_8:OpId_97 (cycles)
11138097994,EXECUTE,607,CYCLES,BACKEND,SUB-EVENT,_Mul_9:OpId_99 (cycles)
11138097994,EXECUTE,5289,CYCLES,BACKEND,SUB-EVENT,_Add_5:OpId_101 (cycles)
11138097994,EXECUTE,0,CYCLES,BACKEND,SUB-EVENT,_Unsqueeze_2:OpId_103 (cycles)
11138097994,EXECUTE,0,CYCLES,BACKEND,SUB-EVENT,_Unsqueeze_3:OpId_104 (cycles)
11138097994,EXECUTE,7546,CYCLES,BACKEND,SUB-EVENT,_Concat_2:OpId_105 (cycles)
11138097994,EXECUTE,0,CYCLES,BACKEND,SUB-EVENT,_Reshape_4:OpId_107 (cycles)
11138097994,EXECUTE,512,CYCLES,BACKEND,SUB-EVENT,current_key_nhwc:OpId_109 (cycles)
11138097994,EXECUTE,15126,CYCLES,BACKEND,SUB-EVENT,_Concat_4:OpId_110 (cycles)
11138097994,EXECUTE,48188,CYCLES,BACKEND,SUB-EVENT,_Concat_5:OpId_112 (cycles)
11138097994,EXECUTE,17508806,CYCLES,BACKEND,SUB-EVENT,_QwenGqaFlashAttention:OpId_114 (cycles)
11138097994,EXECUTE,4747,CYCLES,BACKEND,SUB-EVENT,_Transpose_4:OpId_116 (cycles)
11138097994,EXECUTE,14501,CYCLES,BACKEND,SUB-EVENT,_MatMul_5:OpId_118 (cycles)
11138097994,EXECUTE,0,CYCLES,BACKEND,SUB-EVENT,_MatMul_5_post_reshape:OpId_121 (cycles)
11138097994,EXECUTE,0,CYCLES,BACKEND,SUB-EVENT,_MatMul_5_output_0_nfc:OpId_123 (cycles)
11138097994,EXECUTE,165240,CYCLES,BACKEND,SUB-EVENT,_Add_7:OpId_125 (cycles)
11138097994,EXECUTE,250,CYCLES,BACKEND,SUB-EVENT,_Add_7_output_0_ncf:OpId_128 (cycles)
11138097994,EXECUTE,1995,CYCLES,BACKEND,SUB-EVENT,rms_norm__Mul_11_output_0:OpId_133 (cycles)
11138097994,EXECUTE,0,CYCLES,BACKEND,SUB-EVENT,_MatMul_6:OpId_137 (cycles)
11138097994,EXECUTE,0,CYCLES,BACKEND,SUB-EVENT,_MatMul_6_post_reshape:OpId_140 (cycles)
11138097994,EXECUTE,321744,CYCLES,BACKEND,SUB-EVENT,_MatMul_7:OpId_142 (cycles)
11138097994,EXECUTE,0,CYCLES,BACKEND,SUB-EVENT,_MatMul_7_post_reshape:OpId_145 (cycles)
11138097994,EXECUTE,0,CYCLES,BACKEND,SUB-EVENT,_Sigmoid:OpId_146 (cycles)
11138097994,EXECUTE,232074,CYCLES,BACKEND,SUB-EVENT,_Mul_12:OpId_153 (cycles)
11138097994,EXECUTE,34586,CYCLES,BACKEND,SUB-EVENT,_Mul_13:OpId_155 (cycles)
11138097994,EXECUTE,403867,CYCLES,BACKEND,SUB-EVENT,_MatMul_8:OpId_158 (cycles)
11138097994,EXECUTE,0,CYCLES,BACKEND,SUB-EVENT,_MatMul_8_post_reshape:OpId_161 (cycles)
11138097994,EXECUTE,0,CYCLES,BACKEND,SUB-EVENT,_MatMul_8_output_0_nfc:OpId_163 (cycles)
11138097994,EXECUTE,15216,CYCLES,BACKEND,SUB-EVENT,_Add_9:OpId_165 (cycles)
11138097994,EXECUTE,3729,CYCLES,BACKEND,SUB-EVENT,Output OpId_3 (cycles)
11138097994,EXECUTE,16380,US,BACKEND,ROOT,Accelerator (execute) time
11138097994,EXECUTE,16238,US,BACKEND,ROOT,Accelerator (execute excluding wait) time
11138097994,EXECUTE,23451,US,BACKEND,ROOT,QNN (execute) time
11138126022,EXECUTE,23766,US,NETRUN,ROOT,Graph 0: qwen2_0_5b_layer0_decode_past128_flash_attention
11138126022,EXECUTE,4,COUNT,BACKEND,ROOT,Number of HVX threads used
11138126022,EXECUTE,22392,US,BACKEND,ROOT,RPC (execute) time
11138126022,EXECUTE,21311,US,BACKEND,ROOT,QNN accelerator (execute) time
11138126022,EXECUTE,0,COUNT,BACKEND,ROOT,Num times yield occured
11138126022,EXECUTE,565,US,BACKEND,ROOT,Time for initial VTCM acquire
11138126022,EXECUTE,329,US,BACKEND,ROOT,Time for HVX + HMX power on and acquire
11138126022,EXECUTE,19489986,CYCLES,BACKEND,ROOT,Accelerator (execute) time (cycles)
11138126022,EXECUTE,21675,CYCLES,BACKEND,SUB-EVENT,Input OpId_2 (cycles)
11138126022,EXECUTE,41874,CYCLES,BACKEND,SUB-EVENT,hidden_states_ncf:OpId_17 (cycles)
11138126022,EXECUTE,155763,CYCLES,BACKEND,SUB-EVENT,past_value_nchw:OpId_20 (cycles)
11138126022,EXECUTE,11300,CYCLES,BACKEND,SUB-EVENT,rms_norm__Mul_1_output_0:OpId_24 (cycles)
11138126022,EXECUTE,38762,CYCLES,BACKEND,SUB-EVENT,_MatMul:OpId_29 (cycles)
11138126022,EXECUTE,0,CYCLES,BACKEND,SUB-EVENT,_MatMul_post_reshape:OpId_31 (cycles)
11138126022,EXECUTE,2784,CYCLES,BACKEND,SUB-EVENT,_MatMul_1:OpId_34 (cycles)
11138126022,EXECUTE,37852,CYCLES,BACKEND,SUB-EVENT,_MatMul_1_post_reshape:OpId_36 (cycles)
11138126022,EXECUTE,5795,CYCLES,BACKEND,SUB-EVENT,_MatMul_2:OpId_39 (cycles)
11138126022,EXECUTE,47042,CYCLES,BACKEND,SUB-EVENT,_MatMul_2_post_reshape:OpId_41 (cycles)
11138126022,EXECUTE,457,CYCLES,BACKEND,SUB-EVENT,_Transpose:OpId_43 (cycles)
11138126022,EXECUTE,7105,CYCLES,BACKEND,SUB-EVENT,_Transpose_1:OpId_45 (cycles)
11138126022,EXECUTE,6915,CYCLES,BACKEND,SUB-EVENT,_Transpose_2:OpId_47 (cycles)
11138126022,EXECUTE,71436,CYCLES,BACKEND,SUB-EVENT,_Slice:OpId_49 (cycles)
11138126022,EXECUTE,20810,CYCLES,BACKEND,SUB-EVENT,_Slice_1:OpId_55 (cycles)
11138126022,EXECUTE,2884,CYCLES,BACKEND,SUB-EVENT,_Mul_2:OpId_61 (cycles)
11138126022,EXECUTE,2250,CYCLES,BACKEND,SUB-EVENT,_Mul_3:OpId_64 (cycles)
11138126022,EXECUTE,267,CYCLES,BACKEND,SUB-EVENT,_Sub:OpId_66 (cycles)
11138126022,EXECUTE,4315,CYCLES,BACKEND,SUB-EVENT,_Mul_4:OpId_68 (cycles)
11138126022,EXECUTE,2912,CYCLES,BACKEND,SUB-EVENT,_Mul_5:OpId_70 (cycles)
11138126022,EXECUTE,7131,CYCLES,BACKEND,SUB-EVENT,_Add_4:OpId_72 (cycles)
11138126022,EXECUTE,0,CYCLES,BACKEND,SUB-EVENT,_Unsqueeze:OpId_74 (cycles)
11138126022,EXECUTE,0,CYCLES,BACKEND,SUB-EVENT,_Unsqueeze_1:OpId_75 (cycles)
11138126022,EXECUTE,851,CYCLES,BACKEND,SUB-EVENT,_Concat:OpId_76 (cycles)
11138126022,EXECUTE,10395,CYCLES,BACKEND,SUB-EVENT,_Reshape_3:OpId_78 (cycles)
11138126022,EXECUTE,113243,CYCLES,BACKEND,SUB-EVENT,_Slice_3:OpId_80 (cycles)
11138126022,EXECUTE,13589,CYCLES,BACKEND,SUB-EVENT,_Slice_4:OpId_86 (cycles)
11138126022,EXECUTE,38443,CYCLES,BACKEND,SUB-EVENT,_Mul_6:OpId_91 (cycles)
11138126022,EXECUTE,24563,CYCLES,BACKEND,SUB-EVENT,_Mul_7:OpId_93 (cycles)
11138126022,EXECUTE,2227,CYCLES,BACKEND,SUB-EVENT,_Sub_1:OpId_95 (cycles)
11138126022,EXECUTE,24564,CYCLES,BACKEND,SUB-EVENT,_Mul_8:OpId_97 (cycles)
11138126022,EXECUTE,10686,CYCLES,BACKEND,SUB-EVENT,_Mul_9:OpId_99 (cycles)
11138126022,EXECUTE,11548,CYCLES,BACKEND,SUB-EVENT,_Add_5:OpId_101 (cycles)
11138126022,EXECUTE,0,CYCLES,BACKEND,SUB-EVENT,_Unsqueeze_2:OpId_103 (cycles)
11138126022,EXECUTE,0,CYCLES,BACKEND,SUB-EVENT,_Unsqueeze_3:OpId_104 (cycles)
11138126022,EXECUTE,17102,CYCLES,BACKEND,SUB-EVENT,_Concat_2:OpId_105 (cycles)
11138126022,EXECUTE,0,CYCLES,BACKEND,SUB-EVENT,_Reshape_4:OpId_107 (cycles)
11138126022,EXECUTE,491,CYCLES,BACKEND,SUB-EVENT,current_key_nhwc:OpId_109 (cycles)
11138126022,EXECUTE,17211,CYCLES,BACKEND,SUB-EVENT,_Concat_4:OpId_110 (cycles)
11138126022,EXECUTE,47688,CYCLES,BACKEND,SUB-EVENT,_Concat_5:OpId_112 (cycles)
11138126022,EXECUTE,17459729,CYCLES,BACKEND,SUB-EVENT,_QwenGqaFlashAttention:OpId_114 (cycles)
11138126022,EXECUTE,4249,CYCLES,BACKEND,SUB-EVENT,_Transpose_4:OpId_116 (cycles)
11138126022,EXECUTE,19053,CYCLES,BACKEND,SUB-EVENT,_MatMul_5:OpId_118 (cycles)
11138126022,EXECUTE,0,CYCLES,BACKEND,SUB-EVENT,_MatMul_5_post_reshape:OpId_121 (cycles)
11138126022,EXECUTE,0,CYCLES,BACKEND,SUB-EVENT,_MatMul_5_output_0_nfc:OpId_123 (cycles)
11138126022,EXECUTE,164609,CYCLES,BACKEND,SUB-EVENT,_Add_7:OpId_125 (cycles)
11138126022,EXECUTE,274,CYCLES,BACKEND,SUB-EVENT,_Add_7_output_0_ncf:OpId_128 (cycles)
11138126022,EXECUTE,1995,CYCLES,BACKEND,SUB-EVENT,rms_norm__Mul_11_output_0:OpId_133 (cycles)
11138126022,EXECUTE,0,CYCLES,BACKEND,SUB-EVENT,_MatMul_6:OpId_137 (cycles)
11138126022,EXECUTE,0,CYCLES,BACKEND,SUB-EVENT,_MatMul_6_post_reshape:OpId_140 (cycles)
11138126022,EXECUTE,317173,CYCLES,BACKEND,SUB-EVENT,_MatMul_7:OpId_142 (cycles)
11138126022,EXECUTE,0,CYCLES,BACKEND,SUB-EVENT,_MatMul_7_post_reshape:OpId_145 (cycles)
11138126022,EXECUTE,0,CYCLES,BACKEND,SUB-EVENT,_Sigmoid:OpId_146 (cycles)
11138126022,EXECUTE,244896,CYCLES,BACKEND,SUB-EVENT,_Mul_12:OpId_153 (cycles)
11138126022,EXECUTE,38871,CYCLES,BACKEND,SUB-EVENT,_Mul_13:OpId_155 (cycles)
11138126022,EXECUTE,400941,CYCLES,BACKEND,SUB-EVENT,_MatMul_8:OpId_158 (cycles)
11138126022,EXECUTE,0,CYCLES,BACKEND,SUB-EVENT,_MatMul_8_post_reshape:OpId_161 (cycles)
11138126022,EXECUTE,0,CYCLES,BACKEND,SUB-EVENT,_MatMul_8_output_0_nfc:OpId_163 (cycles)
11138126022,EXECUTE,15045,CYCLES,BACKEND,SUB-EVENT,_Add_9:OpId_165 (cycles)
11138126022,EXECUTE,1221,CYCLES,BACKEND,SUB-EVENT,Output OpId_3 (cycles)
11138126022,EXECUTE,16487,US,BACKEND,ROOT,Accelerator (execute) time
11138126022,EXECUTE,16350,US,BACKEND,ROOT,Accelerator (execute excluding wait) time
11138126022,EXECUTE,23708,US,BACKEND,ROOT,QNN (execute) time
11138153892,EXECUTE,23338,US,NETRUN,ROOT,Graph 0: qwen2_0_5b_layer0_decode_past128_flash_attention
11138153892,EXECUTE,4,COUNT,BACKEND,ROOT,Number of HVX threads used
11138153892,EXECUTE,22259,US,BACKEND,ROOT,RPC (execute) time
11138153892,EXECUTE,21213,US,BACKEND,ROOT,QNN accelerator (execute) time
11138153892,EXECUTE,0,COUNT,BACKEND,ROOT,Num times yield occured
11138153892,EXECUTE,523,US,BACKEND,ROOT,Time for initial VTCM acquire
11138153892,EXECUTE,315,US,BACKEND,ROOT,Time for HVX + HMX power on and acquire
11138153892,EXECUTE,19553589,CYCLES,BACKEND,ROOT,Accelerator (execute) time (cycles)
11138153892,EXECUTE,19958,CYCLES,BACKEND,SUB-EVENT,Input OpId_2 (cycles)
11138153892,EXECUTE,39475,CYCLES,BACKEND,SUB-EVENT,hidden_states_ncf:OpId_17 (cycles)
11138153892,EXECUTE,163955,CYCLES,BACKEND,SUB-EVENT,past_value_nchw:OpId_20 (cycles)
11138153892,EXECUTE,15668,CYCLES,BACKEND,SUB-EVENT,rms_norm__Mul_1_output_0:OpId_24 (cycles)
11138153892,EXECUTE,27275,CYCLES,BACKEND,SUB-EVENT,_MatMul:OpId_29 (cycles)
11138153892,EXECUTE,0,CYCLES,BACKEND,SUB-EVENT,_MatMul_post_reshape:OpId_31 (cycles)
11138153892,EXECUTE,4256,CYCLES,BACKEND,SUB-EVENT,_MatMul_1:OpId_34 (cycles)
11138153892,EXECUTE,42331,CYCLES,BACKEND,SUB-EVENT,_MatMul_1_post_reshape:OpId_36 (cycles)
11138153892,EXECUTE,13953,CYCLES,BACKEND,SUB-EVENT,_MatMul_2:OpId_39 (cycles)
11138153892,EXECUTE,46646,CYCLES,BACKEND,SUB-EVENT,_MatMul_2_post_reshape:OpId_41 (cycles)
11138153892,EXECUTE,500,CYCLES,BACKEND,SUB-EVENT,_Transpose:OpId_43 (cycles)
11138153892,EXECUTE,3503,CYCLES,BACKEND,SUB-EVENT,_Transpose_1:OpId_45 (cycles)
11138153892,EXECUTE,3303,CYCLES,BACKEND,SUB-EVENT,_Transpose_2:OpId_47 (cycles)
11138153892,EXECUTE,51016,CYCLES,BACKEND,SUB-EVENT,_Slice:OpId_49 (cycles)
11138153892,EXECUTE,20133,CYCLES,BACKEND,SUB-EVENT,_Slice_1:OpId_55 (cycles)
11138153892,EXECUTE,2962,CYCLES,BACKEND,SUB-EVENT,_Mul_2:OpId_61 (cycles)
11138153892,EXECUTE,1297,CYCLES,BACKEND,SUB-EVENT,_Mul_3:OpId_64 (cycles)
11138153892,EXECUTE,265,CYCLES,BACKEND,SUB-EVENT,_Sub:OpId_66 (cycles)
11138153892,EXECUTE,2893,CYCLES,BACKEND,SUB-EVENT,_Mul_4:OpId_68 (cycles)
11138153892,EXECUTE,2719,CYCLES,BACKEND,SUB-EVENT,_Mul_5:OpId_70 (cycles)
11138153892,EXECUTE,5927,CYCLES,BACKEND,SUB-EVENT,_Add_4:OpId_72 (cycles)
11138153892,EXECUTE,0,CYCLES,BACKEND,SUB-EVENT,_Unsqueeze:OpId_74 (cycles)
11138153892,EXECUTE,0,CYCLES,BACKEND,SUB-EVENT,_Unsqueeze_1:OpId_75 (cycles)
11138153892,EXECUTE,912,CYCLES,BACKEND,SUB-EVENT,_Concat:OpId_76 (cycles)
11138153892,EXECUTE,7304,CYCLES,BACKEND,SUB-EVENT,_Reshape_3:OpId_78 (cycles)
11138153892,EXECUTE,80578,CYCLES,BACKEND,SUB-EVENT,_Slice_3:OpId_80 (cycles)
11138153892,EXECUTE,11190,CYCLES,BACKEND,SUB-EVENT,_Slice_4:OpId_86 (cycles)
11138153892,EXECUTE,29498,CYCLES,BACKEND,SUB-EVENT,_Mul_6:OpId_91 (cycles)
11138153892,EXECUTE,12769,CYCLES,BACKEND,SUB-EVENT,_Mul_7:OpId_93 (cycles)
11138153892,EXECUTE,1981,CYCLES,BACKEND,SUB-EVENT,_Sub_1:OpId_95 (cycles)
11138153892,EXECUTE,14289,CYCLES,BACKEND,SUB-EVENT,_Mul_8:OpId_97 (cycles)
11138153892,EXECUTE,806,CYCLES,BACKEND,SUB-EVENT,_Mul_9:OpId_99 (cycles)
11138153892,EXECUTE,6064,CYCLES,BACKEND,SUB-EVENT,_Add_5:OpId_101 (cycles)
11138153892,EXECUTE,0,CYCLES,BACKEND,SUB-EVENT,_Unsqueeze_2:OpId_103 (cycles)
11138153892,EXECUTE,0,CYCLES,BACKEND,SUB-EVENT,_Unsqueeze_3:OpId_104 (cycles)
11138153892,EXECUTE,12053,CYCLES,BACKEND,SUB-EVENT,_Concat_2:OpId_105 (cycles)
11138153892,EXECUTE,0,CYCLES,BACKEND,SUB-EVENT,_Reshape_4:OpId_107 (cycles)
11138153892,EXECUTE,486,CYCLES,BACKEND,SUB-EVENT,current_key_nhwc:OpId_109 (cycles)
11138153892,EXECUTE,15285,CYCLES,BACKEND,SUB-EVENT,_Concat_4:OpId_110 (cycles)
11138153892,EXECUTE,49942,CYCLES,BACKEND,SUB-EVENT,_Concat_5:OpId_112 (cycles)
11138153892,EXECUTE,17688919,CYCLES,BACKEND,SUB-EVENT,_QwenGqaFlashAttention:OpId_114 (cycles)
11138153892,EXECUTE,4978,CYCLES,BACKEND,SUB-EVENT,_Transpose_4:OpId_116 (cycles)
11138153892,EXECUTE,14243,CYCLES,BACKEND,SUB-EVENT,_MatMul_5:OpId_118 (cycles)
11138153892,EXECUTE,0,CYCLES,BACKEND,SUB-EVENT,_MatMul_5_post_reshape:OpId_121 (cycles)
11138153892,EXECUTE,0,CYCLES,BACKEND,SUB-EVENT,_MatMul_5_output_0_nfc:OpId_123 (cycles)
11138153892,EXECUTE,118080,CYCLES,BACKEND,SUB-EVENT,_Add_7:OpId_125 (cycles)
11138153892,EXECUTE,292,CYCLES,BACKEND,SUB-EVENT,_Add_7_output_0_ncf:OpId_128 (cycles)
11138153892,EXECUTE,1997,CYCLES,BACKEND,SUB-EVENT,rms_norm__Mul_11_output_0:OpId_133 (cycles)
11138153892,EXECUTE,0,CYCLES,BACKEND,SUB-EVENT,_MatMul_6:OpId_137 (cycles)
11138153892,EXECUTE,0,CYCLES,BACKEND,SUB-EVENT,_MatMul_6_post_reshape:OpId_140 (cycles)
11138153892,EXECUTE,313408,CYCLES,BACKEND,SUB-EVENT,_MatMul_7:OpId_142 (cycles)
11138153892,EXECUTE,0,CYCLES,BACKEND,SUB-EVENT,_MatMul_7_post_reshape:OpId_145 (cycles)
11138153892,EXECUTE,0,CYCLES,BACKEND,SUB-EVENT,_Sigmoid:OpId_146 (cycles)
11138153892,EXECUTE,246707,CYCLES,BACKEND,SUB-EVENT,_Mul_12:OpId_153 (cycles)
11138153892,EXECUTE,39928,CYCLES,BACKEND,SUB-EVENT,_Mul_13:OpId_155 (cycles)
11138153892,EXECUTE,397951,CYCLES,BACKEND,SUB-EVENT,_MatMul_8:OpId_158 (cycles)
11138153892,EXECUTE,0,CYCLES,BACKEND,SUB-EVENT,_MatMul_8_post_reshape:OpId_161 (cycles)
11138153892,EXECUTE,0,CYCLES,BACKEND,SUB-EVENT,_MatMul_8_output_0_nfc:OpId_163 (cycles)
11138153892,EXECUTE,14725,CYCLES,BACKEND,SUB-EVENT,_Add_9:OpId_165 (cycles)
11138153892,EXECUTE,1169,CYCLES,BACKEND,SUB-EVENT,Output OpId_3 (cycles)
11138153892,EXECUTE,16475,US,BACKEND,ROOT,Accelerator (execute) time
11138153892,EXECUTE,16343,US,BACKEND,ROOT,Accelerator (execute excluding wait) time
11138153892,EXECUTE,23283,US,BACKEND,ROOT,QNN (execute) time
11138182286,EXECUTE,24181,US,NETRUN,ROOT,Graph 0: qwen2_0_5b_layer0_decode_past128_flash_attention
11138182286,EXECUTE,4,COUNT,BACKEND,ROOT,Number of HVX threads used
11138182286,EXECUTE,22713,US,BACKEND,ROOT,RPC (execute) time
11138182286,EXECUTE,21626,US,BACKEND,ROOT,QNN accelerator (execute) time
11138182286,EXECUTE,0,COUNT,BACKEND,ROOT,Num times yield occured
11138182286,EXECUTE,843,US,BACKEND,ROOT,Time for initial VTCM acquire
11138182286,EXECUTE,293,US,BACKEND,ROOT,Time for HVX + HMX power on and acquire
11138182286,EXECUTE,19789472,CYCLES,BACKEND,ROOT,Accelerator (execute) time (cycles)
11138182286,EXECUTE,20998,CYCLES,BACKEND,SUB-EVENT,Input OpId_2 (cycles)
11138182286,EXECUTE,42006,CYCLES,BACKEND,SUB-EVENT,hidden_states_ncf:OpId_17 (cycles)
11138182286,EXECUTE,159757,CYCLES,BACKEND,SUB-EVENT,past_value_nchw:OpId_20 (cycles)
11138182286,EXECUTE,15036,CYCLES,BACKEND,SUB-EVENT,rms_norm__Mul_1_output_0:OpId_24 (cycles)
11138182286,EXECUTE,39048,CYCLES,BACKEND,SUB-EVENT,_MatMul:OpId_29 (cycles)
11138182286,EXECUTE,0,CYCLES,BACKEND,SUB-EVENT,_MatMul_post_reshape:OpId_31 (cycles)
11138182286,EXECUTE,2782,CYCLES,BACKEND,SUB-EVENT,_MatMul_1:OpId_34 (cycles)
11138182286,EXECUTE,45073,CYCLES,BACKEND,SUB-EVENT,_MatMul_1_post_reshape:OpId_36 (cycles)
11138182286,EXECUTE,10855,CYCLES,BACKEND,SUB-EVENT,_MatMul_2:OpId_39 (cycles)
11138182286,EXECUTE,49368,CYCLES,BACKEND,SUB-EVENT,_MatMul_2_post_reshape:OpId_41 (cycles)
11138182286,EXECUTE,526,CYCLES,BACKEND,SUB-EVENT,_Transpose:OpId_43 (cycles)
11138182286,EXECUTE,3662,CYCLES,BACKEND,SUB-EVENT,_Transpose_1:OpId_45 (cycles)
11138182286,EXECUTE,3423,CYCLES,BACKEND,SUB-EVENT,_Transpose_2:OpId_47 (cycles)
11138182286,EXECUTE,68593,CYCLES,BACKEND,SUB-EVENT,_Slice:OpId_49 (cycles)
11138182286,EXECUTE,26053,CYCLES,BACKEND,SUB-EVENT,_Slice_1:OpId_55 (cycles)
11138182286,EXECUTE,3042,CYCLES,BACKEND,SUB-EVENT,_Mul_2:OpId_61 (cycles)
11138182286,EXECUTE,1412,CYCLES,BACKEND,SUB-EVENT,_Mul_3:OpId_64 (cycles)
11138182286,EXECUTE,257,CYCLES,BACKEND,SUB-EVENT,_Sub:OpId_66 (cycles)
11138182286,EXECUTE,3080,CYCLES,BACKEND,SUB-EVENT,_Mul_4:OpId_68 (cycles)
11138182286,EXECUTE,3033,CYCLES,BACKEND,SUB-EVENT,_Mul_5:OpId_70 (cycles)
11138182286,EXECUTE,10538,CYCLES,BACKEND,SUB-EVENT,_Add_4:OpId_72 (cycles)
11138182286,EXECUTE,0,CYCLES,BACKEND,SUB-EVENT,_Unsqueeze:OpId_74 (cycles)
11138182286,EXECUTE,0,CYCLES,BACKEND,SUB-EVENT,_Unsqueeze_1:OpId_75 (cycles)
11138182286,EXECUTE,744,CYCLES,BACKEND,SUB-EVENT,_Concat:OpId_76 (cycles)
11138182286,EXECUTE,12994,CYCLES,BACKEND,SUB-EVENT,_Reshape_3:OpId_78 (cycles)
11138182286,EXECUTE,98988,CYCLES,BACKEND,SUB-EVENT,_Slice_3:OpId_80 (cycles)
11138182286,EXECUTE,14217,CYCLES,BACKEND,SUB-EVENT,_Slice_4:OpId_86 (cycles)
11138182286,EXECUTE,45725,CYCLES,BACKEND,SUB-EVENT,_Mul_6:OpId_91 (cycles)
11138182286,EXECUTE,31740,CYCLES,BACKEND,SUB-EVENT,_Mul_7:OpId_93 (cycles)
11138182286,EXECUTE,2380,CYCLES,BACKEND,SUB-EVENT,_Sub_1:OpId_95 (cycles)
11138182286,EXECUTE,31789,CYCLES,BACKEND,SUB-EVENT,_Mul_8:OpId_97 (cycles)
11138182286,EXECUTE,11475,CYCLES,BACKEND,SUB-EVENT,_Mul_9:OpId_99 (cycles)
11138182286,EXECUTE,7154,CYCLES,BACKEND,SUB-EVENT,_Add_5:OpId_101 (cycles)
11138182286,EXECUTE,0,CYCLES,BACKEND,SUB-EVENT,_Unsqueeze_2:OpId_103 (cycles)
11138182286,EXECUTE,0,CYCLES,BACKEND,SUB-EVENT,_Unsqueeze_3:OpId_104 (cycles)
11138182286,EXECUTE,17824,CYCLES,BACKEND,SUB-EVENT,_Concat_2:OpId_105 (cycles)
11138182286,EXECUTE,0,CYCLES,BACKEND,SUB-EVENT,_Reshape_4:OpId_107 (cycles)
11138182286,EXECUTE,466,CYCLES,BACKEND,SUB-EVENT,current_key_nhwc:OpId_109 (cycles)
11138182286,EXECUTE,17929,CYCLES,BACKEND,SUB-EVENT,_Concat_4:OpId_110 (cycles)
11138182286,EXECUTE,56522,CYCLES,BACKEND,SUB-EVENT,_Concat_5:OpId_112 (cycles)
11138182286,EXECUTE,17713003,CYCLES,BACKEND,SUB-EVENT,_QwenGqaFlashAttention:OpId_114 (cycles)
11138182286,EXECUTE,4867,CYCLES,BACKEND,SUB-EVENT,_Transpose_4:OpId_116 (cycles)
11138182286,EXECUTE,14295,CYCLES,BACKEND,SUB-EVENT,_MatMul_5:OpId_118 (cycles)
11138182286,EXECUTE,0,CYCLES,BACKEND,SUB-EVENT,_MatMul_5_post_reshape:OpId_121 (cycles)
11138182286,EXECUTE,0,CYCLES,BACKEND,SUB-EVENT,_MatMul_5_output_0_nfc:OpId_123 (cycles)
11138182286,EXECUTE,177625,CYCLES,BACKEND,SUB-EVENT,_Add_7:OpId_125 (cycles)
11138182286,EXECUTE,302,CYCLES,BACKEND,SUB-EVENT,_Add_7_output_0_ncf:OpId_128 (cycles)
11138182286,EXECUTE,2016,CYCLES,BACKEND,SUB-EVENT,rms_norm__Mul_11_output_0:OpId_133 (cycles)
11138182286,EXECUTE,0,CYCLES,BACKEND,SUB-EVENT,_MatMul_6:OpId_137 (cycles)
11138182286,EXECUTE,0,CYCLES,BACKEND,SUB-EVENT,_MatMul_6_post_reshape:OpId_140 (cycles)
11138182286,EXECUTE,320457,CYCLES,BACKEND,SUB-EVENT,_MatMul_7:OpId_142 (cycles)
11138182286,EXECUTE,0,CYCLES,BACKEND,SUB-EVENT,_MatMul_7_post_reshape:OpId_145 (cycles)
11138182286,EXECUTE,0,CYCLES,BACKEND,SUB-EVENT,_Sigmoid:OpId_146 (cycles)
11138182286,EXECUTE,249833,CYCLES,BACKEND,SUB-EVENT,_Mul_12:OpId_153 (cycles)
11138182286,EXECUTE,34748,CYCLES,BACKEND,SUB-EVENT,_Mul_13:OpId_155 (cycles)
11138182286,EXECUTE,397861,CYCLES,BACKEND,SUB-EVENT,_MatMul_8:OpId_158 (cycles)
11138182286,EXECUTE,0,CYCLES,BACKEND,SUB-EVENT,_MatMul_8_post_reshape:OpId_161 (cycles)
11138182286,EXECUTE,0,CYCLES,BACKEND,SUB-EVENT,_MatMul_8_output_0_nfc:OpId_163 (cycles)
11138182286,EXECUTE,14862,CYCLES,BACKEND,SUB-EVENT,_Add_9:OpId_165 (cycles)
11138182286,EXECUTE,1114,CYCLES,BACKEND,SUB-EVENT,Output OpId_3 (cycles)
11138182286,EXECUTE,16759,US,BACKEND,ROOT,Accelerator (execute) time
11138182286,EXECUTE,16607,US,BACKEND,ROOT,Accelerator (execute excluding wait) time
11138182286,EXECUTE,24123,US,BACKEND,ROOT,QNN (execute) time
11138185112,EXECUTE IPS,37.245750,INF/SEC,NETRUN,ROOT,null
