input log file location, qwen_block_custom_qnn/device_output/nchw_value_cache_profile/qnn-profiling-data_0.log
qnn-profile-viewer version, v2.47.0.260601114230
qnn-net-run version, v2.47.0.260601114230
Backend version, v2.47.0.260601114230
Msg Timestamp, Message, Time, Unit of Measurement, Timing Source, Event Level, Event Identifier
8051253441,INIT,442409,US,NETRUN,ROOT,null
8051399184,COMPOSE GRAPHS,143620,US,NETRUN,ROOT,null
8051698270,FINALIZE,298743,US,NETRUN,ROOT,Graph 0: qwen2_0_5b_layer0_decode_past128_nchw_value_cache
8051698270,FINALIZE,6123,US,BACKEND,ROOT,RPC (finalize) time
8051698270,FINALIZE,4514,US,BACKEND,ROOT,QNN accelerator (finalize) time
8051698270,FINALIZE,4400,US,BACKEND,ROOT,Accelerator (finalize) time
8051698270,FINALIZE,298699,US,BACKEND,ROOT,QNN (finalize) time
8051698270,FINALIZE,163,US,BACKEND,SUB-EVENT,Graph Preparation Initializing
8051698270,FINALIZE,237480,US,BACKEND,SUB-EVENT,Graph Optimizations
8051698270,FINALIZE,2048,US,BACKEND,SUB-EVENT,Post Graph Optimization
8051698270,FINALIZE,13048,US,BACKEND,SUB-EVENT,Graph Sequencing for Target
8051698270,FINALIZE,1599,US,BACKEND,SUB-EVENT,VTCM Allocation
8051698270,FINALIZE,1042,US,BACKEND,SUB-EVENT,Parallelization Optimization
8051698270,FINALIZE,1256,US,BACKEND,SUB-EVENT,Finalizing Graph Sequence
8051698270,FINALIZE,59,US,BACKEND,SUB-EVENT,Completion
8051928725,DE-INIT,75295,US,NETRUN,ROOT,null
8051928725,DE-INIT,8909,US,BACKEND,ROOT,RPC (deinit) time
8051928725,DE-INIT,7492,US,BACKEND,ROOT,QNN Accelerator (deinit) time
8051928725,DE-INIT,7367,US,BACKEND,ROOT,Accelerator (deinit) time
8051928725,DE-INIT,75269,US,BACKEND,ROOT,QNN (deinit) time
8051719646,EXECUTE,20191,US,NETRUN,ROOT,Graph 0: qwen2_0_5b_layer0_decode_past128_nchw_value_cache
8051719646,EXECUTE,4,COUNT,BACKEND,ROOT,Number of HVX threads used
8051719646,EXECUTE,19875,US,BACKEND,ROOT,RPC (execute) time
8051719646,EXECUTE,18028,US,BACKEND,ROOT,QNN accelerator (execute) time
8051719646,EXECUTE,0,COUNT,BACKEND,ROOT,Num times yield occured
8051719646,EXECUTE,697,US,BACKEND,ROOT,Time for initial VTCM acquire
8051719646,EXECUTE,34084,US,BACKEND,ROOT,Time for HVX + HMX power on and acquire
8051719646,EXECUTE,1219010,CYCLES,BACKEND,ROOT,Accelerator (execute) time (cycles)
8051719646,EXECUTE,21874,CYCLES,BACKEND,SUB-EVENT,Input OpId_2 (cycles)
8051719646,EXECUTE,4865,CYCLES,BACKEND,SUB-EVENT,hidden_states_ncf:OpId_17 (cycles)
8051719646,EXECUTE,11727,CYCLES,BACKEND,SUB-EVENT,rms_norm__Mul_1_output_0:OpId_22 (cycles)
8051719646,EXECUTE,45766,CYCLES,BACKEND,SUB-EVENT,_MatMul:OpId_27 (cycles)
8051719646,EXECUTE,0,CYCLES,BACKEND,SUB-EVENT,_MatMul_post_reshape:OpId_29 (cycles)
8051719646,EXECUTE,6857,CYCLES,BACKEND,SUB-EVENT,_MatMul_1:OpId_32 (cycles)
8051719646,EXECUTE,5094,CYCLES,BACKEND,SUB-EVENT,_MatMul_1_post_reshape:OpId_34 (cycles)
8051719646,EXECUTE,1595,CYCLES,BACKEND,SUB-EVENT,_MatMul_2:OpId_37 (cycles)
8051719646,EXECUTE,3297,CYCLES,BACKEND,SUB-EVENT,_MatMul_2_post_reshape:OpId_39 (cycles)
8051719646,EXECUTE,563,CYCLES,BACKEND,SUB-EVENT,_Transpose:OpId_41 (cycles)
8051719646,EXECUTE,3077,CYCLES,BACKEND,SUB-EVENT,_Transpose_1:OpId_43 (cycles)
8051719646,EXECUTE,2856,CYCLES,BACKEND,SUB-EVENT,_Transpose_2:OpId_45 (cycles)
8051719646,EXECUTE,23350,CYCLES,BACKEND,SUB-EVENT,_Slice:OpId_47 (cycles)
8051719646,EXECUTE,4638,CYCLES,BACKEND,SUB-EVENT,_Slice_1:OpId_53 (cycles)
8051719646,EXECUTE,1766,CYCLES,BACKEND,SUB-EVENT,_Mul_2:OpId_59 (cycles)
8051719646,EXECUTE,1669,CYCLES,BACKEND,SUB-EVENT,_Mul_3:OpId_62 (cycles)
8051719646,EXECUTE,228,CYCLES,BACKEND,SUB-EVENT,_Sub:OpId_64 (cycles)
8051719646,EXECUTE,1841,CYCLES,BACKEND,SUB-EVENT,_Mul_4:OpId_66 (cycles)
8051719646,EXECUTE,1781,CYCLES,BACKEND,SUB-EVENT,_Mul_5:OpId_68 (cycles)
8051719646,EXECUTE,2304,CYCLES,BACKEND,SUB-EVENT,_Add_4:OpId_70 (cycles)
8051719646,EXECUTE,0,CYCLES,BACKEND,SUB-EVENT,_Unsqueeze:OpId_72 (cycles)
8051719646,EXECUTE,0,CYCLES,BACKEND,SUB-EVENT,_Unsqueeze_1:OpId_73 (cycles)
8051719646,EXECUTE,863,CYCLES,BACKEND,SUB-EVENT,_Concat:OpId_74 (cycles)
8051719646,EXECUTE,546,CYCLES,BACKEND,SUB-EVENT,_Reshape_3:OpId_76 (cycles)
8051719646,EXECUTE,29826,CYCLES,BACKEND,SUB-EVENT,_Slice_3:OpId_78 (cycles)
8051719646,EXECUTE,5174,CYCLES,BACKEND,SUB-EVENT,_Slice_4:OpId_84 (cycles)
8051719646,EXECUTE,4513,CYCLES,BACKEND,SUB-EVENT,_Mul_6:OpId_89 (cycles)
8051719646,EXECUTE,4414,CYCLES,BACKEND,SUB-EVENT,_Mul_7:OpId_91 (cycles)
8051719646,EXECUTE,545,CYCLES,BACKEND,SUB-EVENT,_Sub_1:OpId_93 (cycles)
8051719646,EXECUTE,4465,CYCLES,BACKEND,SUB-EVENT,_Mul_8:OpId_95 (cycles)
8051719646,EXECUTE,3242,CYCLES,BACKEND,SUB-EVENT,_Mul_9:OpId_97 (cycles)
8051719646,EXECUTE,1233,CYCLES,BACKEND,SUB-EVENT,_Add_5:OpId_99 (cycles)
8051719646,EXECUTE,0,CYCLES,BACKEND,SUB-EVENT,_Unsqueeze_2:OpId_101 (cycles)
8051719646,EXECUTE,0,CYCLES,BACKEND,SUB-EVENT,_Unsqueeze_3:OpId_102 (cycles)
8051719646,EXECUTE,2654,CYCLES,BACKEND,SUB-EVENT,_Concat_2:OpId_103 (cycles)
8051719646,EXECUTE,0,CYCLES,BACKEND,SUB-EVENT,_Reshape_4:OpId_105 (cycles)
8051719646,EXECUTE,938,CYCLES,BACKEND,SUB-EVENT,current_key_nhwc:OpId_107 (cycles)
8051719646,EXECUTE,3461,CYCLES,BACKEND,SUB-EVENT,_Concat_4:OpId_108 (cycles)
8051719646,EXECUTE,348184,CYCLES,BACKEND,SUB-EVENT,_Concat_4_output_0_nchw:OpId_111 (cycles)
8051719646,EXECUTE,6681,CYCLES,BACKEND,SUB-EVENT,_Concat_5:OpId_112 (cycles)
8051719646,EXECUTE,0,CYCLES,BACKEND,SUB-EVENT,_Unsqueeze_4:OpId_114 (cycles)
8051719646,EXECUTE,31567,CYCLES,BACKEND,SUB-EVENT,_MatMul_3:OpId_115 (cycles)
8051719646,EXECUTE,5718,CYCLES,BACKEND,SUB-EVENT,_Div_1:OpId_120 (cycles)
8051719646,EXECUTE,0,CYCLES,BACKEND,SUB-EVENT,_Add_6:OpId_123 (cycles)
8051719646,EXECUTE,20730,CYCLES,BACKEND,SUB-EVENT,_Softmax:OpId_125 (cycles)
8051719646,EXECUTE,0,CYCLES,BACKEND,SUB-EVENT,_Unsqueeze_5:OpId_128 (cycles)
8051719646,EXECUTE,40310,CYCLES,BACKEND,SUB-EVENT,_MatMul_4:OpId_129 (cycles)
8051719646,EXECUTE,0,CYCLES,BACKEND,SUB-EVENT,_Reshape_6:OpId_133 (cycles)
8051719646,EXECUTE,0,CYCLES,BACKEND,SUB-EVENT,_Transpose_4:OpId_135 (cycles)
8051719646,EXECUTE,12606,CYCLES,BACKEND,SUB-EVENT,_MatMul_5:OpId_137 (cycles)
8051719646,EXECUTE,0,CYCLES,BACKEND,SUB-EVENT,_MatMul_5_post_reshape:OpId_140 (cycles)
8051719646,EXECUTE,0,CYCLES,BACKEND,SUB-EVENT,_MatMul_5_output_0_nfc:OpId_142 (cycles)
8051719646,EXECUTE,62697,CYCLES,BACKEND,SUB-EVENT,_Add_7:OpId_144 (cycles)
8051719646,EXECUTE,267,CYCLES,BACKEND,SUB-EVENT,_Add_7_output_0_ncf:OpId_147 (cycles)
8051719646,EXECUTE,2010,CYCLES,BACKEND,SUB-EVENT,rms_norm__Mul_11_output_0:OpId_152 (cycles)
8051719646,EXECUTE,0,CYCLES,BACKEND,SUB-EVENT,_MatMul_6:OpId_156 (cycles)
8051719646,EXECUTE,0,CYCLES,BACKEND,SUB-EVENT,_MatMul_6_post_reshape:OpId_159 (cycles)
8051719646,EXECUTE,157686,CYCLES,BACKEND,SUB-EVENT,_MatMul_7:OpId_161 (cycles)
8051719646,EXECUTE,0,CYCLES,BACKEND,SUB-EVENT,_MatMul_7_post_reshape:OpId_164 (cycles)
8051719646,EXECUTE,0,CYCLES,BACKEND,SUB-EVENT,_Sigmoid:OpId_165 (cycles)
8051719646,EXECUTE,128570,CYCLES,BACKEND,SUB-EVENT,_Mul_12:OpId_172 (cycles)
8051719646,EXECUTE,17974,CYCLES,BACKEND,SUB-EVENT,_Mul_13:OpId_174 (cycles)
8051719646,EXECUTE,156046,CYCLES,BACKEND,SUB-EVENT,_MatMul_8:OpId_177 (cycles)
8051719646,EXECUTE,0,CYCLES,BACKEND,SUB-EVENT,_MatMul_8_post_reshape:OpId_180 (cycles)
8051719646,EXECUTE,0,CYCLES,BACKEND,SUB-EVENT,_MatMul_8_output_0_nfc:OpId_182 (cycles)
8051719646,EXECUTE,15012,CYCLES,BACKEND,SUB-EVENT,_Add_9:OpId_184 (cycles)
8051719646,EXECUTE,5930,CYCLES,BACKEND,SUB-EVENT,Output OpId_3 (cycles)
8051719646,EXECUTE,4466,US,BACKEND,ROOT,Accelerator (execute) time
8051719646,EXECUTE,2580,US,BACKEND,ROOT,Accelerator (execute excluding wait) time
8051719646,EXECUTE,20166,US,BACKEND,ROOT,QNN (execute) time
8051731048,EXECUTE,9784,US,NETRUN,ROOT,Graph 0: qwen2_0_5b_layer0_decode_past128_nchw_value_cache
8051731048,EXECUTE,4,COUNT,BACKEND,ROOT,Number of HVX threads used
8051731048,EXECUTE,9299,US,BACKEND,ROOT,RPC (execute) time
8051731048,EXECUTE,7107,US,BACKEND,ROOT,QNN accelerator (execute) time
8051731048,EXECUTE,0,COUNT,BACKEND,ROOT,Num times yield occured
8051731048,EXECUTE,677,US,BACKEND,ROOT,Time for initial VTCM acquire
8051731048,EXECUTE,227,US,BACKEND,ROOT,Time for HVX + HMX power on and acquire
8051731048,EXECUTE,1258752,CYCLES,BACKEND,ROOT,Accelerator (execute) time (cycles)
8051731048,EXECUTE,43629,CYCLES,BACKEND,SUB-EVENT,Input OpId_2 (cycles)
8051731048,EXECUTE,20378,CYCLES,BACKEND,SUB-EVENT,hidden_states_ncf:OpId_17 (cycles)
8051731048,EXECUTE,12992,CYCLES,BACKEND,SUB-EVENT,rms_norm__Mul_1_output_0:OpId_22 (cycles)
8051731048,EXECUTE,42706,CYCLES,BACKEND,SUB-EVENT,_MatMul:OpId_27 (cycles)
8051731048,EXECUTE,0,CYCLES,BACKEND,SUB-EVENT,_MatMul_post_reshape:OpId_29 (cycles)
8051731048,EXECUTE,5094,CYCLES,BACKEND,SUB-EVENT,_MatMul_1:OpId_32 (cycles)
8051731048,EXECUTE,7511,CYCLES,BACKEND,SUB-EVENT,_MatMul_1_post_reshape:OpId_34 (cycles)
8051731048,EXECUTE,2433,CYCLES,BACKEND,SUB-EVENT,_MatMul_2:OpId_37 (cycles)
8051731048,EXECUTE,5817,CYCLES,BACKEND,SUB-EVENT,_MatMul_2_post_reshape:OpId_39 (cycles)
8051731048,EXECUTE,503,CYCLES,BACKEND,SUB-EVENT,_Transpose:OpId_41 (cycles)
8051731048,EXECUTE,3252,CYCLES,BACKEND,SUB-EVENT,_Transpose_1:OpId_43 (cycles)
8051731048,EXECUTE,2940,CYCLES,BACKEND,SUB-EVENT,_Transpose_2:OpId_45 (cycles)
8051731048,EXECUTE,21590,CYCLES,BACKEND,SUB-EVENT,_Slice:OpId_47 (cycles)
8051731048,EXECUTE,5584,CYCLES,BACKEND,SUB-EVENT,_Slice_1:OpId_53 (cycles)
8051731048,EXECUTE,2506,CYCLES,BACKEND,SUB-EVENT,_Mul_2:OpId_59 (cycles)
8051731048,EXECUTE,1300,CYCLES,BACKEND,SUB-EVENT,_Mul_3:OpId_62 (cycles)
8051731048,EXECUTE,250,CYCLES,BACKEND,SUB-EVENT,_Sub:OpId_64 (cycles)
8051731048,EXECUTE,1911,CYCLES,BACKEND,SUB-EVENT,_Mul_4:OpId_66 (cycles)
8051731048,EXECUTE,2524,CYCLES,BACKEND,SUB-EVENT,_Mul_5:OpId_68 (cycles)
8051731048,EXECUTE,3407,CYCLES,BACKEND,SUB-EVENT,_Add_4:OpId_70 (cycles)
8051731048,EXECUTE,0,CYCLES,BACKEND,SUB-EVENT,_Unsqueeze:OpId_72 (cycles)
8051731048,EXECUTE,0,CYCLES,BACKEND,SUB-EVENT,_Unsqueeze_1:OpId_73 (cycles)
8051731048,EXECUTE,774,CYCLES,BACKEND,SUB-EVENT,_Concat:OpId_74 (cycles)
8051731048,EXECUTE,520,CYCLES,BACKEND,SUB-EVENT,_Reshape_3:OpId_76 (cycles)
8051731048,EXECUTE,26647,CYCLES,BACKEND,SUB-EVENT,_Slice_3:OpId_78 (cycles)
8051731048,EXECUTE,5600,CYCLES,BACKEND,SUB-EVENT,_Slice_4:OpId_84 (cycles)
8051731048,EXECUTE,13283,CYCLES,BACKEND,SUB-EVENT,_Mul_6:OpId_89 (cycles)
8051731048,EXECUTE,11655,CYCLES,BACKEND,SUB-EVENT,_Mul_7:OpId_91 (cycles)
8051731048,EXECUTE,2019,CYCLES,BACKEND,SUB-EVENT,_Sub_1:OpId_93 (cycles)
8051731048,EXECUTE,13218,CYCLES,BACKEND,SUB-EVENT,_Mul_8:OpId_95 (cycles)
8051731048,EXECUTE,11630,CYCLES,BACKEND,SUB-EVENT,_Mul_9:OpId_97 (cycles)
8051731048,EXECUTE,2836,CYCLES,BACKEND,SUB-EVENT,_Add_5:OpId_99 (cycles)
8051731048,EXECUTE,0,CYCLES,BACKEND,SUB-EVENT,_Unsqueeze_2:OpId_101 (cycles)
8051731048,EXECUTE,0,CYCLES,BACKEND,SUB-EVENT,_Unsqueeze_3:OpId_102 (cycles)
8051731048,EXECUTE,6106,CYCLES,BACKEND,SUB-EVENT,_Concat_2:OpId_103 (cycles)
8051731048,EXECUTE,0,CYCLES,BACKEND,SUB-EVENT,_Reshape_4:OpId_105 (cycles)
8051731048,EXECUTE,920,CYCLES,BACKEND,SUB-EVENT,current_key_nhwc:OpId_107 (cycles)
8051731048,EXECUTE,3346,CYCLES,BACKEND,SUB-EVENT,_Concat_4:OpId_108 (cycles)
8051731048,EXECUTE,376557,CYCLES,BACKEND,SUB-EVENT,_Concat_4_output_0_nchw:OpId_111 (cycles)
8051731048,EXECUTE,7284,CYCLES,BACKEND,SUB-EVENT,_Concat_5:OpId_112 (cycles)
8051731048,EXECUTE,0,CYCLES,BACKEND,SUB-EVENT,_Unsqueeze_4:OpId_114 (cycles)
8051731048,EXECUTE,33586,CYCLES,BACKEND,SUB-EVENT,_MatMul_3:OpId_115 (cycles)
8051731048,EXECUTE,8637,CYCLES,BACKEND,SUB-EVENT,_Div_1:OpId_120 (cycles)
8051731048,EXECUTE,0,CYCLES,BACKEND,SUB-EVENT,_Add_6:OpId_123 (cycles)
8051731048,EXECUTE,21384,CYCLES,BACKEND,SUB-EVENT,_Softmax:OpId_125 (cycles)
8051731048,EXECUTE,0,CYCLES,BACKEND,SUB-EVENT,_Unsqueeze_5:OpId_128 (cycles)
8051731048,EXECUTE,39314,CYCLES,BACKEND,SUB-EVENT,_MatMul_4:OpId_129 (cycles)
8051731048,EXECUTE,0,CYCLES,BACKEND,SUB-EVENT,_Reshape_6:OpId_133 (cycles)
8051731048,EXECUTE,0,CYCLES,BACKEND,SUB-EVENT,_Transpose_4:OpId_135 (cycles)
8051731048,EXECUTE,17118,CYCLES,BACKEND,SUB-EVENT,_MatMul_5:OpId_137 (cycles)
8051731048,EXECUTE,0,CYCLES,BACKEND,SUB-EVENT,_MatMul_5_post_reshape:OpId_140 (cycles)
8051731048,EXECUTE,0,CYCLES,BACKEND,SUB-EVENT,_MatMul_5_output_0_nfc:OpId_142 (cycles)
8051731048,EXECUTE,80487,CYCLES,BACKEND,SUB-EVENT,_Add_7:OpId_144 (cycles)
8051731048,EXECUTE,277,CYCLES,BACKEND,SUB-EVENT,_Add_7_output_0_ncf:OpId_147 (cycles)
8051731048,EXECUTE,2737,CYCLES,BACKEND,SUB-EVENT,rms_norm__Mul_11_output_0:OpId_152 (cycles)
8051731048,EXECUTE,0,CYCLES,BACKEND,SUB-EVENT,_MatMul_6:OpId_156 (cycles)
8051731048,EXECUTE,0,CYCLES,BACKEND,SUB-EVENT,_MatMul_6_post_reshape:OpId_159 (cycles)
8051731048,EXECUTE,90479,CYCLES,BACKEND,SUB-EVENT,_MatMul_7:OpId_161 (cycles)
8051731048,EXECUTE,0,CYCLES,BACKEND,SUB-EVENT,_MatMul_7_post_reshape:OpId_164 (cycles)
8051731048,EXECUTE,0,CYCLES,BACKEND,SUB-EVENT,_Sigmoid:OpId_165 (cycles)
8051731048,EXECUTE,100811,CYCLES,BACKEND,SUB-EVENT,_Mul_12:OpId_172 (cycles)
8051731048,EXECUTE,18870,CYCLES,BACKEND,SUB-EVENT,_Mul_13:OpId_174 (cycles)
8051731048,EXECUTE,155827,CYCLES,BACKEND,SUB-EVENT,_MatMul_8:OpId_177 (cycles)
8051731048,EXECUTE,0,CYCLES,BACKEND,SUB-EVENT,_MatMul_8_post_reshape:OpId_180 (cycles)
8051731048,EXECUTE,0,CYCLES,BACKEND,SUB-EVENT,_MatMul_8_output_0_nfc:OpId_182 (cycles)
8051731048,EXECUTE,15003,CYCLES,BACKEND,SUB-EVENT,_Add_9:OpId_184 (cycles)
8051731048,EXECUTE,5500,CYCLES,BACKEND,SUB-EVENT,Output OpId_3 (cycles)
8051731048,EXECUTE,2668,US,BACKEND,ROOT,Accelerator (execute) time
8051731048,EXECUTE,2535,US,BACKEND,ROOT,Accelerator (execute excluding wait) time
8051731048,EXECUTE,9756,US,BACKEND,ROOT,QNN (execute) time
8051741946,EXECUTE,9215,US,NETRUN,ROOT,Graph 0: qwen2_0_5b_layer0_decode_past128_nchw_value_cache
8051741946,EXECUTE,4,COUNT,BACKEND,ROOT,Number of HVX threads used
8051741946,EXECUTE,8664,US,BACKEND,ROOT,RPC (execute) time
8051741946,EXECUTE,6757,US,BACKEND,ROOT,QNN accelerator (execute) time
8051741946,EXECUTE,0,COUNT,BACKEND,ROOT,Num times yield occured
8051741946,EXECUTE,500,US,BACKEND,ROOT,Time for initial VTCM acquire
8051741946,EXECUTE,171,US,BACKEND,ROOT,Time for HVX + HMX power on and acquire
8051741946,EXECUTE,1212247,CYCLES,BACKEND,ROOT,Accelerator (execute) time (cycles)
8051741946,EXECUTE,37680,CYCLES,BACKEND,SUB-EVENT,Input OpId_2 (cycles)
8051741946,EXECUTE,11315,CYCLES,BACKEND,SUB-EVENT,hidden_states_ncf:OpId_17 (cycles)
8051741946,EXECUTE,8725,CYCLES,BACKEND,SUB-EVENT,rms_norm__Mul_1_output_0:OpId_22 (cycles)
8051741946,EXECUTE,23881,CYCLES,BACKEND,SUB-EVENT,_MatMul:OpId_27 (cycles)
8051741946,EXECUTE,0,CYCLES,BACKEND,SUB-EVENT,_MatMul_post_reshape:OpId_29 (cycles)
8051741946,EXECUTE,5655,CYCLES,BACKEND,SUB-EVENT,_MatMul_1:OpId_32 (cycles)
8051741946,EXECUTE,12935,CYCLES,BACKEND,SUB-EVENT,_MatMul_1_post_reshape:OpId_34 (cycles)
8051741946,EXECUTE,1486,CYCLES,BACKEND,SUB-EVENT,_MatMul_2:OpId_37 (cycles)
8051741946,EXECUTE,11208,CYCLES,BACKEND,SUB-EVENT,_MatMul_2_post_reshape:OpId_39 (cycles)
8051741946,EXECUTE,523,CYCLES,BACKEND,SUB-EVENT,_Transpose:OpId_41 (cycles)
8051741946,EXECUTE,1600,CYCLES,BACKEND,SUB-EVENT,_Transpose_1:OpId_43 (cycles)
8051741946,EXECUTE,1311,CYCLES,BACKEND,SUB-EVENT,_Transpose_2:OpId_45 (cycles)
8051741946,EXECUTE,22835,CYCLES,BACKEND,SUB-EVENT,_Slice:OpId_47 (cycles)
8051741946,EXECUTE,5528,CYCLES,BACKEND,SUB-EVENT,_Slice_1:OpId_53 (cycles)
8051741946,EXECUTE,2539,CYCLES,BACKEND,SUB-EVENT,_Mul_2:OpId_59 (cycles)
8051741946,EXECUTE,1346,CYCLES,BACKEND,SUB-EVENT,_Mul_3:OpId_62 (cycles)
8051741946,EXECUTE,229,CYCLES,BACKEND,SUB-EVENT,_Sub:OpId_64 (cycles)
8051741946,EXECUTE,1918,CYCLES,BACKEND,SUB-EVENT,_Mul_4:OpId_66 (cycles)
8051741946,EXECUTE,2550,CYCLES,BACKEND,SUB-EVENT,_Mul_5:OpId_68 (cycles)
8051741946,EXECUTE,1910,CYCLES,BACKEND,SUB-EVENT,_Add_4:OpId_70 (cycles)
8051741946,EXECUTE,0,CYCLES,BACKEND,SUB-EVENT,_Unsqueeze:OpId_72 (cycles)
8051741946,EXECUTE,0,CYCLES,BACKEND,SUB-EVENT,_Unsqueeze_1:OpId_73 (cycles)
8051741946,EXECUTE,825,CYCLES,BACKEND,SUB-EVENT,_Concat:OpId_74 (cycles)
8051741946,EXECUTE,558,CYCLES,BACKEND,SUB-EVENT,_Reshape_3:OpId_76 (cycles)
8051741946,EXECUTE,39076,CYCLES,BACKEND,SUB-EVENT,_Slice_3:OpId_78 (cycles)
8051741946,EXECUTE,7033,CYCLES,BACKEND,SUB-EVENT,_Slice_4:OpId_84 (cycles)
8051741946,EXECUTE,12789,CYCLES,BACKEND,SUB-EVENT,_Mul_6:OpId_89 (cycles)
8051741946,EXECUTE,11836,CYCLES,BACKEND,SUB-EVENT,_Mul_7:OpId_91 (cycles)
8051741946,EXECUTE,2031,CYCLES,BACKEND,SUB-EVENT,_Sub_1:OpId_93 (cycles)
8051741946,EXECUTE,12721,CYCLES,BACKEND,SUB-EVENT,_Mul_8:OpId_95 (cycles)
8051741946,EXECUTE,11644,CYCLES,BACKEND,SUB-EVENT,_Mul_9:OpId_97 (cycles)
8051741946,EXECUTE,2402,CYCLES,BACKEND,SUB-EVENT,_Add_5:OpId_99 (cycles)
8051741946,EXECUTE,0,CYCLES,BACKEND,SUB-EVENT,_Unsqueeze_2:OpId_101 (cycles)
8051741946,EXECUTE,0,CYCLES,BACKEND,SUB-EVENT,_Unsqueeze_3:OpId_102 (cycles)
8051741946,EXECUTE,4422,CYCLES,BACKEND,SUB-EVENT,_Concat_2:OpId_103 (cycles)
8051741946,EXECUTE,0,CYCLES,BACKEND,SUB-EVENT,_Reshape_4:OpId_105 (cycles)
8051741946,EXECUTE,1679,CYCLES,BACKEND,SUB-EVENT,current_key_nhwc:OpId_107 (cycles)
8051741946,EXECUTE,3808,CYCLES,BACKEND,SUB-EVENT,_Concat_4:OpId_108 (cycles)
8051741946,EXECUTE,376703,CYCLES,BACKEND,SUB-EVENT,_Concat_4_output_0_nchw:OpId_111 (cycles)
8051741946,EXECUTE,7557,CYCLES,BACKEND,SUB-EVENT,_Concat_5:OpId_112 (cycles)
8051741946,EXECUTE,0,CYCLES,BACKEND,SUB-EVENT,_Unsqueeze_4:OpId_114 (cycles)
8051741946,EXECUTE,33248,CYCLES,BACKEND,SUB-EVENT,_MatMul_3:OpId_115 (cycles)
8051741946,EXECUTE,8231,CYCLES,BACKEND,SUB-EVENT,_Div_1:OpId_120 (cycles)
8051741946,EXECUTE,0,CYCLES,BACKEND,SUB-EVENT,_Add_6:OpId_123 (cycles)
8051741946,EXECUTE,17275,CYCLES,BACKEND,SUB-EVENT,_Softmax:OpId_125 (cycles)
8051741946,EXECUTE,0,CYCLES,BACKEND,SUB-EVENT,_Unsqueeze_5:OpId_128 (cycles)
8051741946,EXECUTE,43321,CYCLES,BACKEND,SUB-EVENT,_MatMul_4:OpId_129 (cycles)
8051741946,EXECUTE,0,CYCLES,BACKEND,SUB-EVENT,_Reshape_6:OpId_133 (cycles)
8051741946,EXECUTE,0,CYCLES,BACKEND,SUB-EVENT,_Transpose_4:OpId_135 (cycles)
8051741946,EXECUTE,14544,CYCLES,BACKEND,SUB-EVENT,_MatMul_5:OpId_137 (cycles)
8051741946,EXECUTE,0,CYCLES,BACKEND,SUB-EVENT,_MatMul_5_post_reshape:OpId_140 (cycles)
8051741946,EXECUTE,0,CYCLES,BACKEND,SUB-EVENT,_MatMul_5_output_0_nfc:OpId_142 (cycles)
8051741946,EXECUTE,59361,CYCLES,BACKEND,SUB-EVENT,_Add_7:OpId_144 (cycles)
8051741946,EXECUTE,297,CYCLES,BACKEND,SUB-EVENT,_Add_7_output_0_ncf:OpId_147 (cycles)
8051741946,EXECUTE,2895,CYCLES,BACKEND,SUB-EVENT,rms_norm__Mul_11_output_0:OpId_152 (cycles)
8051741946,EXECUTE,0,CYCLES,BACKEND,SUB-EVENT,_MatMul_6:OpId_156 (cycles)
8051741946,EXECUTE,0,CYCLES,BACKEND,SUB-EVENT,_MatMul_6_post_reshape:OpId_159 (cycles)
8051741946,EXECUTE,91103,CYCLES,BACKEND,SUB-EVENT,_MatMul_7:OpId_161 (cycles)
8051741946,EXECUTE,0,CYCLES,BACKEND,SUB-EVENT,_MatMul_7_post_reshape:OpId_164 (cycles)
8051741946,EXECUTE,0,CYCLES,BACKEND,SUB-EVENT,_Sigmoid:OpId_165 (cycles)
8051741946,EXECUTE,95743,CYCLES,BACKEND,SUB-EVENT,_Mul_12:OpId_172 (cycles)
8051741946,EXECUTE,21445,CYCLES,BACKEND,SUB-EVENT,_Mul_13:OpId_174 (cycles)
8051741946,EXECUTE,155826,CYCLES,BACKEND,SUB-EVENT,_MatMul_8:OpId_177 (cycles)
8051741946,EXECUTE,0,CYCLES,BACKEND,SUB-EVENT,_MatMul_8_post_reshape:OpId_180 (cycles)
8051741946,EXECUTE,0,CYCLES,BACKEND,SUB-EVENT,_MatMul_8_output_0_nfc:OpId_182 (cycles)
8051741946,EXECUTE,14695,CYCLES,BACKEND,SUB-EVENT,_Add_9:OpId_184 (cycles)
8051741946,EXECUTE,4005,CYCLES,BACKEND,SUB-EVENT,Output OpId_3 (cycles)
8051741946,EXECUTE,2537,US,BACKEND,ROOT,Accelerator (execute) time
8051741946,EXECUTE,2438,US,BACKEND,ROOT,Accelerator (execute excluding wait) time
8051741946,EXECUTE,9190,US,BACKEND,ROOT,QNN (execute) time
8051752106,EXECUTE,7966,US,NETRUN,ROOT,Graph 0: qwen2_0_5b_layer0_decode_past128_nchw_value_cache
8051752106,EXECUTE,4,COUNT,BACKEND,ROOT,Number of HVX threads used
8051752106,EXECUTE,7588,US,BACKEND,ROOT,RPC (execute) time
8051752106,EXECUTE,6670,US,BACKEND,ROOT,QNN accelerator (execute) time
8051752106,EXECUTE,0,COUNT,BACKEND,ROOT,Num times yield occured
8051752106,EXECUTE,550,US,BACKEND,ROOT,Time for initial VTCM acquire
8051752106,EXECUTE,180,US,BACKEND,ROOT,Time for HVX + HMX power on and acquire
8051752106,EXECUTE,1173521,CYCLES,BACKEND,ROOT,Accelerator (execute) time (cycles)
8051752106,EXECUTE,32246,CYCLES,BACKEND,SUB-EVENT,Input OpId_2 (cycles)
8051752106,EXECUTE,9087,CYCLES,BACKEND,SUB-EVENT,hidden_states_ncf:OpId_17 (cycles)
8051752106,EXECUTE,7235,CYCLES,BACKEND,SUB-EVENT,rms_norm__Mul_1_output_0:OpId_22 (cycles)
8051752106,EXECUTE,26295,CYCLES,BACKEND,SUB-EVENT,_MatMul:OpId_27 (cycles)
8051752106,EXECUTE,0,CYCLES,BACKEND,SUB-EVENT,_MatMul_post_reshape:OpId_29 (cycles)
8051752106,EXECUTE,5496,CYCLES,BACKEND,SUB-EVENT,_MatMul_1:OpId_32 (cycles)
8051752106,EXECUTE,12111,CYCLES,BACKEND,SUB-EVENT,_MatMul_1_post_reshape:OpId_34 (cycles)
8051752106,EXECUTE,1536,CYCLES,BACKEND,SUB-EVENT,_MatMul_2:OpId_37 (cycles)
8051752106,EXECUTE,10350,CYCLES,BACKEND,SUB-EVENT,_MatMul_2_post_reshape:OpId_39 (cycles)
8051752106,EXECUTE,477,CYCLES,BACKEND,SUB-EVENT,_Transpose:OpId_41 (cycles)
8051752106,EXECUTE,1577,CYCLES,BACKEND,SUB-EVENT,_Transpose_1:OpId_43 (cycles)
8051752106,EXECUTE,1353,CYCLES,BACKEND,SUB-EVENT,_Transpose_2:OpId_45 (cycles)
8051752106,EXECUTE,25724,CYCLES,BACKEND,SUB-EVENT,_Slice:OpId_47 (cycles)
8051752106,EXECUTE,5459,CYCLES,BACKEND,SUB-EVENT,_Slice_1:OpId_53 (cycles)
8051752106,EXECUTE,2146,CYCLES,BACKEND,SUB-EVENT,_Mul_2:OpId_59 (cycles)
8051752106,EXECUTE,1285,CYCLES,BACKEND,SUB-EVENT,_Mul_3:OpId_62 (cycles)
8051752106,EXECUTE,249,CYCLES,BACKEND,SUB-EVENT,_Sub:OpId_64 (cycles)
8051752106,EXECUTE,2034,CYCLES,BACKEND,SUB-EVENT,_Mul_4:OpId_66 (cycles)
8051752106,EXECUTE,2145,CYCLES,BACKEND,SUB-EVENT,_Mul_5:OpId_68 (cycles)
8051752106,EXECUTE,1944,CYCLES,BACKEND,SUB-EVENT,_Add_4:OpId_70 (cycles)
8051752106,EXECUTE,0,CYCLES,BACKEND,SUB-EVENT,_Unsqueeze:OpId_72 (cycles)
8051752106,EXECUTE,0,CYCLES,BACKEND,SUB-EVENT,_Unsqueeze_1:OpId_73 (cycles)
8051752106,EXECUTE,844,CYCLES,BACKEND,SUB-EVENT,_Concat:OpId_74 (cycles)
8051752106,EXECUTE,579,CYCLES,BACKEND,SUB-EVENT,_Reshape_3:OpId_76 (cycles)
8051752106,EXECUTE,46099,CYCLES,BACKEND,SUB-EVENT,_Slice_3:OpId_78 (cycles)
8051752106,EXECUTE,7460,CYCLES,BACKEND,SUB-EVENT,_Slice_4:OpId_84 (cycles)
8051752106,EXECUTE,11343,CYCLES,BACKEND,SUB-EVENT,_Mul_6:OpId_89 (cycles)
8051752106,EXECUTE,10260,CYCLES,BACKEND,SUB-EVENT,_Mul_7:OpId_91 (cycles)
8051752106,EXECUTE,2626,CYCLES,BACKEND,SUB-EVENT,_Sub_1:OpId_93 (cycles)
8051752106,EXECUTE,11139,CYCLES,BACKEND,SUB-EVENT,_Mul_8:OpId_95 (cycles)
8051752106,EXECUTE,10182,CYCLES,BACKEND,SUB-EVENT,_Mul_9:OpId_97 (cycles)
8051752106,EXECUTE,2250,CYCLES,BACKEND,SUB-EVENT,_Add_5:OpId_99 (cycles)
8051752106,EXECUTE,0,CYCLES,BACKEND,SUB-EVENT,_Unsqueeze_2:OpId_101 (cycles)
8051752106,EXECUTE,0,CYCLES,BACKEND,SUB-EVENT,_Unsqueeze_3:OpId_102 (cycles)
8051752106,EXECUTE,3139,CYCLES,BACKEND,SUB-EVENT,_Concat_2:OpId_103 (cycles)
8051752106,EXECUTE,0,CYCLES,BACKEND,SUB-EVENT,_Reshape_4:OpId_105 (cycles)
8051752106,EXECUTE,1847,CYCLES,BACKEND,SUB-EVENT,current_key_nhwc:OpId_107 (cycles)
8051752106,EXECUTE,4541,CYCLES,BACKEND,SUB-EVENT,_Concat_4:OpId_108 (cycles)
8051752106,EXECUTE,345905,CYCLES,BACKEND,SUB-EVENT,_Concat_4_output_0_nchw:OpId_111 (cycles)
8051752106,EXECUTE,4599,CYCLES,BACKEND,SUB-EVENT,_Concat_5:OpId_112 (cycles)
8051752106,EXECUTE,0,CYCLES,BACKEND,SUB-EVENT,_Unsqueeze_4:OpId_114 (cycles)
8051752106,EXECUTE,32068,CYCLES,BACKEND,SUB-EVENT,_MatMul_3:OpId_115 (cycles)
8051752106,EXECUTE,9004,CYCLES,BACKEND,SUB-EVENT,_Div_1:OpId_120 (cycles)
8051752106,EXECUTE,0,CYCLES,BACKEND,SUB-EVENT,_Add_6:OpId_123 (cycles)
8051752106,EXECUTE,18383,CYCLES,BACKEND,SUB-EVENT,_Softmax:OpId_125 (cycles)
8051752106,EXECUTE,0,CYCLES,BACKEND,SUB-EVENT,_Unsqueeze_5:OpId_128 (cycles)
8051752106,EXECUTE,42356,CYCLES,BACKEND,SUB-EVENT,_MatMul_4:OpId_129 (cycles)
8051752106,EXECUTE,0,CYCLES,BACKEND,SUB-EVENT,_Reshape_6:OpId_133 (cycles)
8051752106,EXECUTE,0,CYCLES,BACKEND,SUB-EVENT,_Transpose_4:OpId_135 (cycles)
8051752106,EXECUTE,14244,CYCLES,BACKEND,SUB-EVENT,_MatMul_5:OpId_137 (cycles)
8051752106,EXECUTE,0,CYCLES,BACKEND,SUB-EVENT,_MatMul_5_post_reshape:OpId_140 (cycles)
8051752106,EXECUTE,0,CYCLES,BACKEND,SUB-EVENT,_MatMul_5_output_0_nfc:OpId_142 (cycles)
8051752106,EXECUTE,61462,CYCLES,BACKEND,SUB-EVENT,_Add_7:OpId_144 (cycles)
8051752106,EXECUTE,286,CYCLES,BACKEND,SUB-EVENT,_Add_7_output_0_ncf:OpId_147 (cycles)
8051752106,EXECUTE,1995,CYCLES,BACKEND,SUB-EVENT,rms_norm__Mul_11_output_0:OpId_152 (cycles)
8051752106,EXECUTE,0,CYCLES,BACKEND,SUB-EVENT,_MatMul_6:OpId_156 (cycles)
8051752106,EXECUTE,0,CYCLES,BACKEND,SUB-EVENT,_MatMul_6_post_reshape:OpId_159 (cycles)
8051752106,EXECUTE,91569,CYCLES,BACKEND,SUB-EVENT,_MatMul_7:OpId_161 (cycles)
8051752106,EXECUTE,0,CYCLES,BACKEND,SUB-EVENT,_MatMul_7_post_reshape:OpId_164 (cycles)
8051752106,EXECUTE,0,CYCLES,BACKEND,SUB-EVENT,_Sigmoid:OpId_165 (cycles)
8051752106,EXECUTE,96828,CYCLES,BACKEND,SUB-EVENT,_Mul_12:OpId_172 (cycles)
8051752106,EXECUTE,18716,CYCLES,BACKEND,SUB-EVENT,_Mul_13:OpId_174 (cycles)
8051752106,EXECUTE,155690,CYCLES,BACKEND,SUB-EVENT,_MatMul_8:OpId_177 (cycles)
8051752106,EXECUTE,0,CYCLES,BACKEND,SUB-EVENT,_MatMul_8_post_reshape:OpId_180 (cycles)
8051752106,EXECUTE,0,CYCLES,BACKEND,SUB-EVENT,_MatMul_8_output_0_nfc:OpId_182 (cycles)
8051752106,EXECUTE,14997,CYCLES,BACKEND,SUB-EVENT,_Add_9:OpId_184 (cycles)
8051752106,EXECUTE,4361,CYCLES,BACKEND,SUB-EVENT,Output OpId_3 (cycles)
8051752106,EXECUTE,2459,US,BACKEND,ROOT,Accelerator (execute) time
8051752106,EXECUTE,2356,US,BACKEND,ROOT,Accelerator (execute excluding wait) time
8051752106,EXECUTE,7942,US,BACKEND,ROOT,QNN (execute) time
8051766829,EXECUTE,11912,US,NETRUN,ROOT,Graph 0: qwen2_0_5b_layer0_decode_past128_nchw_value_cache
8051766829,EXECUTE,4,COUNT,BACKEND,ROOT,Number of HVX threads used
8051766829,EXECUTE,11063,US,BACKEND,ROOT,RPC (execute) time
8051766829,EXECUTE,9711,US,BACKEND,ROOT,QNN accelerator (execute) time
8051766829,EXECUTE,0,COUNT,BACKEND,ROOT,Num times yield occured
8051766829,EXECUTE,574,US,BACKEND,ROOT,Time for initial VTCM acquire
8051766829,EXECUTE,257,US,BACKEND,ROOT,Time for HVX + HMX power on and acquire
8051766829,EXECUTE,2561902,CYCLES,BACKEND,ROOT,Accelerator (execute) time (cycles)
8051766829,EXECUTE,106304,CYCLES,BACKEND,SUB-EVENT,Input OpId_2 (cycles)
8051766829,EXECUTE,37126,CYCLES,BACKEND,SUB-EVENT,hidden_states_ncf:OpId_17 (cycles)
8051766829,EXECUTE,12588,CYCLES,BACKEND,SUB-EVENT,rms_norm__Mul_1_output_0:OpId_22 (cycles)
8051766829,EXECUTE,68766,CYCLES,BACKEND,SUB-EVENT,_MatMul:OpId_27 (cycles)
8051766829,EXECUTE,0,CYCLES,BACKEND,SUB-EVENT,_MatMul_post_reshape:OpId_29 (cycles)
8051766829,EXECUTE,22137,CYCLES,BACKEND,SUB-EVENT,_MatMul_1:OpId_32 (cycles)
8051766829,EXECUTE,38426,CYCLES,BACKEND,SUB-EVENT,_MatMul_1_post_reshape:OpId_34 (cycles)
8051766829,EXECUTE,1551,CYCLES,BACKEND,SUB-EVENT,_MatMul_2:OpId_37 (cycles)
8051766829,EXECUTE,36663,CYCLES,BACKEND,SUB-EVENT,_MatMul_2_post_reshape:OpId_39 (cycles)
8051766829,EXECUTE,523,CYCLES,BACKEND,SUB-EVENT,_Transpose:OpId_41 (cycles)
8051766829,EXECUTE,5224,CYCLES,BACKEND,SUB-EVENT,_Transpose_1:OpId_43 (cycles)
8051766829,EXECUTE,4974,CYCLES,BACKEND,SUB-EVENT,_Transpose_2:OpId_45 (cycles)
8051766829,EXECUTE,56188,CYCLES,BACKEND,SUB-EVENT,_Slice:OpId_47 (cycles)
8051766829,EXECUTE,5231,CYCLES,BACKEND,SUB-EVENT,_Slice_1:OpId_53 (cycles)
8051766829,EXECUTE,2888,CYCLES,BACKEND,SUB-EVENT,_Mul_2:OpId_59 (cycles)
8051766829,EXECUTE,1168,CYCLES,BACKEND,SUB-EVENT,_Mul_3:OpId_62 (cycles)
8051766829,EXECUTE,246,CYCLES,BACKEND,SUB-EVENT,_Sub:OpId_64 (cycles)
8051766829,EXECUTE,2920,CYCLES,BACKEND,SUB-EVENT,_Mul_4:OpId_66 (cycles)
8051766829,EXECUTE,2915,CYCLES,BACKEND,SUB-EVENT,_Mul_5:OpId_68 (cycles)
8051766829,EXECUTE,1909,CYCLES,BACKEND,SUB-EVENT,_Add_4:OpId_70 (cycles)
8051766829,EXECUTE,0,CYCLES,BACKEND,SUB-EVENT,_Unsqueeze:OpId_72 (cycles)
8051766829,EXECUTE,0,CYCLES,BACKEND,SUB-EVENT,_Unsqueeze_1:OpId_73 (cycles)
8051766829,EXECUTE,846,CYCLES,BACKEND,SUB-EVENT,_Concat:OpId_74 (cycles)
8051766829,EXECUTE,558,CYCLES,BACKEND,SUB-EVENT,_Reshape_3:OpId_76 (cycles)
8051766829,EXECUTE,157294,CYCLES,BACKEND,SUB-EVENT,_Slice_3:OpId_78 (cycles)
8051766829,EXECUTE,18334,CYCLES,BACKEND,SUB-EVENT,_Slice_4:OpId_84 (cycles)
8051766829,EXECUTE,47527,CYCLES,BACKEND,SUB-EVENT,_Mul_6:OpId_89 (cycles)
8051766829,EXECUTE,40987,CYCLES,BACKEND,SUB-EVENT,_Mul_7:OpId_91 (cycles)
8051766829,EXECUTE,11682,CYCLES,BACKEND,SUB-EVENT,_Sub_1:OpId_93 (cycles)
8051766829,EXECUTE,47456,CYCLES,BACKEND,SUB-EVENT,_Mul_8:OpId_95 (cycles)
8051766829,EXECUTE,40926,CYCLES,BACKEND,SUB-EVENT,_Mul_9:OpId_97 (cycles)
8051766829,EXECUTE,8704,CYCLES,BACKEND,SUB-EVENT,_Add_5:OpId_99 (cycles)
8051766829,EXECUTE,0,CYCLES,BACKEND,SUB-EVENT,_Unsqueeze_2:OpId_101 (cycles)
8051766829,EXECUTE,0,CYCLES,BACKEND,SUB-EVENT,_Unsqueeze_3:OpId_102 (cycles)
8051766829,EXECUTE,9743,CYCLES,BACKEND,SUB-EVENT,_Concat_2:OpId_103 (cycles)
8051766829,EXECUTE,0,CYCLES,BACKEND,SUB-EVENT,_Reshape_4:OpId_105 (cycles)
8051766829,EXECUTE,947,CYCLES,BACKEND,SUB-EVENT,current_key_nhwc:OpId_107 (cycles)
8051766829,EXECUTE,3626,CYCLES,BACKEND,SUB-EVENT,_Concat_4:OpId_108 (cycles)
8051766829,EXECUTE,371808,CYCLES,BACKEND,SUB-EVENT,_Concat_4_output_0_nchw:OpId_111 (cycles)
8051766829,EXECUTE,23549,CYCLES,BACKEND,SUB-EVENT,_Concat_5:OpId_112 (cycles)
8051766829,EXECUTE,0,CYCLES,BACKEND,SUB-EVENT,_Unsqueeze_4:OpId_114 (cycles)
8051766829,EXECUTE,34204,CYCLES,BACKEND,SUB-EVENT,_MatMul_3:OpId_115 (cycles)
8051766829,EXECUTE,13668,CYCLES,BACKEND,SUB-EVENT,_Div_1:OpId_120 (cycles)
8051766829,EXECUTE,0,CYCLES,BACKEND,SUB-EVENT,_Add_6:OpId_123 (cycles)
8051766829,EXECUTE,27547,CYCLES,BACKEND,SUB-EVENT,_Softmax:OpId_125 (cycles)
8051766829,EXECUTE,0,CYCLES,BACKEND,SUB-EVENT,_Unsqueeze_5:OpId_128 (cycles)
8051766829,EXECUTE,97591,CYCLES,BACKEND,SUB-EVENT,_MatMul_4:OpId_129 (cycles)
8051766829,EXECUTE,0,CYCLES,BACKEND,SUB-EVENT,_Reshape_6:OpId_133 (cycles)
8051766829,EXECUTE,0,CYCLES,BACKEND,SUB-EVENT,_Transpose_4:OpId_135 (cycles)
8051766829,EXECUTE,28045,CYCLES,BACKEND,SUB-EVENT,_MatMul_5:OpId_137 (cycles)
8051766829,EXECUTE,0,CYCLES,BACKEND,SUB-EVENT,_MatMul_5_post_reshape:OpId_140 (cycles)
8051766829,EXECUTE,0,CYCLES,BACKEND,SUB-EVENT,_MatMul_5_output_0_nfc:OpId_142 (cycles)
8051766829,EXECUTE,123121,CYCLES,BACKEND,SUB-EVENT,_Add_7:OpId_144 (cycles)
8051766829,EXECUTE,280,CYCLES,BACKEND,SUB-EVENT,_Add_7_output_0_ncf:OpId_147 (cycles)
8051766829,EXECUTE,1989,CYCLES,BACKEND,SUB-EVENT,rms_norm__Mul_11_output_0:OpId_152 (cycles)
8051766829,EXECUTE,0,CYCLES,BACKEND,SUB-EVENT,_MatMul_6:OpId_156 (cycles)
8051766829,EXECUTE,0,CYCLES,BACKEND,SUB-EVENT,_MatMul_6_post_reshape:OpId_159 (cycles)
8051766829,EXECUTE,290911,CYCLES,BACKEND,SUB-EVENT,_MatMul_7:OpId_161 (cycles)
8051766829,EXECUTE,0,CYCLES,BACKEND,SUB-EVENT,_MatMul_7_post_reshape:OpId_164 (cycles)
8051766829,EXECUTE,0,CYCLES,BACKEND,SUB-EVENT,_Sigmoid:OpId_165 (cycles)
8051766829,EXECUTE,281768,CYCLES,BACKEND,SUB-EVENT,_Mul_12:OpId_172 (cycles)
8051766829,EXECUTE,39979,CYCLES,BACKEND,SUB-EVENT,_Mul_13:OpId_174 (cycles)
8051766829,EXECUTE,403238,CYCLES,BACKEND,SUB-EVENT,_MatMul_8:OpId_177 (cycles)
8051766829,EXECUTE,0,CYCLES,BACKEND,SUB-EVENT,_MatMul_8_post_reshape:OpId_180 (cycles)
8051766829,EXECUTE,0,CYCLES,BACKEND,SUB-EVENT,_MatMul_8_output_0_nfc:OpId_182 (cycles)
8051766829,EXECUTE,14915,CYCLES,BACKEND,SUB-EVENT,_Add_9:OpId_184 (cycles)
8051766829,EXECUTE,12912,CYCLES,BACKEND,SUB-EVENT,Output OpId_3 (cycles)
8051766829,EXECUTE,4829,US,BACKEND,ROOT,Accelerator (execute) time
8051766829,EXECUTE,4698,US,BACKEND,ROOT,Accelerator (execute excluding wait) time
8051766829,EXECUTE,11872,US,BACKEND,ROOT,QNN (execute) time
8051783554,EXECUTE,11854,US,NETRUN,ROOT,Graph 0: qwen2_0_5b_layer0_decode_past128_nchw_value_cache
8051783554,EXECUTE,4,COUNT,BACKEND,ROOT,Number of HVX threads used
8051783554,EXECUTE,10724,US,BACKEND,ROOT,RPC (execute) time
8051783554,EXECUTE,9635,US,BACKEND,ROOT,QNN accelerator (execute) time
8051783554,EXECUTE,0,COUNT,BACKEND,ROOT,Num times yield occured
8051783554,EXECUTE,502,US,BACKEND,ROOT,Time for initial VTCM acquire
8051783554,EXECUTE,256,US,BACKEND,ROOT,Time for HVX + HMX power on and acquire
8051783554,EXECUTE,2499663,CYCLES,BACKEND,ROOT,Accelerator (execute) time (cycles)
8051783554,EXECUTE,108281,CYCLES,BACKEND,SUB-EVENT,Input OpId_2 (cycles)
8051783554,EXECUTE,44554,CYCLES,BACKEND,SUB-EVENT,hidden_states_ncf:OpId_17 (cycles)
8051783554,EXECUTE,26962,CYCLES,BACKEND,SUB-EVENT,rms_norm__Mul_1_output_0:OpId_22 (cycles)
8051783554,EXECUTE,55977,CYCLES,BACKEND,SUB-EVENT,_MatMul:OpId_27 (cycles)
8051783554,EXECUTE,0,CYCLES,BACKEND,SUB-EVENT,_MatMul_post_reshape:OpId_29 (cycles)
8051783554,EXECUTE,24385,CYCLES,BACKEND,SUB-EVENT,_MatMul_1:OpId_32 (cycles)
8051783554,EXECUTE,33804,CYCLES,BACKEND,SUB-EVENT,_MatMul_1_post_reshape:OpId_34 (cycles)
8051783554,EXECUTE,1439,CYCLES,BACKEND,SUB-EVENT,_MatMul_2:OpId_37 (cycles)
8051783554,EXECUTE,32118,CYCLES,BACKEND,SUB-EVENT,_MatMul_2_post_reshape:OpId_39 (cycles)
8051783554,EXECUTE,494,CYCLES,BACKEND,SUB-EVENT,_Transpose:OpId_41 (cycles)
8051783554,EXECUTE,3352,CYCLES,BACKEND,SUB-EVENT,_Transpose_1:OpId_43 (cycles)
8051783554,EXECUTE,3040,CYCLES,BACKEND,SUB-EVENT,_Transpose_2:OpId_45 (cycles)
8051783554,EXECUTE,60239,CYCLES,BACKEND,SUB-EVENT,_Slice:OpId_47 (cycles)
8051783554,EXECUTE,5486,CYCLES,BACKEND,SUB-EVENT,_Slice_1:OpId_53 (cycles)
8051783554,EXECUTE,3004,CYCLES,BACKEND,SUB-EVENT,_Mul_2:OpId_59 (cycles)
8051783554,EXECUTE,1299,CYCLES,BACKEND,SUB-EVENT,_Mul_3:OpId_62 (cycles)
8051783554,EXECUTE,248,CYCLES,BACKEND,SUB-EVENT,_Sub:OpId_64 (cycles)
8051783554,EXECUTE,3092,CYCLES,BACKEND,SUB-EVENT,_Mul_4:OpId_66 (cycles)
8051783554,EXECUTE,3049,CYCLES,BACKEND,SUB-EVENT,_Mul_5:OpId_68 (cycles)
8051783554,EXECUTE,4197,CYCLES,BACKEND,SUB-EVENT,_Add_4:OpId_70 (cycles)
8051783554,EXECUTE,0,CYCLES,BACKEND,SUB-EVENT,_Unsqueeze:OpId_72 (cycles)
8051783554,EXECUTE,0,CYCLES,BACKEND,SUB-EVENT,_Unsqueeze_1:OpId_73 (cycles)
8051783554,EXECUTE,799,CYCLES,BACKEND,SUB-EVENT,_Concat:OpId_74 (cycles)
8051783554,EXECUTE,538,CYCLES,BACKEND,SUB-EVENT,_Reshape_3:OpId_76 (cycles)
8051783554,EXECUTE,69109,CYCLES,BACKEND,SUB-EVENT,_Slice_3:OpId_78 (cycles)
8051783554,EXECUTE,7630,CYCLES,BACKEND,SUB-EVENT,_Slice_4:OpId_84 (cycles)
8051783554,EXECUTE,44508,CYCLES,BACKEND,SUB-EVENT,_Mul_6:OpId_89 (cycles)
8051783554,EXECUTE,43324,CYCLES,BACKEND,SUB-EVENT,_Mul_7:OpId_91 (cycles)
8051783554,EXECUTE,2860,CYCLES,BACKEND,SUB-EVENT,_Sub_1:OpId_93 (cycles)
8051783554,EXECUTE,44444,CYCLES,BACKEND,SUB-EVENT,_Mul_8:OpId_95 (cycles)
8051783554,EXECUTE,43255,CYCLES,BACKEND,SUB-EVENT,_Mul_9:OpId_97 (cycles)
8051783554,EXECUTE,7934,CYCLES,BACKEND,SUB-EVENT,_Add_5:OpId_99 (cycles)
8051783554,EXECUTE,0,CYCLES,BACKEND,SUB-EVENT,_Unsqueeze_2:OpId_101 (cycles)
8051783554,EXECUTE,0,CYCLES,BACKEND,SUB-EVENT,_Unsqueeze_3:OpId_102 (cycles)
8051783554,EXECUTE,9263,CYCLES,BACKEND,SUB-EVENT,_Concat_2:OpId_103 (cycles)
8051783554,EXECUTE,0,CYCLES,BACKEND,SUB-EVENT,_Reshape_4:OpId_105 (cycles)
8051783554,EXECUTE,2851,CYCLES,BACKEND,SUB-EVENT,current_key_nhwc:OpId_107 (cycles)
8051783554,EXECUTE,3351,CYCLES,BACKEND,SUB-EVENT,_Concat_4:OpId_108 (cycles)
8051783554,EXECUTE,375509,CYCLES,BACKEND,SUB-EVENT,_Concat_4_output_0_nchw:OpId_111 (cycles)
8051783554,EXECUTE,17944,CYCLES,BACKEND,SUB-EVENT,_Concat_5:OpId_112 (cycles)
8051783554,EXECUTE,0,CYCLES,BACKEND,SUB-EVENT,_Unsqueeze_4:OpId_114 (cycles)
8051783554,EXECUTE,35019,CYCLES,BACKEND,SUB-EVENT,_MatMul_3:OpId_115 (cycles)
8051783554,EXECUTE,16994,CYCLES,BACKEND,SUB-EVENT,_Div_1:OpId_120 (cycles)
8051783554,EXECUTE,0,CYCLES,BACKEND,SUB-EVENT,_Add_6:OpId_123 (cycles)
8051783554,EXECUTE,20309,CYCLES,BACKEND,SUB-EVENT,_Softmax:OpId_125 (cycles)
8051783554,EXECUTE,0,CYCLES,BACKEND,SUB-EVENT,_Unsqueeze_5:OpId_128 (cycles)
8051783554,EXECUTE,79202,CYCLES,BACKEND,SUB-EVENT,_MatMul_4:OpId_129 (cycles)
8051783554,EXECUTE,0,CYCLES,BACKEND,SUB-EVENT,_Reshape_6:OpId_133 (cycles)
8051783554,EXECUTE,0,CYCLES,BACKEND,SUB-EVENT,_Transpose_4:OpId_135 (cycles)
8051783554,EXECUTE,29188,CYCLES,BACKEND,SUB-EVENT,_MatMul_5:OpId_137 (cycles)
8051783554,EXECUTE,0,CYCLES,BACKEND,SUB-EVENT,_MatMul_5_post_reshape:OpId_140 (cycles)
8051783554,EXECUTE,0,CYCLES,BACKEND,SUB-EVENT,_MatMul_5_output_0_nfc:OpId_142 (cycles)
8051783554,EXECUTE,194583,CYCLES,BACKEND,SUB-EVENT,_Add_7:OpId_144 (cycles)
8051783554,EXECUTE,267,CYCLES,BACKEND,SUB-EVENT,_Add_7_output_0_ncf:OpId_147 (cycles)
8051783554,EXECUTE,1991,CYCLES,BACKEND,SUB-EVENT,rms_norm__Mul_11_output_0:OpId_152 (cycles)
8051783554,EXECUTE,0,CYCLES,BACKEND,SUB-EVENT,_MatMul_6:OpId_156 (cycles)
8051783554,EXECUTE,0,CYCLES,BACKEND,SUB-EVENT,_MatMul_6_post_reshape:OpId_159 (cycles)
8051783554,EXECUTE,277582,CYCLES,BACKEND,SUB-EVENT,_MatMul_7:OpId_161 (cycles)
8051783554,EXECUTE,0,CYCLES,BACKEND,SUB-EVENT,_MatMul_7_post_reshape:OpId_164 (cycles)
8051783554,EXECUTE,0,CYCLES,BACKEND,SUB-EVENT,_Sigmoid:OpId_165 (cycles)
8051783554,EXECUTE,304265,CYCLES,BACKEND,SUB-EVENT,_Mul_12:OpId_172 (cycles)
8051783554,EXECUTE,31284,CYCLES,BACKEND,SUB-EVENT,_Mul_13:OpId_174 (cycles)
8051783554,EXECUTE,399528,CYCLES,BACKEND,SUB-EVENT,_MatMul_8:OpId_177 (cycles)
8051783554,EXECUTE,0,CYCLES,BACKEND,SUB-EVENT,_MatMul_8_post_reshape:OpId_180 (cycles)
8051783554,EXECUTE,0,CYCLES,BACKEND,SUB-EVENT,_MatMul_8_output_0_nfc:OpId_182 (cycles)
8051783554,EXECUTE,14737,CYCLES,BACKEND,SUB-EVENT,_Add_9:OpId_184 (cycles)
8051783554,EXECUTE,6375,CYCLES,BACKEND,SUB-EVENT,Output OpId_3 (cycles)
8051783554,EXECUTE,4841,US,BACKEND,ROOT,Accelerator (execute) time
8051783554,EXECUTE,4722,US,BACKEND,ROOT,Accelerator (execute excluding wait) time
8051783554,EXECUTE,11813,US,BACKEND,ROOT,QNN (execute) time
8051800594,EXECUTE,12201,US,NETRUN,ROOT,Graph 0: qwen2_0_5b_layer0_decode_past128_nchw_value_cache
8051800594,EXECUTE,4,COUNT,BACKEND,ROOT,Number of HVX threads used
8051800594,EXECUTE,10734,US,BACKEND,ROOT,RPC (execute) time
8051800594,EXECUTE,9691,US,BACKEND,ROOT,QNN accelerator (execute) time
8051800594,EXECUTE,0,COUNT,BACKEND,ROOT,Num times yield occured
8051800594,EXECUTE,534,US,BACKEND,ROOT,Time for initial VTCM acquire
8051800594,EXECUTE,195,US,BACKEND,ROOT,Time for HVX + HMX power on and acquire
8051800594,EXECUTE,2339321,CYCLES,BACKEND,ROOT,Accelerator (execute) time (cycles)
8051800594,EXECUTE,26861,CYCLES,BACKEND,SUB-EVENT,Input OpId_2 (cycles)
8051800594,EXECUTE,8060,CYCLES,BACKEND,SUB-EVENT,hidden_states_ncf:OpId_17 (cycles)
8051800594,EXECUTE,16490,CYCLES,BACKEND,SUB-EVENT,rms_norm__Mul_1_output_0:OpId_22 (cycles)
8051800594,EXECUTE,91150,CYCLES,BACKEND,SUB-EVENT,_MatMul:OpId_27 (cycles)
8051800594,EXECUTE,0,CYCLES,BACKEND,SUB-EVENT,_MatMul_post_reshape:OpId_29 (cycles)
8051800594,EXECUTE,21196,CYCLES,BACKEND,SUB-EVENT,_MatMul_1:OpId_32 (cycles)
8051800594,EXECUTE,27139,CYCLES,BACKEND,SUB-EVENT,_MatMul_1_post_reshape:OpId_34 (cycles)
8051800594,EXECUTE,1427,CYCLES,BACKEND,SUB-EVENT,_MatMul_2:OpId_37 (cycles)
8051800594,EXECUTE,25399,CYCLES,BACKEND,SUB-EVENT,_MatMul_2_post_reshape:OpId_39 (cycles)
8051800594,EXECUTE,489,CYCLES,BACKEND,SUB-EVENT,_Transpose:OpId_41 (cycles)
8051800594,EXECUTE,2687,CYCLES,BACKEND,SUB-EVENT,_Transpose_1:OpId_43 (cycles)
8051800594,EXECUTE,2522,CYCLES,BACKEND,SUB-EVENT,_Transpose_2:OpId_45 (cycles)
8051800594,EXECUTE,44328,CYCLES,BACKEND,SUB-EVENT,_Slice:OpId_47 (cycles)
8051800594,EXECUTE,7103,CYCLES,BACKEND,SUB-EVENT,_Slice_1:OpId_53 (cycles)
8051800594,EXECUTE,2097,CYCLES,BACKEND,SUB-EVENT,_Mul_2:OpId_59 (cycles)
8051800594,EXECUTE,1644,CYCLES,BACKEND,SUB-EVENT,_Mul_3:OpId_62 (cycles)
8051800594,EXECUTE,247,CYCLES,BACKEND,SUB-EVENT,_Sub:OpId_64 (cycles)
8051800594,EXECUTE,8773,CYCLES,BACKEND,SUB-EVENT,_Mul_4:OpId_66 (cycles)
8051800594,EXECUTE,2255,CYCLES,BACKEND,SUB-EVENT,_Mul_5:OpId_68 (cycles)
8051800594,EXECUTE,2655,CYCLES,BACKEND,SUB-EVENT,_Add_4:OpId_70 (cycles)
8051800594,EXECUTE,0,CYCLES,BACKEND,SUB-EVENT,_Unsqueeze:OpId_72 (cycles)
8051800594,EXECUTE,0,CYCLES,BACKEND,SUB-EVENT,_Unsqueeze_1:OpId_73 (cycles)
8051800594,EXECUTE,1000,CYCLES,BACKEND,SUB-EVENT,_Concat:OpId_74 (cycles)
8051800594,EXECUTE,606,CYCLES,BACKEND,SUB-EVENT,_Reshape_3:OpId_76 (cycles)
8051800594,EXECUTE,92055,CYCLES,BACKEND,SUB-EVENT,_Slice_3:OpId_78 (cycles)
8051800594,EXECUTE,19353,CYCLES,BACKEND,SUB-EVENT,_Slice_4:OpId_84 (cycles)
8051800594,EXECUTE,29849,CYCLES,BACKEND,SUB-EVENT,_Mul_6:OpId_89 (cycles)
8051800594,EXECUTE,22546,CYCLES,BACKEND,SUB-EVENT,_Mul_7:OpId_91 (cycles)
8051800594,EXECUTE,907,CYCLES,BACKEND,SUB-EVENT,_Sub_1:OpId_93 (cycles)
8051800594,EXECUTE,29817,CYCLES,BACKEND,SUB-EVENT,_Mul_8:OpId_95 (cycles)
8051800594,EXECUTE,21175,CYCLES,BACKEND,SUB-EVENT,_Mul_9:OpId_97 (cycles)
8051800594,EXECUTE,1396,CYCLES,BACKEND,SUB-EVENT,_Add_5:OpId_99 (cycles)
8051800594,EXECUTE,0,CYCLES,BACKEND,SUB-EVENT,_Unsqueeze_2:OpId_101 (cycles)
8051800594,EXECUTE,0,CYCLES,BACKEND,SUB-EVENT,_Unsqueeze_3:OpId_102 (cycles)
8051800594,EXECUTE,2366,CYCLES,BACKEND,SUB-EVENT,_Concat_2:OpId_103 (cycles)
8051800594,EXECUTE,0,CYCLES,BACKEND,SUB-EVENT,_Reshape_4:OpId_105 (cycles)
8051800594,EXECUTE,1388,CYCLES,BACKEND,SUB-EVENT,current_key_nhwc:OpId_107 (cycles)
8051800594,EXECUTE,3586,CYCLES,BACKEND,SUB-EVENT,_Concat_4:OpId_108 (cycles)
8051800594,EXECUTE,347089,CYCLES,BACKEND,SUB-EVENT,_Concat_4_output_0_nchw:OpId_111 (cycles)
8051800594,EXECUTE,16323,CYCLES,BACKEND,SUB-EVENT,_Concat_5:OpId_112 (cycles)
8051800594,EXECUTE,0,CYCLES,BACKEND,SUB-EVENT,_Unsqueeze_4:OpId_114 (cycles)
8051800594,EXECUTE,34217,CYCLES,BACKEND,SUB-EVENT,_MatMul_3:OpId_115 (cycles)
8051800594,EXECUTE,6204,CYCLES,BACKEND,SUB-EVENT,_Div_1:OpId_120 (cycles)
8051800594,EXECUTE,0,CYCLES,BACKEND,SUB-EVENT,_Add_6:OpId_123 (cycles)
8051800594,EXECUTE,20922,CYCLES,BACKEND,SUB-EVENT,_Softmax:OpId_125 (cycles)
8051800594,EXECUTE,0,CYCLES,BACKEND,SUB-EVENT,_Unsqueeze_5:OpId_128 (cycles)
8051800594,EXECUTE,80768,CYCLES,BACKEND,SUB-EVENT,_MatMul_4:OpId_129 (cycles)
8051800594,EXECUTE,0,CYCLES,BACKEND,SUB-EVENT,_Reshape_6:OpId_133 (cycles)
8051800594,EXECUTE,0,CYCLES,BACKEND,SUB-EVENT,_Transpose_4:OpId_135 (cycles)
8051800594,EXECUTE,13645,CYCLES,BACKEND,SUB-EVENT,_MatMul_5:OpId_137 (cycles)
8051800594,EXECUTE,0,CYCLES,BACKEND,SUB-EVENT,_MatMul_5_post_reshape:OpId_140 (cycles)
8051800594,EXECUTE,0,CYCLES,BACKEND,SUB-EVENT,_MatMul_5_output_0_nfc:OpId_142 (cycles)
8051800594,EXECUTE,65716,CYCLES,BACKEND,SUB-EVENT,_Add_7:OpId_144 (cycles)
8051800594,EXECUTE,297,CYCLES,BACKEND,SUB-EVENT,_Add_7_output_0_ncf:OpId_147 (cycles)
8051800594,EXECUTE,1963,CYCLES,BACKEND,SUB-EVENT,rms_norm__Mul_11_output_0:OpId_152 (cycles)
8051800594,EXECUTE,0,CYCLES,BACKEND,SUB-EVENT,_MatMul_6:OpId_156 (cycles)
8051800594,EXECUTE,0,CYCLES,BACKEND,SUB-EVENT,_MatMul_6_post_reshape:OpId_159 (cycles)
8051800594,EXECUTE,436417,CYCLES,BACKEND,SUB-EVENT,_MatMul_7:OpId_161 (cycles)
8051800594,EXECUTE,0,CYCLES,BACKEND,SUB-EVENT,_MatMul_7_post_reshape:OpId_164 (cycles)
8051800594,EXECUTE,0,CYCLES,BACKEND,SUB-EVENT,_Sigmoid:OpId_165 (cycles)
8051800594,EXECUTE,338765,CYCLES,BACKEND,SUB-EVENT,_Mul_12:OpId_172 (cycles)
8051800594,EXECUTE,29396,CYCLES,BACKEND,SUB-EVENT,_Mul_13:OpId_174 (cycles)
8051800594,EXECUTE,403386,CYCLES,BACKEND,SUB-EVENT,_MatMul_8:OpId_177 (cycles)
8051800594,EXECUTE,0,CYCLES,BACKEND,SUB-EVENT,_MatMul_8_post_reshape:OpId_180 (cycles)
8051800594,EXECUTE,0,CYCLES,BACKEND,SUB-EVENT,_MatMul_8_output_0_nfc:OpId_182 (cycles)
8051800594,EXECUTE,15025,CYCLES,BACKEND,SUB-EVENT,_Add_9:OpId_184 (cycles)
8051800594,EXECUTE,10622,CYCLES,BACKEND,SUB-EVENT,Output OpId_3 (cycles)
8051800594,EXECUTE,4958,US,BACKEND,ROOT,Accelerator (execute) time
8051800594,EXECUTE,4838,US,BACKEND,ROOT,Accelerator (execute excluding wait) time
8051800594,EXECUTE,12160,US,BACKEND,ROOT,QNN (execute) time
8051816741,EXECUTE,11838,US,NETRUN,ROOT,Graph 0: qwen2_0_5b_layer0_decode_past128_nchw_value_cache
8051816741,EXECUTE,4,COUNT,BACKEND,ROOT,Number of HVX threads used
8051816741,EXECUTE,10637,US,BACKEND,ROOT,RPC (execute) time
8051816741,EXECUTE,9584,US,BACKEND,ROOT,QNN accelerator (execute) time
8051816741,EXECUTE,0,COUNT,BACKEND,ROOT,Num times yield occured
8051816741,EXECUTE,926,US,BACKEND,ROOT,Time for initial VTCM acquire
8051816741,EXECUTE,255,US,BACKEND,ROOT,Time for HVX + HMX power on and acquire
8051816741,EXECUTE,2544781,CYCLES,BACKEND,ROOT,Accelerator (execute) time (cycles)
8051816741,EXECUTE,124360,CYCLES,BACKEND,SUB-EVENT,Input OpId_2 (cycles)
8051816741,EXECUTE,54288,CYCLES,BACKEND,SUB-EVENT,hidden_states_ncf:OpId_17 (cycles)
8051816741,EXECUTE,24009,CYCLES,BACKEND,SUB-EVENT,rms_norm__Mul_1_output_0:OpId_22 (cycles)
8051816741,EXECUTE,37606,CYCLES,BACKEND,SUB-EVENT,_MatMul:OpId_27 (cycles)
8051816741,EXECUTE,0,CYCLES,BACKEND,SUB-EVENT,_MatMul_post_reshape:OpId_29 (cycles)
8051816741,EXECUTE,15595,CYCLES,BACKEND,SUB-EVENT,_MatMul_1:OpId_32 (cycles)
8051816741,EXECUTE,55379,CYCLES,BACKEND,SUB-EVENT,_MatMul_1_post_reshape:OpId_34 (cycles)
8051816741,EXECUTE,1450,CYCLES,BACKEND,SUB-EVENT,_MatMul_2:OpId_37 (cycles)
8051816741,EXECUTE,53729,CYCLES,BACKEND,SUB-EVENT,_MatMul_2_post_reshape:OpId_39 (cycles)
8051816741,EXECUTE,574,CYCLES,BACKEND,SUB-EVENT,_Transpose:OpId_41 (cycles)
8051816741,EXECUTE,5793,CYCLES,BACKEND,SUB-EVENT,_Transpose_1:OpId_43 (cycles)
8051816741,EXECUTE,5490,CYCLES,BACKEND,SUB-EVENT,_Transpose_2:OpId_45 (cycles)
8051816741,EXECUTE,45609,CYCLES,BACKEND,SUB-EVENT,_Slice:OpId_47 (cycles)
8051816741,EXECUTE,6104,CYCLES,BACKEND,SUB-EVENT,_Slice_1:OpId_53 (cycles)
8051816741,EXECUTE,3202,CYCLES,BACKEND,SUB-EVENT,_Mul_2:OpId_59 (cycles)
8051816741,EXECUTE,1184,CYCLES,BACKEND,SUB-EVENT,_Mul_3:OpId_62 (cycles)
8051816741,EXECUTE,244,CYCLES,BACKEND,SUB-EVENT,_Sub:OpId_64 (cycles)
8051816741,EXECUTE,3342,CYCLES,BACKEND,SUB-EVENT,_Mul_4:OpId_66 (cycles)
8051816741,EXECUTE,2904,CYCLES,BACKEND,SUB-EVENT,_Mul_5:OpId_68 (cycles)
8051816741,EXECUTE,1928,CYCLES,BACKEND,SUB-EVENT,_Add_4:OpId_70 (cycles)
8051816741,EXECUTE,0,CYCLES,BACKEND,SUB-EVENT,_Unsqueeze:OpId_72 (cycles)
8051816741,EXECUTE,0,CYCLES,BACKEND,SUB-EVENT,_Unsqueeze_1:OpId_73 (cycles)
8051816741,EXECUTE,828,CYCLES,BACKEND,SUB-EVENT,_Concat:OpId_74 (cycles)
8051816741,EXECUTE,579,CYCLES,BACKEND,SUB-EVENT,_Reshape_3:OpId_76 (cycles)
8051816741,EXECUTE,115844,CYCLES,BACKEND,SUB-EVENT,_Slice_3:OpId_78 (cycles)
8051816741,EXECUTE,7202,CYCLES,BACKEND,SUB-EVENT,_Slice_4:OpId_84 (cycles)
8051816741,EXECUTE,49522,CYCLES,BACKEND,SUB-EVENT,_Mul_6:OpId_89 (cycles)
8051816741,EXECUTE,40723,CYCLES,BACKEND,SUB-EVENT,_Mul_7:OpId_91 (cycles)
8051816741,EXECUTE,6669,CYCLES,BACKEND,SUB-EVENT,_Sub_1:OpId_93 (cycles)
8051816741,EXECUTE,49468,CYCLES,BACKEND,SUB-EVENT,_Mul_8:OpId_95 (cycles)
8051816741,EXECUTE,40672,CYCLES,BACKEND,SUB-EVENT,_Mul_9:OpId_97 (cycles)
8051816741,EXECUTE,10019,CYCLES,BACKEND,SUB-EVENT,_Add_5:OpId_99 (cycles)
8051816741,EXECUTE,0,CYCLES,BACKEND,SUB-EVENT,_Unsqueeze_2:OpId_101 (cycles)
8051816741,EXECUTE,0,CYCLES,BACKEND,SUB-EVENT,_Unsqueeze_3:OpId_102 (cycles)
8051816741,EXECUTE,7439,CYCLES,BACKEND,SUB-EVENT,_Concat_2:OpId_103 (cycles)
8051816741,EXECUTE,0,CYCLES,BACKEND,SUB-EVENT,_Reshape_4:OpId_105 (cycles)
8051816741,EXECUTE,998,CYCLES,BACKEND,SUB-EVENT,current_key_nhwc:OpId_107 (cycles)
8051816741,EXECUTE,4176,CYCLES,BACKEND,SUB-EVENT,_Concat_4:OpId_108 (cycles)
8051816741,EXECUTE,371523,CYCLES,BACKEND,SUB-EVENT,_Concat_4_output_0_nchw:OpId_111 (cycles)
8051816741,EXECUTE,15053,CYCLES,BACKEND,SUB-EVENT,_Concat_5:OpId_112 (cycles)
8051816741,EXECUTE,0,CYCLES,BACKEND,SUB-EVENT,_Unsqueeze_4:OpId_114 (cycles)
8051816741,EXECUTE,33675,CYCLES,BACKEND,SUB-EVENT,_MatMul_3:OpId_115 (cycles)
8051816741,EXECUTE,16820,CYCLES,BACKEND,SUB-EVENT,_Div_1:OpId_120 (cycles)
8051816741,EXECUTE,0,CYCLES,BACKEND,SUB-EVENT,_Add_6:OpId_123 (cycles)
8051816741,EXECUTE,21112,CYCLES,BACKEND,SUB-EVENT,_Softmax:OpId_125 (cycles)
8051816741,EXECUTE,0,CYCLES,BACKEND,SUB-EVENT,_Unsqueeze_5:OpId_128 (cycles)
8051816741,EXECUTE,94090,CYCLES,BACKEND,SUB-EVENT,_MatMul_4:OpId_129 (cycles)
8051816741,EXECUTE,0,CYCLES,BACKEND,SUB-EVENT,_Reshape_6:OpId_133 (cycles)
8051816741,EXECUTE,0,CYCLES,BACKEND,SUB-EVENT,_Transpose_4:OpId_135 (cycles)
8051816741,EXECUTE,21031,CYCLES,BACKEND,SUB-EVENT,_MatMul_5:OpId_137 (cycles)
8051816741,EXECUTE,0,CYCLES,BACKEND,SUB-EVENT,_MatMul_5_post_reshape:OpId_140 (cycles)
8051816741,EXECUTE,0,CYCLES,BACKEND,SUB-EVENT,_MatMul_5_output_0_nfc:OpId_142 (cycles)
8051816741,EXECUTE,159505,CYCLES,BACKEND,SUB-EVENT,_Add_7:OpId_144 (cycles)
8051816741,EXECUTE,262,CYCLES,BACKEND,SUB-EVENT,_Add_7_output_0_ncf:OpId_147 (cycles)
8051816741,EXECUTE,1967,CYCLES,BACKEND,SUB-EVENT,rms_norm__Mul_11_output_0:OpId_152 (cycles)
8051816741,EXECUTE,0,CYCLES,BACKEND,SUB-EVENT,_MatMul_6:OpId_156 (cycles)
8051816741,EXECUTE,0,CYCLES,BACKEND,SUB-EVENT,_MatMul_6_post_reshape:OpId_159 (cycles)
8051816741,EXECUTE,278638,CYCLES,BACKEND,SUB-EVENT,_MatMul_7:OpId_161 (cycles)
8051816741,EXECUTE,0,CYCLES,BACKEND,SUB-EVENT,_MatMul_7_post_reshape:OpId_164 (cycles)
8051816741,EXECUTE,0,CYCLES,BACKEND,SUB-EVENT,_Sigmoid:OpId_165 (cycles)
8051816741,EXECUTE,290354,CYCLES,BACKEND,SUB-EVENT,_Mul_12:OpId_172 (cycles)
8051816741,EXECUTE,30444,CYCLES,BACKEND,SUB-EVENT,_Mul_13:OpId_174 (cycles)
8051816741,EXECUTE,401665,CYCLES,BACKEND,SUB-EVENT,_MatMul_8:OpId_177 (cycles)
8051816741,EXECUTE,0,CYCLES,BACKEND,SUB-EVENT,_MatMul_8_post_reshape:OpId_180 (cycles)
8051816741,EXECUTE,0,CYCLES,BACKEND,SUB-EVENT,_MatMul_8_output_0_nfc:OpId_182 (cycles)
8051816741,EXECUTE,23543,CYCLES,BACKEND,SUB-EVENT,_Add_9:OpId_184 (cycles)
8051816741,EXECUTE,8170,CYCLES,BACKEND,SUB-EVENT,Output OpId_3 (cycles)
8051816741,EXECUTE,4823,US,BACKEND,ROOT,Accelerator (execute) time
8051816741,EXECUTE,4687,US,BACKEND,ROOT,Accelerator (execute excluding wait) time
8051816741,EXECUTE,11800,US,BACKEND,ROOT,QNN (execute) time
8051832975,EXECUTE,11619,US,NETRUN,ROOT,Graph 0: qwen2_0_5b_layer0_decode_past128_nchw_value_cache
8051832975,EXECUTE,4,COUNT,BACKEND,ROOT,Number of HVX threads used
8051832975,EXECUTE,10520,US,BACKEND,ROOT,RPC (execute) time
8051832975,EXECUTE,9469,US,BACKEND,ROOT,QNN accelerator (execute) time
8051832975,EXECUTE,0,COUNT,BACKEND,ROOT,Num times yield occured
8051832975,EXECUTE,595,US,BACKEND,ROOT,Time for initial VTCM acquire
8051832975,EXECUTE,248,US,BACKEND,ROOT,Time for HVX + HMX power on and acquire
8051832975,EXECUTE,2521562,CYCLES,BACKEND,ROOT,Accelerator (execute) time (cycles)
8051832975,EXECUTE,124380,CYCLES,BACKEND,SUB-EVENT,Input OpId_2 (cycles)
8051832975,EXECUTE,50946,CYCLES,BACKEND,SUB-EVENT,hidden_states_ncf:OpId_17 (cycles)
8051832975,EXECUTE,18697,CYCLES,BACKEND,SUB-EVENT,rms_norm__Mul_1_output_0:OpId_22 (cycles)
8051832975,EXECUTE,43990,CYCLES,BACKEND,SUB-EVENT,_MatMul:OpId_27 (cycles)
8051832975,EXECUTE,0,CYCLES,BACKEND,SUB-EVENT,_MatMul_post_reshape:OpId_29 (cycles)
8051832975,EXECUTE,19104,CYCLES,BACKEND,SUB-EVENT,_MatMul_1:OpId_32 (cycles)
8051832975,EXECUTE,50181,CYCLES,BACKEND,SUB-EVENT,_MatMul_1_post_reshape:OpId_34 (cycles)
8051832975,EXECUTE,1452,CYCLES,BACKEND,SUB-EVENT,_MatMul_2:OpId_37 (cycles)
8051832975,EXECUTE,48515,CYCLES,BACKEND,SUB-EVENT,_MatMul_2_post_reshape:OpId_39 (cycles)
8051832975,EXECUTE,590,CYCLES,BACKEND,SUB-EVENT,_Transpose:OpId_41 (cycles)
8051832975,EXECUTE,2179,CYCLES,BACKEND,SUB-EVENT,_Transpose_1:OpId_43 (cycles)
8051832975,EXECUTE,1932,CYCLES,BACKEND,SUB-EVENT,_Transpose_2:OpId_45 (cycles)
8051832975,EXECUTE,51645,CYCLES,BACKEND,SUB-EVENT,_Slice:OpId_47 (cycles)
8051832975,EXECUTE,7262,CYCLES,BACKEND,SUB-EVENT,_Slice_1:OpId_53 (cycles)
8051832975,EXECUTE,4303,CYCLES,BACKEND,SUB-EVENT,_Mul_2:OpId_59 (cycles)
8051832975,EXECUTE,1165,CYCLES,BACKEND,SUB-EVENT,_Mul_3:OpId_62 (cycles)
8051832975,EXECUTE,267,CYCLES,BACKEND,SUB-EVENT,_Sub:OpId_64 (cycles)
8051832975,EXECUTE,2800,CYCLES,BACKEND,SUB-EVENT,_Mul_4:OpId_66 (cycles)
8051832975,EXECUTE,4329,CYCLES,BACKEND,SUB-EVENT,_Mul_5:OpId_68 (cycles)
8051832975,EXECUTE,1946,CYCLES,BACKEND,SUB-EVENT,_Add_4:OpId_70 (cycles)
8051832975,EXECUTE,0,CYCLES,BACKEND,SUB-EVENT,_Unsqueeze:OpId_72 (cycles)
8051832975,EXECUTE,0,CYCLES,BACKEND,SUB-EVENT,_Unsqueeze_1:OpId_73 (cycles)
8051832975,EXECUTE,725,CYCLES,BACKEND,SUB-EVENT,_Concat:OpId_74 (cycles)
8051832975,EXECUTE,588,CYCLES,BACKEND,SUB-EVENT,_Reshape_3:OpId_76 (cycles)
8051832975,EXECUTE,134151,CYCLES,BACKEND,SUB-EVENT,_Slice_3:OpId_78 (cycles)
8051832975,EXECUTE,10369,CYCLES,BACKEND,SUB-EVENT,_Slice_4:OpId_84 (cycles)
8051832975,EXECUTE,40526,CYCLES,BACKEND,SUB-EVENT,_Mul_6:OpId_89 (cycles)
8051832975,EXECUTE,39947,CYCLES,BACKEND,SUB-EVENT,_Mul_7:OpId_91 (cycles)
8051832975,EXECUTE,7581,CYCLES,BACKEND,SUB-EVENT,_Sub_1:OpId_93 (cycles)
8051832975,EXECUTE,40453,CYCLES,BACKEND,SUB-EVENT,_Mul_8:OpId_95 (cycles)
8051832975,EXECUTE,39376,CYCLES,BACKEND,SUB-EVENT,_Mul_9:OpId_97 (cycles)
8051832975,EXECUTE,9591,CYCLES,BACKEND,SUB-EVENT,_Add_5:OpId_99 (cycles)
8051832975,EXECUTE,0,CYCLES,BACKEND,SUB-EVENT,_Unsqueeze_2:OpId_101 (cycles)
8051832975,EXECUTE,0,CYCLES,BACKEND,SUB-EVENT,_Unsqueeze_3:OpId_102 (cycles)
8051832975,EXECUTE,6886,CYCLES,BACKEND,SUB-EVENT,_Concat_2:OpId_103 (cycles)
8051832975,EXECUTE,0,CYCLES,BACKEND,SUB-EVENT,_Reshape_4:OpId_105 (cycles)
8051832975,EXECUTE,4015,CYCLES,BACKEND,SUB-EVENT,current_key_nhwc:OpId_107 (cycles)
8051832975,EXECUTE,4116,CYCLES,BACKEND,SUB-EVENT,_Concat_4:OpId_108 (cycles)
8051832975,EXECUTE,348510,CYCLES,BACKEND,SUB-EVENT,_Concat_4_output_0_nchw:OpId_111 (cycles)
8051832975,EXECUTE,16473,CYCLES,BACKEND,SUB-EVENT,_Concat_5:OpId_112 (cycles)
8051832975,EXECUTE,0,CYCLES,BACKEND,SUB-EVENT,_Unsqueeze_4:OpId_114 (cycles)
8051832975,EXECUTE,33720,CYCLES,BACKEND,SUB-EVENT,_MatMul_3:OpId_115 (cycles)
8051832975,EXECUTE,16975,CYCLES,BACKEND,SUB-EVENT,_Div_1:OpId_120 (cycles)
8051832975,EXECUTE,0,CYCLES,BACKEND,SUB-EVENT,_Add_6:OpId_123 (cycles)
8051832975,EXECUTE,19499,CYCLES,BACKEND,SUB-EVENT,_Softmax:OpId_125 (cycles)
8051832975,EXECUTE,0,CYCLES,BACKEND,SUB-EVENT,_Unsqueeze_5:OpId_128 (cycles)
8051832975,EXECUTE,68916,CYCLES,BACKEND,SUB-EVENT,_MatMul_4:OpId_129 (cycles)
8051832975,EXECUTE,0,CYCLES,BACKEND,SUB-EVENT,_Reshape_6:OpId_133 (cycles)
8051832975,EXECUTE,0,CYCLES,BACKEND,SUB-EVENT,_Transpose_4:OpId_135 (cycles)
8051832975,EXECUTE,23844,CYCLES,BACKEND,SUB-EVENT,_MatMul_5:OpId_137 (cycles)
8051832975,EXECUTE,0,CYCLES,BACKEND,SUB-EVENT,_MatMul_5_post_reshape:OpId_140 (cycles)
8051832975,EXECUTE,0,CYCLES,BACKEND,SUB-EVENT,_MatMul_5_output_0_nfc:OpId_142 (cycles)
8051832975,EXECUTE,186920,CYCLES,BACKEND,SUB-EVENT,_Add_7:OpId_144 (cycles)
8051832975,EXECUTE,285,CYCLES,BACKEND,SUB-EVENT,_Add_7_output_0_ncf:OpId_147 (cycles)
8051832975,EXECUTE,1962,CYCLES,BACKEND,SUB-EVENT,rms_norm__Mul_11_output_0:OpId_152 (cycles)
8051832975,EXECUTE,0,CYCLES,BACKEND,SUB-EVENT,_MatMul_6:OpId_156 (cycles)
8051832975,EXECUTE,0,CYCLES,BACKEND,SUB-EVENT,_MatMul_6_post_reshape:OpId_159 (cycles)
8051832975,EXECUTE,275169,CYCLES,BACKEND,SUB-EVENT,_MatMul_7:OpId_161 (cycles)
8051832975,EXECUTE,0,CYCLES,BACKEND,SUB-EVENT,_MatMul_7_post_reshape:OpId_164 (cycles)
8051832975,EXECUTE,0,CYCLES,BACKEND,SUB-EVENT,_Sigmoid:OpId_165 (cycles)
8051832975,EXECUTE,294166,CYCLES,BACKEND,SUB-EVENT,_Mul_12:OpId_172 (cycles)
8051832975,EXECUTE,32835,CYCLES,BACKEND,SUB-EVENT,_Mul_13:OpId_174 (cycles)
8051832975,EXECUTE,404702,CYCLES,BACKEND,SUB-EVENT,_MatMul_8:OpId_177 (cycles)
8051832975,EXECUTE,0,CYCLES,BACKEND,SUB-EVENT,_MatMul_8_post_reshape:OpId_180 (cycles)
8051832975,EXECUTE,0,CYCLES,BACKEND,SUB-EVENT,_MatMul_8_output_0_nfc:OpId_182 (cycles)
8051832975,EXECUTE,15146,CYCLES,BACKEND,SUB-EVENT,_Add_9:OpId_184 (cycles)
8051832975,EXECUTE,8433,CYCLES,BACKEND,SUB-EVENT,Output OpId_3 (cycles)
8051832975,EXECUTE,4736,US,BACKEND,ROOT,Accelerator (execute) time
8051832975,EXECUTE,4608,US,BACKEND,ROOT,Accelerator (execute excluding wait) time
8051832975,EXECUTE,11578,US,BACKEND,ROOT,QNN (execute) time
8051848945,EXECUTE,11685,US,NETRUN,ROOT,Graph 0: qwen2_0_5b_layer0_decode_past128_nchw_value_cache
8051848945,EXECUTE,4,COUNT,BACKEND,ROOT,Number of HVX threads used
8051848945,EXECUTE,10458,US,BACKEND,ROOT,RPC (execute) time
8051848945,EXECUTE,9437,US,BACKEND,ROOT,QNN accelerator (execute) time
8051848945,EXECUTE,0,COUNT,BACKEND,ROOT,Num times yield occured
8051848945,EXECUTE,540,US,BACKEND,ROOT,Time for initial VTCM acquire
8051848945,EXECUTE,315,US,BACKEND,ROOT,Time for HVX + HMX power on and acquire
8051848945,EXECUTE,2343297,CYCLES,BACKEND,ROOT,Accelerator (execute) time (cycles)
8051848945,EXECUTE,74828,CYCLES,BACKEND,SUB-EVENT,Input OpId_2 (cycles)
8051848945,EXECUTE,28328,CYCLES,BACKEND,SUB-EVENT,hidden_states_ncf:OpId_17 (cycles)
8051848945,EXECUTE,14007,CYCLES,BACKEND,SUB-EVENT,rms_norm__Mul_1_output_0:OpId_22 (cycles)
8051848945,EXECUTE,51233,CYCLES,BACKEND,SUB-EVENT,_MatMul:OpId_27 (cycles)
8051848945,EXECUTE,0,CYCLES,BACKEND,SUB-EVENT,_MatMul_post_reshape:OpId_29 (cycles)
8051848945,EXECUTE,16265,CYCLES,BACKEND,SUB-EVENT,_MatMul_1:OpId_32 (cycles)
8051848945,EXECUTE,47649,CYCLES,BACKEND,SUB-EVENT,_MatMul_1_post_reshape:OpId_34 (cycles)
8051848945,EXECUTE,1442,CYCLES,BACKEND,SUB-EVENT,_MatMul_2:OpId_37 (cycles)
8051848945,EXECUTE,45965,CYCLES,BACKEND,SUB-EVENT,_MatMul_2_post_reshape:OpId_39 (cycles)
8051848945,EXECUTE,478,CYCLES,BACKEND,SUB-EVENT,_Transpose:OpId_41 (cycles)
8051848945,EXECUTE,6275,CYCLES,BACKEND,SUB-EVENT,_Transpose_1:OpId_43 (cycles)
8051848945,EXECUTE,5959,CYCLES,BACKEND,SUB-EVENT,_Transpose_2:OpId_45 (cycles)
8051848945,EXECUTE,42035,CYCLES,BACKEND,SUB-EVENT,_Slice:OpId_47 (cycles)
8051848945,EXECUTE,7980,CYCLES,BACKEND,SUB-EVENT,_Slice_1:OpId_53 (cycles)
8051848945,EXECUTE,4099,CYCLES,BACKEND,SUB-EVENT,_Mul_2:OpId_59 (cycles)
8051848945,EXECUTE,1192,CYCLES,BACKEND,SUB-EVENT,_Mul_3:OpId_62 (cycles)
8051848945,EXECUTE,254,CYCLES,BACKEND,SUB-EVENT,_Sub:OpId_64 (cycles)
8051848945,EXECUTE,3244,CYCLES,BACKEND,SUB-EVENT,_Mul_4:OpId_66 (cycles)
8051848945,EXECUTE,4110,CYCLES,BACKEND,SUB-EVENT,_Mul_5:OpId_68 (cycles)
8051848945,EXECUTE,1977,CYCLES,BACKEND,SUB-EVENT,_Add_4:OpId_70 (cycles)
8051848945,EXECUTE,0,CYCLES,BACKEND,SUB-EVENT,_Unsqueeze:OpId_72 (cycles)
8051848945,EXECUTE,0,CYCLES,BACKEND,SUB-EVENT,_Unsqueeze_1:OpId_73 (cycles)
8051848945,EXECUTE,947,CYCLES,BACKEND,SUB-EVENT,_Concat:OpId_74 (cycles)
8051848945,EXECUTE,557,CYCLES,BACKEND,SUB-EVENT,_Reshape_3:OpId_76 (cycles)
8051848945,EXECUTE,103247,CYCLES,BACKEND,SUB-EVENT,_Slice_3:OpId_78 (cycles)
8051848945,EXECUTE,18483,CYCLES,BACKEND,SUB-EVENT,_Slice_4:OpId_84 (cycles)
8051848945,EXECUTE,29029,CYCLES,BACKEND,SUB-EVENT,_Mul_6:OpId_89 (cycles)
8051848945,EXECUTE,22397,CYCLES,BACKEND,SUB-EVENT,_Mul_7:OpId_91 (cycles)
8051848945,EXECUTE,8112,CYCLES,BACKEND,SUB-EVENT,_Sub_1:OpId_93 (cycles)
8051848945,EXECUTE,28962,CYCLES,BACKEND,SUB-EVENT,_Mul_8:OpId_95 (cycles)
8051848945,EXECUTE,22349,CYCLES,BACKEND,SUB-EVENT,_Mul_9:OpId_97 (cycles)
8051848945,EXECUTE,5383,CYCLES,BACKEND,SUB-EVENT,_Add_5:OpId_99 (cycles)
8051848945,EXECUTE,0,CYCLES,BACKEND,SUB-EVENT,_Unsqueeze_2:OpId_101 (cycles)
8051848945,EXECUTE,0,CYCLES,BACKEND,SUB-EVENT,_Unsqueeze_3:OpId_102 (cycles)
8051848945,EXECUTE,7295,CYCLES,BACKEND,SUB-EVENT,_Concat_2:OpId_103 (cycles)
8051848945,EXECUTE,0,CYCLES,BACKEND,SUB-EVENT,_Reshape_4:OpId_105 (cycles)
8051848945,EXECUTE,2166,CYCLES,BACKEND,SUB-EVENT,current_key_nhwc:OpId_107 (cycles)
8051848945,EXECUTE,6368,CYCLES,BACKEND,SUB-EVENT,_Concat_4:OpId_108 (cycles)
8051848945,EXECUTE,357465,CYCLES,BACKEND,SUB-EVENT,_Concat_4_output_0_nchw:OpId_111 (cycles)
8051848945,EXECUTE,20456,CYCLES,BACKEND,SUB-EVENT,_Concat_5:OpId_112 (cycles)
8051848945,EXECUTE,0,CYCLES,BACKEND,SUB-EVENT,_Unsqueeze_4:OpId_114 (cycles)
8051848945,EXECUTE,33483,CYCLES,BACKEND,SUB-EVENT,_MatMul_3:OpId_115 (cycles)
8051848945,EXECUTE,19147,CYCLES,BACKEND,SUB-EVENT,_Div_1:OpId_120 (cycles)
8051848945,EXECUTE,0,CYCLES,BACKEND,SUB-EVENT,_Add_6:OpId_123 (cycles)
8051848945,EXECUTE,24372,CYCLES,BACKEND,SUB-EVENT,_Softmax:OpId_125 (cycles)
8051848945,EXECUTE,0,CYCLES,BACKEND,SUB-EVENT,_Unsqueeze_5:OpId_128 (cycles)
8051848945,EXECUTE,94247,CYCLES,BACKEND,SUB-EVENT,_MatMul_4:OpId_129 (cycles)
8051848945,EXECUTE,0,CYCLES,BACKEND,SUB-EVENT,_Reshape_6:OpId_133 (cycles)
8051848945,EXECUTE,0,CYCLES,BACKEND,SUB-EVENT,_Transpose_4:OpId_135 (cycles)
8051848945,EXECUTE,20895,CYCLES,BACKEND,SUB-EVENT,_MatMul_5:OpId_137 (cycles)
8051848945,EXECUTE,0,CYCLES,BACKEND,SUB-EVENT,_MatMul_5_post_reshape:OpId_140 (cycles)
8051848945,EXECUTE,0,CYCLES,BACKEND,SUB-EVENT,_MatMul_5_output_0_nfc:OpId_142 (cycles)
8051848945,EXECUTE,155515,CYCLES,BACKEND,SUB-EVENT,_Add_7:OpId_144 (cycles)
8051848945,EXECUTE,287,CYCLES,BACKEND,SUB-EVENT,_Add_7_output_0_ncf:OpId_147 (cycles)
8051848945,EXECUTE,3413,CYCLES,BACKEND,SUB-EVENT,rms_norm__Mul_11_output_0:OpId_152 (cycles)
8051848945,EXECUTE,0,CYCLES,BACKEND,SUB-EVENT,_MatMul_6:OpId_156 (cycles)
8051848945,EXECUTE,0,CYCLES,BACKEND,SUB-EVENT,_MatMul_6_post_reshape:OpId_159 (cycles)
8051848945,EXECUTE,277640,CYCLES,BACKEND,SUB-EVENT,_MatMul_7:OpId_161 (cycles)
8051848945,EXECUTE,0,CYCLES,BACKEND,SUB-EVENT,_MatMul_7_post_reshape:OpId_164 (cycles)
8051848945,EXECUTE,0,CYCLES,BACKEND,SUB-EVENT,_Sigmoid:OpId_165 (cycles)
8051848945,EXECUTE,274116,CYCLES,BACKEND,SUB-EVENT,_Mul_12:OpId_172 (cycles)
8051848945,EXECUTE,27230,CYCLES,BACKEND,SUB-EVENT,_Mul_13:OpId_174 (cycles)
8051848945,EXECUTE,402029,CYCLES,BACKEND,SUB-EVENT,_MatMul_8:OpId_177 (cycles)
8051848945,EXECUTE,0,CYCLES,BACKEND,SUB-EVENT,_MatMul_8_post_reshape:OpId_180 (cycles)
8051848945,EXECUTE,0,CYCLES,BACKEND,SUB-EVENT,_MatMul_8_output_0_nfc:OpId_182 (cycles)
8051848945,EXECUTE,14952,CYCLES,BACKEND,SUB-EVENT,_Add_9:OpId_184 (cycles)
8051848945,EXECUTE,5435,CYCLES,BACKEND,SUB-EVENT,Output OpId_3 (cycles)
8051848945,EXECUTE,4610,US,BACKEND,ROOT,Accelerator (execute) time
8051848945,EXECUTE,4487,US,BACKEND,ROOT,Accelerator (execute excluding wait) time
8051848945,EXECUTE,11648,US,BACKEND,ROOT,QNN (execute) time
8051851712,EXECUTE IPS,66.470360,INF/SEC,NETRUN,ROOT,null
