input log file location, qwen_block_custom_qnn/device_output/builtin_layer0_decode_past128_grouped_gqa_delta_kv_shared/qnn-profiling-data_0.log
qnn-profile-viewer version, v2.47.0.260601114230
qnn-net-run version, v2.47.0.260601114230
Backend version, v2.47.0.260601114230
Msg Timestamp, Message, Time, Unit of Measurement, Timing Source, Event Level, Event Identifier
5268107288,INIT,519890,US,NETRUN,ROOT,null
5268304693,COMPOSE GRAPHS,196006,US,NETRUN,ROOT,null
5268629625,FINALIZE,323839,US,NETRUN,ROOT,Graph 0: qwen2_0_5b_layer0_decode_past128_grouped_gqa_delta_kv
5268629625,FINALIZE,7029,US,BACKEND,ROOT,RPC (finalize) time
5268629625,FINALIZE,5575,US,BACKEND,ROOT,QNN accelerator (finalize) time
5268629625,FINALIZE,5411,US,BACKEND,ROOT,Accelerator (finalize) time
5268629625,FINALIZE,323787,US,BACKEND,ROOT,QNN (finalize) time
5268629625,FINALIZE,229,US,BACKEND,SUB-EVENT,Graph Preparation Initializing
5268629625,FINALIZE,244386,US,BACKEND,SUB-EVENT,Graph Optimizations
5268629625,FINALIZE,2713,US,BACKEND,SUB-EVENT,Post Graph Optimization
5268629625,FINALIZE,16441,US,BACKEND,SUB-EVENT,Graph Sequencing for Target
5268629625,FINALIZE,2058,US,BACKEND,SUB-EVENT,VTCM Allocation
5268629625,FINALIZE,1321,US,BACKEND,SUB-EVENT,Parallelization Optimization
5268629625,FINALIZE,1880,US,BACKEND,SUB-EVENT,Finalizing Graph Sequence
5268629625,FINALIZE,71,US,BACKEND,SUB-EVENT,Completion
5268841617,DE-INIT,47034,US,NETRUN,ROOT,null
5268841617,DE-INIT,9004,US,BACKEND,ROOT,RPC (deinit) time
5268841617,DE-INIT,7790,US,BACKEND,ROOT,QNN Accelerator (deinit) time
5268841617,DE-INIT,7667,US,BACKEND,ROOT,Accelerator (deinit) time
5268841617,DE-INIT,47021,US,BACKEND,ROOT,QNN (deinit) time
5268656684,EXECUTE,21044,US,NETRUN,ROOT,Graph 0: qwen2_0_5b_layer0_decode_past128_grouped_gqa_delta_kv
5268656684,EXECUTE,4,COUNT,BACKEND,ROOT,Number of HVX threads used
5268656684,EXECUTE,20687,US,BACKEND,ROOT,RPC (execute) time
5268656684,EXECUTE,18659,US,BACKEND,ROOT,QNN accelerator (execute) time
5268656684,EXECUTE,0,COUNT,BACKEND,ROOT,Num times yield occured
5268656684,EXECUTE,935,US,BACKEND,ROOT,Time for initial VTCM acquire
5268656684,EXECUTE,39288,US,BACKEND,ROOT,Time for HVX + HMX power on and acquire
5268656684,EXECUTE,1243590,CYCLES,BACKEND,ROOT,Accelerator (execute) time (cycles)
5268656684,EXECUTE,24555,CYCLES,BACKEND,SUB-EVENT,Input OpId_2 (cycles)
5268656684,EXECUTE,4786,CYCLES,BACKEND,SUB-EVENT,hidden_states_ncf:OpId_17 (cycles)
5268656684,EXECUTE,22549,CYCLES,BACKEND,SUB-EVENT,past_value_nchw:OpId_20 (cycles)
5268656684,EXECUTE,6076,CYCLES,BACKEND,SUB-EVENT,rms_norm__Mul_1_output_0:OpId_24 (cycles)
5268656684,EXECUTE,41708,CYCLES,BACKEND,SUB-EVENT,_MatMul:OpId_29 (cycles)
5268656684,EXECUTE,0,CYCLES,BACKEND,SUB-EVENT,_MatMul_post_reshape:OpId_31 (cycles)
5268656684,EXECUTE,7538,CYCLES,BACKEND,SUB-EVENT,_MatMul_1:OpId_34 (cycles)
5268656684,EXECUTE,10352,CYCLES,BACKEND,SUB-EVENT,_MatMul_1_post_reshape:OpId_36 (cycles)
5268656684,EXECUTE,1558,CYCLES,BACKEND,SUB-EVENT,_MatMul_2:OpId_39 (cycles)
5268656684,EXECUTE,8570,CYCLES,BACKEND,SUB-EVENT,_MatMul_2_post_reshape:OpId_41 (cycles)
5268656684,EXECUTE,530,CYCLES,BACKEND,SUB-EVENT,_Transpose:OpId_43 (cycles)
5268656684,EXECUTE,2624,CYCLES,BACKEND,SUB-EVENT,_Transpose_1:OpId_45 (cycles)
5268656684,EXECUTE,2339,CYCLES,BACKEND,SUB-EVENT,_Transpose_2:OpId_47 (cycles)
5268656684,EXECUTE,23103,CYCLES,BACKEND,SUB-EVENT,_Slice:OpId_49 (cycles)
5268656684,EXECUTE,5417,CYCLES,BACKEND,SUB-EVENT,_Slice_1:OpId_55 (cycles)
5268656684,EXECUTE,1435,CYCLES,BACKEND,SUB-EVENT,_Mul_2:OpId_61 (cycles)
5268656684,EXECUTE,1265,CYCLES,BACKEND,SUB-EVENT,_Mul_3:OpId_64 (cycles)
5268656684,EXECUTE,240,CYCLES,BACKEND,SUB-EVENT,_Sub:OpId_66 (cycles)
5268656684,EXECUTE,1801,CYCLES,BACKEND,SUB-EVENT,_Mul_4:OpId_68 (cycles)
5268656684,EXECUTE,1237,CYCLES,BACKEND,SUB-EVENT,_Mul_5:OpId_70 (cycles)
5268656684,EXECUTE,1798,CYCLES,BACKEND,SUB-EVENT,_Add_4:OpId_72 (cycles)
5268656684,EXECUTE,0,CYCLES,BACKEND,SUB-EVENT,_Unsqueeze:OpId_74 (cycles)
5268656684,EXECUTE,0,CYCLES,BACKEND,SUB-EVENT,_Unsqueeze_1:OpId_75 (cycles)
5268656684,EXECUTE,733,CYCLES,BACKEND,SUB-EVENT,_Concat:OpId_76 (cycles)
5268656684,EXECUTE,560,CYCLES,BACKEND,SUB-EVENT,_Reshape_3:OpId_78 (cycles)
5268656684,EXECUTE,21850,CYCLES,BACKEND,SUB-EVENT,_Slice_3:OpId_80 (cycles)
5268656684,EXECUTE,5414,CYCLES,BACKEND,SUB-EVENT,_Slice_4:OpId_86 (cycles)
5268656684,EXECUTE,5227,CYCLES,BACKEND,SUB-EVENT,_Mul_6:OpId_91 (cycles)
5268656684,EXECUTE,1659,CYCLES,BACKEND,SUB-EVENT,_Mul_7:OpId_93 (cycles)
5268656684,EXECUTE,545,CYCLES,BACKEND,SUB-EVENT,_Sub_1:OpId_95 (cycles)
5268656684,EXECUTE,5177,CYCLES,BACKEND,SUB-EVENT,_Mul_8:OpId_97 (cycles)
5268656684,EXECUTE,1386,CYCLES,BACKEND,SUB-EVENT,_Mul_9:OpId_99 (cycles)
5268656684,EXECUTE,820,CYCLES,BACKEND,SUB-EVENT,_Add_5:OpId_101 (cycles)
5268656684,EXECUTE,0,CYCLES,BACKEND,SUB-EVENT,_Unsqueeze_2:OpId_103 (cycles)
5268656684,EXECUTE,0,CYCLES,BACKEND,SUB-EVENT,_Unsqueeze_3:OpId_104 (cycles)
5268656684,EXECUTE,3064,CYCLES,BACKEND,SUB-EVENT,_Concat_2:OpId_105 (cycles)
5268656684,EXECUTE,0,CYCLES,BACKEND,SUB-EVENT,_Reshape_4:OpId_107 (cycles)
5268656684,EXECUTE,954,CYCLES,BACKEND,SUB-EVENT,current_key_nhwc:OpId_109 (cycles)
5268656684,EXECUTE,3152,CYCLES,BACKEND,SUB-EVENT,_Concat_4:OpId_110 (cycles)
5268656684,EXECUTE,369549,CYCLES,BACKEND,SUB-EVENT,_Concat_4_output_0_nchw:OpId_113 (cycles)
5268656684,EXECUTE,1705,CYCLES,BACKEND,SUB-EVENT,_Concat_5:OpId_114 (cycles)
5268656684,EXECUTE,0,CYCLES,BACKEND,SUB-EVENT,_Unsqueeze_4:OpId_116 (cycles)
5268656684,EXECUTE,31195,CYCLES,BACKEND,SUB-EVENT,_MatMul_3:OpId_117 (cycles)
5268656684,EXECUTE,4725,CYCLES,BACKEND,SUB-EVENT,_Div_1:OpId_122 (cycles)
5268656684,EXECUTE,0,CYCLES,BACKEND,SUB-EVENT,_Add_6:OpId_125 (cycles)
5268656684,EXECUTE,17684,CYCLES,BACKEND,SUB-EVENT,_Softmax:OpId_127 (cycles)
5268656684,EXECUTE,0,CYCLES,BACKEND,SUB-EVENT,_Unsqueeze_5:OpId_130 (cycles)
5268656684,EXECUTE,33111,CYCLES,BACKEND,SUB-EVENT,_MatMul_4:OpId_131 (cycles)
5268656684,EXECUTE,0,CYCLES,BACKEND,SUB-EVENT,_Reshape_6:OpId_135 (cycles)
5268656684,EXECUTE,0,CYCLES,BACKEND,SUB-EVENT,_Transpose_4:OpId_137 (cycles)
5268656684,EXECUTE,25406,CYCLES,BACKEND,SUB-EVENT,_MatMul_5:OpId_139 (cycles)
5268656684,EXECUTE,0,CYCLES,BACKEND,SUB-EVENT,_MatMul_5_post_reshape:OpId_142 (cycles)
5268656684,EXECUTE,0,CYCLES,BACKEND,SUB-EVENT,_MatMul_5_output_0_nfc:OpId_144 (cycles)
5268656684,EXECUTE,66446,CYCLES,BACKEND,SUB-EVENT,_Add_7:OpId_146 (cycles)
5268656684,EXECUTE,288,CYCLES,BACKEND,SUB-EVENT,_Add_7_output_0_ncf:OpId_149 (cycles)
5268656684,EXECUTE,2043,CYCLES,BACKEND,SUB-EVENT,rms_norm__Mul_11_output_0:OpId_154 (cycles)
5268656684,EXECUTE,0,CYCLES,BACKEND,SUB-EVENT,_MatMul_6:OpId_158 (cycles)
5268656684,EXECUTE,0,CYCLES,BACKEND,SUB-EVENT,_MatMul_6_post_reshape:OpId_161 (cycles)
5268656684,EXECUTE,153604,CYCLES,BACKEND,SUB-EVENT,_MatMul_7:OpId_163 (cycles)
5268656684,EXECUTE,0,CYCLES,BACKEND,SUB-EVENT,_MatMul_7_post_reshape:OpId_166 (cycles)
5268656684,EXECUTE,0,CYCLES,BACKEND,SUB-EVENT,_Sigmoid:OpId_167 (cycles)
5268656684,EXECUTE,122419,CYCLES,BACKEND,SUB-EVENT,_Mul_12:OpId_174 (cycles)
5268656684,EXECUTE,19706,CYCLES,BACKEND,SUB-EVENT,_Mul_13:OpId_176 (cycles)
5268656684,EXECUTE,156746,CYCLES,BACKEND,SUB-EVENT,_MatMul_8:OpId_179 (cycles)
5268656684,EXECUTE,0,CYCLES,BACKEND,SUB-EVENT,_MatMul_8_post_reshape:OpId_182 (cycles)
5268656684,EXECUTE,0,CYCLES,BACKEND,SUB-EVENT,_MatMul_8_output_0_nfc:OpId_184 (cycles)
5268656684,EXECUTE,14761,CYCLES,BACKEND,SUB-EVENT,_Add_9:OpId_186 (cycles)
5268656684,EXECUTE,4180,CYCLES,BACKEND,SUB-EVENT,Output OpId_3 (cycles)
5268656684,EXECUTE,4840,US,BACKEND,ROOT,Accelerator (execute) time
5268656684,EXECUTE,2658,US,BACKEND,ROOT,Accelerator (execute excluding wait) time
5268656684,EXECUTE,21024,US,BACKEND,ROOT,QNN (execute) time
5268667552,EXECUTE,8710,US,NETRUN,ROOT,Graph 0: qwen2_0_5b_layer0_decode_past128_grouped_gqa_delta_kv
5268667552,EXECUTE,4,COUNT,BACKEND,ROOT,Number of HVX threads used
5268667552,EXECUTE,8356,US,BACKEND,ROOT,RPC (execute) time
5268667552,EXECUTE,7431,US,BACKEND,ROOT,QNN accelerator (execute) time
5268667552,EXECUTE,0,COUNT,BACKEND,ROOT,Num times yield occured
5268667552,EXECUTE,669,US,BACKEND,ROOT,Time for initial VTCM acquire
5268667552,EXECUTE,239,US,BACKEND,ROOT,Time for HVX + HMX power on and acquire
5268667552,EXECUTE,1246739,CYCLES,BACKEND,ROOT,Accelerator (execute) time (cycles)
5268667552,EXECUTE,45841,CYCLES,BACKEND,SUB-EVENT,Input OpId_2 (cycles)
5268667552,EXECUTE,13111,CYCLES,BACKEND,SUB-EVENT,hidden_states_ncf:OpId_17 (cycles)
5268667552,EXECUTE,21331,CYCLES,BACKEND,SUB-EVENT,past_value_nchw:OpId_20 (cycles)
5268667552,EXECUTE,11935,CYCLES,BACKEND,SUB-EVENT,rms_norm__Mul_1_output_0:OpId_24 (cycles)
5268667552,EXECUTE,38527,CYCLES,BACKEND,SUB-EVENT,_MatMul:OpId_29 (cycles)
5268667552,EXECUTE,0,CYCLES,BACKEND,SUB-EVENT,_MatMul_post_reshape:OpId_31 (cycles)
5268667552,EXECUTE,5892,CYCLES,BACKEND,SUB-EVENT,_MatMul_1:OpId_34 (cycles)
5268667552,EXECUTE,14909,CYCLES,BACKEND,SUB-EVENT,_MatMul_1_post_reshape:OpId_36 (cycles)
5268667552,EXECUTE,2171,CYCLES,BACKEND,SUB-EVENT,_MatMul_2:OpId_39 (cycles)
5268667552,EXECUTE,13164,CYCLES,BACKEND,SUB-EVENT,_MatMul_2_post_reshape:OpId_41 (cycles)
5268667552,EXECUTE,545,CYCLES,BACKEND,SUB-EVENT,_Transpose:OpId_43 (cycles)
5268667552,EXECUTE,2997,CYCLES,BACKEND,SUB-EVENT,_Transpose_1:OpId_45 (cycles)
5268667552,EXECUTE,2701,CYCLES,BACKEND,SUB-EVENT,_Transpose_2:OpId_47 (cycles)
5268667552,EXECUTE,29435,CYCLES,BACKEND,SUB-EVENT,_Slice:OpId_49 (cycles)
5268667552,EXECUTE,7559,CYCLES,BACKEND,SUB-EVENT,_Slice_1:OpId_55 (cycles)
5268667552,EXECUTE,1449,CYCLES,BACKEND,SUB-EVENT,_Mul_2:OpId_61 (cycles)
5268667552,EXECUTE,1262,CYCLES,BACKEND,SUB-EVENT,_Mul_3:OpId_64 (cycles)
5268667552,EXECUTE,270,CYCLES,BACKEND,SUB-EVENT,_Sub:OpId_66 (cycles)
5268667552,EXECUTE,1718,CYCLES,BACKEND,SUB-EVENT,_Mul_4:OpId_68 (cycles)
5268667552,EXECUTE,1224,CYCLES,BACKEND,SUB-EVENT,_Mul_5:OpId_70 (cycles)
5268667552,EXECUTE,3713,CYCLES,BACKEND,SUB-EVENT,_Add_4:OpId_72 (cycles)
5268667552,EXECUTE,0,CYCLES,BACKEND,SUB-EVENT,_Unsqueeze:OpId_74 (cycles)
5268667552,EXECUTE,0,CYCLES,BACKEND,SUB-EVENT,_Unsqueeze_1:OpId_75 (cycles)
5268667552,EXECUTE,876,CYCLES,BACKEND,SUB-EVENT,_Concat:OpId_76 (cycles)
5268667552,EXECUTE,586,CYCLES,BACKEND,SUB-EVENT,_Reshape_3:OpId_78 (cycles)
5268667552,EXECUTE,37303,CYCLES,BACKEND,SUB-EVENT,_Slice_3:OpId_80 (cycles)
5268667552,EXECUTE,7661,CYCLES,BACKEND,SUB-EVENT,_Slice_4:OpId_86 (cycles)
5268667552,EXECUTE,8469,CYCLES,BACKEND,SUB-EVENT,_Mul_6:OpId_91 (cycles)
5268667552,EXECUTE,4069,CYCLES,BACKEND,SUB-EVENT,_Mul_7:OpId_93 (cycles)
5268667552,EXECUTE,563,CYCLES,BACKEND,SUB-EVENT,_Sub_1:OpId_95 (cycles)
5268667552,EXECUTE,8429,CYCLES,BACKEND,SUB-EVENT,_Mul_8:OpId_97 (cycles)
5268667552,EXECUTE,3360,CYCLES,BACKEND,SUB-EVENT,_Mul_9:OpId_99 (cycles)
5268667552,EXECUTE,844,CYCLES,BACKEND,SUB-EVENT,_Add_5:OpId_101 (cycles)
5268667552,EXECUTE,0,CYCLES,BACKEND,SUB-EVENT,_Unsqueeze_2:OpId_103 (cycles)
5268667552,EXECUTE,0,CYCLES,BACKEND,SUB-EVENT,_Unsqueeze_3:OpId_104 (cycles)
5268667552,EXECUTE,2991,CYCLES,BACKEND,SUB-EVENT,_Concat_2:OpId_105 (cycles)
5268667552,EXECUTE,0,CYCLES,BACKEND,SUB-EVENT,_Reshape_4:OpId_107 (cycles)
5268667552,EXECUTE,917,CYCLES,BACKEND,SUB-EVENT,current_key_nhwc:OpId_109 (cycles)
5268667552,EXECUTE,3116,CYCLES,BACKEND,SUB-EVENT,_Concat_4:OpId_110 (cycles)
5268667552,EXECUTE,369507,CYCLES,BACKEND,SUB-EVENT,_Concat_4_output_0_nchw:OpId_113 (cycles)
5268667552,EXECUTE,6023,CYCLES,BACKEND,SUB-EVENT,_Concat_5:OpId_114 (cycles)
5268667552,EXECUTE,0,CYCLES,BACKEND,SUB-EVENT,_Unsqueeze_4:OpId_116 (cycles)
5268667552,EXECUTE,33921,CYCLES,BACKEND,SUB-EVENT,_MatMul_3:OpId_117 (cycles)
5268667552,EXECUTE,8326,CYCLES,BACKEND,SUB-EVENT,_Div_1:OpId_122 (cycles)
5268667552,EXECUTE,0,CYCLES,BACKEND,SUB-EVENT,_Add_6:OpId_125 (cycles)
5268667552,EXECUTE,19211,CYCLES,BACKEND,SUB-EVENT,_Softmax:OpId_127 (cycles)
5268667552,EXECUTE,0,CYCLES,BACKEND,SUB-EVENT,_Unsqueeze_5:OpId_130 (cycles)
5268667552,EXECUTE,41394,CYCLES,BACKEND,SUB-EVENT,_MatMul_4:OpId_131 (cycles)
5268667552,EXECUTE,0,CYCLES,BACKEND,SUB-EVENT,_Reshape_6:OpId_135 (cycles)
5268667552,EXECUTE,0,CYCLES,BACKEND,SUB-EVENT,_Transpose_4:OpId_137 (cycles)
5268667552,EXECUTE,16386,CYCLES,BACKEND,SUB-EVENT,_MatMul_5:OpId_139 (cycles)
5268667552,EXECUTE,0,CYCLES,BACKEND,SUB-EVENT,_MatMul_5_post_reshape:OpId_142 (cycles)
5268667552,EXECUTE,0,CYCLES,BACKEND,SUB-EVENT,_MatMul_5_output_0_nfc:OpId_144 (cycles)
5268667552,EXECUTE,71385,CYCLES,BACKEND,SUB-EVENT,_Add_7:OpId_146 (cycles)
5268667552,EXECUTE,253,CYCLES,BACKEND,SUB-EVENT,_Add_7_output_0_ncf:OpId_149 (cycles)
5268667552,EXECUTE,3032,CYCLES,BACKEND,SUB-EVENT,rms_norm__Mul_11_output_0:OpId_154 (cycles)
5268667552,EXECUTE,0,CYCLES,BACKEND,SUB-EVENT,_MatMul_6:OpId_158 (cycles)
5268667552,EXECUTE,0,CYCLES,BACKEND,SUB-EVENT,_MatMul_6_post_reshape:OpId_161 (cycles)
5268667552,EXECUTE,91437,CYCLES,BACKEND,SUB-EVENT,_MatMul_7:OpId_163 (cycles)
5268667552,EXECUTE,0,CYCLES,BACKEND,SUB-EVENT,_MatMul_7_post_reshape:OpId_166 (cycles)
5268667552,EXECUTE,0,CYCLES,BACKEND,SUB-EVENT,_Sigmoid:OpId_167 (cycles)
5268667552,EXECUTE,91471,CYCLES,BACKEND,SUB-EVENT,_Mul_12:OpId_174 (cycles)
5268667552,EXECUTE,19402,CYCLES,BACKEND,SUB-EVENT,_Mul_13:OpId_176 (cycles)
5268667552,EXECUTE,156173,CYCLES,BACKEND,SUB-EVENT,_MatMul_8:OpId_179 (cycles)
5268667552,EXECUTE,0,CYCLES,BACKEND,SUB-EVENT,_MatMul_8_post_reshape:OpId_182 (cycles)
5268667552,EXECUTE,0,CYCLES,BACKEND,SUB-EVENT,_MatMul_8_output_0_nfc:OpId_184 (cycles)
5268667552,EXECUTE,15058,CYCLES,BACKEND,SUB-EVENT,_Add_9:OpId_186 (cycles)
5268667552,EXECUTE,4822,CYCLES,BACKEND,SUB-EVENT,Output OpId_3 (cycles)
5268667552,EXECUTE,2621,US,BACKEND,ROOT,Accelerator (execute) time
5268667552,EXECUTE,2478,US,BACKEND,ROOT,Accelerator (execute excluding wait) time
5268667552,EXECUTE,8688,US,BACKEND,ROOT,QNN (execute) time
5268681321,EXECUTE,11822,US,NETRUN,ROOT,Graph 0: qwen2_0_5b_layer0_decode_past128_grouped_gqa_delta_kv
5268681321,EXECUTE,4,COUNT,BACKEND,ROOT,Number of HVX threads used
5268681321,EXECUTE,11456,US,BACKEND,ROOT,RPC (execute) time
5268681321,EXECUTE,9270,US,BACKEND,ROOT,QNN accelerator (execute) time
5268681321,EXECUTE,0,COUNT,BACKEND,ROOT,Num times yield occured
5268681321,EXECUTE,762,US,BACKEND,ROOT,Time for initial VTCM acquire
5268681321,EXECUTE,168,US,BACKEND,ROOT,Time for HVX + HMX power on and acquire
5268681321,EXECUTE,2047898,CYCLES,BACKEND,ROOT,Accelerator (execute) time (cycles)
5268681321,EXECUTE,35464,CYCLES,BACKEND,SUB-EVENT,Input OpId_2 (cycles)
5268681321,EXECUTE,10522,CYCLES,BACKEND,SUB-EVENT,hidden_states_ncf:OpId_17 (cycles)
5268681321,EXECUTE,38769,CYCLES,BACKEND,SUB-EVENT,past_value_nchw:OpId_20 (cycles)
5268681321,EXECUTE,7612,CYCLES,BACKEND,SUB-EVENT,rms_norm__Mul_1_output_0:OpId_24 (cycles)
5268681321,EXECUTE,30806,CYCLES,BACKEND,SUB-EVENT,_MatMul:OpId_29 (cycles)
5268681321,EXECUTE,0,CYCLES,BACKEND,SUB-EVENT,_MatMul_post_reshape:OpId_31 (cycles)
5268681321,EXECUTE,4130,CYCLES,BACKEND,SUB-EVENT,_MatMul_1:OpId_34 (cycles)
5268681321,EXECUTE,8724,CYCLES,BACKEND,SUB-EVENT,_MatMul_1_post_reshape:OpId_36 (cycles)
5268681321,EXECUTE,2256,CYCLES,BACKEND,SUB-EVENT,_MatMul_2:OpId_39 (cycles)
5268681321,EXECUTE,7055,CYCLES,BACKEND,SUB-EVENT,_MatMul_2_post_reshape:OpId_41 (cycles)
5268681321,EXECUTE,486,CYCLES,BACKEND,SUB-EVENT,_Transpose:OpId_43 (cycles)
5268681321,EXECUTE,1806,CYCLES,BACKEND,SUB-EVENT,_Transpose_1:OpId_45 (cycles)
5268681321,EXECUTE,1542,CYCLES,BACKEND,SUB-EVENT,_Transpose_2:OpId_47 (cycles)
5268681321,EXECUTE,60107,CYCLES,BACKEND,SUB-EVENT,_Slice:OpId_49 (cycles)
5268681321,EXECUTE,10602,CYCLES,BACKEND,SUB-EVENT,_Slice_1:OpId_55 (cycles)
5268681321,EXECUTE,2674,CYCLES,BACKEND,SUB-EVENT,_Mul_2:OpId_61 (cycles)
5268681321,EXECUTE,1187,CYCLES,BACKEND,SUB-EVENT,_Mul_3:OpId_64 (cycles)
5268681321,EXECUTE,255,CYCLES,BACKEND,SUB-EVENT,_Sub:OpId_66 (cycles)
5268681321,EXECUTE,2875,CYCLES,BACKEND,SUB-EVENT,_Mul_4:OpId_68 (cycles)
5268681321,EXECUTE,1266,CYCLES,BACKEND,SUB-EVENT,_Mul_5:OpId_70 (cycles)
5268681321,EXECUTE,2657,CYCLES,BACKEND,SUB-EVENT,_Add_4:OpId_72 (cycles)
5268681321,EXECUTE,0,CYCLES,BACKEND,SUB-EVENT,_Unsqueeze:OpId_74 (cycles)
5268681321,EXECUTE,0,CYCLES,BACKEND,SUB-EVENT,_Unsqueeze_1:OpId_75 (cycles)
5268681321,EXECUTE,742,CYCLES,BACKEND,SUB-EVENT,_Concat:OpId_76 (cycles)
5268681321,EXECUTE,560,CYCLES,BACKEND,SUB-EVENT,_Reshape_3:OpId_78 (cycles)
5268681321,EXECUTE,85267,CYCLES,BACKEND,SUB-EVENT,_Slice_3:OpId_80 (cycles)
5268681321,EXECUTE,12821,CYCLES,BACKEND,SUB-EVENT,_Slice_4:OpId_86 (cycles)
5268681321,EXECUTE,28477,CYCLES,BACKEND,SUB-EVENT,_Mul_6:OpId_91 (cycles)
5268681321,EXECUTE,18925,CYCLES,BACKEND,SUB-EVENT,_Mul_7:OpId_93 (cycles)
5268681321,EXECUTE,4580,CYCLES,BACKEND,SUB-EVENT,_Sub_1:OpId_95 (cycles)
5268681321,EXECUTE,28377,CYCLES,BACKEND,SUB-EVENT,_Mul_8:OpId_97 (cycles)
5268681321,EXECUTE,18822,CYCLES,BACKEND,SUB-EVENT,_Mul_9:OpId_99 (cycles)
5268681321,EXECUTE,5767,CYCLES,BACKEND,SUB-EVENT,_Add_5:OpId_101 (cycles)
5268681321,EXECUTE,0,CYCLES,BACKEND,SUB-EVENT,_Unsqueeze_2:OpId_103 (cycles)
5268681321,EXECUTE,0,CYCLES,BACKEND,SUB-EVENT,_Unsqueeze_3:OpId_104 (cycles)
5268681321,EXECUTE,7897,CYCLES,BACKEND,SUB-EVENT,_Concat_2:OpId_105 (cycles)
5268681321,EXECUTE,0,CYCLES,BACKEND,SUB-EVENT,_Reshape_4:OpId_107 (cycles)
5268681321,EXECUTE,4807,CYCLES,BACKEND,SUB-EVENT,current_key_nhwc:OpId_109 (cycles)
5268681321,EXECUTE,4261,CYCLES,BACKEND,SUB-EVENT,_Concat_4:OpId_110 (cycles)
5268681321,EXECUTE,354658,CYCLES,BACKEND,SUB-EVENT,_Concat_4_output_0_nchw:OpId_113 (cycles)
5268681321,EXECUTE,2671,CYCLES,BACKEND,SUB-EVENT,_Concat_5:OpId_114 (cycles)
5268681321,EXECUTE,0,CYCLES,BACKEND,SUB-EVENT,_Unsqueeze_4:OpId_116 (cycles)
5268681321,EXECUTE,32573,CYCLES,BACKEND,SUB-EVENT,_MatMul_3:OpId_117 (cycles)
5268681321,EXECUTE,18679,CYCLES,BACKEND,SUB-EVENT,_Div_1:OpId_122 (cycles)
5268681321,EXECUTE,0,CYCLES,BACKEND,SUB-EVENT,_Add_6:OpId_125 (cycles)
5268681321,EXECUTE,21461,CYCLES,BACKEND,SUB-EVENT,_Softmax:OpId_127 (cycles)
5268681321,EXECUTE,0,CYCLES,BACKEND,SUB-EVENT,_Unsqueeze_5:OpId_130 (cycles)
5268681321,EXECUTE,67980,CYCLES,BACKEND,SUB-EVENT,_MatMul_4:OpId_131 (cycles)
5268681321,EXECUTE,0,CYCLES,BACKEND,SUB-EVENT,_Reshape_6:OpId_135 (cycles)
5268681321,EXECUTE,0,CYCLES,BACKEND,SUB-EVENT,_Transpose_4:OpId_137 (cycles)
5268681321,EXECUTE,15417,CYCLES,BACKEND,SUB-EVENT,_MatMul_5:OpId_139 (cycles)
5268681321,EXECUTE,0,CYCLES,BACKEND,SUB-EVENT,_MatMul_5_post_reshape:OpId_142 (cycles)
5268681321,EXECUTE,0,CYCLES,BACKEND,SUB-EVENT,_MatMul_5_output_0_nfc:OpId_144 (cycles)
5268681321,EXECUTE,113133,CYCLES,BACKEND,SUB-EVENT,_Add_7:OpId_146 (cycles)
5268681321,EXECUTE,303,CYCLES,BACKEND,SUB-EVENT,_Add_7_output_0_ncf:OpId_149 (cycles)
5268681321,EXECUTE,2678,CYCLES,BACKEND,SUB-EVENT,rms_norm__Mul_11_output_0:OpId_154 (cycles)
5268681321,EXECUTE,0,CYCLES,BACKEND,SUB-EVENT,_MatMul_6:OpId_158 (cycles)
5268681321,EXECUTE,0,CYCLES,BACKEND,SUB-EVENT,_MatMul_6_post_reshape:OpId_161 (cycles)
5268681321,EXECUTE,280494,CYCLES,BACKEND,SUB-EVENT,_MatMul_7:OpId_163 (cycles)
5268681321,EXECUTE,0,CYCLES,BACKEND,SUB-EVENT,_MatMul_7_post_reshape:OpId_166 (cycles)
5268681321,EXECUTE,0,CYCLES,BACKEND,SUB-EVENT,_Sigmoid:OpId_167 (cycles)
5268681321,EXECUTE,234986,CYCLES,BACKEND,SUB-EVENT,_Mul_12:OpId_174 (cycles)
5268681321,EXECUTE,25992,CYCLES,BACKEND,SUB-EVENT,_Mul_13:OpId_176 (cycles)
5268681321,EXECUTE,401223,CYCLES,BACKEND,SUB-EVENT,_MatMul_8:OpId_179 (cycles)
5268681321,EXECUTE,0,CYCLES,BACKEND,SUB-EVENT,_MatMul_8_post_reshape:OpId_182 (cycles)
5268681321,EXECUTE,0,CYCLES,BACKEND,SUB-EVENT,_MatMul_8_output_0_nfc:OpId_184 (cycles)
5268681321,EXECUTE,14823,CYCLES,BACKEND,SUB-EVENT,_Add_9:OpId_186 (cycles)
5268681321,EXECUTE,8729,CYCLES,BACKEND,SUB-EVENT,Output OpId_3 (cycles)
5268681321,EXECUTE,4244,US,BACKEND,ROOT,Accelerator (execute) time
5268681321,EXECUTE,4126,US,BACKEND,ROOT,Accelerator (execute excluding wait) time
5268681321,EXECUTE,11798,US,BACKEND,ROOT,QNN (execute) time
5268695565,EXECUTE,12216,US,NETRUN,ROOT,Graph 0: qwen2_0_5b_layer0_decode_past128_grouped_gqa_delta_kv
5268695565,EXECUTE,4,COUNT,BACKEND,ROOT,Number of HVX threads used
5268695565,EXECUTE,11822,US,BACKEND,ROOT,RPC (execute) time
5268695565,EXECUTE,9593,US,BACKEND,ROOT,QNN accelerator (execute) time
5268695565,EXECUTE,0,COUNT,BACKEND,ROOT,Num times yield occured
5268695565,EXECUTE,637,US,BACKEND,ROOT,Time for initial VTCM acquire
5268695565,EXECUTE,313,US,BACKEND,ROOT,Time for HVX + HMX power on and acquire
5268695565,EXECUTE,2482854,CYCLES,BACKEND,ROOT,Accelerator (execute) time (cycles)
5268695565,EXECUTE,132277,CYCLES,BACKEND,SUB-EVENT,Input OpId_2 (cycles)
5268695565,EXECUTE,46867,CYCLES,BACKEND,SUB-EVENT,hidden_states_ncf:OpId_17 (cycles)
5268695565,EXECUTE,26528,CYCLES,BACKEND,SUB-EVENT,past_value_nchw:OpId_20 (cycles)
5268695565,EXECUTE,28211,CYCLES,BACKEND,SUB-EVENT,rms_norm__Mul_1_output_0:OpId_24 (cycles)
5268695565,EXECUTE,62908,CYCLES,BACKEND,SUB-EVENT,_MatMul:OpId_29 (cycles)
5268695565,EXECUTE,0,CYCLES,BACKEND,SUB-EVENT,_MatMul_post_reshape:OpId_31 (cycles)
5268695565,EXECUTE,13036,CYCLES,BACKEND,SUB-EVENT,_MatMul_1:OpId_34 (cycles)
5268695565,EXECUTE,42802,CYCLES,BACKEND,SUB-EVENT,_MatMul_1_post_reshape:OpId_36 (cycles)
5268695565,EXECUTE,6105,CYCLES,BACKEND,SUB-EVENT,_MatMul_2:OpId_39 (cycles)
5268695565,EXECUTE,41061,CYCLES,BACKEND,SUB-EVENT,_MatMul_2_post_reshape:OpId_41 (cycles)
5268695565,EXECUTE,544,CYCLES,BACKEND,SUB-EVENT,_Transpose:OpId_43 (cycles)
5268695565,EXECUTE,8285,CYCLES,BACKEND,SUB-EVENT,_Transpose_1:OpId_45 (cycles)
5268695565,EXECUTE,7913,CYCLES,BACKEND,SUB-EVENT,_Transpose_2:OpId_47 (cycles)
5268695565,EXECUTE,53895,CYCLES,BACKEND,SUB-EVENT,_Slice:OpId_49 (cycles)
5268695565,EXECUTE,17894,CYCLES,BACKEND,SUB-EVENT,_Slice_1:OpId_55 (cycles)
5268695565,EXECUTE,2686,CYCLES,BACKEND,SUB-EVENT,_Mul_2:OpId_61 (cycles)
5268695565,EXECUTE,1215,CYCLES,BACKEND,SUB-EVENT,_Mul_3:OpId_64 (cycles)
5268695565,EXECUTE,253,CYCLES,BACKEND,SUB-EVENT,_Sub:OpId_66 (cycles)
5268695565,EXECUTE,2922,CYCLES,BACKEND,SUB-EVENT,_Mul_4:OpId_68 (cycles)
5268695565,EXECUTE,1339,CYCLES,BACKEND,SUB-EVENT,_Mul_5:OpId_70 (cycles)
5268695565,EXECUTE,12391,CYCLES,BACKEND,SUB-EVENT,_Add_4:OpId_72 (cycles)
5268695565,EXECUTE,0,CYCLES,BACKEND,SUB-EVENT,_Unsqueeze:OpId_74 (cycles)
5268695565,EXECUTE,0,CYCLES,BACKEND,SUB-EVENT,_Unsqueeze_1:OpId_75 (cycles)
5268695565,EXECUTE,834,CYCLES,BACKEND,SUB-EVENT,_Concat:OpId_76 (cycles)
5268695565,EXECUTE,554,CYCLES,BACKEND,SUB-EVENT,_Reshape_3:OpId_78 (cycles)
5268695565,EXECUTE,81865,CYCLES,BACKEND,SUB-EVENT,_Slice_3:OpId_80 (cycles)
5268695565,EXECUTE,15717,CYCLES,BACKEND,SUB-EVENT,_Slice_4:OpId_86 (cycles)
5268695565,EXECUTE,25917,CYCLES,BACKEND,SUB-EVENT,_Mul_6:OpId_91 (cycles)
5268695565,EXECUTE,24257,CYCLES,BACKEND,SUB-EVENT,_Mul_7:OpId_93 (cycles)
5268695565,EXECUTE,4677,CYCLES,BACKEND,SUB-EVENT,_Sub_1:OpId_95 (cycles)
5268695565,EXECUTE,25864,CYCLES,BACKEND,SUB-EVENT,_Mul_8:OpId_97 (cycles)
5268695565,EXECUTE,24192,CYCLES,BACKEND,SUB-EVENT,_Mul_9:OpId_99 (cycles)
5268695565,EXECUTE,5034,CYCLES,BACKEND,SUB-EVENT,_Add_5:OpId_101 (cycles)
5268695565,EXECUTE,0,CYCLES,BACKEND,SUB-EVENT,_Unsqueeze_2:OpId_103 (cycles)
5268695565,EXECUTE,0,CYCLES,BACKEND,SUB-EVENT,_Unsqueeze_3:OpId_104 (cycles)
5268695565,EXECUTE,8105,CYCLES,BACKEND,SUB-EVENT,_Concat_2:OpId_105 (cycles)
5268695565,EXECUTE,0,CYCLES,BACKEND,SUB-EVENT,_Reshape_4:OpId_107 (cycles)
5268695565,EXECUTE,7198,CYCLES,BACKEND,SUB-EVENT,current_key_nhwc:OpId_109 (cycles)
5268695565,EXECUTE,6045,CYCLES,BACKEND,SUB-EVENT,_Concat_4:OpId_110 (cycles)
5268695565,EXECUTE,383542,CYCLES,BACKEND,SUB-EVENT,_Concat_4_output_0_nchw:OpId_113 (cycles)
5268695565,EXECUTE,1991,CYCLES,BACKEND,SUB-EVENT,_Concat_5:OpId_114 (cycles)
5268695565,EXECUTE,0,CYCLES,BACKEND,SUB-EVENT,_Unsqueeze_4:OpId_116 (cycles)
5268695565,EXECUTE,34964,CYCLES,BACKEND,SUB-EVENT,_MatMul_3:OpId_117 (cycles)
5268695565,EXECUTE,18447,CYCLES,BACKEND,SUB-EVENT,_Div_1:OpId_122 (cycles)
5268695565,EXECUTE,0,CYCLES,BACKEND,SUB-EVENT,_Add_6:OpId_125 (cycles)
5268695565,EXECUTE,21616,CYCLES,BACKEND,SUB-EVENT,_Softmax:OpId_127 (cycles)
5268695565,EXECUTE,0,CYCLES,BACKEND,SUB-EVENT,_Unsqueeze_5:OpId_130 (cycles)
5268695565,EXECUTE,61660,CYCLES,BACKEND,SUB-EVENT,_MatMul_4:OpId_131 (cycles)
5268695565,EXECUTE,0,CYCLES,BACKEND,SUB-EVENT,_Reshape_6:OpId_135 (cycles)
5268695565,EXECUTE,0,CYCLES,BACKEND,SUB-EVENT,_Transpose_4:OpId_137 (cycles)
5268695565,EXECUTE,20919,CYCLES,BACKEND,SUB-EVENT,_MatMul_5:OpId_139 (cycles)
5268695565,EXECUTE,0,CYCLES,BACKEND,SUB-EVENT,_MatMul_5_post_reshape:OpId_142 (cycles)
5268695565,EXECUTE,0,CYCLES,BACKEND,SUB-EVENT,_MatMul_5_output_0_nfc:OpId_144 (cycles)
5268695565,EXECUTE,175337,CYCLES,BACKEND,SUB-EVENT,_Add_7:OpId_146 (cycles)
5268695565,EXECUTE,259,CYCLES,BACKEND,SUB-EVENT,_Add_7_output_0_ncf:OpId_149 (cycles)
5268695565,EXECUTE,4828,CYCLES,BACKEND,SUB-EVENT,rms_norm__Mul_11_output_0:OpId_154 (cycles)
5268695565,EXECUTE,0,CYCLES,BACKEND,SUB-EVENT,_MatMul_6:OpId_158 (cycles)
5268695565,EXECUTE,0,CYCLES,BACKEND,SUB-EVENT,_MatMul_6_post_reshape:OpId_161 (cycles)
5268695565,EXECUTE,302145,CYCLES,BACKEND,SUB-EVENT,_MatMul_7:OpId_163 (cycles)
5268695565,EXECUTE,0,CYCLES,BACKEND,SUB-EVENT,_MatMul_7_post_reshape:OpId_166 (cycles)
5268695565,EXECUTE,0,CYCLES,BACKEND,SUB-EVENT,_Sigmoid:OpId_167 (cycles)
5268695565,EXECUTE,260802,CYCLES,BACKEND,SUB-EVENT,_Mul_12:OpId_174 (cycles)
5268695565,EXECUTE,25132,CYCLES,BACKEND,SUB-EVENT,_Mul_13:OpId_176 (cycles)
5268695565,EXECUTE,409521,CYCLES,BACKEND,SUB-EVENT,_MatMul_8:OpId_179 (cycles)
5268695565,EXECUTE,0,CYCLES,BACKEND,SUB-EVENT,_MatMul_8_post_reshape:OpId_182 (cycles)
5268695565,EXECUTE,0,CYCLES,BACKEND,SUB-EVENT,_MatMul_8_output_0_nfc:OpId_184 (cycles)
5268695565,EXECUTE,15677,CYCLES,BACKEND,SUB-EVENT,_Add_9:OpId_186 (cycles)
5268695565,EXECUTE,6623,CYCLES,BACKEND,SUB-EVENT,Output OpId_3 (cycles)
5268695565,EXECUTE,4807,US,BACKEND,ROOT,Accelerator (execute) time
5268695565,EXECUTE,4666,US,BACKEND,ROOT,Accelerator (execute excluding wait) time
5268695565,EXECUTE,12187,US,BACKEND,ROOT,QNN (execute) time
5268710161,EXECUTE,12449,US,NETRUN,ROOT,Graph 0: qwen2_0_5b_layer0_decode_past128_grouped_gqa_delta_kv
5268710161,EXECUTE,4,COUNT,BACKEND,ROOT,Number of HVX threads used
5268710161,EXECUTE,12071,US,BACKEND,ROOT,RPC (execute) time
5268710161,EXECUTE,9663,US,BACKEND,ROOT,QNN accelerator (execute) time
5268710161,EXECUTE,0,COUNT,BACKEND,ROOT,Num times yield occured
5268710161,EXECUTE,554,US,BACKEND,ROOT,Time for initial VTCM acquire
5268710161,EXECUTE,315,US,BACKEND,ROOT,Time for HVX + HMX power on and acquire
5268710161,EXECUTE,2420299,CYCLES,BACKEND,ROOT,Accelerator (execute) time (cycles)
5268710161,EXECUTE,121974,CYCLES,BACKEND,SUB-EVENT,Input OpId_2 (cycles)
5268710161,EXECUTE,41433,CYCLES,BACKEND,SUB-EVENT,hidden_states_ncf:OpId_17 (cycles)
5268710161,EXECUTE,40107,CYCLES,BACKEND,SUB-EVENT,past_value_nchw:OpId_20 (cycles)
5268710161,EXECUTE,11555,CYCLES,BACKEND,SUB-EVENT,rms_norm__Mul_1_output_0:OpId_24 (cycles)
5268710161,EXECUTE,73625,CYCLES,BACKEND,SUB-EVENT,_MatMul:OpId_29 (cycles)
5268710161,EXECUTE,0,CYCLES,BACKEND,SUB-EVENT,_MatMul_post_reshape:OpId_31 (cycles)
5268710161,EXECUTE,10396,CYCLES,BACKEND,SUB-EVENT,_MatMul_1:OpId_34 (cycles)
5268710161,EXECUTE,32706,CYCLES,BACKEND,SUB-EVENT,_MatMul_1_post_reshape:OpId_36 (cycles)
5268710161,EXECUTE,6743,CYCLES,BACKEND,SUB-EVENT,_MatMul_2:OpId_39 (cycles)
5268710161,EXECUTE,30910,CYCLES,BACKEND,SUB-EVENT,_MatMul_2_post_reshape:OpId_41 (cycles)
5268710161,EXECUTE,492,CYCLES,BACKEND,SUB-EVENT,_Transpose:OpId_43 (cycles)
5268710161,EXECUTE,6625,CYCLES,BACKEND,SUB-EVENT,_Transpose_1:OpId_45 (cycles)
5268710161,EXECUTE,6394,CYCLES,BACKEND,SUB-EVENT,_Transpose_2:OpId_47 (cycles)
5268710161,EXECUTE,60802,CYCLES,BACKEND,SUB-EVENT,_Slice:OpId_49 (cycles)
5268710161,EXECUTE,10008,CYCLES,BACKEND,SUB-EVENT,_Slice_1:OpId_55 (cycles)
5268710161,EXECUTE,2631,CYCLES,BACKEND,SUB-EVENT,_Mul_2:OpId_61 (cycles)
5268710161,EXECUTE,1242,CYCLES,BACKEND,SUB-EVENT,_Mul_3:OpId_64 (cycles)
5268710161,EXECUTE,254,CYCLES,BACKEND,SUB-EVENT,_Sub:OpId_66 (cycles)
5268710161,EXECUTE,3040,CYCLES,BACKEND,SUB-EVENT,_Mul_4:OpId_68 (cycles)
5268710161,EXECUTE,1303,CYCLES,BACKEND,SUB-EVENT,_Mul_5:OpId_70 (cycles)
5268710161,EXECUTE,7219,CYCLES,BACKEND,SUB-EVENT,_Add_4:OpId_72 (cycles)
5268710161,EXECUTE,0,CYCLES,BACKEND,SUB-EVENT,_Unsqueeze:OpId_74 (cycles)
5268710161,EXECUTE,0,CYCLES,BACKEND,SUB-EVENT,_Unsqueeze_1:OpId_75 (cycles)
5268710161,EXECUTE,743,CYCLES,BACKEND,SUB-EVENT,_Concat:OpId_76 (cycles)
5268710161,EXECUTE,544,CYCLES,BACKEND,SUB-EVENT,_Reshape_3:OpId_78 (cycles)
5268710161,EXECUTE,86362,CYCLES,BACKEND,SUB-EVENT,_Slice_3:OpId_80 (cycles)
5268710161,EXECUTE,9462,CYCLES,BACKEND,SUB-EVENT,_Slice_4:OpId_86 (cycles)
5268710161,EXECUTE,41515,CYCLES,BACKEND,SUB-EVENT,_Mul_6:OpId_91 (cycles)
5268710161,EXECUTE,34156,CYCLES,BACKEND,SUB-EVENT,_Mul_7:OpId_93 (cycles)
5268710161,EXECUTE,4625,CYCLES,BACKEND,SUB-EVENT,_Sub_1:OpId_95 (cycles)
5268710161,EXECUTE,40678,CYCLES,BACKEND,SUB-EVENT,_Mul_8:OpId_97 (cycles)
5268710161,EXECUTE,34124,CYCLES,BACKEND,SUB-EVENT,_Mul_9:OpId_99 (cycles)
5268710161,EXECUTE,4603,CYCLES,BACKEND,SUB-EVENT,_Add_5:OpId_101 (cycles)
5268710161,EXECUTE,0,CYCLES,BACKEND,SUB-EVENT,_Unsqueeze_2:OpId_103 (cycles)
5268710161,EXECUTE,0,CYCLES,BACKEND,SUB-EVENT,_Unsqueeze_3:OpId_104 (cycles)
5268710161,EXECUTE,7940,CYCLES,BACKEND,SUB-EVENT,_Concat_2:OpId_105 (cycles)
5268710161,EXECUTE,0,CYCLES,BACKEND,SUB-EVENT,_Reshape_4:OpId_107 (cycles)
5268710161,EXECUTE,3780,CYCLES,BACKEND,SUB-EVENT,current_key_nhwc:OpId_109 (cycles)
5268710161,EXECUTE,4307,CYCLES,BACKEND,SUB-EVENT,_Concat_4:OpId_110 (cycles)
5268710161,EXECUTE,372582,CYCLES,BACKEND,SUB-EVENT,_Concat_4_output_0_nchw:OpId_113 (cycles)
5268710161,EXECUTE,3347,CYCLES,BACKEND,SUB-EVENT,_Concat_5:OpId_114 (cycles)
5268710161,EXECUTE,0,CYCLES,BACKEND,SUB-EVENT,_Unsqueeze_4:OpId_116 (cycles)
5268710161,EXECUTE,35757,CYCLES,BACKEND,SUB-EVENT,_MatMul_3:OpId_117 (cycles)
5268710161,EXECUTE,18439,CYCLES,BACKEND,SUB-EVENT,_Div_1:OpId_122 (cycles)
5268710161,EXECUTE,0,CYCLES,BACKEND,SUB-EVENT,_Add_6:OpId_125 (cycles)
5268710161,EXECUTE,22689,CYCLES,BACKEND,SUB-EVENT,_Softmax:OpId_127 (cycles)
5268710161,EXECUTE,0,CYCLES,BACKEND,SUB-EVENT,_Unsqueeze_5:OpId_130 (cycles)
5268710161,EXECUTE,58935,CYCLES,BACKEND,SUB-EVENT,_MatMul_4:OpId_131 (cycles)
5268710161,EXECUTE,0,CYCLES,BACKEND,SUB-EVENT,_Reshape_6:OpId_135 (cycles)
5268710161,EXECUTE,0,CYCLES,BACKEND,SUB-EVENT,_Transpose_4:OpId_137 (cycles)
5268710161,EXECUTE,18693,CYCLES,BACKEND,SUB-EVENT,_MatMul_5:OpId_139 (cycles)
5268710161,EXECUTE,0,CYCLES,BACKEND,SUB-EVENT,_MatMul_5_post_reshape:OpId_142 (cycles)
5268710161,EXECUTE,0,CYCLES,BACKEND,SUB-EVENT,_MatMul_5_output_0_nfc:OpId_144 (cycles)
5268710161,EXECUTE,133186,CYCLES,BACKEND,SUB-EVENT,_Add_7:OpId_146 (cycles)
5268710161,EXECUTE,231,CYCLES,BACKEND,SUB-EVENT,_Add_7_output_0_ncf:OpId_149 (cycles)
5268710161,EXECUTE,4969,CYCLES,BACKEND,SUB-EVENT,rms_norm__Mul_11_output_0:OpId_154 (cycles)
5268710161,EXECUTE,0,CYCLES,BACKEND,SUB-EVENT,_MatMul_6:OpId_158 (cycles)
5268710161,EXECUTE,0,CYCLES,BACKEND,SUB-EVENT,_MatMul_6_post_reshape:OpId_161 (cycles)
5268710161,EXECUTE,295662,CYCLES,BACKEND,SUB-EVENT,_MatMul_7:OpId_163 (cycles)
5268710161,EXECUTE,0,CYCLES,BACKEND,SUB-EVENT,_MatMul_7_post_reshape:OpId_166 (cycles)
5268710161,EXECUTE,0,CYCLES,BACKEND,SUB-EVENT,_Sigmoid:OpId_167 (cycles)
5268710161,EXECUTE,254479,CYCLES,BACKEND,SUB-EVENT,_Mul_12:OpId_174 (cycles)
5268710161,EXECUTE,33035,CYCLES,BACKEND,SUB-EVENT,_Mul_13:OpId_176 (cycles)
5268710161,EXECUTE,401269,CYCLES,BACKEND,SUB-EVENT,_MatMul_8:OpId_179 (cycles)
5268710161,EXECUTE,0,CYCLES,BACKEND,SUB-EVENT,_MatMul_8_post_reshape:OpId_182 (cycles)
5268710161,EXECUTE,0,CYCLES,BACKEND,SUB-EVENT,_MatMul_8_output_0_nfc:OpId_184 (cycles)
5268710161,EXECUTE,14781,CYCLES,BACKEND,SUB-EVENT,_Add_9:OpId_186 (cycles)
5268710161,EXECUTE,9947,CYCLES,BACKEND,SUB-EVENT,Output OpId_3 (cycles)
5268710161,EXECUTE,4659,US,BACKEND,ROOT,Accelerator (execute) time
5268710161,EXECUTE,4529,US,BACKEND,ROOT,Accelerator (execute excluding wait) time
5268710161,EXECUTE,12422,US,BACKEND,ROOT,QNN (execute) time
5268725247,EXECUTE,12585,US,NETRUN,ROOT,Graph 0: qwen2_0_5b_layer0_decode_past128_grouped_gqa_delta_kv
5268725247,EXECUTE,4,COUNT,BACKEND,ROOT,Number of HVX threads used
5268725247,EXECUTE,12155,US,BACKEND,ROOT,RPC (execute) time
5268725247,EXECUTE,9986,US,BACKEND,ROOT,QNN accelerator (execute) time
5268725247,EXECUTE,0,COUNT,BACKEND,ROOT,Num times yield occured
5268725247,EXECUTE,577,US,BACKEND,ROOT,Time for initial VTCM acquire
5268725247,EXECUTE,246,US,BACKEND,ROOT,Time for HVX + HMX power on and acquire
5268725247,EXECUTE,2444653,CYCLES,BACKEND,ROOT,Accelerator (execute) time (cycles)
5268725247,EXECUTE,31605,CYCLES,BACKEND,SUB-EVENT,Input OpId_2 (cycles)
5268725247,EXECUTE,6691,CYCLES,BACKEND,SUB-EVENT,hidden_states_ncf:OpId_17 (cycles)
5268725247,EXECUTE,45467,CYCLES,BACKEND,SUB-EVENT,past_value_nchw:OpId_20 (cycles)
5268725247,EXECUTE,14514,CYCLES,BACKEND,SUB-EVENT,rms_norm__Mul_1_output_0:OpId_24 (cycles)
5268725247,EXECUTE,95113,CYCLES,BACKEND,SUB-EVENT,_MatMul:OpId_29 (cycles)
5268725247,EXECUTE,0,CYCLES,BACKEND,SUB-EVENT,_MatMul_post_reshape:OpId_31 (cycles)
5268725247,EXECUTE,14968,CYCLES,BACKEND,SUB-EVENT,_MatMul_1:OpId_34 (cycles)
5268725247,EXECUTE,14225,CYCLES,BACKEND,SUB-EVENT,_MatMul_1_post_reshape:OpId_36 (cycles)
5268725247,EXECUTE,2197,CYCLES,BACKEND,SUB-EVENT,_MatMul_2:OpId_39 (cycles)
5268725247,EXECUTE,12433,CYCLES,BACKEND,SUB-EVENT,_MatMul_2_post_reshape:OpId_41 (cycles)
5268725247,EXECUTE,494,CYCLES,BACKEND,SUB-EVENT,_Transpose:OpId_43 (cycles)
5268725247,EXECUTE,5101,CYCLES,BACKEND,SUB-EVENT,_Transpose_1:OpId_45 (cycles)
5268725247,EXECUTE,4840,CYCLES,BACKEND,SUB-EVENT,_Transpose_2:OpId_47 (cycles)
5268725247,EXECUTE,50339,CYCLES,BACKEND,SUB-EVENT,_Slice:OpId_49 (cycles)
5268725247,EXECUTE,15476,CYCLES,BACKEND,SUB-EVENT,_Slice_1:OpId_55 (cycles)
5268725247,EXECUTE,2631,CYCLES,BACKEND,SUB-EVENT,_Mul_2:OpId_61 (cycles)
5268725247,EXECUTE,1169,CYCLES,BACKEND,SUB-EVENT,_Mul_3:OpId_64 (cycles)
5268725247,EXECUTE,272,CYCLES,BACKEND,SUB-EVENT,_Sub:OpId_66 (cycles)
5268725247,EXECUTE,3186,CYCLES,BACKEND,SUB-EVENT,_Mul_4:OpId_68 (cycles)
5268725247,EXECUTE,1504,CYCLES,BACKEND,SUB-EVENT,_Mul_5:OpId_70 (cycles)
5268725247,EXECUTE,2864,CYCLES,BACKEND,SUB-EVENT,_Add_4:OpId_72 (cycles)
5268725247,EXECUTE,0,CYCLES,BACKEND,SUB-EVENT,_Unsqueeze:OpId_74 (cycles)
5268725247,EXECUTE,0,CYCLES,BACKEND,SUB-EVENT,_Unsqueeze_1:OpId_75 (cycles)
5268725247,EXECUTE,733,CYCLES,BACKEND,SUB-EVENT,_Concat:OpId_76 (cycles)
5268725247,EXECUTE,576,CYCLES,BACKEND,SUB-EVENT,_Reshape_3:OpId_78 (cycles)
5268725247,EXECUTE,89016,CYCLES,BACKEND,SUB-EVENT,_Slice_3:OpId_80 (cycles)
5268725247,EXECUTE,23241,CYCLES,BACKEND,SUB-EVENT,_Slice_4:OpId_86 (cycles)
5268725247,EXECUTE,51917,CYCLES,BACKEND,SUB-EVENT,_Mul_6:OpId_91 (cycles)
5268725247,EXECUTE,47377,CYCLES,BACKEND,SUB-EVENT,_Mul_7:OpId_93 (cycles)
5268725247,EXECUTE,5832,CYCLES,BACKEND,SUB-EVENT,_Sub_1:OpId_95 (cycles)
5268725247,EXECUTE,49989,CYCLES,BACKEND,SUB-EVENT,_Mul_8:OpId_97 (cycles)
5268725247,EXECUTE,47163,CYCLES,BACKEND,SUB-EVENT,_Mul_9:OpId_99 (cycles)
5268725247,EXECUTE,6023,CYCLES,BACKEND,SUB-EVENT,_Add_5:OpId_101 (cycles)
5268725247,EXECUTE,0,CYCLES,BACKEND,SUB-EVENT,_Unsqueeze_2:OpId_103 (cycles)
5268725247,EXECUTE,0,CYCLES,BACKEND,SUB-EVENT,_Unsqueeze_3:OpId_104 (cycles)
5268725247,EXECUTE,7405,CYCLES,BACKEND,SUB-EVENT,_Concat_2:OpId_105 (cycles)
5268725247,EXECUTE,0,CYCLES,BACKEND,SUB-EVENT,_Reshape_4:OpId_107 (cycles)
5268725247,EXECUTE,1571,CYCLES,BACKEND,SUB-EVENT,current_key_nhwc:OpId_109 (cycles)
5268725247,EXECUTE,3495,CYCLES,BACKEND,SUB-EVENT,_Concat_4:OpId_110 (cycles)
5268725247,EXECUTE,376190,CYCLES,BACKEND,SUB-EVENT,_Concat_4_output_0_nchw:OpId_113 (cycles)
5268725247,EXECUTE,1931,CYCLES,BACKEND,SUB-EVENT,_Concat_5:OpId_114 (cycles)
5268725247,EXECUTE,0,CYCLES,BACKEND,SUB-EVENT,_Unsqueeze_4:OpId_116 (cycles)
5268725247,EXECUTE,34455,CYCLES,BACKEND,SUB-EVENT,_MatMul_3:OpId_117 (cycles)
5268725247,EXECUTE,6924,CYCLES,BACKEND,SUB-EVENT,_Div_1:OpId_122 (cycles)
5268725247,EXECUTE,0,CYCLES,BACKEND,SUB-EVENT,_Add_6:OpId_125 (cycles)
5268725247,EXECUTE,22539,CYCLES,BACKEND,SUB-EVENT,_Softmax:OpId_127 (cycles)
5268725247,EXECUTE,0,CYCLES,BACKEND,SUB-EVENT,_Unsqueeze_5:OpId_130 (cycles)
5268725247,EXECUTE,71895,CYCLES,BACKEND,SUB-EVENT,_MatMul_4:OpId_131 (cycles)
5268725247,EXECUTE,0,CYCLES,BACKEND,SUB-EVENT,_Reshape_6:OpId_135 (cycles)
5268725247,EXECUTE,0,CYCLES,BACKEND,SUB-EVENT,_Transpose_4:OpId_137 (cycles)
5268725247,EXECUTE,13576,CYCLES,BACKEND,SUB-EVENT,_MatMul_5:OpId_139 (cycles)
5268725247,EXECUTE,0,CYCLES,BACKEND,SUB-EVENT,_MatMul_5_post_reshape:OpId_142 (cycles)
5268725247,EXECUTE,0,CYCLES,BACKEND,SUB-EVENT,_MatMul_5_output_0_nfc:OpId_144 (cycles)
5268725247,EXECUTE,74202,CYCLES,BACKEND,SUB-EVENT,_Add_7:OpId_146 (cycles)
5268725247,EXECUTE,232,CYCLES,BACKEND,SUB-EVENT,_Add_7_output_0_ncf:OpId_149 (cycles)
5268725247,EXECUTE,2230,CYCLES,BACKEND,SUB-EVENT,rms_norm__Mul_11_output_0:OpId_154 (cycles)
5268725247,EXECUTE,0,CYCLES,BACKEND,SUB-EVENT,_MatMul_6:OpId_158 (cycles)
5268725247,EXECUTE,0,CYCLES,BACKEND,SUB-EVENT,_MatMul_6_post_reshape:OpId_161 (cycles)
5268725247,EXECUTE,419040,CYCLES,BACKEND,SUB-EVENT,_MatMul_7:OpId_163 (cycles)
5268725247,EXECUTE,0,CYCLES,BACKEND,SUB-EVENT,_MatMul_7_post_reshape:OpId_166 (cycles)
5268725247,EXECUTE,0,CYCLES,BACKEND,SUB-EVENT,_Sigmoid:OpId_167 (cycles)
5268725247,EXECUTE,299989,CYCLES,BACKEND,SUB-EVENT,_Mul_12:OpId_174 (cycles)
5268725247,EXECUTE,36619,CYCLES,BACKEND,SUB-EVENT,_Mul_13:OpId_176 (cycles)
5268725247,EXECUTE,401830,CYCLES,BACKEND,SUB-EVENT,_MatMul_8:OpId_179 (cycles)
5268725247,EXECUTE,0,CYCLES,BACKEND,SUB-EVENT,_MatMul_8_post_reshape:OpId_182 (cycles)
5268725247,EXECUTE,0,CYCLES,BACKEND,SUB-EVENT,_MatMul_8_output_0_nfc:OpId_184 (cycles)
5268725247,EXECUTE,14936,CYCLES,BACKEND,SUB-EVENT,_Add_9:OpId_186 (cycles)
5268725247,EXECUTE,8638,CYCLES,BACKEND,SUB-EVENT,Output OpId_3 (cycles)
5268725247,EXECUTE,5018,US,BACKEND,ROOT,Accelerator (execute) time
5268725247,EXECUTE,4889,US,BACKEND,ROOT,Accelerator (execute excluding wait) time
5268725247,EXECUTE,12560,US,BACKEND,ROOT,QNN (execute) time
5268739937,EXECUTE,12626,US,NETRUN,ROOT,Graph 0: qwen2_0_5b_layer0_decode_past128_grouped_gqa_delta_kv
5268739937,EXECUTE,4,COUNT,BACKEND,ROOT,Number of HVX threads used
5268739937,EXECUTE,12191,US,BACKEND,ROOT,RPC (execute) time
5268739937,EXECUTE,10015,US,BACKEND,ROOT,QNN accelerator (execute) time
5268739937,EXECUTE,0,COUNT,BACKEND,ROOT,Num times yield occured
5268739937,EXECUTE,598,US,BACKEND,ROOT,Time for initial VTCM acquire
5268739937,EXECUTE,288,US,BACKEND,ROOT,Time for HVX + HMX power on and acquire
5268739937,EXECUTE,2227669,CYCLES,BACKEND,ROOT,Accelerator (execute) time (cycles)
5268739937,EXECUTE,109215,CYCLES,BACKEND,SUB-EVENT,Input OpId_2 (cycles)
5268739937,EXECUTE,30192,CYCLES,BACKEND,SUB-EVENT,hidden_states_ncf:OpId_17 (cycles)
5268739937,EXECUTE,13443,CYCLES,BACKEND,SUB-EVENT,past_value_nchw:OpId_20 (cycles)
5268739937,EXECUTE,4481,CYCLES,BACKEND,SUB-EVENT,rms_norm__Mul_1_output_0:OpId_24 (cycles)
5268739937,EXECUTE,38374,CYCLES,BACKEND,SUB-EVENT,_MatMul:OpId_29 (cycles)
5268739937,EXECUTE,0,CYCLES,BACKEND,SUB-EVENT,_MatMul_post_reshape:OpId_31 (cycles)
5268739937,EXECUTE,4195,CYCLES,BACKEND,SUB-EVENT,_MatMul_1:OpId_34 (cycles)
5268739937,EXECUTE,6069,CYCLES,BACKEND,SUB-EVENT,_MatMul_1_post_reshape:OpId_36 (cycles)
5268739937,EXECUTE,10255,CYCLES,BACKEND,SUB-EVENT,_MatMul_2:OpId_39 (cycles)
5268739937,EXECUTE,4232,CYCLES,BACKEND,SUB-EVENT,_MatMul_2_post_reshape:OpId_41 (cycles)
5268739937,EXECUTE,476,CYCLES,BACKEND,SUB-EVENT,_Transpose:OpId_43 (cycles)
5268739937,EXECUTE,1397,CYCLES,BACKEND,SUB-EVENT,_Transpose_1:OpId_45 (cycles)
5268739937,EXECUTE,1183,CYCLES,BACKEND,SUB-EVENT,_Transpose_2:OpId_47 (cycles)
5268739937,EXECUTE,24144,CYCLES,BACKEND,SUB-EVENT,_Slice:OpId_49 (cycles)
5268739937,EXECUTE,5965,CYCLES,BACKEND,SUB-EVENT,_Slice_1:OpId_55 (cycles)
5268739937,EXECUTE,1560,CYCLES,BACKEND,SUB-EVENT,_Mul_2:OpId_61 (cycles)
5268739937,EXECUTE,1336,CYCLES,BACKEND,SUB-EVENT,_Mul_3:OpId_64 (cycles)
5268739937,EXECUTE,263,CYCLES,BACKEND,SUB-EVENT,_Sub:OpId_66 (cycles)
5268739937,EXECUTE,1962,CYCLES,BACKEND,SUB-EVENT,_Mul_4:OpId_68 (cycles)
5268739937,EXECUTE,1332,CYCLES,BACKEND,SUB-EVENT,_Mul_5:OpId_70 (cycles)
5268739937,EXECUTE,9440,CYCLES,BACKEND,SUB-EVENT,_Add_4:OpId_72 (cycles)
5268739937,EXECUTE,0,CYCLES,BACKEND,SUB-EVENT,_Unsqueeze:OpId_74 (cycles)
5268739937,EXECUTE,0,CYCLES,BACKEND,SUB-EVENT,_Unsqueeze_1:OpId_75 (cycles)
5268739937,EXECUTE,888,CYCLES,BACKEND,SUB-EVENT,_Concat:OpId_76 (cycles)
5268739937,EXECUTE,574,CYCLES,BACKEND,SUB-EVENT,_Reshape_3:OpId_78 (cycles)
5268739937,EXECUTE,24298,CYCLES,BACKEND,SUB-EVENT,_Slice_3:OpId_80 (cycles)
5268739937,EXECUTE,5807,CYCLES,BACKEND,SUB-EVENT,_Slice_4:OpId_86 (cycles)
5268739937,EXECUTE,7036,CYCLES,BACKEND,SUB-EVENT,_Mul_6:OpId_91 (cycles)
5268739937,EXECUTE,3606,CYCLES,BACKEND,SUB-EVENT,_Mul_7:OpId_93 (cycles)
5268739937,EXECUTE,874,CYCLES,BACKEND,SUB-EVENT,_Sub_1:OpId_95 (cycles)
5268739937,EXECUTE,6980,CYCLES,BACKEND,SUB-EVENT,_Mul_8:OpId_97 (cycles)
5268739937,EXECUTE,2985,CYCLES,BACKEND,SUB-EVENT,_Mul_9:OpId_99 (cycles)
5268739937,EXECUTE,1209,CYCLES,BACKEND,SUB-EVENT,_Add_5:OpId_101 (cycles)
5268739937,EXECUTE,0,CYCLES,BACKEND,SUB-EVENT,_Unsqueeze_2:OpId_103 (cycles)
5268739937,EXECUTE,0,CYCLES,BACKEND,SUB-EVENT,_Unsqueeze_3:OpId_104 (cycles)
5268739937,EXECUTE,3276,CYCLES,BACKEND,SUB-EVENT,_Concat_2:OpId_105 (cycles)
5268739937,EXECUTE,0,CYCLES,BACKEND,SUB-EVENT,_Reshape_4:OpId_107 (cycles)
5268739937,EXECUTE,1412,CYCLES,BACKEND,SUB-EVENT,current_key_nhwc:OpId_109 (cycles)
5268739937,EXECUTE,3332,CYCLES,BACKEND,SUB-EVENT,_Concat_4:OpId_110 (cycles)
5268739937,EXECUTE,371217,CYCLES,BACKEND,SUB-EVENT,_Concat_4_output_0_nchw:OpId_113 (cycles)
5268739937,EXECUTE,1261,CYCLES,BACKEND,SUB-EVENT,_Concat_5:OpId_114 (cycles)
5268739937,EXECUTE,0,CYCLES,BACKEND,SUB-EVENT,_Unsqueeze_4:OpId_116 (cycles)
5268739937,EXECUTE,35107,CYCLES,BACKEND,SUB-EVENT,_MatMul_3:OpId_117 (cycles)
5268739937,EXECUTE,7020,CYCLES,BACKEND,SUB-EVENT,_Div_1:OpId_122 (cycles)
5268739937,EXECUTE,0,CYCLES,BACKEND,SUB-EVENT,_Add_6:OpId_125 (cycles)
5268739937,EXECUTE,23120,CYCLES,BACKEND,SUB-EVENT,_Softmax:OpId_127 (cycles)
5268739937,EXECUTE,0,CYCLES,BACKEND,SUB-EVENT,_Unsqueeze_5:OpId_130 (cycles)
5268739937,EXECUTE,36522,CYCLES,BACKEND,SUB-EVENT,_MatMul_4:OpId_131 (cycles)
5268739937,EXECUTE,0,CYCLES,BACKEND,SUB-EVENT,_Reshape_6:OpId_135 (cycles)
5268739937,EXECUTE,0,CYCLES,BACKEND,SUB-EVENT,_Transpose_4:OpId_137 (cycles)
5268739937,EXECUTE,58354,CYCLES,BACKEND,SUB-EVENT,_MatMul_5:OpId_139 (cycles)
5268739937,EXECUTE,0,CYCLES,BACKEND,SUB-EVENT,_MatMul_5_post_reshape:OpId_142 (cycles)
5268739937,EXECUTE,0,CYCLES,BACKEND,SUB-EVENT,_MatMul_5_output_0_nfc:OpId_144 (cycles)
5268739937,EXECUTE,119850,CYCLES,BACKEND,SUB-EVENT,_Add_7:OpId_146 (cycles)
5268739937,EXECUTE,250,CYCLES,BACKEND,SUB-EVENT,_Add_7_output_0_ncf:OpId_149 (cycles)
5268739937,EXECUTE,4891,CYCLES,BACKEND,SUB-EVENT,rms_norm__Mul_11_output_0:OpId_154 (cycles)
5268739937,EXECUTE,0,CYCLES,BACKEND,SUB-EVENT,_MatMul_6:OpId_158 (cycles)
5268739937,EXECUTE,0,CYCLES,BACKEND,SUB-EVENT,_MatMul_6_post_reshape:OpId_161 (cycles)
5268739937,EXECUTE,426578,CYCLES,BACKEND,SUB-EVENT,_MatMul_7:OpId_163 (cycles)
5268739937,EXECUTE,0,CYCLES,BACKEND,SUB-EVENT,_MatMul_7_post_reshape:OpId_166 (cycles)
5268739937,EXECUTE,0,CYCLES,BACKEND,SUB-EVENT,_Sigmoid:OpId_167 (cycles)
5268739937,EXECUTE,350238,CYCLES,BACKEND,SUB-EVENT,_Mul_12:OpId_174 (cycles)
5268739937,EXECUTE,39856,CYCLES,BACKEND,SUB-EVENT,_Mul_13:OpId_176 (cycles)
5268739937,EXECUTE,402635,CYCLES,BACKEND,SUB-EVENT,_MatMul_8:OpId_179 (cycles)
5268739937,EXECUTE,0,CYCLES,BACKEND,SUB-EVENT,_MatMul_8_post_reshape:OpId_182 (cycles)
5268739937,EXECUTE,0,CYCLES,BACKEND,SUB-EVENT,_MatMul_8_output_0_nfc:OpId_184 (cycles)
5268739937,EXECUTE,14824,CYCLES,BACKEND,SUB-EVENT,_Add_9:OpId_186 (cycles)
5268739937,EXECUTE,4155,CYCLES,BACKEND,SUB-EVENT,Output OpId_3 (cycles)
5268739937,EXECUTE,5000,US,BACKEND,ROOT,Accelerator (execute) time
5268739937,EXECUTE,4869,US,BACKEND,ROOT,Accelerator (execute excluding wait) time
5268739937,EXECUTE,12601,US,BACKEND,ROOT,QNN (execute) time
5268754354,EXECUTE,12142,US,NETRUN,ROOT,Graph 0: qwen2_0_5b_layer0_decode_past128_grouped_gqa_delta_kv
5268754354,EXECUTE,4,COUNT,BACKEND,ROOT,Number of HVX threads used
5268754354,EXECUTE,11765,US,BACKEND,ROOT,RPC (execute) time
5268754354,EXECUTE,9612,US,BACKEND,ROOT,QNN accelerator (execute) time
5268754354,EXECUTE,0,COUNT,BACKEND,ROOT,Num times yield occured
5268754354,EXECUTE,640,US,BACKEND,ROOT,Time for initial VTCM acquire
5268754354,EXECUTE,310,US,BACKEND,ROOT,Time for HVX + HMX power on and acquire
5268754354,EXECUTE,2504771,CYCLES,BACKEND,ROOT,Accelerator (execute) time (cycles)
5268754354,EXECUTE,108865,CYCLES,BACKEND,SUB-EVENT,Input OpId_2 (cycles)
5268754354,EXECUTE,36456,CYCLES,BACKEND,SUB-EVENT,hidden_states_ncf:OpId_17 (cycles)
5268754354,EXECUTE,29916,CYCLES,BACKEND,SUB-EVENT,past_value_nchw:OpId_20 (cycles)
5268754354,EXECUTE,21308,CYCLES,BACKEND,SUB-EVENT,rms_norm__Mul_1_output_0:OpId_24 (cycles)
5268754354,EXECUTE,66794,CYCLES,BACKEND,SUB-EVENT,_MatMul:OpId_29 (cycles)
5268754354,EXECUTE,0,CYCLES,BACKEND,SUB-EVENT,_MatMul_post_reshape:OpId_31 (cycles)
5268754354,EXECUTE,14176,CYCLES,BACKEND,SUB-EVENT,_MatMul_1:OpId_34 (cycles)
5268754354,EXECUTE,40051,CYCLES,BACKEND,SUB-EVENT,_MatMul_1_post_reshape:OpId_36 (cycles)
5268754354,EXECUTE,11728,CYCLES,BACKEND,SUB-EVENT,_MatMul_2:OpId_39 (cycles)
5268754354,EXECUTE,38350,CYCLES,BACKEND,SUB-EVENT,_MatMul_2_post_reshape:OpId_41 (cycles)
5268754354,EXECUTE,473,CYCLES,BACKEND,SUB-EVENT,_Transpose:OpId_43 (cycles)
5268754354,EXECUTE,5566,CYCLES,BACKEND,SUB-EVENT,_Transpose_1:OpId_45 (cycles)
5268754354,EXECUTE,5175,CYCLES,BACKEND,SUB-EVENT,_Transpose_2:OpId_47 (cycles)
5268754354,EXECUTE,63037,CYCLES,BACKEND,SUB-EVENT,_Slice:OpId_49 (cycles)
5268754354,EXECUTE,21558,CYCLES,BACKEND,SUB-EVENT,_Slice_1:OpId_55 (cycles)
5268754354,EXECUTE,3965,CYCLES,BACKEND,SUB-EVENT,_Mul_2:OpId_61 (cycles)
5268754354,EXECUTE,1132,CYCLES,BACKEND,SUB-EVENT,_Mul_3:OpId_64 (cycles)
5268754354,EXECUTE,254,CYCLES,BACKEND,SUB-EVENT,_Sub:OpId_66 (cycles)
5268754354,EXECUTE,4169,CYCLES,BACKEND,SUB-EVENT,_Mul_4:OpId_68 (cycles)
5268754354,EXECUTE,2021,CYCLES,BACKEND,SUB-EVENT,_Mul_5:OpId_70 (cycles)
5268754354,EXECUTE,7433,CYCLES,BACKEND,SUB-EVENT,_Add_4:OpId_72 (cycles)
5268754354,EXECUTE,0,CYCLES,BACKEND,SUB-EVENT,_Unsqueeze:OpId_74 (cycles)
5268754354,EXECUTE,0,CYCLES,BACKEND,SUB-EVENT,_Unsqueeze_1:OpId_75 (cycles)
5268754354,EXECUTE,776,CYCLES,BACKEND,SUB-EVENT,_Concat:OpId_76 (cycles)
5268754354,EXECUTE,571,CYCLES,BACKEND,SUB-EVENT,_Reshape_3:OpId_78 (cycles)
5268754354,EXECUTE,81762,CYCLES,BACKEND,SUB-EVENT,_Slice_3:OpId_80 (cycles)
5268754354,EXECUTE,15633,CYCLES,BACKEND,SUB-EVENT,_Slice_4:OpId_86 (cycles)
5268754354,EXECUTE,40826,CYCLES,BACKEND,SUB-EVENT,_Mul_6:OpId_91 (cycles)
5268754354,EXECUTE,34980,CYCLES,BACKEND,SUB-EVENT,_Mul_7:OpId_93 (cycles)
5268754354,EXECUTE,6293,CYCLES,BACKEND,SUB-EVENT,_Sub_1:OpId_95 (cycles)
5268754354,EXECUTE,40779,CYCLES,BACKEND,SUB-EVENT,_Mul_8:OpId_97 (cycles)
5268754354,EXECUTE,33490,CYCLES,BACKEND,SUB-EVENT,_Mul_9:OpId_99 (cycles)
5268754354,EXECUTE,12012,CYCLES,BACKEND,SUB-EVENT,_Add_5:OpId_101 (cycles)
5268754354,EXECUTE,0,CYCLES,BACKEND,SUB-EVENT,_Unsqueeze_2:OpId_103 (cycles)
5268754354,EXECUTE,0,CYCLES,BACKEND,SUB-EVENT,_Unsqueeze_3:OpId_104 (cycles)
5268754354,EXECUTE,6482,CYCLES,BACKEND,SUB-EVENT,_Concat_2:OpId_105 (cycles)
5268754354,EXECUTE,0,CYCLES,BACKEND,SUB-EVENT,_Reshape_4:OpId_107 (cycles)
5268754354,EXECUTE,1250,CYCLES,BACKEND,SUB-EVENT,current_key_nhwc:OpId_109 (cycles)
5268754354,EXECUTE,3222,CYCLES,BACKEND,SUB-EVENT,_Concat_4:OpId_110 (cycles)
5268754354,EXECUTE,370103,CYCLES,BACKEND,SUB-EVENT,_Concat_4_output_0_nchw:OpId_113 (cycles)
5268754354,EXECUTE,1955,CYCLES,BACKEND,SUB-EVENT,_Concat_5:OpId_114 (cycles)
5268754354,EXECUTE,0,CYCLES,BACKEND,SUB-EVENT,_Unsqueeze_4:OpId_116 (cycles)
5268754354,EXECUTE,35394,CYCLES,BACKEND,SUB-EVENT,_MatMul_3:OpId_117 (cycles)
5268754354,EXECUTE,18979,CYCLES,BACKEND,SUB-EVENT,_Div_1:OpId_122 (cycles)
5268754354,EXECUTE,0,CYCLES,BACKEND,SUB-EVENT,_Add_6:OpId_125 (cycles)
5268754354,EXECUTE,22356,CYCLES,BACKEND,SUB-EVENT,_Softmax:OpId_127 (cycles)
5268754354,EXECUTE,0,CYCLES,BACKEND,SUB-EVENT,_Unsqueeze_5:OpId_130 (cycles)
5268754354,EXECUTE,93646,CYCLES,BACKEND,SUB-EVENT,_MatMul_4:OpId_131 (cycles)
5268754354,EXECUTE,0,CYCLES,BACKEND,SUB-EVENT,_Reshape_6:OpId_135 (cycles)
5268754354,EXECUTE,0,CYCLES,BACKEND,SUB-EVENT,_Transpose_4:OpId_137 (cycles)
5268754354,EXECUTE,26720,CYCLES,BACKEND,SUB-EVENT,_MatMul_5:OpId_139 (cycles)
5268754354,EXECUTE,0,CYCLES,BACKEND,SUB-EVENT,_MatMul_5_post_reshape:OpId_142 (cycles)
5268754354,EXECUTE,0,CYCLES,BACKEND,SUB-EVENT,_MatMul_5_output_0_nfc:OpId_144 (cycles)
5268754354,EXECUTE,167439,CYCLES,BACKEND,SUB-EVENT,_Add_7:OpId_146 (cycles)
5268754354,EXECUTE,223,CYCLES,BACKEND,SUB-EVENT,_Add_7_output_0_ncf:OpId_149 (cycles)
5268754354,EXECUTE,5070,CYCLES,BACKEND,SUB-EVENT,rms_norm__Mul_11_output_0:OpId_154 (cycles)
5268754354,EXECUTE,0,CYCLES,BACKEND,SUB-EVENT,_MatMul_6:OpId_158 (cycles)
5268754354,EXECUTE,0,CYCLES,BACKEND,SUB-EVENT,_MatMul_6_post_reshape:OpId_161 (cycles)
5268754354,EXECUTE,286507,CYCLES,BACKEND,SUB-EVENT,_MatMul_7:OpId_163 (cycles)
5268754354,EXECUTE,0,CYCLES,BACKEND,SUB-EVENT,_MatMul_7_post_reshape:OpId_166 (cycles)
5268754354,EXECUTE,0,CYCLES,BACKEND,SUB-EVENT,_Sigmoid:OpId_167 (cycles)
5268754354,EXECUTE,263132,CYCLES,BACKEND,SUB-EVENT,_Mul_12:OpId_174 (cycles)
5268754354,EXECUTE,25994,CYCLES,BACKEND,SUB-EVENT,_Mul_13:OpId_176 (cycles)
5268754354,EXECUTE,403698,CYCLES,BACKEND,SUB-EVENT,_MatMul_8:OpId_179 (cycles)
5268754354,EXECUTE,0,CYCLES,BACKEND,SUB-EVENT,_MatMul_8_post_reshape:OpId_182 (cycles)
5268754354,EXECUTE,0,CYCLES,BACKEND,SUB-EVENT,_MatMul_8_output_0_nfc:OpId_184 (cycles)
5268754354,EXECUTE,15563,CYCLES,BACKEND,SUB-EVENT,_Add_9:OpId_186 (cycles)
5268754354,EXECUTE,7489,CYCLES,BACKEND,SUB-EVENT,Output OpId_3 (cycles)
5268754354,EXECUTE,4814,US,BACKEND,ROOT,Accelerator (execute) time
5268754354,EXECUTE,4669,US,BACKEND,ROOT,Accelerator (execute excluding wait) time
5268754354,EXECUTE,12117,US,BACKEND,ROOT,QNN (execute) time
5268768737,EXECUTE,12262,US,NETRUN,ROOT,Graph 0: qwen2_0_5b_layer0_decode_past128_grouped_gqa_delta_kv
5268768737,EXECUTE,4,COUNT,BACKEND,ROOT,Number of HVX threads used
5268768737,EXECUTE,11882,US,BACKEND,ROOT,RPC (execute) time
5268768737,EXECUTE,9731,US,BACKEND,ROOT,QNN accelerator (execute) time
5268768737,EXECUTE,0,COUNT,BACKEND,ROOT,Num times yield occured
5268768737,EXECUTE,880,US,BACKEND,ROOT,Time for initial VTCM acquire
5268768737,EXECUTE,300,US,BACKEND,ROOT,Time for HVX + HMX power on and acquire
5268768737,EXECUTE,2442448,CYCLES,BACKEND,ROOT,Accelerator (execute) time (cycles)
5268768737,EXECUTE,106390,CYCLES,BACKEND,SUB-EVENT,Input OpId_2 (cycles)
5268768737,EXECUTE,32887,CYCLES,BACKEND,SUB-EVENT,hidden_states_ncf:OpId_17 (cycles)
5268768737,EXECUTE,67518,CYCLES,BACKEND,SUB-EVENT,past_value_nchw:OpId_20 (cycles)
5268768737,EXECUTE,11826,CYCLES,BACKEND,SUB-EVENT,rms_norm__Mul_1_output_0:OpId_24 (cycles)
5268768737,EXECUTE,71275,CYCLES,BACKEND,SUB-EVENT,_MatMul:OpId_29 (cycles)
5268768737,EXECUTE,0,CYCLES,BACKEND,SUB-EVENT,_MatMul_post_reshape:OpId_31 (cycles)
5268768737,EXECUTE,7823,CYCLES,BACKEND,SUB-EVENT,_MatMul_1:OpId_34 (cycles)
5268768737,EXECUTE,37887,CYCLES,BACKEND,SUB-EVENT,_MatMul_1_post_reshape:OpId_36 (cycles)
5268768737,EXECUTE,11225,CYCLES,BACKEND,SUB-EVENT,_MatMul_2:OpId_39 (cycles)
5268768737,EXECUTE,36167,CYCLES,BACKEND,SUB-EVENT,_MatMul_2_post_reshape:OpId_41 (cycles)
5268768737,EXECUTE,508,CYCLES,BACKEND,SUB-EVENT,_Transpose:OpId_43 (cycles)
5268768737,EXECUTE,6264,CYCLES,BACKEND,SUB-EVENT,_Transpose_1:OpId_45 (cycles)
5268768737,EXECUTE,5754,CYCLES,BACKEND,SUB-EVENT,_Transpose_2:OpId_47 (cycles)
5268768737,EXECUTE,56869,CYCLES,BACKEND,SUB-EVENT,_Slice:OpId_49 (cycles)
5268768737,EXECUTE,15085,CYCLES,BACKEND,SUB-EVENT,_Slice_1:OpId_55 (cycles)
5268768737,EXECUTE,2604,CYCLES,BACKEND,SUB-EVENT,_Mul_2:OpId_61 (cycles)
5268768737,EXECUTE,1190,CYCLES,BACKEND,SUB-EVENT,_Mul_3:OpId_64 (cycles)
5268768737,EXECUTE,272,CYCLES,BACKEND,SUB-EVENT,_Sub:OpId_66 (cycles)
5268768737,EXECUTE,3024,CYCLES,BACKEND,SUB-EVENT,_Mul_4:OpId_68 (cycles)
5268768737,EXECUTE,1470,CYCLES,BACKEND,SUB-EVENT,_Mul_5:OpId_70 (cycles)
5268768737,EXECUTE,15996,CYCLES,BACKEND,SUB-EVENT,_Add_4:OpId_72 (cycles)
5268768737,EXECUTE,0,CYCLES,BACKEND,SUB-EVENT,_Unsqueeze:OpId_74 (cycles)
5268768737,EXECUTE,0,CYCLES,BACKEND,SUB-EVENT,_Unsqueeze_1:OpId_75 (cycles)
5268768737,EXECUTE,937,CYCLES,BACKEND,SUB-EVENT,_Concat:OpId_76 (cycles)
5268768737,EXECUTE,596,CYCLES,BACKEND,SUB-EVENT,_Reshape_3:OpId_78 (cycles)
5268768737,EXECUTE,80951,CYCLES,BACKEND,SUB-EVENT,_Slice_3:OpId_80 (cycles)
5268768737,EXECUTE,16588,CYCLES,BACKEND,SUB-EVENT,_Slice_4:OpId_86 (cycles)
5268768737,EXECUTE,35096,CYCLES,BACKEND,SUB-EVENT,_Mul_6:OpId_91 (cycles)
5268768737,EXECUTE,30516,CYCLES,BACKEND,SUB-EVENT,_Mul_7:OpId_93 (cycles)
5268768737,EXECUTE,4634,CYCLES,BACKEND,SUB-EVENT,_Sub_1:OpId_95 (cycles)
5268768737,EXECUTE,35053,CYCLES,BACKEND,SUB-EVENT,_Mul_8:OpId_97 (cycles)
5268768737,EXECUTE,29990,CYCLES,BACKEND,SUB-EVENT,_Mul_9:OpId_99 (cycles)
5268768737,EXECUTE,5804,CYCLES,BACKEND,SUB-EVENT,_Add_5:OpId_101 (cycles)
5268768737,EXECUTE,0,CYCLES,BACKEND,SUB-EVENT,_Unsqueeze_2:OpId_103 (cycles)
5268768737,EXECUTE,0,CYCLES,BACKEND,SUB-EVENT,_Unsqueeze_3:OpId_104 (cycles)
5268768737,EXECUTE,5369,CYCLES,BACKEND,SUB-EVENT,_Concat_2:OpId_105 (cycles)
5268768737,EXECUTE,0,CYCLES,BACKEND,SUB-EVENT,_Reshape_4:OpId_107 (cycles)
5268768737,EXECUTE,4406,CYCLES,BACKEND,SUB-EVENT,current_key_nhwc:OpId_109 (cycles)
5268768737,EXECUTE,4460,CYCLES,BACKEND,SUB-EVENT,_Concat_4:OpId_110 (cycles)
5268768737,EXECUTE,372017,CYCLES,BACKEND,SUB-EVENT,_Concat_4_output_0_nchw:OpId_113 (cycles)
5268768737,EXECUTE,2584,CYCLES,BACKEND,SUB-EVENT,_Concat_5:OpId_114 (cycles)
5268768737,EXECUTE,0,CYCLES,BACKEND,SUB-EVENT,_Unsqueeze_4:OpId_116 (cycles)
5268768737,EXECUTE,35419,CYCLES,BACKEND,SUB-EVENT,_MatMul_3:OpId_117 (cycles)
5268768737,EXECUTE,19026,CYCLES,BACKEND,SUB-EVENT,_Div_1:OpId_122 (cycles)
5268768737,EXECUTE,0,CYCLES,BACKEND,SUB-EVENT,_Add_6:OpId_125 (cycles)
5268768737,EXECUTE,24168,CYCLES,BACKEND,SUB-EVENT,_Softmax:OpId_127 (cycles)
5268768737,EXECUTE,0,CYCLES,BACKEND,SUB-EVENT,_Unsqueeze_5:OpId_130 (cycles)
5268768737,EXECUTE,67704,CYCLES,BACKEND,SUB-EVENT,_MatMul_4:OpId_131 (cycles)
5268768737,EXECUTE,0,CYCLES,BACKEND,SUB-EVENT,_Reshape_6:OpId_135 (cycles)
5268768737,EXECUTE,0,CYCLES,BACKEND,SUB-EVENT,_Transpose_4:OpId_137 (cycles)
5268768737,EXECUTE,17254,CYCLES,BACKEND,SUB-EVENT,_MatMul_5:OpId_139 (cycles)
5268768737,EXECUTE,0,CYCLES,BACKEND,SUB-EVENT,_MatMul_5_post_reshape:OpId_142 (cycles)
5268768737,EXECUTE,0,CYCLES,BACKEND,SUB-EVENT,_MatMul_5_output_0_nfc:OpId_144 (cycles)
5268768737,EXECUTE,152182,CYCLES,BACKEND,SUB-EVENT,_Add_7:OpId_146 (cycles)
5268768737,EXECUTE,247,CYCLES,BACKEND,SUB-EVENT,_Add_7_output_0_ncf:OpId_149 (cycles)
5268768737,EXECUTE,4967,CYCLES,BACKEND,SUB-EVENT,rms_norm__Mul_11_output_0:OpId_154 (cycles)
5268768737,EXECUTE,0,CYCLES,BACKEND,SUB-EVENT,_MatMul_6:OpId_158 (cycles)
5268768737,EXECUTE,0,CYCLES,BACKEND,SUB-EVENT,_MatMul_6_post_reshape:OpId_161 (cycles)
5268768737,EXECUTE,288991,CYCLES,BACKEND,SUB-EVENT,_MatMul_7:OpId_163 (cycles)
5268768737,EXECUTE,0,CYCLES,BACKEND,SUB-EVENT,_MatMul_7_post_reshape:OpId_166 (cycles)
5268768737,EXECUTE,0,CYCLES,BACKEND,SUB-EVENT,_Sigmoid:OpId_167 (cycles)
5268768737,EXECUTE,252651,CYCLES,BACKEND,SUB-EVENT,_Mul_12:OpId_174 (cycles)
5268768737,EXECUTE,29932,CYCLES,BACKEND,SUB-EVENT,_Mul_13:OpId_176 (cycles)
5268768737,EXECUTE,402573,CYCLES,BACKEND,SUB-EVENT,_MatMul_8:OpId_179 (cycles)
5268768737,EXECUTE,0,CYCLES,BACKEND,SUB-EVENT,_MatMul_8_post_reshape:OpId_182 (cycles)
5268768737,EXECUTE,0,CYCLES,BACKEND,SUB-EVENT,_MatMul_8_output_0_nfc:OpId_184 (cycles)
5268768737,EXECUTE,14618,CYCLES,BACKEND,SUB-EVENT,_Add_9:OpId_186 (cycles)
5268768737,EXECUTE,11681,CYCLES,BACKEND,SUB-EVENT,Output OpId_3 (cycles)
5268768737,EXECUTE,4712,US,BACKEND,ROOT,Accelerator (execute) time
5268768737,EXECUTE,4562,US,BACKEND,ROOT,Accelerator (execute excluding wait) time
5268768737,EXECUTE,12237,US,BACKEND,ROOT,QNN (execute) time
5268782925,EXECUTE,12241,US,NETRUN,ROOT,Graph 0: qwen2_0_5b_layer0_decode_past128_grouped_gqa_delta_kv
5268782925,EXECUTE,4,COUNT,BACKEND,ROOT,Number of HVX threads used
5268782925,EXECUTE,11861,US,BACKEND,ROOT,RPC (execute) time
5268782925,EXECUTE,9697,US,BACKEND,ROOT,QNN accelerator (execute) time
5268782925,EXECUTE,0,COUNT,BACKEND,ROOT,Num times yield occured
5268782925,EXECUTE,585,US,BACKEND,ROOT,Time for initial VTCM acquire
5268782925,EXECUTE,299,US,BACKEND,ROOT,Time for HVX + HMX power on and acquire
5268782925,EXECUTE,2401573,CYCLES,BACKEND,ROOT,Accelerator (execute) time (cycles)
5268782925,EXECUTE,86906,CYCLES,BACKEND,SUB-EVENT,Input OpId_2 (cycles)
5268782925,EXECUTE,28587,CYCLES,BACKEND,SUB-EVENT,hidden_states_ncf:OpId_17 (cycles)
5268782925,EXECUTE,63469,CYCLES,BACKEND,SUB-EVENT,past_value_nchw:OpId_20 (cycles)
5268782925,EXECUTE,11962,CYCLES,BACKEND,SUB-EVENT,rms_norm__Mul_1_output_0:OpId_24 (cycles)
5268782925,EXECUTE,77472,CYCLES,BACKEND,SUB-EVENT,_MatMul:OpId_29 (cycles)
5268782925,EXECUTE,0,CYCLES,BACKEND,SUB-EVENT,_MatMul_post_reshape:OpId_31 (cycles)
5268782925,EXECUTE,8632,CYCLES,BACKEND,SUB-EVENT,_MatMul_1:OpId_34 (cycles)
5268782925,EXECUTE,35231,CYCLES,BACKEND,SUB-EVENT,_MatMul_1_post_reshape:OpId_36 (cycles)
5268782925,EXECUTE,7266,CYCLES,BACKEND,SUB-EVENT,_MatMul_2:OpId_39 (cycles)
5268782925,EXECUTE,33478,CYCLES,BACKEND,SUB-EVENT,_MatMul_2_post_reshape:OpId_41 (cycles)
5268782925,EXECUTE,482,CYCLES,BACKEND,SUB-EVENT,_Transpose:OpId_43 (cycles)
5268782925,EXECUTE,6075,CYCLES,BACKEND,SUB-EVENT,_Transpose_1:OpId_45 (cycles)
5268782925,EXECUTE,5759,CYCLES,BACKEND,SUB-EVENT,_Transpose_2:OpId_47 (cycles)
5268782925,EXECUTE,56113,CYCLES,BACKEND,SUB-EVENT,_Slice:OpId_49 (cycles)
5268782925,EXECUTE,8789,CYCLES,BACKEND,SUB-EVENT,_Slice_1:OpId_55 (cycles)
5268782925,EXECUTE,2782,CYCLES,BACKEND,SUB-EVENT,_Mul_2:OpId_61 (cycles)
5268782925,EXECUTE,1145,CYCLES,BACKEND,SUB-EVENT,_Mul_3:OpId_64 (cycles)
5268782925,EXECUTE,273,CYCLES,BACKEND,SUB-EVENT,_Sub:OpId_66 (cycles)
5268782925,EXECUTE,2711,CYCLES,BACKEND,SUB-EVENT,_Mul_4:OpId_68 (cycles)
5268782925,EXECUTE,1388,CYCLES,BACKEND,SUB-EVENT,_Mul_5:OpId_70 (cycles)
5268782925,EXECUTE,7577,CYCLES,BACKEND,SUB-EVENT,_Add_4:OpId_72 (cycles)
5268782925,EXECUTE,0,CYCLES,BACKEND,SUB-EVENT,_Unsqueeze:OpId_74 (cycles)
5268782925,EXECUTE,0,CYCLES,BACKEND,SUB-EVENT,_Unsqueeze_1:OpId_75 (cycles)
5268782925,EXECUTE,814,CYCLES,BACKEND,SUB-EVENT,_Concat:OpId_76 (cycles)
5268782925,EXECUTE,584,CYCLES,BACKEND,SUB-EVENT,_Reshape_3:OpId_78 (cycles)
5268782925,EXECUTE,83761,CYCLES,BACKEND,SUB-EVENT,_Slice_3:OpId_80 (cycles)
5268782925,EXECUTE,19044,CYCLES,BACKEND,SUB-EVENT,_Slice_4:OpId_86 (cycles)
5268782925,EXECUTE,37958,CYCLES,BACKEND,SUB-EVENT,_Mul_6:OpId_91 (cycles)
5268782925,EXECUTE,28410,CYCLES,BACKEND,SUB-EVENT,_Mul_7:OpId_93 (cycles)
5268782925,EXECUTE,4397,CYCLES,BACKEND,SUB-EVENT,_Sub_1:OpId_95 (cycles)
5268782925,EXECUTE,31666,CYCLES,BACKEND,SUB-EVENT,_Mul_8:OpId_97 (cycles)
5268782925,EXECUTE,27765,CYCLES,BACKEND,SUB-EVENT,_Mul_9:OpId_99 (cycles)
5268782925,EXECUTE,5676,CYCLES,BACKEND,SUB-EVENT,_Add_5:OpId_101 (cycles)
5268782925,EXECUTE,0,CYCLES,BACKEND,SUB-EVENT,_Unsqueeze_2:OpId_103 (cycles)
5268782925,EXECUTE,0,CYCLES,BACKEND,SUB-EVENT,_Unsqueeze_3:OpId_104 (cycles)
5268782925,EXECUTE,7156,CYCLES,BACKEND,SUB-EVENT,_Concat_2:OpId_105 (cycles)
5268782925,EXECUTE,0,CYCLES,BACKEND,SUB-EVENT,_Reshape_4:OpId_107 (cycles)
5268782925,EXECUTE,4185,CYCLES,BACKEND,SUB-EVENT,current_key_nhwc:OpId_109 (cycles)
5268782925,EXECUTE,4451,CYCLES,BACKEND,SUB-EVENT,_Concat_4:OpId_110 (cycles)
5268782925,EXECUTE,379074,CYCLES,BACKEND,SUB-EVENT,_Concat_4_output_0_nchw:OpId_113 (cycles)
5268782925,EXECUTE,1767,CYCLES,BACKEND,SUB-EVENT,_Concat_5:OpId_114 (cycles)
5268782925,EXECUTE,0,CYCLES,BACKEND,SUB-EVENT,_Unsqueeze_4:OpId_116 (cycles)
5268782925,EXECUTE,35974,CYCLES,BACKEND,SUB-EVENT,_MatMul_3:OpId_117 (cycles)
5268782925,EXECUTE,18032,CYCLES,BACKEND,SUB-EVENT,_Div_1:OpId_122 (cycles)
5268782925,EXECUTE,0,CYCLES,BACKEND,SUB-EVENT,_Add_6:OpId_125 (cycles)
5268782925,EXECUTE,24262,CYCLES,BACKEND,SUB-EVENT,_Softmax:OpId_127 (cycles)
5268782925,EXECUTE,0,CYCLES,BACKEND,SUB-EVENT,_Unsqueeze_5:OpId_130 (cycles)
5268782925,EXECUTE,71026,CYCLES,BACKEND,SUB-EVENT,_MatMul_4:OpId_131 (cycles)
5268782925,EXECUTE,0,CYCLES,BACKEND,SUB-EVENT,_Reshape_6:OpId_135 (cycles)
5268782925,EXECUTE,0,CYCLES,BACKEND,SUB-EVENT,_Transpose_4:OpId_137 (cycles)
5268782925,EXECUTE,26105,CYCLES,BACKEND,SUB-EVENT,_MatMul_5:OpId_139 (cycles)
5268782925,EXECUTE,0,CYCLES,BACKEND,SUB-EVENT,_MatMul_5_post_reshape:OpId_142 (cycles)
5268782925,EXECUTE,0,CYCLES,BACKEND,SUB-EVENT,_MatMul_5_output_0_nfc:OpId_144 (cycles)
5268782925,EXECUTE,137843,CYCLES,BACKEND,SUB-EVENT,_Add_7:OpId_146 (cycles)
5268782925,EXECUTE,225,CYCLES,BACKEND,SUB-EVENT,_Add_7_output_0_ncf:OpId_149 (cycles)
5268782925,EXECUTE,5055,CYCLES,BACKEND,SUB-EVENT,rms_norm__Mul_11_output_0:OpId_154 (cycles)
5268782925,EXECUTE,0,CYCLES,BACKEND,SUB-EVENT,_MatMul_6:OpId_158 (cycles)
5268782925,EXECUTE,0,CYCLES,BACKEND,SUB-EVENT,_MatMul_6_post_reshape:OpId_161 (cycles)
5268782925,EXECUTE,285000,CYCLES,BACKEND,SUB-EVENT,_MatMul_7:OpId_163 (cycles)
5268782925,EXECUTE,0,CYCLES,BACKEND,SUB-EVENT,_MatMul_7_post_reshape:OpId_166 (cycles)
5268782925,EXECUTE,0,CYCLES,BACKEND,SUB-EVENT,_Sigmoid:OpId_167 (cycles)
5268782925,EXECUTE,256000,CYCLES,BACKEND,SUB-EVENT,_Mul_12:OpId_174 (cycles)
5268782925,EXECUTE,29602,CYCLES,BACKEND,SUB-EVENT,_Mul_13:OpId_176 (cycles)
5268782925,EXECUTE,400448,CYCLES,BACKEND,SUB-EVENT,_MatMul_8:OpId_179 (cycles)
5268782925,EXECUTE,0,CYCLES,BACKEND,SUB-EVENT,_MatMul_8_post_reshape:OpId_182 (cycles)
5268782925,EXECUTE,0,CYCLES,BACKEND,SUB-EVENT,_MatMul_8_output_0_nfc:OpId_184 (cycles)
5268782925,EXECUTE,14900,CYCLES,BACKEND,SUB-EVENT,_Add_9:OpId_186 (cycles)
5268782925,EXECUTE,14296,CYCLES,BACKEND,SUB-EVENT,Output OpId_3 (cycles)
5268782925,EXECUTE,4686,US,BACKEND,ROOT,Accelerator (execute) time
5268782925,EXECUTE,4551,US,BACKEND,ROOT,Accelerator (execute excluding wait) time
5268782925,EXECUTE,12216,US,BACKEND,ROOT,QNN (execute) time
5268793626,EXECUTE IPS,64.985703,INF/SEC,NETRUN,ROOT,null
