input log file location, qwen_block_custom_qnn/device_output/custom_q13_layer0_decode_past16/qnn-profiling-data_0.log
qnn-profile-viewer version, v2.47.0.260601114230
qnn-net-run version, v2.47.0.260601114230
Backend version, v2.47.0.260601114230
Msg Timestamp, Message, Time, Unit of Measurement, Timing Source, Event Level, Event Identifier
2588844535,INIT,457240,US,NETRUN,ROOT,null
2588956538,COMPOSE GRAPHS,111187,US,NETRUN,ROOT,null
2589297623,FINALIZE,340798,US,NETRUN,ROOT,Graph 0: qwen2_0_5b_layer0_decode_past16
2589297623,FINALIZE,5706,US,BACKEND,ROOT,RPC (finalize) time
2589297623,FINALIZE,5210,US,BACKEND,ROOT,QNN accelerator (finalize) time
2589297623,FINALIZE,5050,US,BACKEND,ROOT,Accelerator (finalize) time
2589297623,FINALIZE,340744,US,BACKEND,ROOT,QNN (finalize) time
2589297623,FINALIZE,185,US,BACKEND,SUB-EVENT,Graph Preparation Initializing
2589297623,FINALIZE,257984,US,BACKEND,SUB-EVENT,Graph Optimizations
2589297623,FINALIZE,3227,US,BACKEND,SUB-EVENT,Post Graph Optimization
2589297623,FINALIZE,17575,US,BACKEND,SUB-EVENT,Graph Sequencing for Target
2589297623,FINALIZE,2508,US,BACKEND,SUB-EVENT,VTCM Allocation
2589297623,FINALIZE,1183,US,BACKEND,SUB-EVENT,Parallelization Optimization
2589297623,FINALIZE,2259,US,BACKEND,SUB-EVENT,Finalizing Graph Sequence
2589297623,FINALIZE,82,US,BACKEND,SUB-EVENT,Completion
2589485854,DE-INIT,45199,US,NETRUN,ROOT,null
2589485854,DE-INIT,9498,US,BACKEND,ROOT,RPC (deinit) time
2589485854,DE-INIT,8195,US,BACKEND,ROOT,QNN Accelerator (deinit) time
2589485854,DE-INIT,8033,US,BACKEND,ROOT,Accelerator (deinit) time
2589485854,DE-INIT,45181,US,BACKEND,ROOT,QNN (deinit) time
2589319195,EXECUTE,20439,US,NETRUN,ROOT,Graph 0: qwen2_0_5b_layer0_decode_past16
2589319195,EXECUTE,4,COUNT,BACKEND,ROOT,Number of HVX threads used
2589319195,EXECUTE,20078,US,BACKEND,ROOT,RPC (execute) time
2589319195,EXECUTE,19244,US,BACKEND,ROOT,QNN accelerator (execute) time
2589319195,EXECUTE,0,COUNT,BACKEND,ROOT,Num times yield occured
2589319195,EXECUTE,780,US,BACKEND,ROOT,Time for initial VTCM acquire
2589319195,EXECUTE,34650,US,BACKEND,ROOT,Time for HVX + HMX power on and acquire
2589319195,EXECUTE,887420,CYCLES,BACKEND,ROOT,Accelerator (execute) time (cycles)
2589319195,EXECUTE,12642,CYCLES,BACKEND,SUB-EVENT,Input OpId_2 (cycles)
2589319195,EXECUTE,0,CYCLES,BACKEND,SUB-EVENT,hidden_states_nfc:OpId_17 (cycles)
2589319195,EXECUTE,8086,CYCLES,BACKEND,SUB-EVENT,past_key_nhwc:OpId_20 (cycles)
2589319195,EXECUTE,47454,CYCLES,BACKEND,SUB-EVENT,rms_norm__Mul_1_output_0:OpId_24 (cycles)
2589319195,EXECUTE,444,CYCLES,BACKEND,SUB-EVENT,OpId_27 (cycles)
2589319195,EXECUTE,0,CYCLES,BACKEND,SUB-EVENT,_MatMul_lhs_reshape:OpId_29 (cycles)
2589319195,EXECUTE,0,CYCLES,BACKEND,SUB-EVENT,_MatMul_lhs_cast_fp16:OpId_30 (cycles)
2589319195,EXECUTE,74468,CYCLES,BACKEND,SUB-EVENT,_MatMul:OpId_31 (cycles)
2589319195,EXECUTE,0,CYCLES,BACKEND,SUB-EVENT,_MatMul_custom_output_reshape:OpId_32 (cycles)
2589319195,EXECUTE,29028,CYCLES,BACKEND,SUB-EVENT,_MatMul_bias_add:OpId_33 (cycles)
2589319195,EXECUTE,0,CYCLES,BACKEND,SUB-EVENT,_MatMul_post_reshape:OpId_35 (cycles)
2589319195,EXECUTE,3300,CYCLES,BACKEND,SUB-EVENT,_MatMul_1:OpId_38 (cycles)
2589319195,EXECUTE,5250,CYCLES,BACKEND,SUB-EVENT,_MatMul_1_post_reshape:OpId_40 (cycles)
2589319195,EXECUTE,1517,CYCLES,BACKEND,SUB-EVENT,_MatMul_2:OpId_43 (cycles)
2589319195,EXECUTE,4024,CYCLES,BACKEND,SUB-EVENT,_MatMul_2_post_reshape:OpId_45 (cycles)
2589319195,EXECUTE,481,CYCLES,BACKEND,SUB-EVENT,_Transpose:OpId_47 (cycles)
2589319195,EXECUTE,1597,CYCLES,BACKEND,SUB-EVENT,_Transpose_1:OpId_49 (cycles)
2589319195,EXECUTE,673,CYCLES,BACKEND,SUB-EVENT,_Transpose_2:OpId_51 (cycles)
2589319195,EXECUTE,22135,CYCLES,BACKEND,SUB-EVENT,_Slice:OpId_53 (cycles)
2589319195,EXECUTE,8773,CYCLES,BACKEND,SUB-EVENT,_Slice_1:OpId_59 (cycles)
2589319195,EXECUTE,4538,CYCLES,BACKEND,SUB-EVENT,_Mul_2:OpId_65 (cycles)
2589319195,EXECUTE,4446,CYCLES,BACKEND,SUB-EVENT,_Mul_3:OpId_68 (cycles)
2589319195,EXECUTE,283,CYCLES,BACKEND,SUB-EVENT,_Sub:OpId_70 (cycles)
2589319195,EXECUTE,4558,CYCLES,BACKEND,SUB-EVENT,_Mul_4:OpId_72 (cycles)
2589319195,EXECUTE,4482,CYCLES,BACKEND,SUB-EVENT,_Mul_5:OpId_74 (cycles)
2589319195,EXECUTE,1666,CYCLES,BACKEND,SUB-EVENT,_Add_4:OpId_76 (cycles)
2589319195,EXECUTE,0,CYCLES,BACKEND,SUB-EVENT,_Unsqueeze:OpId_78 (cycles)
2589319195,EXECUTE,0,CYCLES,BACKEND,SUB-EVENT,_Unsqueeze_1:OpId_79 (cycles)
2589319195,EXECUTE,901,CYCLES,BACKEND,SUB-EVENT,_Concat:OpId_80 (cycles)
2589319195,EXECUTE,611,CYCLES,BACKEND,SUB-EVENT,_Reshape_3:OpId_82 (cycles)
2589319195,EXECUTE,20260,CYCLES,BACKEND,SUB-EVENT,_Slice_3:OpId_84 (cycles)
2589319195,EXECUTE,5582,CYCLES,BACKEND,SUB-EVENT,_Slice_4:OpId_90 (cycles)
2589319195,EXECUTE,3844,CYCLES,BACKEND,SUB-EVENT,_Mul_6:OpId_95 (cycles)
2589319195,EXECUTE,3806,CYCLES,BACKEND,SUB-EVENT,_Mul_7:OpId_97 (cycles)
2589319195,EXECUTE,696,CYCLES,BACKEND,SUB-EVENT,_Sub_1:OpId_99 (cycles)
2589319195,EXECUTE,3813,CYCLES,BACKEND,SUB-EVENT,_Mul_8:OpId_101 (cycles)
2589319195,EXECUTE,3734,CYCLES,BACKEND,SUB-EVENT,_Mul_9:OpId_103 (cycles)
2589319195,EXECUTE,126,CYCLES,BACKEND,SUB-EVENT,_Add_5:OpId_105 (cycles)
2589319195,EXECUTE,0,CYCLES,BACKEND,SUB-EVENT,_Unsqueeze_2:OpId_107 (cycles)
2589319195,EXECUTE,0,CYCLES,BACKEND,SUB-EVENT,_Unsqueeze_3:OpId_108 (cycles)
2589319195,EXECUTE,1512,CYCLES,BACKEND,SUB-EVENT,_Concat_2:OpId_109 (cycles)
2589319195,EXECUTE,0,CYCLES,BACKEND,SUB-EVENT,_Reshape_4:OpId_111 (cycles)
2589319195,EXECUTE,528,CYCLES,BACKEND,SUB-EVENT,_Reshape_4_output_0_nhwc:OpId_113 (cycles)
2589319195,EXECUTE,940,CYCLES,BACKEND,SUB-EVENT,_Concat_4:OpId_114 (cycles)
2589319195,EXECUTE,1671,CYCLES,BACKEND,SUB-EVENT,present_key_nchw:OpId_117 (cycles)
2589319195,EXECUTE,5704,CYCLES,BACKEND,SUB-EVENT,_Concat_5:OpId_118 (cycles)
2589319195,EXECUTE,0,CYCLES,BACKEND,SUB-EVENT,_Unsqueeze_4:OpId_120 (cycles)
2589319195,EXECUTE,2313,CYCLES,BACKEND,SUB-EVENT,_Tile:OpId_122 (cycles)
2589319195,EXECUTE,0,CYCLES,BACKEND,SUB-EVENT,_Reshape_5:OpId_123 (cycles)
2589319195,EXECUTE,0,CYCLES,BACKEND,SUB-EVENT,_Unsqueeze_5:OpId_124 (cycles)
2589319195,EXECUTE,2941,CYCLES,BACKEND,SUB-EVENT,_Tile_1:OpId_126 (cycles)
2589319195,EXECUTE,0,CYCLES,BACKEND,SUB-EVENT,_Reshape_6:OpId_127 (cycles)
2589319195,EXECUTE,0,CYCLES,BACKEND,SUB-EVENT,_Transpose_3:OpId_129 (cycles)
2589319195,EXECUTE,67717,CYCLES,BACKEND,SUB-EVENT,_MatMul_3:OpId_130 (cycles)
2589319195,EXECUTE,2504,CYCLES,BACKEND,SUB-EVENT,_Div_1:OpId_135 (cycles)
2589319195,EXECUTE,0,CYCLES,BACKEND,SUB-EVENT,_Add_6:OpId_138 (cycles)
2589319195,EXECUTE,31349,CYCLES,BACKEND,SUB-EVENT,_Softmax:OpId_140 (cycles)
2589319195,EXECUTE,20696,CYCLES,BACKEND,SUB-EVENT,_MatMul_4:OpId_143 (cycles)
2589319195,EXECUTE,0,CYCLES,BACKEND,SUB-EVENT,_Transpose_4:OpId_148 (cycles)
2589319195,EXECUTE,10366,CYCLES,BACKEND,SUB-EVENT,_MatMul_5:OpId_150 (cycles)
2589319195,EXECUTE,0,CYCLES,BACKEND,SUB-EVENT,_MatMul_5_post_reshape:OpId_153 (cycles)
2589319195,EXECUTE,0,CYCLES,BACKEND,SUB-EVENT,_MatMul_5_output_0_nfc:OpId_155 (cycles)
2589319195,EXECUTE,31801,CYCLES,BACKEND,SUB-EVENT,_Add_7:OpId_157 (cycles)
2589319195,EXECUTE,0,CYCLES,BACKEND,SUB-EVENT,_Add_7_output_0_ncf:OpId_160 (cycles)
2589319195,EXECUTE,2107,CYCLES,BACKEND,SUB-EVENT,rms_norm__Mul_11_output_0:OpId_165 (cycles)
2589319195,EXECUTE,0,CYCLES,BACKEND,SUB-EVENT,_MatMul_6:OpId_169 (cycles)
2589319195,EXECUTE,0,CYCLES,BACKEND,SUB-EVENT,_MatMul_6_post_reshape:OpId_172 (cycles)
2589319195,EXECUTE,130501,CYCLES,BACKEND,SUB-EVENT,_MatMul_7:OpId_174 (cycles)
2589319195,EXECUTE,0,CYCLES,BACKEND,SUB-EVENT,_MatMul_7_post_reshape:OpId_177 (cycles)
2589319195,EXECUTE,0,CYCLES,BACKEND,SUB-EVENT,_Sigmoid:OpId_178 (cycles)
2589319195,EXECUTE,109019,CYCLES,BACKEND,SUB-EVENT,_Mul_12:OpId_185 (cycles)
2589319195,EXECUTE,17151,CYCLES,BACKEND,SUB-EVENT,_Mul_13:OpId_187 (cycles)
2589319195,EXECUTE,152572,CYCLES,BACKEND,SUB-EVENT,_MatMul_8:OpId_190 (cycles)
2589319195,EXECUTE,0,CYCLES,BACKEND,SUB-EVENT,_MatMul_8_post_reshape:OpId_193 (cycles)
2589319195,EXECUTE,0,CYCLES,BACKEND,SUB-EVENT,_MatMul_8_output_0_nfc:OpId_195 (cycles)
2589319195,EXECUTE,2708,CYCLES,BACKEND,SUB-EVENT,_Add_9:OpId_197 (cycles)
2589319195,EXECUTE,0,CYCLES,BACKEND,SUB-EVENT,hidden_out_ncf:OpId_200 (cycles)
2589319195,EXECUTE,10102,CYCLES,BACKEND,SUB-EVENT,Output OpId_3 (cycles)
2589319195,EXECUTE,3632,US,BACKEND,ROOT,Accelerator (execute) time
2589319195,EXECUTE,1709,US,BACKEND,ROOT,Accelerator (execute excluding wait) time
2589319195,EXECUTE,20420,US,BACKEND,ROOT,QNN (execute) time
2589330812,EXECUTE,8182,US,NETRUN,ROOT,Graph 0: qwen2_0_5b_layer0_decode_past16
2589330812,EXECUTE,4,COUNT,BACKEND,ROOT,Number of HVX threads used
2589330812,EXECUTE,7719,US,BACKEND,ROOT,RPC (execute) time
2589330812,EXECUTE,6660,US,BACKEND,ROOT,QNN accelerator (execute) time
2589330812,EXECUTE,0,COUNT,BACKEND,ROOT,Num times yield occured
2589330812,EXECUTE,627,US,BACKEND,ROOT,Time for initial VTCM acquire
2589330812,EXECUTE,260,US,BACKEND,ROOT,Time for HVX + HMX power on and acquire
2589330812,EXECUTE,851623,CYCLES,BACKEND,ROOT,Accelerator (execute) time (cycles)
2589330812,EXECUTE,14747,CYCLES,BACKEND,SUB-EVENT,Input OpId_2 (cycles)
2589330812,EXECUTE,0,CYCLES,BACKEND,SUB-EVENT,hidden_states_nfc:OpId_17 (cycles)
2589330812,EXECUTE,8090,CYCLES,BACKEND,SUB-EVENT,past_key_nhwc:OpId_20 (cycles)
2589330812,EXECUTE,48233,CYCLES,BACKEND,SUB-EVENT,rms_norm__Mul_1_output_0:OpId_24 (cycles)
2589330812,EXECUTE,797,CYCLES,BACKEND,SUB-EVENT,OpId_27 (cycles)
2589330812,EXECUTE,0,CYCLES,BACKEND,SUB-EVENT,_MatMul_lhs_reshape:OpId_29 (cycles)
2589330812,EXECUTE,0,CYCLES,BACKEND,SUB-EVENT,_MatMul_lhs_cast_fp16:OpId_30 (cycles)
2589330812,EXECUTE,70124,CYCLES,BACKEND,SUB-EVENT,_MatMul:OpId_31 (cycles)
2589330812,EXECUTE,0,CYCLES,BACKEND,SUB-EVENT,_MatMul_custom_output_reshape:OpId_32 (cycles)
2589330812,EXECUTE,36991,CYCLES,BACKEND,SUB-EVENT,_MatMul_bias_add:OpId_33 (cycles)
2589330812,EXECUTE,0,CYCLES,BACKEND,SUB-EVENT,_MatMul_post_reshape:OpId_35 (cycles)
2589330812,EXECUTE,4086,CYCLES,BACKEND,SUB-EVENT,_MatMul_1:OpId_38 (cycles)
2589330812,EXECUTE,4715,CYCLES,BACKEND,SUB-EVENT,_MatMul_1_post_reshape:OpId_40 (cycles)
2589330812,EXECUTE,1999,CYCLES,BACKEND,SUB-EVENT,_MatMul_2:OpId_43 (cycles)
2589330812,EXECUTE,3508,CYCLES,BACKEND,SUB-EVENT,_MatMul_2_post_reshape:OpId_45 (cycles)
2589330812,EXECUTE,508,CYCLES,BACKEND,SUB-EVENT,_Transpose:OpId_47 (cycles)
2589330812,EXECUTE,1536,CYCLES,BACKEND,SUB-EVENT,_Transpose_1:OpId_49 (cycles)
2589330812,EXECUTE,1059,CYCLES,BACKEND,SUB-EVENT,_Transpose_2:OpId_51 (cycles)
2589330812,EXECUTE,20808,CYCLES,BACKEND,SUB-EVENT,_Slice:OpId_53 (cycles)
2589330812,EXECUTE,7169,CYCLES,BACKEND,SUB-EVENT,_Slice_1:OpId_59 (cycles)
2589330812,EXECUTE,3394,CYCLES,BACKEND,SUB-EVENT,_Mul_2:OpId_65 (cycles)
2589330812,EXECUTE,3257,CYCLES,BACKEND,SUB-EVENT,_Mul_3:OpId_68 (cycles)
2589330812,EXECUTE,265,CYCLES,BACKEND,SUB-EVENT,_Sub:OpId_70 (cycles)
2589330812,EXECUTE,3222,CYCLES,BACKEND,SUB-EVENT,_Mul_4:OpId_72 (cycles)
2589330812,EXECUTE,3111,CYCLES,BACKEND,SUB-EVENT,_Mul_5:OpId_74 (cycles)
2589330812,EXECUTE,1649,CYCLES,BACKEND,SUB-EVENT,_Add_4:OpId_76 (cycles)
2589330812,EXECUTE,0,CYCLES,BACKEND,SUB-EVENT,_Unsqueeze:OpId_78 (cycles)
2589330812,EXECUTE,0,CYCLES,BACKEND,SUB-EVENT,_Unsqueeze_1:OpId_79 (cycles)
2589330812,EXECUTE,917,CYCLES,BACKEND,SUB-EVENT,_Concat:OpId_80 (cycles)
2589330812,EXECUTE,599,CYCLES,BACKEND,SUB-EVENT,_Reshape_3:OpId_82 (cycles)
2589330812,EXECUTE,19989,CYCLES,BACKEND,SUB-EVENT,_Slice_3:OpId_84 (cycles)
2589330812,EXECUTE,5107,CYCLES,BACKEND,SUB-EVENT,_Slice_4:OpId_90 (cycles)
2589330812,EXECUTE,4325,CYCLES,BACKEND,SUB-EVENT,_Mul_6:OpId_95 (cycles)
2589330812,EXECUTE,4302,CYCLES,BACKEND,SUB-EVENT,_Mul_7:OpId_97 (cycles)
2589330812,EXECUTE,547,CYCLES,BACKEND,SUB-EVENT,_Sub_1:OpId_99 (cycles)
2589330812,EXECUTE,4300,CYCLES,BACKEND,SUB-EVENT,_Mul_8:OpId_101 (cycles)
2589330812,EXECUTE,4225,CYCLES,BACKEND,SUB-EVENT,_Mul_9:OpId_103 (cycles)
2589330812,EXECUTE,162,CYCLES,BACKEND,SUB-EVENT,_Add_5:OpId_105 (cycles)
2589330812,EXECUTE,0,CYCLES,BACKEND,SUB-EVENT,_Unsqueeze_2:OpId_107 (cycles)
2589330812,EXECUTE,0,CYCLES,BACKEND,SUB-EVENT,_Unsqueeze_3:OpId_108 (cycles)
2589330812,EXECUTE,2892,CYCLES,BACKEND,SUB-EVENT,_Concat_2:OpId_109 (cycles)
2589330812,EXECUTE,0,CYCLES,BACKEND,SUB-EVENT,_Reshape_4:OpId_111 (cycles)
2589330812,EXECUTE,1067,CYCLES,BACKEND,SUB-EVENT,_Reshape_4_output_0_nhwc:OpId_113 (cycles)
2589330812,EXECUTE,856,CYCLES,BACKEND,SUB-EVENT,_Concat_4:OpId_114 (cycles)
2589330812,EXECUTE,1660,CYCLES,BACKEND,SUB-EVENT,present_key_nchw:OpId_117 (cycles)
2589330812,EXECUTE,6135,CYCLES,BACKEND,SUB-EVENT,_Concat_5:OpId_118 (cycles)
2589330812,EXECUTE,0,CYCLES,BACKEND,SUB-EVENT,_Unsqueeze_4:OpId_120 (cycles)
2589330812,EXECUTE,2405,CYCLES,BACKEND,SUB-EVENT,_Tile:OpId_122 (cycles)
2589330812,EXECUTE,0,CYCLES,BACKEND,SUB-EVENT,_Reshape_5:OpId_123 (cycles)
2589330812,EXECUTE,0,CYCLES,BACKEND,SUB-EVENT,_Unsqueeze_5:OpId_124 (cycles)
2589330812,EXECUTE,3195,CYCLES,BACKEND,SUB-EVENT,_Tile_1:OpId_126 (cycles)
2589330812,EXECUTE,0,CYCLES,BACKEND,SUB-EVENT,_Reshape_6:OpId_127 (cycles)
2589330812,EXECUTE,0,CYCLES,BACKEND,SUB-EVENT,_Transpose_3:OpId_129 (cycles)
2589330812,EXECUTE,67243,CYCLES,BACKEND,SUB-EVENT,_MatMul_3:OpId_130 (cycles)
2589330812,EXECUTE,3043,CYCLES,BACKEND,SUB-EVENT,_Div_1:OpId_135 (cycles)
2589330812,EXECUTE,0,CYCLES,BACKEND,SUB-EVENT,_Add_6:OpId_138 (cycles)
2589330812,EXECUTE,31413,CYCLES,BACKEND,SUB-EVENT,_Softmax:OpId_140 (cycles)
2589330812,EXECUTE,23313,CYCLES,BACKEND,SUB-EVENT,_MatMul_4:OpId_143 (cycles)
2589330812,EXECUTE,0,CYCLES,BACKEND,SUB-EVENT,_Transpose_4:OpId_148 (cycles)
2589330812,EXECUTE,12080,CYCLES,BACKEND,SUB-EVENT,_MatMul_5:OpId_150 (cycles)
2589330812,EXECUTE,0,CYCLES,BACKEND,SUB-EVENT,_MatMul_5_post_reshape:OpId_153 (cycles)
2589330812,EXECUTE,0,CYCLES,BACKEND,SUB-EVENT,_MatMul_5_output_0_nfc:OpId_155 (cycles)
2589330812,EXECUTE,23646,CYCLES,BACKEND,SUB-EVENT,_Add_7:OpId_157 (cycles)
2589330812,EXECUTE,0,CYCLES,BACKEND,SUB-EVENT,_Add_7_output_0_ncf:OpId_160 (cycles)
2589330812,EXECUTE,2490,CYCLES,BACKEND,SUB-EVENT,rms_norm__Mul_11_output_0:OpId_165 (cycles)
2589330812,EXECUTE,0,CYCLES,BACKEND,SUB-EVENT,_MatMul_6:OpId_169 (cycles)
2589330812,EXECUTE,0,CYCLES,BACKEND,SUB-EVENT,_MatMul_6_post_reshape:OpId_172 (cycles)
2589330812,EXECUTE,109721,CYCLES,BACKEND,SUB-EVENT,_MatMul_7:OpId_174 (cycles)
2589330812,EXECUTE,0,CYCLES,BACKEND,SUB-EVENT,_MatMul_7_post_reshape:OpId_177 (cycles)
2589330812,EXECUTE,0,CYCLES,BACKEND,SUB-EVENT,_Sigmoid:OpId_178 (cycles)
2589330812,EXECUTE,104332,CYCLES,BACKEND,SUB-EVENT,_Mul_12:OpId_185 (cycles)
2589330812,EXECUTE,16873,CYCLES,BACKEND,SUB-EVENT,_Mul_13:OpId_187 (cycles)
2589330812,EXECUTE,142989,CYCLES,BACKEND,SUB-EVENT,_MatMul_8:OpId_190 (cycles)
2589330812,EXECUTE,0,CYCLES,BACKEND,SUB-EVENT,_MatMul_8_post_reshape:OpId_193 (cycles)
2589330812,EXECUTE,0,CYCLES,BACKEND,SUB-EVENT,_MatMul_8_output_0_nfc:OpId_195 (cycles)
2589330812,EXECUTE,2674,CYCLES,BACKEND,SUB-EVENT,_Add_9:OpId_197 (cycles)
2589330812,EXECUTE,0,CYCLES,BACKEND,SUB-EVENT,hidden_out_ncf:OpId_200 (cycles)
2589330812,EXECUTE,9855,CYCLES,BACKEND,SUB-EVENT,Output OpId_3 (cycles)
2589330812,EXECUTE,1775,US,BACKEND,ROOT,Accelerator (execute) time
2589330812,EXECUTE,1640,US,BACKEND,ROOT,Accelerator (execute excluding wait) time
2589330812,EXECUTE,8155,US,BACKEND,ROOT,QNN (execute) time
2589341449,EXECUTE,7905,US,NETRUN,ROOT,Graph 0: qwen2_0_5b_layer0_decode_past16
2589341449,EXECUTE,4,COUNT,BACKEND,ROOT,Number of HVX threads used
2589341449,EXECUTE,7523,US,BACKEND,ROOT,RPC (execute) time
2589341449,EXECUTE,6633,US,BACKEND,ROOT,QNN accelerator (execute) time
2589341449,EXECUTE,0,COUNT,BACKEND,ROOT,Num times yield occured
2589341449,EXECUTE,544,US,BACKEND,ROOT,Time for initial VTCM acquire
2589341449,EXECUTE,215,US,BACKEND,ROOT,Time for HVX + HMX power on and acquire
2589341449,EXECUTE,829269,CYCLES,BACKEND,ROOT,Accelerator (execute) time (cycles)
2589341449,EXECUTE,11344,CYCLES,BACKEND,SUB-EVENT,Input OpId_2 (cycles)
2589341449,EXECUTE,0,CYCLES,BACKEND,SUB-EVENT,hidden_states_nfc:OpId_17 (cycles)
2589341449,EXECUTE,8077,CYCLES,BACKEND,SUB-EVENT,past_key_nhwc:OpId_20 (cycles)
2589341449,EXECUTE,41216,CYCLES,BACKEND,SUB-EVENT,rms_norm__Mul_1_output_0:OpId_24 (cycles)
2589341449,EXECUTE,718,CYCLES,BACKEND,SUB-EVENT,OpId_27 (cycles)
2589341449,EXECUTE,0,CYCLES,BACKEND,SUB-EVENT,_MatMul_lhs_reshape:OpId_29 (cycles)
2589341449,EXECUTE,0,CYCLES,BACKEND,SUB-EVENT,_MatMul_lhs_cast_fp16:OpId_30 (cycles)
2589341449,EXECUTE,70152,CYCLES,BACKEND,SUB-EVENT,_MatMul:OpId_31 (cycles)
2589341449,EXECUTE,0,CYCLES,BACKEND,SUB-EVENT,_MatMul_custom_output_reshape:OpId_32 (cycles)
2589341449,EXECUTE,33878,CYCLES,BACKEND,SUB-EVENT,_MatMul_bias_add:OpId_33 (cycles)
2589341449,EXECUTE,0,CYCLES,BACKEND,SUB-EVENT,_MatMul_post_reshape:OpId_35 (cycles)
2589341449,EXECUTE,3323,CYCLES,BACKEND,SUB-EVENT,_MatMul_1:OpId_38 (cycles)
2589341449,EXECUTE,4451,CYCLES,BACKEND,SUB-EVENT,_MatMul_1_post_reshape:OpId_40 (cycles)
2589341449,EXECUTE,1885,CYCLES,BACKEND,SUB-EVENT,_MatMul_2:OpId_43 (cycles)
2589341449,EXECUTE,3209,CYCLES,BACKEND,SUB-EVENT,_MatMul_2_post_reshape:OpId_45 (cycles)
2589341449,EXECUTE,468,CYCLES,BACKEND,SUB-EVENT,_Transpose:OpId_47 (cycles)
2589341449,EXECUTE,1008,CYCLES,BACKEND,SUB-EVENT,_Transpose_1:OpId_49 (cycles)
2589341449,EXECUTE,627,CYCLES,BACKEND,SUB-EVENT,_Transpose_2:OpId_51 (cycles)
2589341449,EXECUTE,24345,CYCLES,BACKEND,SUB-EVENT,_Slice:OpId_53 (cycles)
2589341449,EXECUTE,10208,CYCLES,BACKEND,SUB-EVENT,_Slice_1:OpId_59 (cycles)
2589341449,EXECUTE,2977,CYCLES,BACKEND,SUB-EVENT,_Mul_2:OpId_65 (cycles)
2589341449,EXECUTE,2786,CYCLES,BACKEND,SUB-EVENT,_Mul_3:OpId_68 (cycles)
2589341449,EXECUTE,278,CYCLES,BACKEND,SUB-EVENT,_Sub:OpId_70 (cycles)
2589341449,EXECUTE,2896,CYCLES,BACKEND,SUB-EVENT,_Mul_4:OpId_72 (cycles)
2589341449,EXECUTE,2804,CYCLES,BACKEND,SUB-EVENT,_Mul_5:OpId_74 (cycles)
2589341449,EXECUTE,1620,CYCLES,BACKEND,SUB-EVENT,_Add_4:OpId_76 (cycles)
2589341449,EXECUTE,0,CYCLES,BACKEND,SUB-EVENT,_Unsqueeze:OpId_78 (cycles)
2589341449,EXECUTE,0,CYCLES,BACKEND,SUB-EVENT,_Unsqueeze_1:OpId_79 (cycles)
2589341449,EXECUTE,1015,CYCLES,BACKEND,SUB-EVENT,_Concat:OpId_80 (cycles)
2589341449,EXECUTE,580,CYCLES,BACKEND,SUB-EVENT,_Reshape_3:OpId_82 (cycles)
2589341449,EXECUTE,19244,CYCLES,BACKEND,SUB-EVENT,_Slice_3:OpId_84 (cycles)
2589341449,EXECUTE,5334,CYCLES,BACKEND,SUB-EVENT,_Slice_4:OpId_90 (cycles)
2589341449,EXECUTE,4045,CYCLES,BACKEND,SUB-EVENT,_Mul_6:OpId_95 (cycles)
2589341449,EXECUTE,3971,CYCLES,BACKEND,SUB-EVENT,_Mul_7:OpId_97 (cycles)
2589341449,EXECUTE,440,CYCLES,BACKEND,SUB-EVENT,_Sub_1:OpId_99 (cycles)
2589341449,EXECUTE,3953,CYCLES,BACKEND,SUB-EVENT,_Mul_8:OpId_101 (cycles)
2589341449,EXECUTE,3914,CYCLES,BACKEND,SUB-EVENT,_Mul_9:OpId_103 (cycles)
2589341449,EXECUTE,128,CYCLES,BACKEND,SUB-EVENT,_Add_5:OpId_105 (cycles)
2589341449,EXECUTE,0,CYCLES,BACKEND,SUB-EVENT,_Unsqueeze_2:OpId_107 (cycles)
2589341449,EXECUTE,0,CYCLES,BACKEND,SUB-EVENT,_Unsqueeze_3:OpId_108 (cycles)
2589341449,EXECUTE,1798,CYCLES,BACKEND,SUB-EVENT,_Concat_2:OpId_109 (cycles)
2589341449,EXECUTE,0,CYCLES,BACKEND,SUB-EVENT,_Reshape_4:OpId_111 (cycles)
2589341449,EXECUTE,680,CYCLES,BACKEND,SUB-EVENT,_Reshape_4_output_0_nhwc:OpId_113 (cycles)
2589341449,EXECUTE,875,CYCLES,BACKEND,SUB-EVENT,_Concat_4:OpId_114 (cycles)
2589341449,EXECUTE,1343,CYCLES,BACKEND,SUB-EVENT,present_key_nchw:OpId_117 (cycles)
2589341449,EXECUTE,4757,CYCLES,BACKEND,SUB-EVENT,_Concat_5:OpId_118 (cycles)
2589341449,EXECUTE,0,CYCLES,BACKEND,SUB-EVENT,_Unsqueeze_4:OpId_120 (cycles)
2589341449,EXECUTE,2731,CYCLES,BACKEND,SUB-EVENT,_Tile:OpId_122 (cycles)
2589341449,EXECUTE,0,CYCLES,BACKEND,SUB-EVENT,_Reshape_5:OpId_123 (cycles)
2589341449,EXECUTE,0,CYCLES,BACKEND,SUB-EVENT,_Unsqueeze_5:OpId_124 (cycles)
2589341449,EXECUTE,2508,CYCLES,BACKEND,SUB-EVENT,_Tile_1:OpId_126 (cycles)
2589341449,EXECUTE,0,CYCLES,BACKEND,SUB-EVENT,_Reshape_6:OpId_127 (cycles)
2589341449,EXECUTE,0,CYCLES,BACKEND,SUB-EVENT,_Transpose_3:OpId_129 (cycles)
2589341449,EXECUTE,61875,CYCLES,BACKEND,SUB-EVENT,_MatMul_3:OpId_130 (cycles)
2589341449,EXECUTE,3042,CYCLES,BACKEND,SUB-EVENT,_Div_1:OpId_135 (cycles)
2589341449,EXECUTE,0,CYCLES,BACKEND,SUB-EVENT,_Add_6:OpId_138 (cycles)
2589341449,EXECUTE,24940,CYCLES,BACKEND,SUB-EVENT,_Softmax:OpId_140 (cycles)
2589341449,EXECUTE,21984,CYCLES,BACKEND,SUB-EVENT,_MatMul_4:OpId_143 (cycles)
2589341449,EXECUTE,0,CYCLES,BACKEND,SUB-EVENT,_Transpose_4:OpId_148 (cycles)
2589341449,EXECUTE,10712,CYCLES,BACKEND,SUB-EVENT,_MatMul_5:OpId_150 (cycles)
2589341449,EXECUTE,0,CYCLES,BACKEND,SUB-EVENT,_MatMul_5_post_reshape:OpId_153 (cycles)
2589341449,EXECUTE,0,CYCLES,BACKEND,SUB-EVENT,_MatMul_5_output_0_nfc:OpId_155 (cycles)
2589341449,EXECUTE,25900,CYCLES,BACKEND,SUB-EVENT,_Add_7:OpId_157 (cycles)
2589341449,EXECUTE,0,CYCLES,BACKEND,SUB-EVENT,_Add_7_output_0_ncf:OpId_160 (cycles)
2589341449,EXECUTE,2137,CYCLES,BACKEND,SUB-EVENT,rms_norm__Mul_11_output_0:OpId_165 (cycles)
2589341449,EXECUTE,0,CYCLES,BACKEND,SUB-EVENT,_MatMul_6:OpId_169 (cycles)
2589341449,EXECUTE,0,CYCLES,BACKEND,SUB-EVENT,_MatMul_6_post_reshape:OpId_172 (cycles)
2589341449,EXECUTE,116226,CYCLES,BACKEND,SUB-EVENT,_MatMul_7:OpId_174 (cycles)
2589341449,EXECUTE,0,CYCLES,BACKEND,SUB-EVENT,_MatMul_7_post_reshape:OpId_177 (cycles)
2589341449,EXECUTE,0,CYCLES,BACKEND,SUB-EVENT,_Sigmoid:OpId_178 (cycles)
2589341449,EXECUTE,106931,CYCLES,BACKEND,SUB-EVENT,_Mul_12:OpId_185 (cycles)
2589341449,EXECUTE,16849,CYCLES,BACKEND,SUB-EVENT,_Mul_13:OpId_187 (cycles)
2589341449,EXECUTE,142991,CYCLES,BACKEND,SUB-EVENT,_MatMul_8:OpId_190 (cycles)
2589341449,EXECUTE,0,CYCLES,BACKEND,SUB-EVENT,_MatMul_8_post_reshape:OpId_193 (cycles)
2589341449,EXECUTE,0,CYCLES,BACKEND,SUB-EVENT,_MatMul_8_output_0_nfc:OpId_195 (cycles)
2589341449,EXECUTE,2677,CYCLES,BACKEND,SUB-EVENT,_Add_9:OpId_197 (cycles)
2589341449,EXECUTE,0,CYCLES,BACKEND,SUB-EVENT,hidden_out_ncf:OpId_200 (cycles)
2589341449,EXECUTE,7419,CYCLES,BACKEND,SUB-EVENT,Output OpId_3 (cycles)
2589341449,EXECUTE,1724,US,BACKEND,ROOT,Accelerator (execute) time
2589341449,EXECUTE,1608,US,BACKEND,ROOT,Accelerator (execute excluding wait) time
2589341449,EXECUTE,7881,US,BACKEND,ROOT,QNN (execute) time
2589352335,EXECUTE,8053,US,NETRUN,ROOT,Graph 0: qwen2_0_5b_layer0_decode_past16
2589352335,EXECUTE,4,COUNT,BACKEND,ROOT,Number of HVX threads used
2589352335,EXECUTE,7664,US,BACKEND,ROOT,RPC (execute) time
2589352335,EXECUTE,6643,US,BACKEND,ROOT,QNN accelerator (execute) time
2589352335,EXECUTE,0,COUNT,BACKEND,ROOT,Num times yield occured
2589352335,EXECUTE,547,US,BACKEND,ROOT,Time for initial VTCM acquire
2589352335,EXECUTE,215,US,BACKEND,ROOT,Time for HVX + HMX power on and acquire
2589352335,EXECUTE,823636,CYCLES,BACKEND,ROOT,Accelerator (execute) time (cycles)
2589352335,EXECUTE,10821,CYCLES,BACKEND,SUB-EVENT,Input OpId_2 (cycles)
2589352335,EXECUTE,0,CYCLES,BACKEND,SUB-EVENT,hidden_states_nfc:OpId_17 (cycles)
2589352335,EXECUTE,8119,CYCLES,BACKEND,SUB-EVENT,past_key_nhwc:OpId_20 (cycles)
2589352335,EXECUTE,41128,CYCLES,BACKEND,SUB-EVENT,rms_norm__Mul_1_output_0:OpId_24 (cycles)
2589352335,EXECUTE,795,CYCLES,BACKEND,SUB-EVENT,OpId_27 (cycles)
2589352335,EXECUTE,0,CYCLES,BACKEND,SUB-EVENT,_MatMul_lhs_reshape:OpId_29 (cycles)
2589352335,EXECUTE,0,CYCLES,BACKEND,SUB-EVENT,_MatMul_lhs_cast_fp16:OpId_30 (cycles)
2589352335,EXECUTE,68643,CYCLES,BACKEND,SUB-EVENT,_MatMul:OpId_31 (cycles)
2589352335,EXECUTE,0,CYCLES,BACKEND,SUB-EVENT,_MatMul_custom_output_reshape:OpId_32 (cycles)
2589352335,EXECUTE,34102,CYCLES,BACKEND,SUB-EVENT,_MatMul_bias_add:OpId_33 (cycles)
2589352335,EXECUTE,0,CYCLES,BACKEND,SUB-EVENT,_MatMul_post_reshape:OpId_35 (cycles)
2589352335,EXECUTE,3390,CYCLES,BACKEND,SUB-EVENT,_MatMul_1:OpId_38 (cycles)
2589352335,EXECUTE,4616,CYCLES,BACKEND,SUB-EVENT,_MatMul_1_post_reshape:OpId_40 (cycles)
2589352335,EXECUTE,1956,CYCLES,BACKEND,SUB-EVENT,_MatMul_2:OpId_43 (cycles)
2589352335,EXECUTE,3318,CYCLES,BACKEND,SUB-EVENT,_MatMul_2_post_reshape:OpId_45 (cycles)
2589352335,EXECUTE,490,CYCLES,BACKEND,SUB-EVENT,_Transpose:OpId_47 (cycles)
2589352335,EXECUTE,942,CYCLES,BACKEND,SUB-EVENT,_Transpose_1:OpId_49 (cycles)
2589352335,EXECUTE,492,CYCLES,BACKEND,SUB-EVENT,_Transpose_2:OpId_51 (cycles)
2589352335,EXECUTE,22584,CYCLES,BACKEND,SUB-EVENT,_Slice:OpId_53 (cycles)
2589352335,EXECUTE,8953,CYCLES,BACKEND,SUB-EVENT,_Slice_1:OpId_59 (cycles)
2589352335,EXECUTE,2753,CYCLES,BACKEND,SUB-EVENT,_Mul_2:OpId_65 (cycles)
2589352335,EXECUTE,2600,CYCLES,BACKEND,SUB-EVENT,_Mul_3:OpId_68 (cycles)
2589352335,EXECUTE,278,CYCLES,BACKEND,SUB-EVENT,_Sub:OpId_70 (cycles)
2589352335,EXECUTE,2654,CYCLES,BACKEND,SUB-EVENT,_Mul_4:OpId_72 (cycles)
2589352335,EXECUTE,2595,CYCLES,BACKEND,SUB-EVENT,_Mul_5:OpId_74 (cycles)
2589352335,EXECUTE,1846,CYCLES,BACKEND,SUB-EVENT,_Add_4:OpId_76 (cycles)
2589352335,EXECUTE,0,CYCLES,BACKEND,SUB-EVENT,_Unsqueeze:OpId_78 (cycles)
2589352335,EXECUTE,0,CYCLES,BACKEND,SUB-EVENT,_Unsqueeze_1:OpId_79 (cycles)
2589352335,EXECUTE,838,CYCLES,BACKEND,SUB-EVENT,_Concat:OpId_80 (cycles)
2589352335,EXECUTE,564,CYCLES,BACKEND,SUB-EVENT,_Reshape_3:OpId_82 (cycles)
2589352335,EXECUTE,19182,CYCLES,BACKEND,SUB-EVENT,_Slice_3:OpId_84 (cycles)
2589352335,EXECUTE,4789,CYCLES,BACKEND,SUB-EVENT,_Slice_4:OpId_90 (cycles)
2589352335,EXECUTE,4142,CYCLES,BACKEND,SUB-EVENT,_Mul_6:OpId_95 (cycles)
2589352335,EXECUTE,4074,CYCLES,BACKEND,SUB-EVENT,_Mul_7:OpId_97 (cycles)
2589352335,EXECUTE,412,CYCLES,BACKEND,SUB-EVENT,_Sub_1:OpId_99 (cycles)
2589352335,EXECUTE,4066,CYCLES,BACKEND,SUB-EVENT,_Mul_8:OpId_101 (cycles)
2589352335,EXECUTE,4028,CYCLES,BACKEND,SUB-EVENT,_Mul_9:OpId_103 (cycles)
2589352335,EXECUTE,147,CYCLES,BACKEND,SUB-EVENT,_Add_5:OpId_105 (cycles)
2589352335,EXECUTE,0,CYCLES,BACKEND,SUB-EVENT,_Unsqueeze_2:OpId_107 (cycles)
2589352335,EXECUTE,0,CYCLES,BACKEND,SUB-EVENT,_Unsqueeze_3:OpId_108 (cycles)
2589352335,EXECUTE,1768,CYCLES,BACKEND,SUB-EVENT,_Concat_2:OpId_109 (cycles)
2589352335,EXECUTE,0,CYCLES,BACKEND,SUB-EVENT,_Reshape_4:OpId_111 (cycles)
2589352335,EXECUTE,672,CYCLES,BACKEND,SUB-EVENT,_Reshape_4_output_0_nhwc:OpId_113 (cycles)
2589352335,EXECUTE,873,CYCLES,BACKEND,SUB-EVENT,_Concat_4:OpId_114 (cycles)
2589352335,EXECUTE,1378,CYCLES,BACKEND,SUB-EVENT,present_key_nchw:OpId_117 (cycles)
2589352335,EXECUTE,5767,CYCLES,BACKEND,SUB-EVENT,_Concat_5:OpId_118 (cycles)
2589352335,EXECUTE,0,CYCLES,BACKEND,SUB-EVENT,_Unsqueeze_4:OpId_120 (cycles)
2589352335,EXECUTE,2826,CYCLES,BACKEND,SUB-EVENT,_Tile:OpId_122 (cycles)
2589352335,EXECUTE,0,CYCLES,BACKEND,SUB-EVENT,_Reshape_5:OpId_123 (cycles)
2589352335,EXECUTE,0,CYCLES,BACKEND,SUB-EVENT,_Unsqueeze_5:OpId_124 (cycles)
2589352335,EXECUTE,3006,CYCLES,BACKEND,SUB-EVENT,_Tile_1:OpId_126 (cycles)
2589352335,EXECUTE,0,CYCLES,BACKEND,SUB-EVENT,_Reshape_6:OpId_127 (cycles)
2589352335,EXECUTE,0,CYCLES,BACKEND,SUB-EVENT,_Transpose_3:OpId_129 (cycles)
2589352335,EXECUTE,62480,CYCLES,BACKEND,SUB-EVENT,_MatMul_3:OpId_130 (cycles)
2589352335,EXECUTE,3013,CYCLES,BACKEND,SUB-EVENT,_Div_1:OpId_135 (cycles)
2589352335,EXECUTE,0,CYCLES,BACKEND,SUB-EVENT,_Add_6:OpId_138 (cycles)
2589352335,EXECUTE,25990,CYCLES,BACKEND,SUB-EVENT,_Softmax:OpId_140 (cycles)
2589352335,EXECUTE,21755,CYCLES,BACKEND,SUB-EVENT,_MatMul_4:OpId_143 (cycles)
2589352335,EXECUTE,0,CYCLES,BACKEND,SUB-EVENT,_Transpose_4:OpId_148 (cycles)
2589352335,EXECUTE,11036,CYCLES,BACKEND,SUB-EVENT,_MatMul_5:OpId_150 (cycles)
2589352335,EXECUTE,0,CYCLES,BACKEND,SUB-EVENT,_MatMul_5_post_reshape:OpId_153 (cycles)
2589352335,EXECUTE,0,CYCLES,BACKEND,SUB-EVENT,_MatMul_5_output_0_nfc:OpId_155 (cycles)
2589352335,EXECUTE,24396,CYCLES,BACKEND,SUB-EVENT,_Add_7:OpId_157 (cycles)
2589352335,EXECUTE,0,CYCLES,BACKEND,SUB-EVENT,_Add_7_output_0_ncf:OpId_160 (cycles)
2589352335,EXECUTE,2155,CYCLES,BACKEND,SUB-EVENT,rms_norm__Mul_11_output_0:OpId_165 (cycles)
2589352335,EXECUTE,0,CYCLES,BACKEND,SUB-EVENT,_MatMul_6:OpId_169 (cycles)
2589352335,EXECUTE,0,CYCLES,BACKEND,SUB-EVENT,_MatMul_6_post_reshape:OpId_172 (cycles)
2589352335,EXECUTE,116555,CYCLES,BACKEND,SUB-EVENT,_MatMul_7:OpId_174 (cycles)
2589352335,EXECUTE,0,CYCLES,BACKEND,SUB-EVENT,_MatMul_7_post_reshape:OpId_177 (cycles)
2589352335,EXECUTE,0,CYCLES,BACKEND,SUB-EVENT,_Sigmoid:OpId_178 (cycles)
2589352335,EXECUTE,105326,CYCLES,BACKEND,SUB-EVENT,_Mul_12:OpId_185 (cycles)
2589352335,EXECUTE,16922,CYCLES,BACKEND,SUB-EVENT,_Mul_13:OpId_187 (cycles)
2589352335,EXECUTE,142961,CYCLES,BACKEND,SUB-EVENT,_MatMul_8:OpId_190 (cycles)
2589352335,EXECUTE,0,CYCLES,BACKEND,SUB-EVENT,_MatMul_8_post_reshape:OpId_193 (cycles)
2589352335,EXECUTE,0,CYCLES,BACKEND,SUB-EVENT,_MatMul_8_output_0_nfc:OpId_195 (cycles)
2589352335,EXECUTE,2707,CYCLES,BACKEND,SUB-EVENT,_Add_9:OpId_197 (cycles)
2589352335,EXECUTE,0,CYCLES,BACKEND,SUB-EVENT,hidden_out_ncf:OpId_200 (cycles)
2589352335,EXECUTE,6733,CYCLES,BACKEND,SUB-EVENT,Output OpId_3 (cycles)
2589352335,EXECUTE,1713,US,BACKEND,ROOT,Accelerator (execute) time
2589352335,EXECUTE,1607,US,BACKEND,ROOT,Accelerator (execute excluding wait) time
2589352335,EXECUTE,8026,US,BACKEND,ROOT,QNN (execute) time
2589366102,EXECUTE,11041,US,NETRUN,ROOT,Graph 0: qwen2_0_5b_layer0_decode_past16
2589366102,EXECUTE,4,COUNT,BACKEND,ROOT,Number of HVX threads used
2589366102,EXECUTE,10564,US,BACKEND,ROOT,RPC (execute) time
2589366102,EXECUTE,9469,US,BACKEND,ROOT,QNN accelerator (execute) time
2589366102,EXECUTE,0,COUNT,BACKEND,ROOT,Num times yield occured
2589366102,EXECUTE,740,US,BACKEND,ROOT,Time for initial VTCM acquire
2589366102,EXECUTE,371,US,BACKEND,ROOT,Time for HVX + HMX power on and acquire
2589366102,EXECUTE,1880093,CYCLES,BACKEND,ROOT,Accelerator (execute) time (cycles)
2589366102,EXECUTE,46021,CYCLES,BACKEND,SUB-EVENT,Input OpId_2 (cycles)
2589366102,EXECUTE,0,CYCLES,BACKEND,SUB-EVENT,hidden_states_nfc:OpId_17 (cycles)
2589366102,EXECUTE,17913,CYCLES,BACKEND,SUB-EVENT,past_key_nhwc:OpId_20 (cycles)
2589366102,EXECUTE,145273,CYCLES,BACKEND,SUB-EVENT,rms_norm__Mul_1_output_0:OpId_24 (cycles)
2589366102,EXECUTE,3400,CYCLES,BACKEND,SUB-EVENT,OpId_27 (cycles)
2589366102,EXECUTE,0,CYCLES,BACKEND,SUB-EVENT,_MatMul_lhs_reshape:OpId_29 (cycles)
2589366102,EXECUTE,0,CYCLES,BACKEND,SUB-EVENT,_MatMul_lhs_cast_fp16:OpId_30 (cycles)
2589366102,EXECUTE,74498,CYCLES,BACKEND,SUB-EVENT,_MatMul:OpId_31 (cycles)
2589366102,EXECUTE,0,CYCLES,BACKEND,SUB-EVENT,_MatMul_custom_output_reshape:OpId_32 (cycles)
2589366102,EXECUTE,53867,CYCLES,BACKEND,SUB-EVENT,_MatMul_bias_add:OpId_33 (cycles)
2589366102,EXECUTE,0,CYCLES,BACKEND,SUB-EVENT,_MatMul_post_reshape:OpId_35 (cycles)
2589366102,EXECUTE,5028,CYCLES,BACKEND,SUB-EVENT,_MatMul_1:OpId_38 (cycles)
2589366102,EXECUTE,7505,CYCLES,BACKEND,SUB-EVENT,_MatMul_1_post_reshape:OpId_40 (cycles)
2589366102,EXECUTE,4299,CYCLES,BACKEND,SUB-EVENT,_MatMul_2:OpId_43 (cycles)
2589366102,EXECUTE,6273,CYCLES,BACKEND,SUB-EVENT,_MatMul_2_post_reshape:OpId_45 (cycles)
2589366102,EXECUTE,474,CYCLES,BACKEND,SUB-EVENT,_Transpose:OpId_47 (cycles)
2589366102,EXECUTE,1116,CYCLES,BACKEND,SUB-EVENT,_Transpose_1:OpId_49 (cycles)
2589366102,EXECUTE,690,CYCLES,BACKEND,SUB-EVENT,_Transpose_2:OpId_51 (cycles)
2589366102,EXECUTE,31381,CYCLES,BACKEND,SUB-EVENT,_Slice:OpId_53 (cycles)
2589366102,EXECUTE,17914,CYCLES,BACKEND,SUB-EVENT,_Slice_1:OpId_59 (cycles)
2589366102,EXECUTE,4423,CYCLES,BACKEND,SUB-EVENT,_Mul_2:OpId_65 (cycles)
2589366102,EXECUTE,4281,CYCLES,BACKEND,SUB-EVENT,_Mul_3:OpId_68 (cycles)
2589366102,EXECUTE,278,CYCLES,BACKEND,SUB-EVENT,_Sub:OpId_70 (cycles)
2589366102,EXECUTE,4272,CYCLES,BACKEND,SUB-EVENT,_Mul_4:OpId_72 (cycles)
2589366102,EXECUTE,4250,CYCLES,BACKEND,SUB-EVENT,_Mul_5:OpId_74 (cycles)
2589366102,EXECUTE,2103,CYCLES,BACKEND,SUB-EVENT,_Add_4:OpId_76 (cycles)
2589366102,EXECUTE,0,CYCLES,BACKEND,SUB-EVENT,_Unsqueeze:OpId_78 (cycles)
2589366102,EXECUTE,0,CYCLES,BACKEND,SUB-EVENT,_Unsqueeze_1:OpId_79 (cycles)
2589366102,EXECUTE,1076,CYCLES,BACKEND,SUB-EVENT,_Concat:OpId_80 (cycles)
2589366102,EXECUTE,587,CYCLES,BACKEND,SUB-EVENT,_Reshape_3:OpId_82 (cycles)
2589366102,EXECUTE,24336,CYCLES,BACKEND,SUB-EVENT,_Slice_3:OpId_84 (cycles)
2589366102,EXECUTE,5376,CYCLES,BACKEND,SUB-EVENT,_Slice_4:OpId_90 (cycles)
2589366102,EXECUTE,5552,CYCLES,BACKEND,SUB-EVENT,_Mul_6:OpId_95 (cycles)
2589366102,EXECUTE,5318,CYCLES,BACKEND,SUB-EVENT,_Mul_7:OpId_97 (cycles)
2589366102,EXECUTE,616,CYCLES,BACKEND,SUB-EVENT,_Sub_1:OpId_99 (cycles)
2589366102,EXECUTE,5490,CYCLES,BACKEND,SUB-EVENT,_Mul_8:OpId_101 (cycles)
2589366102,EXECUTE,5236,CYCLES,BACKEND,SUB-EVENT,_Mul_9:OpId_103 (cycles)
2589366102,EXECUTE,150,CYCLES,BACKEND,SUB-EVENT,_Add_5:OpId_105 (cycles)
2589366102,EXECUTE,0,CYCLES,BACKEND,SUB-EVENT,_Unsqueeze_2:OpId_107 (cycles)
2589366102,EXECUTE,0,CYCLES,BACKEND,SUB-EVENT,_Unsqueeze_3:OpId_108 (cycles)
2589366102,EXECUTE,3394,CYCLES,BACKEND,SUB-EVENT,_Concat_2:OpId_109 (cycles)
2589366102,EXECUTE,0,CYCLES,BACKEND,SUB-EVENT,_Reshape_4:OpId_111 (cycles)
2589366102,EXECUTE,1361,CYCLES,BACKEND,SUB-EVENT,_Reshape_4_output_0_nhwc:OpId_113 (cycles)
2589366102,EXECUTE,898,CYCLES,BACKEND,SUB-EVENT,_Concat_4:OpId_114 (cycles)
2589366102,EXECUTE,1416,CYCLES,BACKEND,SUB-EVENT,present_key_nchw:OpId_117 (cycles)
2589366102,EXECUTE,7338,CYCLES,BACKEND,SUB-EVENT,_Concat_5:OpId_118 (cycles)
2589366102,EXECUTE,0,CYCLES,BACKEND,SUB-EVENT,_Unsqueeze_4:OpId_120 (cycles)
2589366102,EXECUTE,3073,CYCLES,BACKEND,SUB-EVENT,_Tile:OpId_122 (cycles)
2589366102,EXECUTE,0,CYCLES,BACKEND,SUB-EVENT,_Reshape_5:OpId_123 (cycles)
2589366102,EXECUTE,0,CYCLES,BACKEND,SUB-EVENT,_Unsqueeze_5:OpId_124 (cycles)
2589366102,EXECUTE,2884,CYCLES,BACKEND,SUB-EVENT,_Tile_1:OpId_126 (cycles)
2589366102,EXECUTE,0,CYCLES,BACKEND,SUB-EVENT,_Reshape_6:OpId_127 (cycles)
2589366102,EXECUTE,0,CYCLES,BACKEND,SUB-EVENT,_Transpose_3:OpId_129 (cycles)
2589366102,EXECUTE,91881,CYCLES,BACKEND,SUB-EVENT,_MatMul_3:OpId_130 (cycles)
2589366102,EXECUTE,6363,CYCLES,BACKEND,SUB-EVENT,_Div_1:OpId_135 (cycles)
2589366102,EXECUTE,0,CYCLES,BACKEND,SUB-EVENT,_Add_6:OpId_138 (cycles)
2589366102,EXECUTE,56195,CYCLES,BACKEND,SUB-EVENT,_Softmax:OpId_140 (cycles)
2589366102,EXECUTE,24695,CYCLES,BACKEND,SUB-EVENT,_MatMul_4:OpId_143 (cycles)
2589366102,EXECUTE,0,CYCLES,BACKEND,SUB-EVENT,_Transpose_4:OpId_148 (cycles)
2589366102,EXECUTE,11063,CYCLES,BACKEND,SUB-EVENT,_MatMul_5:OpId_150 (cycles)
2589366102,EXECUTE,0,CYCLES,BACKEND,SUB-EVENT,_MatMul_5_post_reshape:OpId_153 (cycles)
2589366102,EXECUTE,0,CYCLES,BACKEND,SUB-EVENT,_MatMul_5_output_0_nfc:OpId_155 (cycles)
2589366102,EXECUTE,20872,CYCLES,BACKEND,SUB-EVENT,_Add_7:OpId_157 (cycles)
2589366102,EXECUTE,0,CYCLES,BACKEND,SUB-EVENT,_Add_7_output_0_ncf:OpId_160 (cycles)
2589366102,EXECUTE,2272,CYCLES,BACKEND,SUB-EVENT,rms_norm__Mul_11_output_0:OpId_165 (cycles)
2589366102,EXECUTE,0,CYCLES,BACKEND,SUB-EVENT,_MatMul_6:OpId_169 (cycles)
2589366102,EXECUTE,0,CYCLES,BACKEND,SUB-EVENT,_MatMul_6_post_reshape:OpId_172 (cycles)
2589366102,EXECUTE,413789,CYCLES,BACKEND,SUB-EVENT,_MatMul_7:OpId_174 (cycles)
2589366102,EXECUTE,0,CYCLES,BACKEND,SUB-EVENT,_MatMul_7_post_reshape:OpId_177 (cycles)
2589366102,EXECUTE,0,CYCLES,BACKEND,SUB-EVENT,_Sigmoid:OpId_178 (cycles)
2589366102,EXECUTE,316578,CYCLES,BACKEND,SUB-EVENT,_Mul_12:OpId_185 (cycles)
2589366102,EXECUTE,25403,CYCLES,BACKEND,SUB-EVENT,_Mul_13:OpId_187 (cycles)
2589366102,EXECUTE,387900,CYCLES,BACKEND,SUB-EVENT,_MatMul_8:OpId_190 (cycles)
2589366102,EXECUTE,0,CYCLES,BACKEND,SUB-EVENT,_MatMul_8_post_reshape:OpId_193 (cycles)
2589366102,EXECUTE,0,CYCLES,BACKEND,SUB-EVENT,_MatMul_8_output_0_nfc:OpId_195 (cycles)
2589366102,EXECUTE,2737,CYCLES,BACKEND,SUB-EVENT,_Add_9:OpId_197 (cycles)
2589366102,EXECUTE,0,CYCLES,BACKEND,SUB-EVENT,hidden_out_ncf:OpId_200 (cycles)
2589366102,EXECUTE,10985,CYCLES,BACKEND,SUB-EVENT,Output OpId_3 (cycles)
2589366102,EXECUTE,4011,US,BACKEND,ROOT,Accelerator (execute) time
2589366102,EXECUTE,3860,US,BACKEND,ROOT,Accelerator (execute excluding wait) time
2589366102,EXECUTE,11010,US,BACKEND,ROOT,QNN (execute) time
2589380980,EXECUTE,11325,US,NETRUN,ROOT,Graph 0: qwen2_0_5b_layer0_decode_past16
2589380980,EXECUTE,4,COUNT,BACKEND,ROOT,Number of HVX threads used
2589380980,EXECUTE,10840,US,BACKEND,ROOT,RPC (execute) time
2589380980,EXECUTE,9754,US,BACKEND,ROOT,QNN accelerator (execute) time
2589380980,EXECUTE,0,COUNT,BACKEND,ROOT,Num times yield occured
2589380980,EXECUTE,921,US,BACKEND,ROOT,Time for initial VTCM acquire
2589380980,EXECUTE,327,US,BACKEND,ROOT,Time for HVX + HMX power on and acquire
2589380980,EXECUTE,1867003,CYCLES,BACKEND,ROOT,Accelerator (execute) time (cycles)
2589380980,EXECUTE,45045,CYCLES,BACKEND,SUB-EVENT,Input OpId_2 (cycles)
2589380980,EXECUTE,0,CYCLES,BACKEND,SUB-EVENT,hidden_states_nfc:OpId_17 (cycles)
2589380980,EXECUTE,18061,CYCLES,BACKEND,SUB-EVENT,past_key_nhwc:OpId_20 (cycles)
2589380980,EXECUTE,141878,CYCLES,BACKEND,SUB-EVENT,rms_norm__Mul_1_output_0:OpId_24 (cycles)
2589380980,EXECUTE,3262,CYCLES,BACKEND,SUB-EVENT,OpId_27 (cycles)
2589380980,EXECUTE,0,CYCLES,BACKEND,SUB-EVENT,_MatMul_lhs_reshape:OpId_29 (cycles)
2589380980,EXECUTE,0,CYCLES,BACKEND,SUB-EVENT,_MatMul_lhs_cast_fp16:OpId_30 (cycles)
2589380980,EXECUTE,71736,CYCLES,BACKEND,SUB-EVENT,_MatMul:OpId_31 (cycles)
2589380980,EXECUTE,0,CYCLES,BACKEND,SUB-EVENT,_MatMul_custom_output_reshape:OpId_32 (cycles)
2589380980,EXECUTE,56553,CYCLES,BACKEND,SUB-EVENT,_MatMul_bias_add:OpId_33 (cycles)
2589380980,EXECUTE,0,CYCLES,BACKEND,SUB-EVENT,_MatMul_post_reshape:OpId_35 (cycles)
2589380980,EXECUTE,4880,CYCLES,BACKEND,SUB-EVENT,_MatMul_1:OpId_38 (cycles)
2589380980,EXECUTE,6827,CYCLES,BACKEND,SUB-EVENT,_MatMul_1_post_reshape:OpId_40 (cycles)
2589380980,EXECUTE,4302,CYCLES,BACKEND,SUB-EVENT,_MatMul_2:OpId_43 (cycles)
2589380980,EXECUTE,5623,CYCLES,BACKEND,SUB-EVENT,_MatMul_2_post_reshape:OpId_45 (cycles)
2589380980,EXECUTE,510,CYCLES,BACKEND,SUB-EVENT,_Transpose:OpId_47 (cycles)
2589380980,EXECUTE,1325,CYCLES,BACKEND,SUB-EVENT,_Transpose_1:OpId_49 (cycles)
2589380980,EXECUTE,1092,CYCLES,BACKEND,SUB-EVENT,_Transpose_2:OpId_51 (cycles)
2589380980,EXECUTE,31382,CYCLES,BACKEND,SUB-EVENT,_Slice:OpId_53 (cycles)
2589380980,EXECUTE,17412,CYCLES,BACKEND,SUB-EVENT,_Slice_1:OpId_59 (cycles)
2589380980,EXECUTE,4469,CYCLES,BACKEND,SUB-EVENT,_Mul_2:OpId_65 (cycles)
2589380980,EXECUTE,4321,CYCLES,BACKEND,SUB-EVENT,_Mul_3:OpId_68 (cycles)
2589380980,EXECUTE,283,CYCLES,BACKEND,SUB-EVENT,_Sub:OpId_70 (cycles)
2589380980,EXECUTE,4393,CYCLES,BACKEND,SUB-EVENT,_Mul_4:OpId_72 (cycles)
2589380980,EXECUTE,4309,CYCLES,BACKEND,SUB-EVENT,_Mul_5:OpId_74 (cycles)
2589380980,EXECUTE,2016,CYCLES,BACKEND,SUB-EVENT,_Add_4:OpId_76 (cycles)
2589380980,EXECUTE,0,CYCLES,BACKEND,SUB-EVENT,_Unsqueeze:OpId_78 (cycles)
2589380980,EXECUTE,0,CYCLES,BACKEND,SUB-EVENT,_Unsqueeze_1:OpId_79 (cycles)
2589380980,EXECUTE,1076,CYCLES,BACKEND,SUB-EVENT,_Concat:OpId_80 (cycles)
2589380980,EXECUTE,613,CYCLES,BACKEND,SUB-EVENT,_Reshape_3:OpId_82 (cycles)
2589380980,EXECUTE,22580,CYCLES,BACKEND,SUB-EVENT,_Slice_3:OpId_84 (cycles)
2589380980,EXECUTE,7023,CYCLES,BACKEND,SUB-EVENT,_Slice_4:OpId_90 (cycles)
2589380980,EXECUTE,5952,CYCLES,BACKEND,SUB-EVENT,_Mul_6:OpId_95 (cycles)
2589380980,EXECUTE,5734,CYCLES,BACKEND,SUB-EVENT,_Mul_7:OpId_97 (cycles)
2589380980,EXECUTE,606,CYCLES,BACKEND,SUB-EVENT,_Sub_1:OpId_99 (cycles)
2589380980,EXECUTE,5927,CYCLES,BACKEND,SUB-EVENT,_Mul_8:OpId_101 (cycles)
2589380980,EXECUTE,5721,CYCLES,BACKEND,SUB-EVENT,_Mul_9:OpId_103 (cycles)
2589380980,EXECUTE,128,CYCLES,BACKEND,SUB-EVENT,_Add_5:OpId_105 (cycles)
2589380980,EXECUTE,0,CYCLES,BACKEND,SUB-EVENT,_Unsqueeze_2:OpId_107 (cycles)
2589380980,EXECUTE,0,CYCLES,BACKEND,SUB-EVENT,_Unsqueeze_3:OpId_108 (cycles)
2589380980,EXECUTE,2181,CYCLES,BACKEND,SUB-EVENT,_Concat_2:OpId_109 (cycles)
2589380980,EXECUTE,0,CYCLES,BACKEND,SUB-EVENT,_Reshape_4:OpId_111 (cycles)
2589380980,EXECUTE,868,CYCLES,BACKEND,SUB-EVENT,_Reshape_4_output_0_nhwc:OpId_113 (cycles)
2589380980,EXECUTE,904,CYCLES,BACKEND,SUB-EVENT,_Concat_4:OpId_114 (cycles)
2589380980,EXECUTE,1400,CYCLES,BACKEND,SUB-EVENT,present_key_nchw:OpId_117 (cycles)
2589380980,EXECUTE,5960,CYCLES,BACKEND,SUB-EVENT,_Concat_5:OpId_118 (cycles)
2589380980,EXECUTE,0,CYCLES,BACKEND,SUB-EVENT,_Unsqueeze_4:OpId_120 (cycles)
2589380980,EXECUTE,2727,CYCLES,BACKEND,SUB-EVENT,_Tile:OpId_122 (cycles)
2589380980,EXECUTE,0,CYCLES,BACKEND,SUB-EVENT,_Reshape_5:OpId_123 (cycles)
2589380980,EXECUTE,0,CYCLES,BACKEND,SUB-EVENT,_Unsqueeze_5:OpId_124 (cycles)
2589380980,EXECUTE,3311,CYCLES,BACKEND,SUB-EVENT,_Tile_1:OpId_126 (cycles)
2589380980,EXECUTE,0,CYCLES,BACKEND,SUB-EVENT,_Reshape_6:OpId_127 (cycles)
2589380980,EXECUTE,0,CYCLES,BACKEND,SUB-EVENT,_Transpose_3:OpId_129 (cycles)
2589380980,EXECUTE,84038,CYCLES,BACKEND,SUB-EVENT,_MatMul_3:OpId_130 (cycles)
2589380980,EXECUTE,4688,CYCLES,BACKEND,SUB-EVENT,_Div_1:OpId_135 (cycles)
2589380980,EXECUTE,0,CYCLES,BACKEND,SUB-EVENT,_Add_6:OpId_138 (cycles)
2589380980,EXECUTE,48568,CYCLES,BACKEND,SUB-EVENT,_Softmax:OpId_140 (cycles)
2589380980,EXECUTE,25106,CYCLES,BACKEND,SUB-EVENT,_MatMul_4:OpId_143 (cycles)
2589380980,EXECUTE,0,CYCLES,BACKEND,SUB-EVENT,_Transpose_4:OpId_148 (cycles)
2589380980,EXECUTE,12871,CYCLES,BACKEND,SUB-EVENT,_MatMul_5:OpId_150 (cycles)
2589380980,EXECUTE,0,CYCLES,BACKEND,SUB-EVENT,_MatMul_5_post_reshape:OpId_153 (cycles)
2589380980,EXECUTE,0,CYCLES,BACKEND,SUB-EVENT,_MatMul_5_output_0_nfc:OpId_155 (cycles)
2589380980,EXECUTE,19128,CYCLES,BACKEND,SUB-EVENT,_Add_7:OpId_157 (cycles)
2589380980,EXECUTE,0,CYCLES,BACKEND,SUB-EVENT,_Add_7_output_0_ncf:OpId_160 (cycles)
2589380980,EXECUTE,2936,CYCLES,BACKEND,SUB-EVENT,rms_norm__Mul_11_output_0:OpId_165 (cycles)
2589380980,EXECUTE,0,CYCLES,BACKEND,SUB-EVENT,_MatMul_6:OpId_169 (cycles)
2589380980,EXECUTE,0,CYCLES,BACKEND,SUB-EVENT,_MatMul_6_post_reshape:OpId_172 (cycles)
2589380980,EXECUTE,424037,CYCLES,BACKEND,SUB-EVENT,_MatMul_7:OpId_174 (cycles)
2589380980,EXECUTE,0,CYCLES,BACKEND,SUB-EVENT,_MatMul_7_post_reshape:OpId_177 (cycles)
2589380980,EXECUTE,0,CYCLES,BACKEND,SUB-EVENT,_Sigmoid:OpId_178 (cycles)
2589380980,EXECUTE,314224,CYCLES,BACKEND,SUB-EVENT,_Mul_12:OpId_185 (cycles)
2589380980,EXECUTE,25952,CYCLES,BACKEND,SUB-EVENT,_Mul_13:OpId_187 (cycles)
2589380980,EXECUTE,387771,CYCLES,BACKEND,SUB-EVENT,_MatMul_8:OpId_190 (cycles)
2589380980,EXECUTE,0,CYCLES,BACKEND,SUB-EVENT,_MatMul_8_post_reshape:OpId_193 (cycles)
2589380980,EXECUTE,0,CYCLES,BACKEND,SUB-EVENT,_MatMul_8_output_0_nfc:OpId_195 (cycles)
2589380980,EXECUTE,2679,CYCLES,BACKEND,SUB-EVENT,_Add_9:OpId_197 (cycles)
2589380980,EXECUTE,0,CYCLES,BACKEND,SUB-EVENT,hidden_out_ncf:OpId_200 (cycles)
2589380980,EXECUTE,12615,CYCLES,BACKEND,SUB-EVENT,Output OpId_3 (cycles)
2589380980,EXECUTE,4020,US,BACKEND,ROOT,Accelerator (execute) time
2589380980,EXECUTE,3859,US,BACKEND,ROOT,Accelerator (execute excluding wait) time
2589380980,EXECUTE,11294,US,BACKEND,ROOT,QNN (execute) time
2589394970,EXECUTE,11146,US,NETRUN,ROOT,Graph 0: qwen2_0_5b_layer0_decode_past16
2589394970,EXECUTE,4,COUNT,BACKEND,ROOT,Number of HVX threads used
2589394970,EXECUTE,10683,US,BACKEND,ROOT,RPC (execute) time
2589394970,EXECUTE,9589,US,BACKEND,ROOT,QNN accelerator (execute) time
2589394970,EXECUTE,0,COUNT,BACKEND,ROOT,Num times yield occured
2589394970,EXECUTE,651,US,BACKEND,ROOT,Time for initial VTCM acquire
2589394970,EXECUTE,304,US,BACKEND,ROOT,Time for HVX + HMX power on and acquire
2589394970,EXECUTE,1873400,CYCLES,BACKEND,ROOT,Accelerator (execute) time (cycles)
2589394970,EXECUTE,43980,CYCLES,BACKEND,SUB-EVENT,Input OpId_2 (cycles)
2589394970,EXECUTE,0,CYCLES,BACKEND,SUB-EVENT,hidden_states_nfc:OpId_17 (cycles)
2589394970,EXECUTE,16772,CYCLES,BACKEND,SUB-EVENT,past_key_nhwc:OpId_20 (cycles)
2589394970,EXECUTE,143275,CYCLES,BACKEND,SUB-EVENT,rms_norm__Mul_1_output_0:OpId_24 (cycles)
2589394970,EXECUTE,3402,CYCLES,BACKEND,SUB-EVENT,OpId_27 (cycles)
2589394970,EXECUTE,0,CYCLES,BACKEND,SUB-EVENT,_MatMul_lhs_reshape:OpId_29 (cycles)
2589394970,EXECUTE,0,CYCLES,BACKEND,SUB-EVENT,_MatMul_lhs_cast_fp16:OpId_30 (cycles)
2589394970,EXECUTE,72112,CYCLES,BACKEND,SUB-EVENT,_MatMul:OpId_31 (cycles)
2589394970,EXECUTE,0,CYCLES,BACKEND,SUB-EVENT,_MatMul_custom_output_reshape:OpId_32 (cycles)
2589394970,EXECUTE,53456,CYCLES,BACKEND,SUB-EVENT,_MatMul_bias_add:OpId_33 (cycles)
2589394970,EXECUTE,0,CYCLES,BACKEND,SUB-EVENT,_MatMul_post_reshape:OpId_35 (cycles)
2589394970,EXECUTE,5204,CYCLES,BACKEND,SUB-EVENT,_MatMul_1:OpId_38 (cycles)
2589394970,EXECUTE,7666,CYCLES,BACKEND,SUB-EVENT,_MatMul_1_post_reshape:OpId_40 (cycles)
2589394970,EXECUTE,4862,CYCLES,BACKEND,SUB-EVENT,_MatMul_2:OpId_43 (cycles)
2589394970,EXECUTE,6548,CYCLES,BACKEND,SUB-EVENT,_MatMul_2_post_reshape:OpId_45 (cycles)
2589394970,EXECUTE,496,CYCLES,BACKEND,SUB-EVENT,_Transpose:OpId_47 (cycles)
2589394970,EXECUTE,1125,CYCLES,BACKEND,SUB-EVENT,_Transpose_1:OpId_49 (cycles)
2589394970,EXECUTE,904,CYCLES,BACKEND,SUB-EVENT,_Transpose_2:OpId_51 (cycles)
2589394970,EXECUTE,30965,CYCLES,BACKEND,SUB-EVENT,_Slice:OpId_53 (cycles)
2589394970,EXECUTE,17516,CYCLES,BACKEND,SUB-EVENT,_Slice_1:OpId_59 (cycles)
2589394970,EXECUTE,4209,CYCLES,BACKEND,SUB-EVENT,_Mul_2:OpId_65 (cycles)
2589394970,EXECUTE,4128,CYCLES,BACKEND,SUB-EVENT,_Mul_3:OpId_68 (cycles)
2589394970,EXECUTE,279,CYCLES,BACKEND,SUB-EVENT,_Sub:OpId_70 (cycles)
2589394970,EXECUTE,4081,CYCLES,BACKEND,SUB-EVENT,_Mul_4:OpId_72 (cycles)
2589394970,EXECUTE,4031,CYCLES,BACKEND,SUB-EVENT,_Mul_5:OpId_74 (cycles)
2589394970,EXECUTE,2115,CYCLES,BACKEND,SUB-EVENT,_Add_4:OpId_76 (cycles)
2589394970,EXECUTE,0,CYCLES,BACKEND,SUB-EVENT,_Unsqueeze:OpId_78 (cycles)
2589394970,EXECUTE,0,CYCLES,BACKEND,SUB-EVENT,_Unsqueeze_1:OpId_79 (cycles)
2589394970,EXECUTE,1075,CYCLES,BACKEND,SUB-EVENT,_Concat:OpId_80 (cycles)
2589394970,EXECUTE,609,CYCLES,BACKEND,SUB-EVENT,_Reshape_3:OpId_82 (cycles)
2589394970,EXECUTE,24063,CYCLES,BACKEND,SUB-EVENT,_Slice_3:OpId_84 (cycles)
2589394970,EXECUTE,5399,CYCLES,BACKEND,SUB-EVENT,_Slice_4:OpId_90 (cycles)
2589394970,EXECUTE,5769,CYCLES,BACKEND,SUB-EVENT,_Mul_6:OpId_95 (cycles)
2589394970,EXECUTE,5732,CYCLES,BACKEND,SUB-EVENT,_Mul_7:OpId_97 (cycles)
2589394970,EXECUTE,630,CYCLES,BACKEND,SUB-EVENT,_Sub_1:OpId_99 (cycles)
2589394970,EXECUTE,5750,CYCLES,BACKEND,SUB-EVENT,_Mul_8:OpId_101 (cycles)
2589394970,EXECUTE,5701,CYCLES,BACKEND,SUB-EVENT,_Mul_9:OpId_103 (cycles)
2589394970,EXECUTE,156,CYCLES,BACKEND,SUB-EVENT,_Add_5:OpId_105 (cycles)
2589394970,EXECUTE,0,CYCLES,BACKEND,SUB-EVENT,_Unsqueeze_2:OpId_107 (cycles)
2589394970,EXECUTE,0,CYCLES,BACKEND,SUB-EVENT,_Unsqueeze_3:OpId_108 (cycles)
2589394970,EXECUTE,3052,CYCLES,BACKEND,SUB-EVENT,_Concat_2:OpId_109 (cycles)
2589394970,EXECUTE,0,CYCLES,BACKEND,SUB-EVENT,_Reshape_4:OpId_111 (cycles)
2589394970,EXECUTE,872,CYCLES,BACKEND,SUB-EVENT,_Reshape_4_output_0_nhwc:OpId_113 (cycles)
2589394970,EXECUTE,978,CYCLES,BACKEND,SUB-EVENT,_Concat_4:OpId_114 (cycles)
2589394970,EXECUTE,1385,CYCLES,BACKEND,SUB-EVENT,present_key_nchw:OpId_117 (cycles)
2589394970,EXECUTE,7600,CYCLES,BACKEND,SUB-EVENT,_Concat_5:OpId_118 (cycles)
2589394970,EXECUTE,0,CYCLES,BACKEND,SUB-EVENT,_Unsqueeze_4:OpId_120 (cycles)
2589394970,EXECUTE,2670,CYCLES,BACKEND,SUB-EVENT,_Tile:OpId_122 (cycles)
2589394970,EXECUTE,0,CYCLES,BACKEND,SUB-EVENT,_Reshape_5:OpId_123 (cycles)
2589394970,EXECUTE,0,CYCLES,BACKEND,SUB-EVENT,_Unsqueeze_5:OpId_124 (cycles)
2589394970,EXECUTE,3962,CYCLES,BACKEND,SUB-EVENT,_Tile_1:OpId_126 (cycles)
2589394970,EXECUTE,0,CYCLES,BACKEND,SUB-EVENT,_Reshape_6:OpId_127 (cycles)
2589394970,EXECUTE,0,CYCLES,BACKEND,SUB-EVENT,_Transpose_3:OpId_129 (cycles)
2589394970,EXECUTE,136692,CYCLES,BACKEND,SUB-EVENT,_MatMul_3:OpId_130 (cycles)
2589394970,EXECUTE,5711,CYCLES,BACKEND,SUB-EVENT,_Div_1:OpId_135 (cycles)
2589394970,EXECUTE,0,CYCLES,BACKEND,SUB-EVENT,_Add_6:OpId_138 (cycles)
2589394970,EXECUTE,58449,CYCLES,BACKEND,SUB-EVENT,_Softmax:OpId_140 (cycles)
2589394970,EXECUTE,26040,CYCLES,BACKEND,SUB-EVENT,_MatMul_4:OpId_143 (cycles)
2589394970,EXECUTE,0,CYCLES,BACKEND,SUB-EVENT,_Transpose_4:OpId_148 (cycles)
2589394970,EXECUTE,12532,CYCLES,BACKEND,SUB-EVENT,_MatMul_5:OpId_150 (cycles)
2589394970,EXECUTE,0,CYCLES,BACKEND,SUB-EVENT,_MatMul_5_post_reshape:OpId_153 (cycles)
2589394970,EXECUTE,0,CYCLES,BACKEND,SUB-EVENT,_MatMul_5_output_0_nfc:OpId_155 (cycles)
2589394970,EXECUTE,20086,CYCLES,BACKEND,SUB-EVENT,_Add_7:OpId_157 (cycles)
2589394970,EXECUTE,0,CYCLES,BACKEND,SUB-EVENT,_Add_7_output_0_ncf:OpId_160 (cycles)
2589394970,EXECUTE,3304,CYCLES,BACKEND,SUB-EVENT,rms_norm__Mul_11_output_0:OpId_165 (cycles)
2589394970,EXECUTE,0,CYCLES,BACKEND,SUB-EVENT,_MatMul_6:OpId_169 (cycles)
2589394970,EXECUTE,0,CYCLES,BACKEND,SUB-EVENT,_MatMul_6_post_reshape:OpId_172 (cycles)
2589394970,EXECUTE,359795,CYCLES,BACKEND,SUB-EVENT,_MatMul_7:OpId_174 (cycles)
2589394970,EXECUTE,0,CYCLES,BACKEND,SUB-EVENT,_MatMul_7_post_reshape:OpId_177 (cycles)
2589394970,EXECUTE,0,CYCLES,BACKEND,SUB-EVENT,_Sigmoid:OpId_178 (cycles)
2589394970,EXECUTE,319225,CYCLES,BACKEND,SUB-EVENT,_Mul_12:OpId_185 (cycles)
2589394970,EXECUTE,24794,CYCLES,BACKEND,SUB-EVENT,_Mul_13:OpId_187 (cycles)
2589394970,EXECUTE,389350,CYCLES,BACKEND,SUB-EVENT,_MatMul_8:OpId_190 (cycles)
2589394970,EXECUTE,0,CYCLES,BACKEND,SUB-EVENT,_MatMul_8_post_reshape:OpId_193 (cycles)
2589394970,EXECUTE,0,CYCLES,BACKEND,SUB-EVENT,_MatMul_8_output_0_nfc:OpId_195 (cycles)
2589394970,EXECUTE,2743,CYCLES,BACKEND,SUB-EVENT,_Add_9:OpId_197 (cycles)
2589394970,EXECUTE,0,CYCLES,BACKEND,SUB-EVENT,hidden_out_ncf:OpId_200 (cycles)
2589394970,EXECUTE,12150,CYCLES,BACKEND,SUB-EVENT,Output OpId_3 (cycles)
2589394970,EXECUTE,4004,US,BACKEND,ROOT,Accelerator (execute) time
2589394970,EXECUTE,3862,US,BACKEND,ROOT,Accelerator (execute excluding wait) time
2589394970,EXECUTE,11116,US,BACKEND,ROOT,QNN (execute) time
2589409056,EXECUTE,11150,US,NETRUN,ROOT,Graph 0: qwen2_0_5b_layer0_decode_past16
2589409056,EXECUTE,4,COUNT,BACKEND,ROOT,Number of HVX threads used
2589409056,EXECUTE,10757,US,BACKEND,ROOT,RPC (execute) time
2589409056,EXECUTE,9694,US,BACKEND,ROOT,QNN accelerator (execute) time
2589409056,EXECUTE,0,COUNT,BACKEND,ROOT,Num times yield occured
2589409056,EXECUTE,647,US,BACKEND,ROOT,Time for initial VTCM acquire
2589409056,EXECUTE,315,US,BACKEND,ROOT,Time for HVX + HMX power on and acquire
2589409056,EXECUTE,1846971,CYCLES,BACKEND,ROOT,Accelerator (execute) time (cycles)
2589409056,EXECUTE,31317,CYCLES,BACKEND,SUB-EVENT,Input OpId_2 (cycles)
2589409056,EXECUTE,0,CYCLES,BACKEND,SUB-EVENT,hidden_states_nfc:OpId_17 (cycles)
2589409056,EXECUTE,17878,CYCLES,BACKEND,SUB-EVENT,past_key_nhwc:OpId_20 (cycles)
2589409056,EXECUTE,118416,CYCLES,BACKEND,SUB-EVENT,rms_norm__Mul_1_output_0:OpId_24 (cycles)
2589409056,EXECUTE,996,CYCLES,BACKEND,SUB-EVENT,OpId_27 (cycles)
2589409056,EXECUTE,0,CYCLES,BACKEND,SUB-EVENT,_MatMul_lhs_reshape:OpId_29 (cycles)
2589409056,EXECUTE,0,CYCLES,BACKEND,SUB-EVENT,_MatMul_lhs_cast_fp16:OpId_30 (cycles)
2589409056,EXECUTE,82457,CYCLES,BACKEND,SUB-EVENT,_MatMul:OpId_31 (cycles)
2589409056,EXECUTE,0,CYCLES,BACKEND,SUB-EVENT,_MatMul_custom_output_reshape:OpId_32 (cycles)
2589409056,EXECUTE,45519,CYCLES,BACKEND,SUB-EVENT,_MatMul_bias_add:OpId_33 (cycles)
2589409056,EXECUTE,0,CYCLES,BACKEND,SUB-EVENT,_MatMul_post_reshape:OpId_35 (cycles)
2589409056,EXECUTE,9859,CYCLES,BACKEND,SUB-EVENT,_MatMul_1:OpId_38 (cycles)
2589409056,EXECUTE,6781,CYCLES,BACKEND,SUB-EVENT,_MatMul_1_post_reshape:OpId_40 (cycles)
2589409056,EXECUTE,2064,CYCLES,BACKEND,SUB-EVENT,_MatMul_2:OpId_43 (cycles)
2589409056,EXECUTE,5469,CYCLES,BACKEND,SUB-EVENT,_MatMul_2_post_reshape:OpId_45 (cycles)
2589409056,EXECUTE,501,CYCLES,BACKEND,SUB-EVENT,_Transpose:OpId_47 (cycles)
2589409056,EXECUTE,860,CYCLES,BACKEND,SUB-EVENT,_Transpose_1:OpId_49 (cycles)
2589409056,EXECUTE,563,CYCLES,BACKEND,SUB-EVENT,_Transpose_2:OpId_51 (cycles)
2589409056,EXECUTE,31427,CYCLES,BACKEND,SUB-EVENT,_Slice:OpId_53 (cycles)
2589409056,EXECUTE,17824,CYCLES,BACKEND,SUB-EVENT,_Slice_1:OpId_59 (cycles)
2589409056,EXECUTE,4496,CYCLES,BACKEND,SUB-EVENT,_Mul_2:OpId_65 (cycles)
2589409056,EXECUTE,4353,CYCLES,BACKEND,SUB-EVENT,_Mul_3:OpId_68 (cycles)
2589409056,EXECUTE,276,CYCLES,BACKEND,SUB-EVENT,_Sub:OpId_70 (cycles)
2589409056,EXECUTE,4348,CYCLES,BACKEND,SUB-EVENT,_Mul_4:OpId_72 (cycles)
2589409056,EXECUTE,4249,CYCLES,BACKEND,SUB-EVENT,_Mul_5:OpId_74 (cycles)
2589409056,EXECUTE,2614,CYCLES,BACKEND,SUB-EVENT,_Add_4:OpId_76 (cycles)
2589409056,EXECUTE,0,CYCLES,BACKEND,SUB-EVENT,_Unsqueeze:OpId_78 (cycles)
2589409056,EXECUTE,0,CYCLES,BACKEND,SUB-EVENT,_Unsqueeze_1:OpId_79 (cycles)
2589409056,EXECUTE,1065,CYCLES,BACKEND,SUB-EVENT,_Concat:OpId_80 (cycles)
2589409056,EXECUTE,605,CYCLES,BACKEND,SUB-EVENT,_Reshape_3:OpId_82 (cycles)
2589409056,EXECUTE,23798,CYCLES,BACKEND,SUB-EVENT,_Slice_3:OpId_84 (cycles)
2589409056,EXECUTE,4769,CYCLES,BACKEND,SUB-EVENT,_Slice_4:OpId_90 (cycles)
2589409056,EXECUTE,5668,CYCLES,BACKEND,SUB-EVENT,_Mul_6:OpId_95 (cycles)
2589409056,EXECUTE,5547,CYCLES,BACKEND,SUB-EVENT,_Mul_7:OpId_97 (cycles)
2589409056,EXECUTE,624,CYCLES,BACKEND,SUB-EVENT,_Sub_1:OpId_99 (cycles)
2589409056,EXECUTE,5568,CYCLES,BACKEND,SUB-EVENT,_Mul_8:OpId_101 (cycles)
2589409056,EXECUTE,5520,CYCLES,BACKEND,SUB-EVENT,_Mul_9:OpId_103 (cycles)
2589409056,EXECUTE,142,CYCLES,BACKEND,SUB-EVENT,_Add_5:OpId_105 (cycles)
2589409056,EXECUTE,0,CYCLES,BACKEND,SUB-EVENT,_Unsqueeze_2:OpId_107 (cycles)
2589409056,EXECUTE,0,CYCLES,BACKEND,SUB-EVENT,_Unsqueeze_3:OpId_108 (cycles)
2589409056,EXECUTE,2172,CYCLES,BACKEND,SUB-EVENT,_Concat_2:OpId_109 (cycles)
2589409056,EXECUTE,0,CYCLES,BACKEND,SUB-EVENT,_Reshape_4:OpId_111 (cycles)
2589409056,EXECUTE,882,CYCLES,BACKEND,SUB-EVENT,_Reshape_4_output_0_nhwc:OpId_113 (cycles)
2589409056,EXECUTE,863,CYCLES,BACKEND,SUB-EVENT,_Concat_4:OpId_114 (cycles)
2589409056,EXECUTE,1337,CYCLES,BACKEND,SUB-EVENT,present_key_nchw:OpId_117 (cycles)
2589409056,EXECUTE,6925,CYCLES,BACKEND,SUB-EVENT,_Concat_5:OpId_118 (cycles)
2589409056,EXECUTE,0,CYCLES,BACKEND,SUB-EVENT,_Unsqueeze_4:OpId_120 (cycles)
2589409056,EXECUTE,8120,CYCLES,BACKEND,SUB-EVENT,_Tile:OpId_122 (cycles)
2589409056,EXECUTE,0,CYCLES,BACKEND,SUB-EVENT,_Reshape_5:OpId_123 (cycles)
2589409056,EXECUTE,0,CYCLES,BACKEND,SUB-EVENT,_Unsqueeze_5:OpId_124 (cycles)
2589409056,EXECUTE,3398,CYCLES,BACKEND,SUB-EVENT,_Tile_1:OpId_126 (cycles)
2589409056,EXECUTE,0,CYCLES,BACKEND,SUB-EVENT,_Reshape_6:OpId_127 (cycles)
2589409056,EXECUTE,0,CYCLES,BACKEND,SUB-EVENT,_Transpose_3:OpId_129 (cycles)
2589409056,EXECUTE,83818,CYCLES,BACKEND,SUB-EVENT,_MatMul_3:OpId_130 (cycles)
2589409056,EXECUTE,4736,CYCLES,BACKEND,SUB-EVENT,_Div_1:OpId_135 (cycles)
2589409056,EXECUTE,0,CYCLES,BACKEND,SUB-EVENT,_Add_6:OpId_138 (cycles)
2589409056,EXECUTE,46868,CYCLES,BACKEND,SUB-EVENT,_Softmax:OpId_140 (cycles)
2589409056,EXECUTE,23726,CYCLES,BACKEND,SUB-EVENT,_MatMul_4:OpId_143 (cycles)
2589409056,EXECUTE,0,CYCLES,BACKEND,SUB-EVENT,_Transpose_4:OpId_148 (cycles)
2589409056,EXECUTE,13864,CYCLES,BACKEND,SUB-EVENT,_MatMul_5:OpId_150 (cycles)
2589409056,EXECUTE,0,CYCLES,BACKEND,SUB-EVENT,_MatMul_5_post_reshape:OpId_153 (cycles)
2589409056,EXECUTE,0,CYCLES,BACKEND,SUB-EVENT,_MatMul_5_output_0_nfc:OpId_155 (cycles)
2589409056,EXECUTE,34144,CYCLES,BACKEND,SUB-EVENT,_Add_7:OpId_157 (cycles)
2589409056,EXECUTE,0,CYCLES,BACKEND,SUB-EVENT,_Add_7_output_0_ncf:OpId_160 (cycles)
2589409056,EXECUTE,2124,CYCLES,BACKEND,SUB-EVENT,rms_norm__Mul_11_output_0:OpId_165 (cycles)
2589409056,EXECUTE,0,CYCLES,BACKEND,SUB-EVENT,_MatMul_6:OpId_169 (cycles)
2589409056,EXECUTE,0,CYCLES,BACKEND,SUB-EVENT,_MatMul_6_post_reshape:OpId_172 (cycles)
2589409056,EXECUTE,423565,CYCLES,BACKEND,SUB-EVENT,_MatMul_7:OpId_174 (cycles)
2589409056,EXECUTE,0,CYCLES,BACKEND,SUB-EVENT,_MatMul_7_post_reshape:OpId_177 (cycles)
2589409056,EXECUTE,0,CYCLES,BACKEND,SUB-EVENT,_Sigmoid:OpId_178 (cycles)
2589409056,EXECUTE,317133,CYCLES,BACKEND,SUB-EVENT,_Mul_12:OpId_185 (cycles)
2589409056,EXECUTE,23963,CYCLES,BACKEND,SUB-EVENT,_Mul_13:OpId_187 (cycles)
2589409056,EXECUTE,388018,CYCLES,BACKEND,SUB-EVENT,_MatMul_8:OpId_190 (cycles)
2589409056,EXECUTE,0,CYCLES,BACKEND,SUB-EVENT,_MatMul_8_post_reshape:OpId_193 (cycles)
2589409056,EXECUTE,0,CYCLES,BACKEND,SUB-EVENT,_MatMul_8_output_0_nfc:OpId_195 (cycles)
2589409056,EXECUTE,2761,CYCLES,BACKEND,SUB-EVENT,_Add_9:OpId_197 (cycles)
2589409056,EXECUTE,0,CYCLES,BACKEND,SUB-EVENT,hidden_out_ncf:OpId_200 (cycles)
2589409056,EXECUTE,12981,CYCLES,BACKEND,SUB-EVENT,Output OpId_3 (cycles)
2589409056,EXECUTE,4002,US,BACKEND,ROOT,Accelerator (execute) time
2589409056,EXECUTE,3856,US,BACKEND,ROOT,Accelerator (execute excluding wait) time
2589409056,EXECUTE,11120,US,BACKEND,ROOT,QNN (execute) time
2589422788,EXECUTE,10943,US,NETRUN,ROOT,Graph 0: qwen2_0_5b_layer0_decode_past16
2589422788,EXECUTE,4,COUNT,BACKEND,ROOT,Number of HVX threads used
2589422788,EXECUTE,10554,US,BACKEND,ROOT,RPC (execute) time
2589422788,EXECUTE,9547,US,BACKEND,ROOT,QNN accelerator (execute) time
2589422788,EXECUTE,0,COUNT,BACKEND,ROOT,Num times yield occured
2589422788,EXECUTE,640,US,BACKEND,ROOT,Time for initial VTCM acquire
2589422788,EXECUTE,304,US,BACKEND,ROOT,Time for HVX + HMX power on and acquire
2589422788,EXECUTE,1890483,CYCLES,BACKEND,ROOT,Accelerator (execute) time (cycles)
2589422788,EXECUTE,51569,CYCLES,BACKEND,SUB-EVENT,Input OpId_2 (cycles)
2589422788,EXECUTE,0,CYCLES,BACKEND,SUB-EVENT,hidden_states_nfc:OpId_17 (cycles)
2589422788,EXECUTE,17961,CYCLES,BACKEND,SUB-EVENT,past_key_nhwc:OpId_20 (cycles)
2589422788,EXECUTE,160581,CYCLES,BACKEND,SUB-EVENT,rms_norm__Mul_1_output_0:OpId_24 (cycles)
2589422788,EXECUTE,3148,CYCLES,BACKEND,SUB-EVENT,OpId_27 (cycles)
2589422788,EXECUTE,0,CYCLES,BACKEND,SUB-EVENT,_MatMul_lhs_reshape:OpId_29 (cycles)
2589422788,EXECUTE,0,CYCLES,BACKEND,SUB-EVENT,_MatMul_lhs_cast_fp16:OpId_30 (cycles)
2589422788,EXECUTE,75083,CYCLES,BACKEND,SUB-EVENT,_MatMul:OpId_31 (cycles)
2589422788,EXECUTE,0,CYCLES,BACKEND,SUB-EVENT,_MatMul_custom_output_reshape:OpId_32 (cycles)
2589422788,EXECUTE,49859,CYCLES,BACKEND,SUB-EVENT,_MatMul_bias_add:OpId_33 (cycles)
2589422788,EXECUTE,0,CYCLES,BACKEND,SUB-EVENT,_MatMul_post_reshape:OpId_35 (cycles)
2589422788,EXECUTE,4860,CYCLES,BACKEND,SUB-EVENT,_MatMul_1:OpId_38 (cycles)
2589422788,EXECUTE,6540,CYCLES,BACKEND,SUB-EVENT,_MatMul_1_post_reshape:OpId_40 (cycles)
2589422788,EXECUTE,4528,CYCLES,BACKEND,SUB-EVENT,_MatMul_2:OpId_43 (cycles)
2589422788,EXECUTE,5326,CYCLES,BACKEND,SUB-EVENT,_MatMul_2_post_reshape:OpId_45 (cycles)
2589422788,EXECUTE,483,CYCLES,BACKEND,SUB-EVENT,_Transpose:OpId_47 (cycles)
2589422788,EXECUTE,733,CYCLES,BACKEND,SUB-EVENT,_Transpose_1:OpId_49 (cycles)
2589422788,EXECUTE,316,CYCLES,BACKEND,SUB-EVENT,_Transpose_2:OpId_51 (cycles)
2589422788,EXECUTE,30512,CYCLES,BACKEND,SUB-EVENT,_Slice:OpId_53 (cycles)
2589422788,EXECUTE,16505,CYCLES,BACKEND,SUB-EVENT,_Slice_1:OpId_59 (cycles)
2589422788,EXECUTE,5364,CYCLES,BACKEND,SUB-EVENT,_Mul_2:OpId_65 (cycles)
2589422788,EXECUTE,5284,CYCLES,BACKEND,SUB-EVENT,_Mul_3:OpId_68 (cycles)
2589422788,EXECUTE,280,CYCLES,BACKEND,SUB-EVENT,_Sub:OpId_70 (cycles)
2589422788,EXECUTE,5318,CYCLES,BACKEND,SUB-EVENT,_Mul_4:OpId_72 (cycles)
2589422788,EXECUTE,5101,CYCLES,BACKEND,SUB-EVENT,_Mul_5:OpId_74 (cycles)
2589422788,EXECUTE,3814,CYCLES,BACKEND,SUB-EVENT,_Add_4:OpId_76 (cycles)
2589422788,EXECUTE,0,CYCLES,BACKEND,SUB-EVENT,_Unsqueeze:OpId_78 (cycles)
2589422788,EXECUTE,0,CYCLES,BACKEND,SUB-EVENT,_Unsqueeze_1:OpId_79 (cycles)
2589422788,EXECUTE,1043,CYCLES,BACKEND,SUB-EVENT,_Concat:OpId_80 (cycles)
2589422788,EXECUTE,575,CYCLES,BACKEND,SUB-EVENT,_Reshape_3:OpId_82 (cycles)
2589422788,EXECUTE,23949,CYCLES,BACKEND,SUB-EVENT,_Slice_3:OpId_84 (cycles)
2589422788,EXECUTE,6264,CYCLES,BACKEND,SUB-EVENT,_Slice_4:OpId_90 (cycles)
2589422788,EXECUTE,5679,CYCLES,BACKEND,SUB-EVENT,_Mul_6:OpId_95 (cycles)
2589422788,EXECUTE,5440,CYCLES,BACKEND,SUB-EVENT,_Mul_7:OpId_97 (cycles)
2589422788,EXECUTE,620,CYCLES,BACKEND,SUB-EVENT,_Sub_1:OpId_99 (cycles)
2589422788,EXECUTE,5632,CYCLES,BACKEND,SUB-EVENT,_Mul_8:OpId_101 (cycles)
2589422788,EXECUTE,5409,CYCLES,BACKEND,SUB-EVENT,_Mul_9:OpId_103 (cycles)
2589422788,EXECUTE,152,CYCLES,BACKEND,SUB-EVENT,_Add_5:OpId_105 (cycles)
2589422788,EXECUTE,0,CYCLES,BACKEND,SUB-EVENT,_Unsqueeze_2:OpId_107 (cycles)
2589422788,EXECUTE,0,CYCLES,BACKEND,SUB-EVENT,_Unsqueeze_3:OpId_108 (cycles)
2589422788,EXECUTE,2116,CYCLES,BACKEND,SUB-EVENT,_Concat_2:OpId_109 (cycles)
2589422788,EXECUTE,0,CYCLES,BACKEND,SUB-EVENT,_Reshape_4:OpId_111 (cycles)
2589422788,EXECUTE,1411,CYCLES,BACKEND,SUB-EVENT,_Reshape_4_output_0_nhwc:OpId_113 (cycles)
2589422788,EXECUTE,909,CYCLES,BACKEND,SUB-EVENT,_Concat_4:OpId_114 (cycles)
2589422788,EXECUTE,1420,CYCLES,BACKEND,SUB-EVENT,present_key_nchw:OpId_117 (cycles)
2589422788,EXECUTE,7875,CYCLES,BACKEND,SUB-EVENT,_Concat_5:OpId_118 (cycles)
2589422788,EXECUTE,0,CYCLES,BACKEND,SUB-EVENT,_Unsqueeze_4:OpId_120 (cycles)
2589422788,EXECUTE,2676,CYCLES,BACKEND,SUB-EVENT,_Tile:OpId_122 (cycles)
2589422788,EXECUTE,0,CYCLES,BACKEND,SUB-EVENT,_Reshape_5:OpId_123 (cycles)
2589422788,EXECUTE,0,CYCLES,BACKEND,SUB-EVENT,_Unsqueeze_5:OpId_124 (cycles)
2589422788,EXECUTE,3308,CYCLES,BACKEND,SUB-EVENT,_Tile_1:OpId_126 (cycles)
2589422788,EXECUTE,0,CYCLES,BACKEND,SUB-EVENT,_Reshape_6:OpId_127 (cycles)
2589422788,EXECUTE,0,CYCLES,BACKEND,SUB-EVENT,_Transpose_3:OpId_129 (cycles)
2589422788,EXECUTE,81773,CYCLES,BACKEND,SUB-EVENT,_MatMul_3:OpId_130 (cycles)
2589422788,EXECUTE,4956,CYCLES,BACKEND,SUB-EVENT,_Div_1:OpId_135 (cycles)
2589422788,EXECUTE,0,CYCLES,BACKEND,SUB-EVENT,_Add_6:OpId_138 (cycles)
2589422788,EXECUTE,49677,CYCLES,BACKEND,SUB-EVENT,_Softmax:OpId_140 (cycles)
2589422788,EXECUTE,25370,CYCLES,BACKEND,SUB-EVENT,_MatMul_4:OpId_143 (cycles)
2589422788,EXECUTE,0,CYCLES,BACKEND,SUB-EVENT,_Transpose_4:OpId_148 (cycles)
2589422788,EXECUTE,11158,CYCLES,BACKEND,SUB-EVENT,_MatMul_5:OpId_150 (cycles)
2589422788,EXECUTE,0,CYCLES,BACKEND,SUB-EVENT,_MatMul_5_post_reshape:OpId_153 (cycles)
2589422788,EXECUTE,0,CYCLES,BACKEND,SUB-EVENT,_MatMul_5_output_0_nfc:OpId_155 (cycles)
2589422788,EXECUTE,20637,CYCLES,BACKEND,SUB-EVENT,_Add_7:OpId_157 (cycles)
2589422788,EXECUTE,0,CYCLES,BACKEND,SUB-EVENT,_Add_7_output_0_ncf:OpId_160 (cycles)
2589422788,EXECUTE,2439,CYCLES,BACKEND,SUB-EVENT,rms_norm__Mul_11_output_0:OpId_165 (cycles)
2589422788,EXECUTE,0,CYCLES,BACKEND,SUB-EVENT,_MatMul_6:OpId_169 (cycles)
2589422788,EXECUTE,0,CYCLES,BACKEND,SUB-EVENT,_MatMul_6_post_reshape:OpId_172 (cycles)
2589422788,EXECUTE,416162,CYCLES,BACKEND,SUB-EVENT,_MatMul_7:OpId_174 (cycles)
2589422788,EXECUTE,0,CYCLES,BACKEND,SUB-EVENT,_MatMul_7_post_reshape:OpId_177 (cycles)
2589422788,EXECUTE,0,CYCLES,BACKEND,SUB-EVENT,_Sigmoid:OpId_178 (cycles)
2589422788,EXECUTE,320716,CYCLES,BACKEND,SUB-EVENT,_Mul_12:OpId_185 (cycles)
2589422788,EXECUTE,24229,CYCLES,BACKEND,SUB-EVENT,_Mul_13:OpId_187 (cycles)
2589422788,EXECUTE,389143,CYCLES,BACKEND,SUB-EVENT,_MatMul_8:OpId_190 (cycles)
2589422788,EXECUTE,0,CYCLES,BACKEND,SUB-EVENT,_MatMul_8_post_reshape:OpId_193 (cycles)
2589422788,EXECUTE,0,CYCLES,BACKEND,SUB-EVENT,_MatMul_8_output_0_nfc:OpId_195 (cycles)
2589422788,EXECUTE,2705,CYCLES,BACKEND,SUB-EVENT,_Add_9:OpId_197 (cycles)
2589422788,EXECUTE,0,CYCLES,BACKEND,SUB-EVENT,hidden_out_ncf:OpId_200 (cycles)
2589422788,EXECUTE,13875,CYCLES,BACKEND,SUB-EVENT,Output OpId_3 (cycles)
2589422788,EXECUTE,4017,US,BACKEND,ROOT,Accelerator (execute) time
2589422788,EXECUTE,3868,US,BACKEND,ROOT,Accelerator (execute excluding wait) time
2589422788,EXECUTE,10913,US,BACKEND,ROOT,QNN (execute) time
2589437150,EXECUTE,11382,US,NETRUN,ROOT,Graph 0: qwen2_0_5b_layer0_decode_past16
2589437150,EXECUTE,4,COUNT,BACKEND,ROOT,Number of HVX threads used
2589437150,EXECUTE,10756,US,BACKEND,ROOT,RPC (execute) time
2589437150,EXECUTE,9713,US,BACKEND,ROOT,QNN accelerator (execute) time
2589437150,EXECUTE,0,COUNT,BACKEND,ROOT,Num times yield occured
2589437150,EXECUTE,680,US,BACKEND,ROOT,Time for initial VTCM acquire
2589437150,EXECUTE,303,US,BACKEND,ROOT,Time for HVX + HMX power on and acquire
2589437150,EXECUTE,1870832,CYCLES,BACKEND,ROOT,Accelerator (execute) time (cycles)
2589437150,EXECUTE,36781,CYCLES,BACKEND,SUB-EVENT,Input OpId_2 (cycles)
2589437150,EXECUTE,0,CYCLES,BACKEND,SUB-EVENT,hidden_states_nfc:OpId_17 (cycles)
2589437150,EXECUTE,19264,CYCLES,BACKEND,SUB-EVENT,past_key_nhwc:OpId_20 (cycles)
2589437150,EXECUTE,134135,CYCLES,BACKEND,SUB-EVENT,rms_norm__Mul_1_output_0:OpId_24 (cycles)
2589437150,EXECUTE,3284,CYCLES,BACKEND,SUB-EVENT,OpId_27 (cycles)
2589437150,EXECUTE,0,CYCLES,BACKEND,SUB-EVENT,_MatMul_lhs_reshape:OpId_29 (cycles)
2589437150,EXECUTE,0,CYCLES,BACKEND,SUB-EVENT,_MatMul_lhs_cast_fp16:OpId_30 (cycles)
2589437150,EXECUTE,73257,CYCLES,BACKEND,SUB-EVENT,_MatMul:OpId_31 (cycles)
2589437150,EXECUTE,0,CYCLES,BACKEND,SUB-EVENT,_MatMul_custom_output_reshape:OpId_32 (cycles)
2589437150,EXECUTE,54327,CYCLES,BACKEND,SUB-EVENT,_MatMul_bias_add:OpId_33 (cycles)
2589437150,EXECUTE,0,CYCLES,BACKEND,SUB-EVENT,_MatMul_post_reshape:OpId_35 (cycles)
2589437150,EXECUTE,4851,CYCLES,BACKEND,SUB-EVENT,_MatMul_1:OpId_38 (cycles)
2589437150,EXECUTE,7181,CYCLES,BACKEND,SUB-EVENT,_MatMul_1_post_reshape:OpId_40 (cycles)
2589437150,EXECUTE,2943,CYCLES,BACKEND,SUB-EVENT,_MatMul_2:OpId_43 (cycles)
2589437150,EXECUTE,5922,CYCLES,BACKEND,SUB-EVENT,_MatMul_2_post_reshape:OpId_45 (cycles)
2589437150,EXECUTE,497,CYCLES,BACKEND,SUB-EVENT,_Transpose:OpId_47 (cycles)
2589437150,EXECUTE,1108,CYCLES,BACKEND,SUB-EVENT,_Transpose_1:OpId_49 (cycles)
2589437150,EXECUTE,847,CYCLES,BACKEND,SUB-EVENT,_Transpose_2:OpId_51 (cycles)
2589437150,EXECUTE,29927,CYCLES,BACKEND,SUB-EVENT,_Slice:OpId_53 (cycles)
2589437150,EXECUTE,16420,CYCLES,BACKEND,SUB-EVENT,_Slice_1:OpId_59 (cycles)
2589437150,EXECUTE,5344,CYCLES,BACKEND,SUB-EVENT,_Mul_2:OpId_65 (cycles)
2589437150,EXECUTE,6033,CYCLES,BACKEND,SUB-EVENT,_Mul_3:OpId_68 (cycles)
2589437150,EXECUTE,279,CYCLES,BACKEND,SUB-EVENT,_Sub:OpId_70 (cycles)
2589437150,EXECUTE,6021,CYCLES,BACKEND,SUB-EVENT,_Mul_4:OpId_72 (cycles)
2589437150,EXECUTE,5230,CYCLES,BACKEND,SUB-EVENT,_Mul_5:OpId_74 (cycles)
2589437150,EXECUTE,1846,CYCLES,BACKEND,SUB-EVENT,_Add_4:OpId_76 (cycles)
2589437150,EXECUTE,0,CYCLES,BACKEND,SUB-EVENT,_Unsqueeze:OpId_78 (cycles)
2589437150,EXECUTE,0,CYCLES,BACKEND,SUB-EVENT,_Unsqueeze_1:OpId_79 (cycles)
2589437150,EXECUTE,1115,CYCLES,BACKEND,SUB-EVENT,_Concat:OpId_80 (cycles)
2589437150,EXECUTE,606,CYCLES,BACKEND,SUB-EVENT,_Reshape_3:OpId_82 (cycles)
2589437150,EXECUTE,25991,CYCLES,BACKEND,SUB-EVENT,_Slice_3:OpId_84 (cycles)
2589437150,EXECUTE,6485,CYCLES,BACKEND,SUB-EVENT,_Slice_4:OpId_90 (cycles)
2589437150,EXECUTE,5825,CYCLES,BACKEND,SUB-EVENT,_Mul_6:OpId_95 (cycles)
2589437150,EXECUTE,5736,CYCLES,BACKEND,SUB-EVENT,_Mul_7:OpId_97 (cycles)
2589437150,EXECUTE,621,CYCLES,BACKEND,SUB-EVENT,_Sub_1:OpId_99 (cycles)
2589437150,EXECUTE,5777,CYCLES,BACKEND,SUB-EVENT,_Mul_8:OpId_101 (cycles)
2589437150,EXECUTE,5690,CYCLES,BACKEND,SUB-EVENT,_Mul_9:OpId_103 (cycles)
2589437150,EXECUTE,132,CYCLES,BACKEND,SUB-EVENT,_Add_5:OpId_105 (cycles)
2589437150,EXECUTE,0,CYCLES,BACKEND,SUB-EVENT,_Unsqueeze_2:OpId_107 (cycles)
2589437150,EXECUTE,0,CYCLES,BACKEND,SUB-EVENT,_Unsqueeze_3:OpId_108 (cycles)
2589437150,EXECUTE,2131,CYCLES,BACKEND,SUB-EVENT,_Concat_2:OpId_109 (cycles)
2589437150,EXECUTE,0,CYCLES,BACKEND,SUB-EVENT,_Reshape_4:OpId_111 (cycles)
2589437150,EXECUTE,877,CYCLES,BACKEND,SUB-EVENT,_Reshape_4_output_0_nhwc:OpId_113 (cycles)
2589437150,EXECUTE,854,CYCLES,BACKEND,SUB-EVENT,_Concat_4:OpId_114 (cycles)
2589437150,EXECUTE,1338,CYCLES,BACKEND,SUB-EVENT,present_key_nchw:OpId_117 (cycles)
2589437150,EXECUTE,7598,CYCLES,BACKEND,SUB-EVENT,_Concat_5:OpId_118 (cycles)
2589437150,EXECUTE,0,CYCLES,BACKEND,SUB-EVENT,_Unsqueeze_4:OpId_120 (cycles)
2589437150,EXECUTE,2552,CYCLES,BACKEND,SUB-EVENT,_Tile:OpId_122 (cycles)
2589437150,EXECUTE,0,CYCLES,BACKEND,SUB-EVENT,_Reshape_5:OpId_123 (cycles)
2589437150,EXECUTE,0,CYCLES,BACKEND,SUB-EVENT,_Unsqueeze_5:OpId_124 (cycles)
2589437150,EXECUTE,2927,CYCLES,BACKEND,SUB-EVENT,_Tile_1:OpId_126 (cycles)
2589437150,EXECUTE,0,CYCLES,BACKEND,SUB-EVENT,_Reshape_6:OpId_127 (cycles)
2589437150,EXECUTE,0,CYCLES,BACKEND,SUB-EVENT,_Transpose_3:OpId_129 (cycles)
2589437150,EXECUTE,87097,CYCLES,BACKEND,SUB-EVENT,_MatMul_3:OpId_130 (cycles)
2589437150,EXECUTE,5446,CYCLES,BACKEND,SUB-EVENT,_Div_1:OpId_135 (cycles)
2589437150,EXECUTE,0,CYCLES,BACKEND,SUB-EVENT,_Add_6:OpId_138 (cycles)
2589437150,EXECUTE,46455,CYCLES,BACKEND,SUB-EVENT,_Softmax:OpId_140 (cycles)
2589437150,EXECUTE,25487,CYCLES,BACKEND,SUB-EVENT,_MatMul_4:OpId_143 (cycles)
2589437150,EXECUTE,0,CYCLES,BACKEND,SUB-EVENT,_Transpose_4:OpId_148 (cycles)
2589437150,EXECUTE,11127,CYCLES,BACKEND,SUB-EVENT,_MatMul_5:OpId_150 (cycles)
2589437150,EXECUTE,0,CYCLES,BACKEND,SUB-EVENT,_MatMul_5_post_reshape:OpId_153 (cycles)
2589437150,EXECUTE,0,CYCLES,BACKEND,SUB-EVENT,_MatMul_5_output_0_nfc:OpId_155 (cycles)
2589437150,EXECUTE,34996,CYCLES,BACKEND,SUB-EVENT,_Add_7:OpId_157 (cycles)
2589437150,EXECUTE,0,CYCLES,BACKEND,SUB-EVENT,_Add_7_output_0_ncf:OpId_160 (cycles)
2589437150,EXECUTE,3493,CYCLES,BACKEND,SUB-EVENT,rms_norm__Mul_11_output_0:OpId_165 (cycles)
2589437150,EXECUTE,0,CYCLES,BACKEND,SUB-EVENT,_MatMul_6:OpId_169 (cycles)
2589437150,EXECUTE,0,CYCLES,BACKEND,SUB-EVENT,_MatMul_6_post_reshape:OpId_172 (cycles)
2589437150,EXECUTE,417317,CYCLES,BACKEND,SUB-EVENT,_MatMul_7:OpId_174 (cycles)
2589437150,EXECUTE,0,CYCLES,BACKEND,SUB-EVENT,_MatMul_7_post_reshape:OpId_177 (cycles)
2589437150,EXECUTE,0,CYCLES,BACKEND,SUB-EVENT,_Sigmoid:OpId_178 (cycles)
2589437150,EXECUTE,318623,CYCLES,BACKEND,SUB-EVENT,_Mul_12:OpId_185 (cycles)
2589437150,EXECUTE,25207,CYCLES,BACKEND,SUB-EVENT,_Mul_13:OpId_187 (cycles)
2589437150,EXECUTE,388135,CYCLES,BACKEND,SUB-EVENT,_MatMul_8:OpId_190 (cycles)
2589437150,EXECUTE,0,CYCLES,BACKEND,SUB-EVENT,_MatMul_8_post_reshape:OpId_193 (cycles)
2589437150,EXECUTE,0,CYCLES,BACKEND,SUB-EVENT,_MatMul_8_output_0_nfc:OpId_195 (cycles)
2589437150,EXECUTE,2734,CYCLES,BACKEND,SUB-EVENT,_Add_9:OpId_197 (cycles)
2589437150,EXECUTE,0,CYCLES,BACKEND,SUB-EVENT,hidden_out_ncf:OpId_200 (cycles)
2589437150,EXECUTE,12963,CYCLES,BACKEND,SUB-EVENT,Output OpId_3 (cycles)
2589437150,EXECUTE,4008,US,BACKEND,ROOT,Accelerator (execute) time
2589437150,EXECUTE,3861,US,BACKEND,ROOT,Accelerator (execute excluding wait) time
2589437150,EXECUTE,11350,US,BACKEND,ROOT,QNN (execute) time
2589439235,EXECUTE IPS,71.805550,INF/SEC,NETRUN,ROOT,null
