input log file location, qwen_block_custom_qnn/device_output/q_proj_custom_multithread_4row_layer0_prefill_seq16/qnn-profiling-data_0.log
qnn-profile-viewer version, v2.47.0.260601114230
qnn-net-run version, v2.47.0.260601114230
Backend version, v2.47.0.260601114230
Msg Timestamp, Message, Time, Unit of Measurement, Timing Source, Event Level, Event Identifier
3626479755,INIT,495254,US,NETRUN,ROOT,null
3626561718,COMPOSE GRAPHS,80204,US,NETRUN,ROOT,null
3626972102,FINALIZE,409981,US,NETRUN,ROOT,Graph 0: qwen2_0_5b_layer0_prefill_seq16
3626972102,FINALIZE,9859,US,BACKEND,ROOT,RPC (finalize) time
3626972102,FINALIZE,8186,US,BACKEND,ROOT,QNN accelerator (finalize) time
3626972102,FINALIZE,8041,US,BACKEND,ROOT,Accelerator (finalize) time
3626972102,FINALIZE,409939,US,BACKEND,ROOT,QNN (finalize) time
3626972102,FINALIZE,189,US,BACKEND,SUB-EVENT,Graph Preparation Initializing
3626972102,FINALIZE,301459,US,BACKEND,SUB-EVENT,Graph Optimizations
3626972102,FINALIZE,4264,US,BACKEND,SUB-EVENT,Post Graph Optimization
3626972102,FINALIZE,23048,US,BACKEND,SUB-EVENT,Graph Sequencing for Target
3626972102,FINALIZE,5551,US,BACKEND,SUB-EVENT,VTCM Allocation
3626972102,FINALIZE,2119,US,BACKEND,SUB-EVENT,Parallelization Optimization
3626972102,FINALIZE,2842,US,BACKEND,SUB-EVENT,Finalizing Graph Sequence
3626972102,FINALIZE,118,US,BACKEND,SUB-EVENT,Completion
3627362105,DE-INIT,57413,US,NETRUN,ROOT,null
3627362105,DE-INIT,11066,US,BACKEND,ROOT,RPC (deinit) time
3627362105,DE-INIT,8717,US,BACKEND,ROOT,QNN Accelerator (deinit) time
3627362105,DE-INIT,8561,US,BACKEND,ROOT,Accelerator (deinit) time
3627362105,DE-INIT,56892,US,BACKEND,ROOT,QNN (deinit) time
3626997120,EXECUTE,24463,US,NETRUN,ROOT,Graph 0: qwen2_0_5b_layer0_prefill_seq16
3626997120,EXECUTE,4,COUNT,BACKEND,ROOT,Number of HVX threads used
3626997120,EXECUTE,23884,US,BACKEND,ROOT,RPC (execute) time
3626997120,EXECUTE,21953,US,BACKEND,ROOT,QNN accelerator (execute) time
3626997120,EXECUTE,0,COUNT,BACKEND,ROOT,Num times yield occured
3626997120,EXECUTE,2862,US,BACKEND,ROOT,Time for initial VTCM acquire
3626997120,EXECUTE,40136,US,BACKEND,ROOT,Time for HVX + HMX power on and acquire
3626997120,EXECUTE,2337485,CYCLES,BACKEND,ROOT,Accelerator (execute) time (cycles)
3626997120,EXECUTE,4541,CYCLES,BACKEND,SUB-EVENT,Input OpId_2 (cycles)
3626997120,EXECUTE,0,CYCLES,BACKEND,SUB-EVENT,hidden_states_nfc:OpId_17 (cycles)
3626997120,EXECUTE,105409,CYCLES,BACKEND,SUB-EVENT,rms_norm__Mul_1_output_0:OpId_22 (cycles)
3626997120,EXECUTE,0,CYCLES,BACKEND,SUB-EVENT,_MatMul_2_pre_reshape:OpId_25 (cycles)
3626997120,EXECUTE,0,CYCLES,BACKEND,SUB-EVENT,_MatMul_1_pre_reshape:OpId_26 (cycles)
3626997120,EXECUTE,0,CYCLES,BACKEND,SUB-EVENT,_MatMul_pre_reshape:OpId_27 (cycles)
3626997120,EXECUTE,0,CYCLES,BACKEND,SUB-EVENT,_MatMul_lhs_reshape:OpId_30 (cycles)
3626997120,EXECUTE,0,CYCLES,BACKEND,SUB-EVENT,_MatMul_lhs_cast_fp16:OpId_31 (cycles)
3626997120,EXECUTE,15975,CYCLES,BACKEND,SUB-EVENT,_MatMul_rhs_cast_fp16:OpId_32 (cycles)
3626997120,EXECUTE,1086000,CYCLES,BACKEND,SUB-EVENT,_MatMul:OpId_33 (cycles)
3626997120,EXECUTE,0,CYCLES,BACKEND,SUB-EVENT,_MatMul_custom_output_reshape:OpId_34 (cycles)
3626997120,EXECUTE,77150,CYCLES,BACKEND,SUB-EVENT,_MatMul_bias_add:OpId_35 (cycles)
3626997120,EXECUTE,0,CYCLES,BACKEND,SUB-EVENT,_MatMul_post_reshape:OpId_37 (cycles)
3626997120,EXECUTE,0,CYCLES,BACKEND,SUB-EVENT,_MatMul_1:OpId_40 (cycles)
3626997120,EXECUTE,0,CYCLES,BACKEND,SUB-EVENT,_MatMul_1_post_reshape:OpId_42 (cycles)
3626997120,EXECUTE,0,CYCLES,BACKEND,SUB-EVENT,_MatMul_2:OpId_45 (cycles)
3626997120,EXECUTE,0,CYCLES,BACKEND,SUB-EVENT,_MatMul_2_post_reshape:OpId_47 (cycles)
3626997120,EXECUTE,23385,CYCLES,BACKEND,SUB-EVENT,_Transpose:OpId_49 (cycles)
3626997120,EXECUTE,6248,CYCLES,BACKEND,SUB-EVENT,_Transpose_1:OpId_51 (cycles)
3626997120,EXECUTE,7896,CYCLES,BACKEND,SUB-EVENT,_Transpose_2:OpId_53 (cycles)
3626997120,EXECUTE,22736,CYCLES,BACKEND,SUB-EVENT,_Slice:OpId_55 (cycles)
3626997120,EXECUTE,7833,CYCLES,BACKEND,SUB-EVENT,_Slice_1:OpId_61 (cycles)
3626997120,EXECUTE,5558,CYCLES,BACKEND,SUB-EVENT,_Mul_2:OpId_67 (cycles)
3626997120,EXECUTE,4981,CYCLES,BACKEND,SUB-EVENT,_Mul_3:OpId_70 (cycles)
3626997120,EXECUTE,877,CYCLES,BACKEND,SUB-EVENT,_Sub:OpId_72 (cycles)
3626997120,EXECUTE,5448,CYCLES,BACKEND,SUB-EVENT,_Mul_4:OpId_74 (cycles)
3626997120,EXECUTE,4479,CYCLES,BACKEND,SUB-EVENT,_Mul_5:OpId_76 (cycles)
3626997120,EXECUTE,792,CYCLES,BACKEND,SUB-EVENT,_Add_4:OpId_78 (cycles)
3626997120,EXECUTE,0,CYCLES,BACKEND,SUB-EVENT,_Unsqueeze:OpId_80 (cycles)
3626997120,EXECUTE,0,CYCLES,BACKEND,SUB-EVENT,_Unsqueeze_1:OpId_81 (cycles)
3626997120,EXECUTE,3645,CYCLES,BACKEND,SUB-EVENT,_Concat:OpId_82 (cycles)
3626997120,EXECUTE,0,CYCLES,BACKEND,SUB-EVENT,_Reshape_3:OpId_84 (cycles)
3626997120,EXECUTE,23782,CYCLES,BACKEND,SUB-EVENT,_Slice_3:OpId_86 (cycles)
3626997120,EXECUTE,4497,CYCLES,BACKEND,SUB-EVENT,_Slice_4:OpId_92 (cycles)
3626997120,EXECUTE,3494,CYCLES,BACKEND,SUB-EVENT,_Mul_6:OpId_97 (cycles)
3626997120,EXECUTE,1777,CYCLES,BACKEND,SUB-EVENT,_Mul_7:OpId_99 (cycles)
3626997120,EXECUTE,870,CYCLES,BACKEND,SUB-EVENT,_Sub_1:OpId_101 (cycles)
3626997120,EXECUTE,3471,CYCLES,BACKEND,SUB-EVENT,_Mul_8:OpId_103 (cycles)
3626997120,EXECUTE,1847,CYCLES,BACKEND,SUB-EVENT,_Mul_9:OpId_105 (cycles)
3626997120,EXECUTE,803,CYCLES,BACKEND,SUB-EVENT,_Add_5:OpId_107 (cycles)
3626997120,EXECUTE,0,CYCLES,BACKEND,SUB-EVENT,_Unsqueeze_2:OpId_109 (cycles)
3626997120,EXECUTE,0,CYCLES,BACKEND,SUB-EVENT,_Unsqueeze_3:OpId_110 (cycles)
3626997120,EXECUTE,2682,CYCLES,BACKEND,SUB-EVENT,_Concat_2:OpId_111 (cycles)
3626997120,EXECUTE,1513,CYCLES,BACKEND,SUB-EVENT,_Reshape_4:OpId_113 (cycles)
3626997120,EXECUTE,0,CYCLES,BACKEND,SUB-EVENT,_Unsqueeze_4:OpId_114 (cycles)
3626997120,EXECUTE,2096,CYCLES,BACKEND,SUB-EVENT,_Tile:OpId_116 (cycles)
3626997120,EXECUTE,0,CYCLES,BACKEND,SUB-EVENT,_Reshape_5:OpId_117 (cycles)
3626997120,EXECUTE,0,CYCLES,BACKEND,SUB-EVENT,_Unsqueeze_5:OpId_118 (cycles)
3626997120,EXECUTE,2975,CYCLES,BACKEND,SUB-EVENT,_Tile_1:OpId_120 (cycles)
3626997120,EXECUTE,0,CYCLES,BACKEND,SUB-EVENT,_Reshape_6:OpId_121 (cycles)
3626997120,EXECUTE,0,CYCLES,BACKEND,SUB-EVENT,_Transpose_3:OpId_123 (cycles)
3626997120,EXECUTE,71988,CYCLES,BACKEND,SUB-EVENT,_MatMul_3:OpId_124 (cycles)
3626997120,EXECUTE,11297,CYCLES,BACKEND,SUB-EVENT,_Div_1:OpId_129 (cycles)
3626997120,EXECUTE,3691,CYCLES,BACKEND,SUB-EVENT,_Add_6:OpId_132 (cycles)
3626997120,EXECUTE,58173,CYCLES,BACKEND,SUB-EVENT,_Softmax:OpId_134 (cycles)
3626997120,EXECUTE,14213,CYCLES,BACKEND,SUB-EVENT,_MatMul_4:OpId_137 (cycles)
3626997120,EXECUTE,0,CYCLES,BACKEND,SUB-EVENT,_Transpose_4:OpId_142 (cycles)
3626997120,EXECUTE,0,CYCLES,BACKEND,SUB-EVENT,_Reshape_7:OpId_143 (cycles)
3626997120,EXECUTE,9506,CYCLES,BACKEND,SUB-EVENT,_MatMul_5:OpId_145 (cycles)
3626997120,EXECUTE,0,CYCLES,BACKEND,SUB-EVENT,_MatMul_5_post_reshape:OpId_148 (cycles)
3626997120,EXECUTE,0,CYCLES,BACKEND,SUB-EVENT,_MatMul_5_output_0_nfc:OpId_150 (cycles)
3626997120,EXECUTE,2663,CYCLES,BACKEND,SUB-EVENT,_Add_7:OpId_152 (cycles)
3626997120,EXECUTE,0,CYCLES,BACKEND,SUB-EVENT,_Add_7_output_0_ncf:OpId_155 (cycles)
3626997120,EXECUTE,12123,CYCLES,BACKEND,SUB-EVENT,rms_norm__Mul_11_output_0:OpId_160 (cycles)
3626997120,EXECUTE,0,CYCLES,BACKEND,SUB-EVENT,_MatMul_7_pre_reshape:OpId_163 (cycles)
3626997120,EXECUTE,0,CYCLES,BACKEND,SUB-EVENT,_MatMul_6_pre_reshape:OpId_164 (cycles)
3626997120,EXECUTE,152127,CYCLES,BACKEND,SUB-EVENT,_MatMul_6:OpId_166 (cycles)
3626997120,EXECUTE,0,CYCLES,BACKEND,SUB-EVENT,_MatMul_6_post_reshape:OpId_169 (cycles)
3626997120,EXECUTE,152998,CYCLES,BACKEND,SUB-EVENT,_MatMul_7:OpId_171 (cycles)
3626997120,EXECUTE,0,CYCLES,BACKEND,SUB-EVENT,_MatMul_7_post_reshape:OpId_174 (cycles)
3626997120,EXECUTE,0,CYCLES,BACKEND,SUB-EVENT,_Sigmoid:OpId_175 (cycles)
3626997120,EXECUTE,150742,CYCLES,BACKEND,SUB-EVENT,_Mul_12:OpId_182 (cycles)
3626997120,EXECUTE,76817,CYCLES,BACKEND,SUB-EVENT,_Mul_13:OpId_184 (cycles)
3626997120,EXECUTE,0,CYCLES,BACKEND,SUB-EVENT,_MatMul_8_pre_reshape:OpId_186 (cycles)
3626997120,EXECUTE,142047,CYCLES,BACKEND,SUB-EVENT,_MatMul_8:OpId_188 (cycles)
3626997120,EXECUTE,0,CYCLES,BACKEND,SUB-EVENT,_MatMul_8_post_reshape:OpId_191 (cycles)
3626997120,EXECUTE,0,CYCLES,BACKEND,SUB-EVENT,_MatMul_8_output_0_nfc:OpId_193 (cycles)
3626997120,EXECUTE,7044,CYCLES,BACKEND,SUB-EVENT,_Add_9:OpId_195 (cycles)
3626997120,EXECUTE,30764,CYCLES,BACKEND,SUB-EVENT,hidden_out_ncf:OpId_198 (cycles)
3626997120,EXECUTE,8532,CYCLES,BACKEND,SUB-EVENT,Output OpId_3 (cycles)
3626997120,EXECUTE,6400,US,BACKEND,ROOT,Accelerator (execute) time
3626997120,EXECUTE,3021,US,BACKEND,ROOT,Accelerator (execute excluding wait) time
3626997120,EXECUTE,24351,US,BACKEND,ROOT,QNN (execute) time
3627016651,EXECUTE,12923,US,NETRUN,ROOT,Graph 0: qwen2_0_5b_layer0_prefill_seq16
3627016651,EXECUTE,4,COUNT,BACKEND,ROOT,Number of HVX threads used
3627016651,EXECUTE,12354,US,BACKEND,ROOT,RPC (execute) time
3627016651,EXECUTE,10014,US,BACKEND,ROOT,QNN accelerator (execute) time
3627016651,EXECUTE,0,COUNT,BACKEND,ROOT,Num times yield occured
3627016651,EXECUTE,7202,US,BACKEND,ROOT,Time for initial VTCM acquire
3627016651,EXECUTE,4941,US,BACKEND,ROOT,Time for HVX + HMX power on and acquire
3627016651,EXECUTE,2300562,CYCLES,BACKEND,ROOT,Accelerator (execute) time (cycles)
3627016651,EXECUTE,1913,CYCLES,BACKEND,SUB-EVENT,Input OpId_2 (cycles)
3627016651,EXECUTE,0,CYCLES,BACKEND,SUB-EVENT,hidden_states_nfc:OpId_17 (cycles)
3627016651,EXECUTE,105420,CYCLES,BACKEND,SUB-EVENT,rms_norm__Mul_1_output_0:OpId_22 (cycles)
3627016651,EXECUTE,0,CYCLES,BACKEND,SUB-EVENT,_MatMul_2_pre_reshape:OpId_25 (cycles)
3627016651,EXECUTE,0,CYCLES,BACKEND,SUB-EVENT,_MatMul_1_pre_reshape:OpId_26 (cycles)
3627016651,EXECUTE,0,CYCLES,BACKEND,SUB-EVENT,_MatMul_pre_reshape:OpId_27 (cycles)
3627016651,EXECUTE,0,CYCLES,BACKEND,SUB-EVENT,_MatMul_lhs_reshape:OpId_30 (cycles)
3627016651,EXECUTE,0,CYCLES,BACKEND,SUB-EVENT,_MatMul_lhs_cast_fp16:OpId_31 (cycles)
3627016651,EXECUTE,887,CYCLES,BACKEND,SUB-EVENT,_MatMul_rhs_cast_fp16:OpId_32 (cycles)
3627016651,EXECUTE,1080628,CYCLES,BACKEND,SUB-EVENT,_MatMul:OpId_33 (cycles)
3627016651,EXECUTE,0,CYCLES,BACKEND,SUB-EVENT,_MatMul_custom_output_reshape:OpId_34 (cycles)
3627016651,EXECUTE,105905,CYCLES,BACKEND,SUB-EVENT,_MatMul_bias_add:OpId_35 (cycles)
3627016651,EXECUTE,0,CYCLES,BACKEND,SUB-EVENT,_MatMul_post_reshape:OpId_37 (cycles)
3627016651,EXECUTE,0,CYCLES,BACKEND,SUB-EVENT,_MatMul_1:OpId_40 (cycles)
3627016651,EXECUTE,0,CYCLES,BACKEND,SUB-EVENT,_MatMul_1_post_reshape:OpId_42 (cycles)
3627016651,EXECUTE,0,CYCLES,BACKEND,SUB-EVENT,_MatMul_2:OpId_45 (cycles)
3627016651,EXECUTE,0,CYCLES,BACKEND,SUB-EVENT,_MatMul_2_post_reshape:OpId_47 (cycles)
3627016651,EXECUTE,25735,CYCLES,BACKEND,SUB-EVENT,_Transpose:OpId_49 (cycles)
3627016651,EXECUTE,7134,CYCLES,BACKEND,SUB-EVENT,_Transpose_1:OpId_51 (cycles)
3627016651,EXECUTE,9417,CYCLES,BACKEND,SUB-EVENT,_Transpose_2:OpId_53 (cycles)
3627016651,EXECUTE,22526,CYCLES,BACKEND,SUB-EVENT,_Slice:OpId_55 (cycles)
3627016651,EXECUTE,14352,CYCLES,BACKEND,SUB-EVENT,_Slice_1:OpId_61 (cycles)
3627016651,EXECUTE,5713,CYCLES,BACKEND,SUB-EVENT,_Mul_2:OpId_67 (cycles)
3627016651,EXECUTE,5523,CYCLES,BACKEND,SUB-EVENT,_Mul_3:OpId_70 (cycles)
3627016651,EXECUTE,891,CYCLES,BACKEND,SUB-EVENT,_Sub:OpId_72 (cycles)
3627016651,EXECUTE,5841,CYCLES,BACKEND,SUB-EVENT,_Mul_4:OpId_74 (cycles)
3627016651,EXECUTE,4783,CYCLES,BACKEND,SUB-EVENT,_Mul_5:OpId_76 (cycles)
3627016651,EXECUTE,2015,CYCLES,BACKEND,SUB-EVENT,_Add_4:OpId_78 (cycles)
3627016651,EXECUTE,0,CYCLES,BACKEND,SUB-EVENT,_Unsqueeze:OpId_80 (cycles)
3627016651,EXECUTE,0,CYCLES,BACKEND,SUB-EVENT,_Unsqueeze_1:OpId_81 (cycles)
3627016651,EXECUTE,3991,CYCLES,BACKEND,SUB-EVENT,_Concat:OpId_82 (cycles)
3627016651,EXECUTE,0,CYCLES,BACKEND,SUB-EVENT,_Reshape_3:OpId_84 (cycles)
3627016651,EXECUTE,31713,CYCLES,BACKEND,SUB-EVENT,_Slice_3:OpId_86 (cycles)
3627016651,EXECUTE,4445,CYCLES,BACKEND,SUB-EVENT,_Slice_4:OpId_92 (cycles)
3627016651,EXECUTE,5883,CYCLES,BACKEND,SUB-EVENT,_Mul_6:OpId_97 (cycles)
3627016651,EXECUTE,2930,CYCLES,BACKEND,SUB-EVENT,_Mul_7:OpId_99 (cycles)
3627016651,EXECUTE,1024,CYCLES,BACKEND,SUB-EVENT,_Sub_1:OpId_101 (cycles)
3627016651,EXECUTE,5848,CYCLES,BACKEND,SUB-EVENT,_Mul_8:OpId_103 (cycles)
3627016651,EXECUTE,1962,CYCLES,BACKEND,SUB-EVENT,_Mul_9:OpId_105 (cycles)
3627016651,EXECUTE,878,CYCLES,BACKEND,SUB-EVENT,_Add_5:OpId_107 (cycles)
3627016651,EXECUTE,0,CYCLES,BACKEND,SUB-EVENT,_Unsqueeze_2:OpId_109 (cycles)
3627016651,EXECUTE,0,CYCLES,BACKEND,SUB-EVENT,_Unsqueeze_3:OpId_110 (cycles)
3627016651,EXECUTE,3169,CYCLES,BACKEND,SUB-EVENT,_Concat_2:OpId_111 (cycles)
3627016651,EXECUTE,1743,CYCLES,BACKEND,SUB-EVENT,_Reshape_4:OpId_113 (cycles)
3627016651,EXECUTE,0,CYCLES,BACKEND,SUB-EVENT,_Unsqueeze_4:OpId_114 (cycles)
3627016651,EXECUTE,2632,CYCLES,BACKEND,SUB-EVENT,_Tile:OpId_116 (cycles)
3627016651,EXECUTE,0,CYCLES,BACKEND,SUB-EVENT,_Reshape_5:OpId_117 (cycles)
3627016651,EXECUTE,0,CYCLES,BACKEND,SUB-EVENT,_Unsqueeze_5:OpId_118 (cycles)
3627016651,EXECUTE,5445,CYCLES,BACKEND,SUB-EVENT,_Tile_1:OpId_120 (cycles)
3627016651,EXECUTE,0,CYCLES,BACKEND,SUB-EVENT,_Reshape_6:OpId_121 (cycles)
3627016651,EXECUTE,0,CYCLES,BACKEND,SUB-EVENT,_Transpose_3:OpId_123 (cycles)
3627016651,EXECUTE,80129,CYCLES,BACKEND,SUB-EVENT,_MatMul_3:OpId_124 (cycles)
3627016651,EXECUTE,12739,CYCLES,BACKEND,SUB-EVENT,_Div_1:OpId_129 (cycles)
3627016651,EXECUTE,5293,CYCLES,BACKEND,SUB-EVENT,_Add_6:OpId_132 (cycles)
3627016651,EXECUTE,55404,CYCLES,BACKEND,SUB-EVENT,_Softmax:OpId_134 (cycles)
3627016651,EXECUTE,17193,CYCLES,BACKEND,SUB-EVENT,_MatMul_4:OpId_137 (cycles)
3627016651,EXECUTE,0,CYCLES,BACKEND,SUB-EVENT,_Transpose_4:OpId_142 (cycles)
3627016651,EXECUTE,0,CYCLES,BACKEND,SUB-EVENT,_Reshape_7:OpId_143 (cycles)
3627016651,EXECUTE,13971,CYCLES,BACKEND,SUB-EVENT,_MatMul_5:OpId_145 (cycles)
3627016651,EXECUTE,0,CYCLES,BACKEND,SUB-EVENT,_MatMul_5_post_reshape:OpId_148 (cycles)
3627016651,EXECUTE,0,CYCLES,BACKEND,SUB-EVENT,_MatMul_5_output_0_nfc:OpId_150 (cycles)
3627016651,EXECUTE,2647,CYCLES,BACKEND,SUB-EVENT,_Add_7:OpId_152 (cycles)
3627016651,EXECUTE,0,CYCLES,BACKEND,SUB-EVENT,_Add_7_output_0_ncf:OpId_155 (cycles)
3627016651,EXECUTE,12835,CYCLES,BACKEND,SUB-EVENT,rms_norm__Mul_11_output_0:OpId_160 (cycles)
3627016651,EXECUTE,0,CYCLES,BACKEND,SUB-EVENT,_MatMul_7_pre_reshape:OpId_163 (cycles)
3627016651,EXECUTE,0,CYCLES,BACKEND,SUB-EVENT,_MatMul_6_pre_reshape:OpId_164 (cycles)
3627016651,EXECUTE,105684,CYCLES,BACKEND,SUB-EVENT,_MatMul_6:OpId_166 (cycles)
3627016651,EXECUTE,0,CYCLES,BACKEND,SUB-EVENT,_MatMul_6_post_reshape:OpId_169 (cycles)
3627016651,EXECUTE,78575,CYCLES,BACKEND,SUB-EVENT,_MatMul_7:OpId_171 (cycles)
3627016651,EXECUTE,0,CYCLES,BACKEND,SUB-EVENT,_MatMul_7_post_reshape:OpId_174 (cycles)
3627016651,EXECUTE,0,CYCLES,BACKEND,SUB-EVENT,_Sigmoid:OpId_175 (cycles)
3627016651,EXECUTE,176942,CYCLES,BACKEND,SUB-EVENT,_Mul_12:OpId_182 (cycles)
3627016651,EXECUTE,76104,CYCLES,BACKEND,SUB-EVENT,_Mul_13:OpId_184 (cycles)
3627016651,EXECUTE,0,CYCLES,BACKEND,SUB-EVENT,_MatMul_8_pre_reshape:OpId_186 (cycles)
3627016651,EXECUTE,141463,CYCLES,BACKEND,SUB-EVENT,_MatMul_8:OpId_188 (cycles)
3627016651,EXECUTE,0,CYCLES,BACKEND,SUB-EVENT,_MatMul_8_post_reshape:OpId_191 (cycles)
3627016651,EXECUTE,0,CYCLES,BACKEND,SUB-EVENT,_MatMul_8_output_0_nfc:OpId_193 (cycles)
3627016651,EXECUTE,7026,CYCLES,BACKEND,SUB-EVENT,_Add_9:OpId_195 (cycles)
3627016651,EXECUTE,36593,CYCLES,BACKEND,SUB-EVENT,hidden_out_ncf:OpId_198 (cycles)
3627016651,EXECUTE,7618,CYCLES,BACKEND,SUB-EVENT,Output OpId_3 (cycles)
3627016651,EXECUTE,4652,US,BACKEND,ROOT,Accelerator (execute) time
3627016651,EXECUTE,2803,US,BACKEND,ROOT,Accelerator (execute excluding wait) time
3627016651,EXECUTE,12882,US,BACKEND,ROOT,QNN (execute) time
3627049063,EXECUTE,15109,US,NETRUN,ROOT,Graph 0: qwen2_0_5b_layer0_prefill_seq16
3627049063,EXECUTE,4,COUNT,BACKEND,ROOT,Number of HVX threads used
3627049063,EXECUTE,14417,US,BACKEND,ROOT,RPC (execute) time
3627049063,EXECUTE,13058,US,BACKEND,ROOT,QNN accelerator (execute) time
3627049063,EXECUTE,0,COUNT,BACKEND,ROOT,Num times yield occured
3627049063,EXECUTE,7483,US,BACKEND,ROOT,Time for initial VTCM acquire
3627049063,EXECUTE,5002,US,BACKEND,ROOT,Time for HVX + HMX power on and acquire
3627049063,EXECUTE,3455548,CYCLES,BACKEND,ROOT,Accelerator (execute) time (cycles)
3627049063,EXECUTE,3877,CYCLES,BACKEND,SUB-EVENT,Input OpId_2 (cycles)
3627049063,EXECUTE,0,CYCLES,BACKEND,SUB-EVENT,hidden_states_nfc:OpId_17 (cycles)
3627049063,EXECUTE,256055,CYCLES,BACKEND,SUB-EVENT,rms_norm__Mul_1_output_0:OpId_22 (cycles)
3627049063,EXECUTE,0,CYCLES,BACKEND,SUB-EVENT,_MatMul_2_pre_reshape:OpId_25 (cycles)
3627049063,EXECUTE,0,CYCLES,BACKEND,SUB-EVENT,_MatMul_1_pre_reshape:OpId_26 (cycles)
3627049063,EXECUTE,0,CYCLES,BACKEND,SUB-EVENT,_MatMul_pre_reshape:OpId_27 (cycles)
3627049063,EXECUTE,0,CYCLES,BACKEND,SUB-EVENT,_MatMul_lhs_reshape:OpId_30 (cycles)
3627049063,EXECUTE,0,CYCLES,BACKEND,SUB-EVENT,_MatMul_lhs_cast_fp16:OpId_31 (cycles)
3627049063,EXECUTE,2686,CYCLES,BACKEND,SUB-EVENT,_MatMul_rhs_cast_fp16:OpId_32 (cycles)
3627049063,EXECUTE,1106226,CYCLES,BACKEND,SUB-EVENT,_MatMul:OpId_33 (cycles)
3627049063,EXECUTE,0,CYCLES,BACKEND,SUB-EVENT,_MatMul_custom_output_reshape:OpId_34 (cycles)
3627049063,EXECUTE,168139,CYCLES,BACKEND,SUB-EVENT,_MatMul_bias_add:OpId_35 (cycles)
3627049063,EXECUTE,0,CYCLES,BACKEND,SUB-EVENT,_MatMul_post_reshape:OpId_37 (cycles)
3627049063,EXECUTE,0,CYCLES,BACKEND,SUB-EVENT,_MatMul_1:OpId_40 (cycles)
3627049063,EXECUTE,0,CYCLES,BACKEND,SUB-EVENT,_MatMul_1_post_reshape:OpId_42 (cycles)
3627049063,EXECUTE,0,CYCLES,BACKEND,SUB-EVENT,_MatMul_2:OpId_45 (cycles)
3627049063,EXECUTE,0,CYCLES,BACKEND,SUB-EVENT,_MatMul_2_post_reshape:OpId_47 (cycles)
3627049063,EXECUTE,34708,CYCLES,BACKEND,SUB-EVENT,_Transpose:OpId_49 (cycles)
3627049063,EXECUTE,14539,CYCLES,BACKEND,SUB-EVENT,_Transpose_1:OpId_51 (cycles)
3627049063,EXECUTE,20047,CYCLES,BACKEND,SUB-EVENT,_Transpose_2:OpId_53 (cycles)
3627049063,EXECUTE,22722,CYCLES,BACKEND,SUB-EVENT,_Slice:OpId_55 (cycles)
3627049063,EXECUTE,7743,CYCLES,BACKEND,SUB-EVENT,_Slice_1:OpId_61 (cycles)
3627049063,EXECUTE,6833,CYCLES,BACKEND,SUB-EVENT,_Mul_2:OpId_67 (cycles)
3627049063,EXECUTE,4636,CYCLES,BACKEND,SUB-EVENT,_Mul_3:OpId_70 (cycles)
3627049063,EXECUTE,929,CYCLES,BACKEND,SUB-EVENT,_Sub:OpId_72 (cycles)
3627049063,EXECUTE,6896,CYCLES,BACKEND,SUB-EVENT,_Mul_4:OpId_74 (cycles)
3627049063,EXECUTE,4579,CYCLES,BACKEND,SUB-EVENT,_Mul_5:OpId_76 (cycles)
3627049063,EXECUTE,3303,CYCLES,BACKEND,SUB-EVENT,_Add_4:OpId_78 (cycles)
3627049063,EXECUTE,0,CYCLES,BACKEND,SUB-EVENT,_Unsqueeze:OpId_80 (cycles)
3627049063,EXECUTE,0,CYCLES,BACKEND,SUB-EVENT,_Unsqueeze_1:OpId_81 (cycles)
3627049063,EXECUTE,4123,CYCLES,BACKEND,SUB-EVENT,_Concat:OpId_82 (cycles)
3627049063,EXECUTE,0,CYCLES,BACKEND,SUB-EVENT,_Reshape_3:OpId_84 (cycles)
3627049063,EXECUTE,71224,CYCLES,BACKEND,SUB-EVENT,_Slice_3:OpId_86 (cycles)
3627049063,EXECUTE,5890,CYCLES,BACKEND,SUB-EVENT,_Slice_4:OpId_92 (cycles)
3627049063,EXECUTE,13776,CYCLES,BACKEND,SUB-EVENT,_Mul_6:OpId_97 (cycles)
3627049063,EXECUTE,10352,CYCLES,BACKEND,SUB-EVENT,_Mul_7:OpId_99 (cycles)
3627049063,EXECUTE,987,CYCLES,BACKEND,SUB-EVENT,_Sub_1:OpId_101 (cycles)
3627049063,EXECUTE,13728,CYCLES,BACKEND,SUB-EVENT,_Mul_8:OpId_103 (cycles)
3627049063,EXECUTE,10309,CYCLES,BACKEND,SUB-EVENT,_Mul_9:OpId_105 (cycles)
3627049063,EXECUTE,1173,CYCLES,BACKEND,SUB-EVENT,_Add_5:OpId_107 (cycles)
3627049063,EXECUTE,0,CYCLES,BACKEND,SUB-EVENT,_Unsqueeze_2:OpId_109 (cycles)
3627049063,EXECUTE,0,CYCLES,BACKEND,SUB-EVENT,_Unsqueeze_3:OpId_110 (cycles)
3627049063,EXECUTE,3318,CYCLES,BACKEND,SUB-EVENT,_Concat_2:OpId_111 (cycles)
3627049063,EXECUTE,4032,CYCLES,BACKEND,SUB-EVENT,_Reshape_4:OpId_113 (cycles)
3627049063,EXECUTE,0,CYCLES,BACKEND,SUB-EVENT,_Unsqueeze_4:OpId_114 (cycles)
3627049063,EXECUTE,7778,CYCLES,BACKEND,SUB-EVENT,_Tile:OpId_116 (cycles)
3627049063,EXECUTE,0,CYCLES,BACKEND,SUB-EVENT,_Reshape_5:OpId_117 (cycles)
3627049063,EXECUTE,0,CYCLES,BACKEND,SUB-EVENT,_Unsqueeze_5:OpId_118 (cycles)
3627049063,EXECUTE,6842,CYCLES,BACKEND,SUB-EVENT,_Tile_1:OpId_120 (cycles)
3627049063,EXECUTE,0,CYCLES,BACKEND,SUB-EVENT,_Reshape_6:OpId_121 (cycles)
3627049063,EXECUTE,0,CYCLES,BACKEND,SUB-EVENT,_Transpose_3:OpId_123 (cycles)
3627049063,EXECUTE,122094,CYCLES,BACKEND,SUB-EVENT,_MatMul_3:OpId_124 (cycles)
3627049063,EXECUTE,13206,CYCLES,BACKEND,SUB-EVENT,_Div_1:OpId_129 (cycles)
3627049063,EXECUTE,11060,CYCLES,BACKEND,SUB-EVENT,_Add_6:OpId_132 (cycles)
3627049063,EXECUTE,60381,CYCLES,BACKEND,SUB-EVENT,_Softmax:OpId_134 (cycles)
3627049063,EXECUTE,38354,CYCLES,BACKEND,SUB-EVENT,_MatMul_4:OpId_137 (cycles)
3627049063,EXECUTE,0,CYCLES,BACKEND,SUB-EVENT,_Transpose_4:OpId_142 (cycles)
3627049063,EXECUTE,0,CYCLES,BACKEND,SUB-EVENT,_Reshape_7:OpId_143 (cycles)
3627049063,EXECUTE,21181,CYCLES,BACKEND,SUB-EVENT,_MatMul_5:OpId_145 (cycles)
3627049063,EXECUTE,0,CYCLES,BACKEND,SUB-EVENT,_MatMul_5_post_reshape:OpId_148 (cycles)
3627049063,EXECUTE,0,CYCLES,BACKEND,SUB-EVENT,_MatMul_5_output_0_nfc:OpId_150 (cycles)
3627049063,EXECUTE,2645,CYCLES,BACKEND,SUB-EVENT,_Add_7:OpId_152 (cycles)
3627049063,EXECUTE,0,CYCLES,BACKEND,SUB-EVENT,_Add_7_output_0_ncf:OpId_155 (cycles)
3627049063,EXECUTE,18096,CYCLES,BACKEND,SUB-EVENT,rms_norm__Mul_11_output_0:OpId_160 (cycles)
3627049063,EXECUTE,0,CYCLES,BACKEND,SUB-EVENT,_MatMul_7_pre_reshape:OpId_163 (cycles)
3627049063,EXECUTE,0,CYCLES,BACKEND,SUB-EVENT,_MatMul_6_pre_reshape:OpId_164 (cycles)
3627049063,EXECUTE,224255,CYCLES,BACKEND,SUB-EVENT,_MatMul_6:OpId_166 (cycles)
3627049063,EXECUTE,0,CYCLES,BACKEND,SUB-EVENT,_MatMul_6_post_reshape:OpId_169 (cycles)
3627049063,EXECUTE,374840,CYCLES,BACKEND,SUB-EVENT,_MatMul_7:OpId_171 (cycles)
3627049063,EXECUTE,0,CYCLES,BACKEND,SUB-EVENT,_MatMul_7_post_reshape:OpId_174 (cycles)
3627049063,EXECUTE,0,CYCLES,BACKEND,SUB-EVENT,_Sigmoid:OpId_175 (cycles)
3627049063,EXECUTE,194780,CYCLES,BACKEND,SUB-EVENT,_Mul_12:OpId_182 (cycles)
3627049063,EXECUTE,109815,CYCLES,BACKEND,SUB-EVENT,_Mul_13:OpId_184 (cycles)
3627049063,EXECUTE,0,CYCLES,BACKEND,SUB-EVENT,_MatMul_8_pre_reshape:OpId_186 (cycles)
3627049063,EXECUTE,386606,CYCLES,BACKEND,SUB-EVENT,_MatMul_8:OpId_188 (cycles)
3627049063,EXECUTE,0,CYCLES,BACKEND,SUB-EVENT,_MatMul_8_post_reshape:OpId_191 (cycles)
3627049063,EXECUTE,0,CYCLES,BACKEND,SUB-EVENT,_MatMul_8_output_0_nfc:OpId_193 (cycles)
3627049063,EXECUTE,7120,CYCLES,BACKEND,SUB-EVENT,_Add_9:OpId_195 (cycles)
3627049063,EXECUTE,41625,CYCLES,BACKEND,SUB-EVENT,hidden_out_ncf:OpId_198 (cycles)
3627049063,EXECUTE,12040,CYCLES,BACKEND,SUB-EVENT,Output OpId_3 (cycles)
3627049063,EXECUTE,6888,US,BACKEND,ROOT,Accelerator (execute) time
3627049063,EXECUTE,4967,US,BACKEND,ROOT,Accelerator (execute excluding wait) time
3627049063,EXECUTE,15033,US,BACKEND,ROOT,QNN (execute) time
3627078754,EXECUTE,13345,US,NETRUN,ROOT,Graph 0: qwen2_0_5b_layer0_prefill_seq16
3627078754,EXECUTE,4,COUNT,BACKEND,ROOT,Number of HVX threads used
3627078754,EXECUTE,12312,US,BACKEND,ROOT,RPC (execute) time
3627078754,EXECUTE,11166,US,BACKEND,ROOT,QNN accelerator (execute) time
3627078754,EXECUTE,0,COUNT,BACKEND,ROOT,Num times yield occured
3627078754,EXECUTE,7618,US,BACKEND,ROOT,Time for initial VTCM acquire
3627078754,EXECUTE,4901,US,BACKEND,ROOT,Time for HVX + HMX power on and acquire
3627078754,EXECUTE,3012859,CYCLES,BACKEND,ROOT,Accelerator (execute) time (cycles)
3627078754,EXECUTE,2465,CYCLES,BACKEND,SUB-EVENT,Input OpId_2 (cycles)
3627078754,EXECUTE,0,CYCLES,BACKEND,SUB-EVENT,hidden_states_nfc:OpId_17 (cycles)
3627078754,EXECUTE,152120,CYCLES,BACKEND,SUB-EVENT,rms_norm__Mul_1_output_0:OpId_22 (cycles)
3627078754,EXECUTE,0,CYCLES,BACKEND,SUB-EVENT,_MatMul_2_pre_reshape:OpId_25 (cycles)
3627078754,EXECUTE,0,CYCLES,BACKEND,SUB-EVENT,_MatMul_1_pre_reshape:OpId_26 (cycles)
3627078754,EXECUTE,0,CYCLES,BACKEND,SUB-EVENT,_MatMul_pre_reshape:OpId_27 (cycles)
3627078754,EXECUTE,0,CYCLES,BACKEND,SUB-EVENT,_MatMul_lhs_reshape:OpId_30 (cycles)
3627078754,EXECUTE,0,CYCLES,BACKEND,SUB-EVENT,_MatMul_lhs_cast_fp16:OpId_31 (cycles)
3627078754,EXECUTE,1658,CYCLES,BACKEND,SUB-EVENT,_MatMul_rhs_cast_fp16:OpId_32 (cycles)
3627078754,EXECUTE,1164621,CYCLES,BACKEND,SUB-EVENT,_MatMul:OpId_33 (cycles)
3627078754,EXECUTE,0,CYCLES,BACKEND,SUB-EVENT,_MatMul_custom_output_reshape:OpId_34 (cycles)
3627078754,EXECUTE,136134,CYCLES,BACKEND,SUB-EVENT,_MatMul_bias_add:OpId_35 (cycles)
3627078754,EXECUTE,0,CYCLES,BACKEND,SUB-EVENT,_MatMul_post_reshape:OpId_37 (cycles)
3627078754,EXECUTE,0,CYCLES,BACKEND,SUB-EVENT,_MatMul_1:OpId_40 (cycles)
3627078754,EXECUTE,0,CYCLES,BACKEND,SUB-EVENT,_MatMul_1_post_reshape:OpId_42 (cycles)
3627078754,EXECUTE,0,CYCLES,BACKEND,SUB-EVENT,_MatMul_2:OpId_45 (cycles)
3627078754,EXECUTE,0,CYCLES,BACKEND,SUB-EVENT,_MatMul_2_post_reshape:OpId_47 (cycles)
3627078754,EXECUTE,34906,CYCLES,BACKEND,SUB-EVENT,_Transpose:OpId_49 (cycles)
3627078754,EXECUTE,11346,CYCLES,BACKEND,SUB-EVENT,_Transpose_1:OpId_51 (cycles)
3627078754,EXECUTE,18550,CYCLES,BACKEND,SUB-EVENT,_Transpose_2:OpId_53 (cycles)
3627078754,EXECUTE,22804,CYCLES,BACKEND,SUB-EVENT,_Slice:OpId_55 (cycles)
3627078754,EXECUTE,8059,CYCLES,BACKEND,SUB-EVENT,_Slice_1:OpId_61 (cycles)
3627078754,EXECUTE,7746,CYCLES,BACKEND,SUB-EVENT,_Mul_2:OpId_67 (cycles)
3627078754,EXECUTE,5034,CYCLES,BACKEND,SUB-EVENT,_Mul_3:OpId_70 (cycles)
3627078754,EXECUTE,1224,CYCLES,BACKEND,SUB-EVENT,_Sub:OpId_72 (cycles)
3627078754,EXECUTE,7527,CYCLES,BACKEND,SUB-EVENT,_Mul_4:OpId_74 (cycles)
3627078754,EXECUTE,4696,CYCLES,BACKEND,SUB-EVENT,_Mul_5:OpId_76 (cycles)
3627078754,EXECUTE,1997,CYCLES,BACKEND,SUB-EVENT,_Add_4:OpId_78 (cycles)
3627078754,EXECUTE,0,CYCLES,BACKEND,SUB-EVENT,_Unsqueeze:OpId_80 (cycles)
3627078754,EXECUTE,0,CYCLES,BACKEND,SUB-EVENT,_Unsqueeze_1:OpId_81 (cycles)
3627078754,EXECUTE,3729,CYCLES,BACKEND,SUB-EVENT,_Concat:OpId_82 (cycles)
3627078754,EXECUTE,0,CYCLES,BACKEND,SUB-EVENT,_Reshape_3:OpId_84 (cycles)
3627078754,EXECUTE,43509,CYCLES,BACKEND,SUB-EVENT,_Slice_3:OpId_86 (cycles)
3627078754,EXECUTE,4514,CYCLES,BACKEND,SUB-EVENT,_Slice_4:OpId_92 (cycles)
3627078754,EXECUTE,8235,CYCLES,BACKEND,SUB-EVENT,_Mul_6:OpId_97 (cycles)
3627078754,EXECUTE,4801,CYCLES,BACKEND,SUB-EVENT,_Mul_7:OpId_99 (cycles)
3627078754,EXECUTE,847,CYCLES,BACKEND,SUB-EVENT,_Sub_1:OpId_101 (cycles)
3627078754,EXECUTE,8067,CYCLES,BACKEND,SUB-EVENT,_Mul_8:OpId_103 (cycles)
3627078754,EXECUTE,4598,CYCLES,BACKEND,SUB-EVENT,_Mul_9:OpId_105 (cycles)
3627078754,EXECUTE,1792,CYCLES,BACKEND,SUB-EVENT,_Add_5:OpId_107 (cycles)
3627078754,EXECUTE,0,CYCLES,BACKEND,SUB-EVENT,_Unsqueeze_2:OpId_109 (cycles)
3627078754,EXECUTE,0,CYCLES,BACKEND,SUB-EVENT,_Unsqueeze_3:OpId_110 (cycles)
3627078754,EXECUTE,2775,CYCLES,BACKEND,SUB-EVENT,_Concat_2:OpId_111 (cycles)
3627078754,EXECUTE,2810,CYCLES,BACKEND,SUB-EVENT,_Reshape_4:OpId_113 (cycles)
3627078754,EXECUTE,0,CYCLES,BACKEND,SUB-EVENT,_Unsqueeze_4:OpId_114 (cycles)
3627078754,EXECUTE,3290,CYCLES,BACKEND,SUB-EVENT,_Tile:OpId_116 (cycles)
3627078754,EXECUTE,0,CYCLES,BACKEND,SUB-EVENT,_Reshape_5:OpId_117 (cycles)
3627078754,EXECUTE,0,CYCLES,BACKEND,SUB-EVENT,_Unsqueeze_5:OpId_118 (cycles)
3627078754,EXECUTE,6636,CYCLES,BACKEND,SUB-EVENT,_Tile_1:OpId_120 (cycles)
3627078754,EXECUTE,0,CYCLES,BACKEND,SUB-EVENT,_Reshape_6:OpId_121 (cycles)
3627078754,EXECUTE,0,CYCLES,BACKEND,SUB-EVENT,_Transpose_3:OpId_123 (cycles)
3627078754,EXECUTE,117843,CYCLES,BACKEND,SUB-EVENT,_MatMul_3:OpId_124 (cycles)
3627078754,EXECUTE,12790,CYCLES,BACKEND,SUB-EVENT,_Div_1:OpId_129 (cycles)
3627078754,EXECUTE,6719,CYCLES,BACKEND,SUB-EVENT,_Add_6:OpId_132 (cycles)
3627078754,EXECUTE,54037,CYCLES,BACKEND,SUB-EVENT,_Softmax:OpId_134 (cycles)
3627078754,EXECUTE,22552,CYCLES,BACKEND,SUB-EVENT,_MatMul_4:OpId_137 (cycles)
3627078754,EXECUTE,0,CYCLES,BACKEND,SUB-EVENT,_Transpose_4:OpId_142 (cycles)
3627078754,EXECUTE,0,CYCLES,BACKEND,SUB-EVENT,_Reshape_7:OpId_143 (cycles)
3627078754,EXECUTE,14716,CYCLES,BACKEND,SUB-EVENT,_MatMul_5:OpId_145 (cycles)
3627078754,EXECUTE,0,CYCLES,BACKEND,SUB-EVENT,_MatMul_5_post_reshape:OpId_148 (cycles)
3627078754,EXECUTE,0,CYCLES,BACKEND,SUB-EVENT,_MatMul_5_output_0_nfc:OpId_150 (cycles)
3627078754,EXECUTE,2634,CYCLES,BACKEND,SUB-EVENT,_Add_7:OpId_152 (cycles)
3627078754,EXECUTE,0,CYCLES,BACKEND,SUB-EVENT,_Add_7_output_0_ncf:OpId_155 (cycles)
3627078754,EXECUTE,13803,CYCLES,BACKEND,SUB-EVENT,rms_norm__Mul_11_output_0:OpId_160 (cycles)
3627078754,EXECUTE,0,CYCLES,BACKEND,SUB-EVENT,_MatMul_7_pre_reshape:OpId_163 (cycles)
3627078754,EXECUTE,0,CYCLES,BACKEND,SUB-EVENT,_MatMul_6_pre_reshape:OpId_164 (cycles)
3627078754,EXECUTE,148278,CYCLES,BACKEND,SUB-EVENT,_MatMul_6:OpId_166 (cycles)
3627078754,EXECUTE,0,CYCLES,BACKEND,SUB-EVENT,_MatMul_6_post_reshape:OpId_169 (cycles)
3627078754,EXECUTE,290696,CYCLES,BACKEND,SUB-EVENT,_MatMul_7:OpId_171 (cycles)
3627078754,EXECUTE,0,CYCLES,BACKEND,SUB-EVENT,_MatMul_7_post_reshape:OpId_174 (cycles)
3627078754,EXECUTE,0,CYCLES,BACKEND,SUB-EVENT,_Sigmoid:OpId_175 (cycles)
3627078754,EXECUTE,187401,CYCLES,BACKEND,SUB-EVENT,_Mul_12:OpId_182 (cycles)
3627078754,EXECUTE,93304,CYCLES,BACKEND,SUB-EVENT,_Mul_13:OpId_184 (cycles)
3627078754,EXECUTE,0,CYCLES,BACKEND,SUB-EVENT,_MatMul_8_pre_reshape:OpId_186 (cycles)
3627078754,EXECUTE,318022,CYCLES,BACKEND,SUB-EVENT,_MatMul_8:OpId_188 (cycles)
3627078754,EXECUTE,0,CYCLES,BACKEND,SUB-EVENT,_MatMul_8_post_reshape:OpId_191 (cycles)
3627078754,EXECUTE,0,CYCLES,BACKEND,SUB-EVENT,_MatMul_8_output_0_nfc:OpId_193 (cycles)
3627078754,EXECUTE,7144,CYCLES,BACKEND,SUB-EVENT,_Add_9:OpId_195 (cycles)
3627078754,EXECUTE,35967,CYCLES,BACKEND,SUB-EVENT,hidden_out_ncf:OpId_198 (cycles)
3627078754,EXECUTE,10463,CYCLES,BACKEND,SUB-EVENT,Output OpId_3 (cycles)
3627078754,EXECUTE,6043,US,BACKEND,ROOT,Accelerator (execute) time
3627078754,EXECUTE,4176,US,BACKEND,ROOT,Accelerator (execute excluding wait) time
3627078754,EXECUTE,13276,US,BACKEND,ROOT,QNN (execute) time
3627115997,EXECUTE,16443,US,NETRUN,ROOT,Graph 0: qwen2_0_5b_layer0_prefill_seq16
3627115997,EXECUTE,4,COUNT,BACKEND,ROOT,Number of HVX threads used
3627115997,EXECUTE,15184,US,BACKEND,ROOT,RPC (execute) time
3627115997,EXECUTE,13437,US,BACKEND,ROOT,QNN accelerator (execute) time
3627115997,EXECUTE,0,COUNT,BACKEND,ROOT,Num times yield occured
3627115997,EXECUTE,7255,US,BACKEND,ROOT,Time for initial VTCM acquire
3627115997,EXECUTE,4986,US,BACKEND,ROOT,Time for HVX + HMX power on and acquire
3627115997,EXECUTE,3413814,CYCLES,BACKEND,ROOT,Accelerator (execute) time (cycles)
3627115997,EXECUTE,11930,CYCLES,BACKEND,SUB-EVENT,Input OpId_2 (cycles)
3627115997,EXECUTE,0,CYCLES,BACKEND,SUB-EVENT,hidden_states_nfc:OpId_17 (cycles)
3627115997,EXECUTE,262032,CYCLES,BACKEND,SUB-EVENT,rms_norm__Mul_1_output_0:OpId_22 (cycles)
3627115997,EXECUTE,0,CYCLES,BACKEND,SUB-EVENT,_MatMul_2_pre_reshape:OpId_25 (cycles)
3627115997,EXECUTE,0,CYCLES,BACKEND,SUB-EVENT,_MatMul_1_pre_reshape:OpId_26 (cycles)
3627115997,EXECUTE,0,CYCLES,BACKEND,SUB-EVENT,_MatMul_pre_reshape:OpId_27 (cycles)
3627115997,EXECUTE,0,CYCLES,BACKEND,SUB-EVENT,_MatMul_lhs_reshape:OpId_30 (cycles)
3627115997,EXECUTE,0,CYCLES,BACKEND,SUB-EVENT,_MatMul_lhs_cast_fp16:OpId_31 (cycles)
3627115997,EXECUTE,44077,CYCLES,BACKEND,SUB-EVENT,_MatMul_rhs_cast_fp16:OpId_32 (cycles)
3627115997,EXECUTE,1097772,CYCLES,BACKEND,SUB-EVENT,_MatMul:OpId_33 (cycles)
3627115997,EXECUTE,0,CYCLES,BACKEND,SUB-EVENT,_MatMul_custom_output_reshape:OpId_34 (cycles)
3627115997,EXECUTE,105588,CYCLES,BACKEND,SUB-EVENT,_MatMul_bias_add:OpId_35 (cycles)
3627115997,EXECUTE,0,CYCLES,BACKEND,SUB-EVENT,_MatMul_post_reshape:OpId_37 (cycles)
3627115997,EXECUTE,0,CYCLES,BACKEND,SUB-EVENT,_MatMul_1:OpId_40 (cycles)
3627115997,EXECUTE,0,CYCLES,BACKEND,SUB-EVENT,_MatMul_1_post_reshape:OpId_42 (cycles)
3627115997,EXECUTE,0,CYCLES,BACKEND,SUB-EVENT,_MatMul_2:OpId_45 (cycles)
3627115997,EXECUTE,0,CYCLES,BACKEND,SUB-EVENT,_MatMul_2_post_reshape:OpId_47 (cycles)
3627115997,EXECUTE,23584,CYCLES,BACKEND,SUB-EVENT,_Transpose:OpId_49 (cycles)
3627115997,EXECUTE,11282,CYCLES,BACKEND,SUB-EVENT,_Transpose_1:OpId_51 (cycles)
3627115997,EXECUTE,19421,CYCLES,BACKEND,SUB-EVENT,_Transpose_2:OpId_53 (cycles)
3627115997,EXECUTE,22356,CYCLES,BACKEND,SUB-EVENT,_Slice:OpId_55 (cycles)
3627115997,EXECUTE,7511,CYCLES,BACKEND,SUB-EVENT,_Slice_1:OpId_61 (cycles)
3627115997,EXECUTE,6706,CYCLES,BACKEND,SUB-EVENT,_Mul_2:OpId_67 (cycles)
3627115997,EXECUTE,4596,CYCLES,BACKEND,SUB-EVENT,_Mul_3:OpId_70 (cycles)
3627115997,EXECUTE,885,CYCLES,BACKEND,SUB-EVENT,_Sub:OpId_72 (cycles)
3627115997,EXECUTE,6144,CYCLES,BACKEND,SUB-EVENT,_Mul_4:OpId_74 (cycles)
3627115997,EXECUTE,4501,CYCLES,BACKEND,SUB-EVENT,_Mul_5:OpId_76 (cycles)
3627115997,EXECUTE,1251,CYCLES,BACKEND,SUB-EVENT,_Add_4:OpId_78 (cycles)
3627115997,EXECUTE,0,CYCLES,BACKEND,SUB-EVENT,_Unsqueeze:OpId_80 (cycles)
3627115997,EXECUTE,0,CYCLES,BACKEND,SUB-EVENT,_Unsqueeze_1:OpId_81 (cycles)
3627115997,EXECUTE,3901,CYCLES,BACKEND,SUB-EVENT,_Concat:OpId_82 (cycles)
3627115997,EXECUTE,0,CYCLES,BACKEND,SUB-EVENT,_Reshape_3:OpId_84 (cycles)
3627115997,EXECUTE,25989,CYCLES,BACKEND,SUB-EVENT,_Slice_3:OpId_86 (cycles)
3627115997,EXECUTE,5053,CYCLES,BACKEND,SUB-EVENT,_Slice_4:OpId_92 (cycles)
3627115997,EXECUTE,4382,CYCLES,BACKEND,SUB-EVENT,_Mul_6:OpId_97 (cycles)
3627115997,EXECUTE,2118,CYCLES,BACKEND,SUB-EVENT,_Mul_7:OpId_99 (cycles)
3627115997,EXECUTE,790,CYCLES,BACKEND,SUB-EVENT,_Sub_1:OpId_101 (cycles)
3627115997,EXECUTE,4308,CYCLES,BACKEND,SUB-EVENT,_Mul_8:OpId_103 (cycles)
3627115997,EXECUTE,1995,CYCLES,BACKEND,SUB-EVENT,_Mul_9:OpId_105 (cycles)
3627115997,EXECUTE,1168,CYCLES,BACKEND,SUB-EVENT,_Add_5:OpId_107 (cycles)
3627115997,EXECUTE,0,CYCLES,BACKEND,SUB-EVENT,_Unsqueeze_2:OpId_109 (cycles)
3627115997,EXECUTE,0,CYCLES,BACKEND,SUB-EVENT,_Unsqueeze_3:OpId_110 (cycles)
3627115997,EXECUTE,3119,CYCLES,BACKEND,SUB-EVENT,_Concat_2:OpId_111 (cycles)
3627115997,EXECUTE,2842,CYCLES,BACKEND,SUB-EVENT,_Reshape_4:OpId_113 (cycles)
3627115997,EXECUTE,0,CYCLES,BACKEND,SUB-EVENT,_Unsqueeze_4:OpId_114 (cycles)
3627115997,EXECUTE,2272,CYCLES,BACKEND,SUB-EVENT,_Tile:OpId_116 (cycles)
3627115997,EXECUTE,0,CYCLES,BACKEND,SUB-EVENT,_Reshape_5:OpId_117 (cycles)
3627115997,EXECUTE,0,CYCLES,BACKEND,SUB-EVENT,_Unsqueeze_5:OpId_118 (cycles)
3627115997,EXECUTE,3208,CYCLES,BACKEND,SUB-EVENT,_Tile_1:OpId_120 (cycles)
3627115997,EXECUTE,0,CYCLES,BACKEND,SUB-EVENT,_Reshape_6:OpId_121 (cycles)
3627115997,EXECUTE,0,CYCLES,BACKEND,SUB-EVENT,_Transpose_3:OpId_123 (cycles)
3627115997,EXECUTE,79076,CYCLES,BACKEND,SUB-EVENT,_MatMul_3:OpId_124 (cycles)
3627115997,EXECUTE,12726,CYCLES,BACKEND,SUB-EVENT,_Div_1:OpId_129 (cycles)
3627115997,EXECUTE,4496,CYCLES,BACKEND,SUB-EVENT,_Add_6:OpId_132 (cycles)
3627115997,EXECUTE,61539,CYCLES,BACKEND,SUB-EVENT,_Softmax:OpId_134 (cycles)
3627115997,EXECUTE,16712,CYCLES,BACKEND,SUB-EVENT,_MatMul_4:OpId_137 (cycles)
3627115997,EXECUTE,0,CYCLES,BACKEND,SUB-EVENT,_Transpose_4:OpId_142 (cycles)
3627115997,EXECUTE,0,CYCLES,BACKEND,SUB-EVENT,_Reshape_7:OpId_143 (cycles)
3627115997,EXECUTE,11323,CYCLES,BACKEND,SUB-EVENT,_MatMul_5:OpId_145 (cycles)
3627115997,EXECUTE,0,CYCLES,BACKEND,SUB-EVENT,_MatMul_5_post_reshape:OpId_148 (cycles)
3627115997,EXECUTE,0,CYCLES,BACKEND,SUB-EVENT,_MatMul_5_output_0_nfc:OpId_150 (cycles)
3627115997,EXECUTE,2644,CYCLES,BACKEND,SUB-EVENT,_Add_7:OpId_152 (cycles)
3627115997,EXECUTE,0,CYCLES,BACKEND,SUB-EVENT,_Add_7_output_0_ncf:OpId_155 (cycles)
3627115997,EXECUTE,12419,CYCLES,BACKEND,SUB-EVENT,rms_norm__Mul_11_output_0:OpId_160 (cycles)
3627115997,EXECUTE,0,CYCLES,BACKEND,SUB-EVENT,_MatMul_7_pre_reshape:OpId_163 (cycles)
3627115997,EXECUTE,0,CYCLES,BACKEND,SUB-EVENT,_MatMul_6_pre_reshape:OpId_164 (cycles)
3627115997,EXECUTE,406231,CYCLES,BACKEND,SUB-EVENT,_MatMul_6:OpId_166 (cycles)
3627115997,EXECUTE,0,CYCLES,BACKEND,SUB-EVENT,_MatMul_6_post_reshape:OpId_169 (cycles)
3627115997,EXECUTE,398634,CYCLES,BACKEND,SUB-EVENT,_MatMul_7:OpId_171 (cycles)
3627115997,EXECUTE,0,CYCLES,BACKEND,SUB-EVENT,_MatMul_7_post_reshape:OpId_174 (cycles)
3627115997,EXECUTE,0,CYCLES,BACKEND,SUB-EVENT,_Sigmoid:OpId_175 (cycles)
3627115997,EXECUTE,156064,CYCLES,BACKEND,SUB-EVENT,_Mul_12:OpId_182 (cycles)
3627115997,EXECUTE,115586,CYCLES,BACKEND,SUB-EVENT,_Mul_13:OpId_184 (cycles)
3627115997,EXECUTE,0,CYCLES,BACKEND,SUB-EVENT,_MatMul_8_pre_reshape:OpId_186 (cycles)
3627115997,EXECUTE,388421,CYCLES,BACKEND,SUB-EVENT,_MatMul_8:OpId_188 (cycles)
3627115997,EXECUTE,0,CYCLES,BACKEND,SUB-EVENT,_MatMul_8_post_reshape:OpId_191 (cycles)
3627115997,EXECUTE,0,CYCLES,BACKEND,SUB-EVENT,_MatMul_8_output_0_nfc:OpId_193 (cycles)
3627115997,EXECUTE,7119,CYCLES,BACKEND,SUB-EVENT,_Add_9:OpId_195 (cycles)
3627115997,EXECUTE,36132,CYCLES,BACKEND,SUB-EVENT,hidden_out_ncf:OpId_198 (cycles)
3627115997,EXECUTE,13911,CYCLES,BACKEND,SUB-EVENT,Output OpId_3 (cycles)
3627115997,EXECUTE,7182,US,BACKEND,ROOT,Accelerator (execute) time
3627115997,EXECUTE,5317,US,BACKEND,ROOT,Accelerator (execute excluding wait) time
3627115997,EXECUTE,16368,US,BACKEND,ROOT,QNN (execute) time
3627147918,EXECUTE,15702,US,NETRUN,ROOT,Graph 0: qwen2_0_5b_layer0_prefill_seq16
3627147918,EXECUTE,4,COUNT,BACKEND,ROOT,Number of HVX threads used
3627147918,EXECUTE,14404,US,BACKEND,ROOT,RPC (execute) time
3627147918,EXECUTE,13039,US,BACKEND,ROOT,QNN accelerator (execute) time
3627147918,EXECUTE,0,COUNT,BACKEND,ROOT,Num times yield occured
3627147918,EXECUTE,7583,US,BACKEND,ROOT,Time for initial VTCM acquire
3627147918,EXECUTE,5170,US,BACKEND,ROOT,Time for HVX + HMX power on and acquire
3627147918,EXECUTE,3443221,CYCLES,BACKEND,ROOT,Accelerator (execute) time (cycles)
3627147918,EXECUTE,2588,CYCLES,BACKEND,SUB-EVENT,Input OpId_2 (cycles)
3627147918,EXECUTE,0,CYCLES,BACKEND,SUB-EVENT,hidden_states_nfc:OpId_17 (cycles)
3627147918,EXECUTE,242713,CYCLES,BACKEND,SUB-EVENT,rms_norm__Mul_1_output_0:OpId_22 (cycles)
3627147918,EXECUTE,0,CYCLES,BACKEND,SUB-EVENT,_MatMul_2_pre_reshape:OpId_25 (cycles)
3627147918,EXECUTE,0,CYCLES,BACKEND,SUB-EVENT,_MatMul_1_pre_reshape:OpId_26 (cycles)
3627147918,EXECUTE,0,CYCLES,BACKEND,SUB-EVENT,_MatMul_pre_reshape:OpId_27 (cycles)
3627147918,EXECUTE,0,CYCLES,BACKEND,SUB-EVENT,_MatMul_lhs_reshape:OpId_30 (cycles)
3627147918,EXECUTE,0,CYCLES,BACKEND,SUB-EVENT,_MatMul_lhs_cast_fp16:OpId_31 (cycles)
3627147918,EXECUTE,1642,CYCLES,BACKEND,SUB-EVENT,_MatMul_rhs_cast_fp16:OpId_32 (cycles)
3627147918,EXECUTE,1096807,CYCLES,BACKEND,SUB-EVENT,_MatMul:OpId_33 (cycles)
3627147918,EXECUTE,0,CYCLES,BACKEND,SUB-EVENT,_MatMul_custom_output_reshape:OpId_34 (cycles)
3627147918,EXECUTE,162981,CYCLES,BACKEND,SUB-EVENT,_MatMul_bias_add:OpId_35 (cycles)
3627147918,EXECUTE,0,CYCLES,BACKEND,SUB-EVENT,_MatMul_post_reshape:OpId_37 (cycles)
3627147918,EXECUTE,0,CYCLES,BACKEND,SUB-EVENT,_MatMul_1:OpId_40 (cycles)
3627147918,EXECUTE,0,CYCLES,BACKEND,SUB-EVENT,_MatMul_1_post_reshape:OpId_42 (cycles)
3627147918,EXECUTE,0,CYCLES,BACKEND,SUB-EVENT,_MatMul_2:OpId_45 (cycles)
3627147918,EXECUTE,0,CYCLES,BACKEND,SUB-EVENT,_MatMul_2_post_reshape:OpId_47 (cycles)
3627147918,EXECUTE,38656,CYCLES,BACKEND,SUB-EVENT,_Transpose:OpId_49 (cycles)
3627147918,EXECUTE,16750,CYCLES,BACKEND,SUB-EVENT,_Transpose_1:OpId_51 (cycles)
3627147918,EXECUTE,22620,CYCLES,BACKEND,SUB-EVENT,_Transpose_2:OpId_53 (cycles)
3627147918,EXECUTE,22453,CYCLES,BACKEND,SUB-EVENT,_Slice:OpId_55 (cycles)
3627147918,EXECUTE,7675,CYCLES,BACKEND,SUB-EVENT,_Slice_1:OpId_61 (cycles)
3627147918,EXECUTE,6398,CYCLES,BACKEND,SUB-EVENT,_Mul_2:OpId_67 (cycles)
3627147918,EXECUTE,4814,CYCLES,BACKEND,SUB-EVENT,_Mul_3:OpId_70 (cycles)
3627147918,EXECUTE,882,CYCLES,BACKEND,SUB-EVENT,_Sub:OpId_72 (cycles)
3627147918,EXECUTE,6475,CYCLES,BACKEND,SUB-EVENT,_Mul_4:OpId_74 (cycles)
3627147918,EXECUTE,4642,CYCLES,BACKEND,SUB-EVENT,_Mul_5:OpId_76 (cycles)
3627147918,EXECUTE,3522,CYCLES,BACKEND,SUB-EVENT,_Add_4:OpId_78 (cycles)
3627147918,EXECUTE,0,CYCLES,BACKEND,SUB-EVENT,_Unsqueeze:OpId_80 (cycles)
3627147918,EXECUTE,0,CYCLES,BACKEND,SUB-EVENT,_Unsqueeze_1:OpId_81 (cycles)
3627147918,EXECUTE,4154,CYCLES,BACKEND,SUB-EVENT,_Concat:OpId_82 (cycles)
3627147918,EXECUTE,0,CYCLES,BACKEND,SUB-EVENT,_Reshape_3:OpId_84 (cycles)
3627147918,EXECUTE,51808,CYCLES,BACKEND,SUB-EVENT,_Slice_3:OpId_86 (cycles)
3627147918,EXECUTE,5220,CYCLES,BACKEND,SUB-EVENT,_Slice_4:OpId_92 (cycles)
3627147918,EXECUTE,12704,CYCLES,BACKEND,SUB-EVENT,_Mul_6:OpId_97 (cycles)
3627147918,EXECUTE,9263,CYCLES,BACKEND,SUB-EVENT,_Mul_7:OpId_99 (cycles)
3627147918,EXECUTE,822,CYCLES,BACKEND,SUB-EVENT,_Sub_1:OpId_101 (cycles)
3627147918,EXECUTE,12399,CYCLES,BACKEND,SUB-EVENT,_Mul_8:OpId_103 (cycles)
3627147918,EXECUTE,9186,CYCLES,BACKEND,SUB-EVENT,_Mul_9:OpId_105 (cycles)
3627147918,EXECUTE,1443,CYCLES,BACKEND,SUB-EVENT,_Add_5:OpId_107 (cycles)
3627147918,EXECUTE,0,CYCLES,BACKEND,SUB-EVENT,_Unsqueeze_2:OpId_109 (cycles)
3627147918,EXECUTE,0,CYCLES,BACKEND,SUB-EVENT,_Unsqueeze_3:OpId_110 (cycles)
3627147918,EXECUTE,3343,CYCLES,BACKEND,SUB-EVENT,_Concat_2:OpId_111 (cycles)
3627147918,EXECUTE,3939,CYCLES,BACKEND,SUB-EVENT,_Reshape_4:OpId_113 (cycles)
3627147918,EXECUTE,0,CYCLES,BACKEND,SUB-EVENT,_Unsqueeze_4:OpId_114 (cycles)
3627147918,EXECUTE,4285,CYCLES,BACKEND,SUB-EVENT,_Tile:OpId_116 (cycles)
3627147918,EXECUTE,0,CYCLES,BACKEND,SUB-EVENT,_Reshape_5:OpId_117 (cycles)
3627147918,EXECUTE,0,CYCLES,BACKEND,SUB-EVENT,_Unsqueeze_5:OpId_118 (cycles)
3627147918,EXECUTE,13173,CYCLES,BACKEND,SUB-EVENT,_Tile_1:OpId_120 (cycles)
3627147918,EXECUTE,0,CYCLES,BACKEND,SUB-EVENT,_Reshape_6:OpId_121 (cycles)
3627147918,EXECUTE,0,CYCLES,BACKEND,SUB-EVENT,_Transpose_3:OpId_123 (cycles)
3627147918,EXECUTE,137663,CYCLES,BACKEND,SUB-EVENT,_MatMul_3:OpId_124 (cycles)
3627147918,EXECUTE,13715,CYCLES,BACKEND,SUB-EVENT,_Div_1:OpId_129 (cycles)
3627147918,EXECUTE,9563,CYCLES,BACKEND,SUB-EVENT,_Add_6:OpId_132 (cycles)
3627147918,EXECUTE,65437,CYCLES,BACKEND,SUB-EVENT,_Softmax:OpId_134 (cycles)
3627147918,EXECUTE,46797,CYCLES,BACKEND,SUB-EVENT,_MatMul_4:OpId_137 (cycles)
3627147918,EXECUTE,0,CYCLES,BACKEND,SUB-EVENT,_Transpose_4:OpId_142 (cycles)
3627147918,EXECUTE,0,CYCLES,BACKEND,SUB-EVENT,_Reshape_7:OpId_143 (cycles)
3627147918,EXECUTE,15964,CYCLES,BACKEND,SUB-EVENT,_MatMul_5:OpId_145 (cycles)
3627147918,EXECUTE,0,CYCLES,BACKEND,SUB-EVENT,_MatMul_5_post_reshape:OpId_148 (cycles)
3627147918,EXECUTE,0,CYCLES,BACKEND,SUB-EVENT,_MatMul_5_output_0_nfc:OpId_150 (cycles)
3627147918,EXECUTE,2661,CYCLES,BACKEND,SUB-EVENT,_Add_7:OpId_152 (cycles)
3627147918,EXECUTE,0,CYCLES,BACKEND,SUB-EVENT,_Add_7_output_0_ncf:OpId_155 (cycles)
3627147918,EXECUTE,17058,CYCLES,BACKEND,SUB-EVENT,rms_norm__Mul_11_output_0:OpId_160 (cycles)
3627147918,EXECUTE,0,CYCLES,BACKEND,SUB-EVENT,_MatMul_7_pre_reshape:OpId_163 (cycles)
3627147918,EXECUTE,0,CYCLES,BACKEND,SUB-EVENT,_MatMul_6_pre_reshape:OpId_164 (cycles)
3627147918,EXECUTE,224687,CYCLES,BACKEND,SUB-EVENT,_MatMul_6:OpId_166 (cycles)
3627147918,EXECUTE,0,CYCLES,BACKEND,SUB-EVENT,_MatMul_6_post_reshape:OpId_169 (cycles)
3627147918,EXECUTE,373006,CYCLES,BACKEND,SUB-EVENT,_MatMul_7:OpId_171 (cycles)
3627147918,EXECUTE,0,CYCLES,BACKEND,SUB-EVENT,_MatMul_7_post_reshape:OpId_174 (cycles)
3627147918,EXECUTE,0,CYCLES,BACKEND,SUB-EVENT,_Sigmoid:OpId_175 (cycles)
3627147918,EXECUTE,203505,CYCLES,BACKEND,SUB-EVENT,_Mul_12:OpId_182 (cycles)
3627147918,EXECUTE,105339,CYCLES,BACKEND,SUB-EVENT,_Mul_13:OpId_184 (cycles)
3627147918,EXECUTE,0,CYCLES,BACKEND,SUB-EVENT,_MatMul_8_pre_reshape:OpId_186 (cycles)
3627147918,EXECUTE,393028,CYCLES,BACKEND,SUB-EVENT,_MatMul_8:OpId_188 (cycles)
3627147918,EXECUTE,0,CYCLES,BACKEND,SUB-EVENT,_MatMul_8_post_reshape:OpId_191 (cycles)
3627147918,EXECUTE,0,CYCLES,BACKEND,SUB-EVENT,_MatMul_8_output_0_nfc:OpId_193 (cycles)
3627147918,EXECUTE,7148,CYCLES,BACKEND,SUB-EVENT,_Add_9:OpId_195 (cycles)
3627147918,EXECUTE,39938,CYCLES,BACKEND,SUB-EVENT,hidden_out_ncf:OpId_198 (cycles)
3627147918,EXECUTE,14355,CYCLES,BACKEND,SUB-EVENT,Output OpId_3 (cycles)
3627147918,EXECUTE,6913,US,BACKEND,ROOT,Accelerator (execute) time
3627147918,EXECUTE,5025,US,BACKEND,ROOT,Accelerator (execute excluding wait) time
3627147918,EXECUTE,15630,US,BACKEND,ROOT,QNN (execute) time
3627181176,EXECUTE,16585,US,NETRUN,ROOT,Graph 0: qwen2_0_5b_layer0_prefill_seq16
3627181176,EXECUTE,4,COUNT,BACKEND,ROOT,Number of HVX threads used
3627181176,EXECUTE,15215,US,BACKEND,ROOT,RPC (execute) time
3627181176,EXECUTE,13200,US,BACKEND,ROOT,QNN accelerator (execute) time
3627181176,EXECUTE,0,COUNT,BACKEND,ROOT,Num times yield occured
3627181176,EXECUTE,7460,US,BACKEND,ROOT,Time for initial VTCM acquire
3627181176,EXECUTE,4969,US,BACKEND,ROOT,Time for HVX + HMX power on and acquire
3627181176,EXECUTE,3442442,CYCLES,BACKEND,ROOT,Accelerator (execute) time (cycles)
3627181176,EXECUTE,3064,CYCLES,BACKEND,SUB-EVENT,Input OpId_2 (cycles)
3627181176,EXECUTE,0,CYCLES,BACKEND,SUB-EVENT,hidden_states_nfc:OpId_17 (cycles)
3627181176,EXECUTE,231015,CYCLES,BACKEND,SUB-EVENT,rms_norm__Mul_1_output_0:OpId_22 (cycles)
3627181176,EXECUTE,0,CYCLES,BACKEND,SUB-EVENT,_MatMul_2_pre_reshape:OpId_25 (cycles)
3627181176,EXECUTE,0,CYCLES,BACKEND,SUB-EVENT,_MatMul_1_pre_reshape:OpId_26 (cycles)
3627181176,EXECUTE,0,CYCLES,BACKEND,SUB-EVENT,_MatMul_pre_reshape:OpId_27 (cycles)
3627181176,EXECUTE,0,CYCLES,BACKEND,SUB-EVENT,_MatMul_lhs_reshape:OpId_30 (cycles)
3627181176,EXECUTE,0,CYCLES,BACKEND,SUB-EVENT,_MatMul_lhs_cast_fp16:OpId_31 (cycles)
3627181176,EXECUTE,3628,CYCLES,BACKEND,SUB-EVENT,_MatMul_rhs_cast_fp16:OpId_32 (cycles)
3627181176,EXECUTE,1112321,CYCLES,BACKEND,SUB-EVENT,_MatMul:OpId_33 (cycles)
3627181176,EXECUTE,0,CYCLES,BACKEND,SUB-EVENT,_MatMul_custom_output_reshape:OpId_34 (cycles)
3627181176,EXECUTE,166006,CYCLES,BACKEND,SUB-EVENT,_MatMul_bias_add:OpId_35 (cycles)
3627181176,EXECUTE,0,CYCLES,BACKEND,SUB-EVENT,_MatMul_post_reshape:OpId_37 (cycles)
3627181176,EXECUTE,0,CYCLES,BACKEND,SUB-EVENT,_MatMul_1:OpId_40 (cycles)
3627181176,EXECUTE,0,CYCLES,BACKEND,SUB-EVENT,_MatMul_1_post_reshape:OpId_42 (cycles)
3627181176,EXECUTE,0,CYCLES,BACKEND,SUB-EVENT,_MatMul_2:OpId_45 (cycles)
3627181176,EXECUTE,0,CYCLES,BACKEND,SUB-EVENT,_MatMul_2_post_reshape:OpId_47 (cycles)
3627181176,EXECUTE,36313,CYCLES,BACKEND,SUB-EVENT,_Transpose:OpId_49 (cycles)
3627181176,EXECUTE,16696,CYCLES,BACKEND,SUB-EVENT,_Transpose_1:OpId_51 (cycles)
3627181176,EXECUTE,16882,CYCLES,BACKEND,SUB-EVENT,_Transpose_2:OpId_53 (cycles)
3627181176,EXECUTE,22028,CYCLES,BACKEND,SUB-EVENT,_Slice:OpId_55 (cycles)
3627181176,EXECUTE,7598,CYCLES,BACKEND,SUB-EVENT,_Slice_1:OpId_61 (cycles)
3627181176,EXECUTE,6809,CYCLES,BACKEND,SUB-EVENT,_Mul_2:OpId_67 (cycles)
3627181176,EXECUTE,4769,CYCLES,BACKEND,SUB-EVENT,_Mul_3:OpId_70 (cycles)
3627181176,EXECUTE,1087,CYCLES,BACKEND,SUB-EVENT,_Sub:OpId_72 (cycles)
3627181176,EXECUTE,6755,CYCLES,BACKEND,SUB-EVENT,_Mul_4:OpId_74 (cycles)
3627181176,EXECUTE,4700,CYCLES,BACKEND,SUB-EVENT,_Mul_5:OpId_76 (cycles)
3627181176,EXECUTE,6858,CYCLES,BACKEND,SUB-EVENT,_Add_4:OpId_78 (cycles)
3627181176,EXECUTE,0,CYCLES,BACKEND,SUB-EVENT,_Unsqueeze:OpId_80 (cycles)
3627181176,EXECUTE,0,CYCLES,BACKEND,SUB-EVENT,_Unsqueeze_1:OpId_81 (cycles)
3627181176,EXECUTE,4141,CYCLES,BACKEND,SUB-EVENT,_Concat:OpId_82 (cycles)
3627181176,EXECUTE,0,CYCLES,BACKEND,SUB-EVENT,_Reshape_3:OpId_84 (cycles)
3627181176,EXECUTE,59678,CYCLES,BACKEND,SUB-EVENT,_Slice_3:OpId_86 (cycles)
3627181176,EXECUTE,5507,CYCLES,BACKEND,SUB-EVENT,_Slice_4:OpId_92 (cycles)
3627181176,EXECUTE,12423,CYCLES,BACKEND,SUB-EVENT,_Mul_6:OpId_97 (cycles)
3627181176,EXECUTE,9725,CYCLES,BACKEND,SUB-EVENT,_Mul_7:OpId_99 (cycles)
3627181176,EXECUTE,1065,CYCLES,BACKEND,SUB-EVENT,_Sub_1:OpId_101 (cycles)
3627181176,EXECUTE,12334,CYCLES,BACKEND,SUB-EVENT,_Mul_8:OpId_103 (cycles)
3627181176,EXECUTE,9339,CYCLES,BACKEND,SUB-EVENT,_Mul_9:OpId_105 (cycles)
3627181176,EXECUTE,1281,CYCLES,BACKEND,SUB-EVENT,_Add_5:OpId_107 (cycles)
3627181176,EXECUTE,0,CYCLES,BACKEND,SUB-EVENT,_Unsqueeze_2:OpId_109 (cycles)
3627181176,EXECUTE,0,CYCLES,BACKEND,SUB-EVENT,_Unsqueeze_3:OpId_110 (cycles)
3627181176,EXECUTE,3691,CYCLES,BACKEND,SUB-EVENT,_Concat_2:OpId_111 (cycles)
3627181176,EXECUTE,4496,CYCLES,BACKEND,SUB-EVENT,_Reshape_4:OpId_113 (cycles)
3627181176,EXECUTE,0,CYCLES,BACKEND,SUB-EVENT,_Unsqueeze_4:OpId_114 (cycles)
3627181176,EXECUTE,8914,CYCLES,BACKEND,SUB-EVENT,_Tile:OpId_116 (cycles)
3627181176,EXECUTE,0,CYCLES,BACKEND,SUB-EVENT,_Reshape_5:OpId_117 (cycles)
3627181176,EXECUTE,0,CYCLES,BACKEND,SUB-EVENT,_Unsqueeze_5:OpId_118 (cycles)
3627181176,EXECUTE,12115,CYCLES,BACKEND,SUB-EVENT,_Tile_1:OpId_120 (cycles)
3627181176,EXECUTE,0,CYCLES,BACKEND,SUB-EVENT,_Reshape_6:OpId_121 (cycles)
3627181176,EXECUTE,0,CYCLES,BACKEND,SUB-EVENT,_Transpose_3:OpId_123 (cycles)
3627181176,EXECUTE,123952,CYCLES,BACKEND,SUB-EVENT,_MatMul_3:OpId_124 (cycles)
3627181176,EXECUTE,14854,CYCLES,BACKEND,SUB-EVENT,_Div_1:OpId_129 (cycles)
3627181176,EXECUTE,11101,CYCLES,BACKEND,SUB-EVENT,_Add_6:OpId_132 (cycles)
3627181176,EXECUTE,64842,CYCLES,BACKEND,SUB-EVENT,_Softmax:OpId_134 (cycles)
3627181176,EXECUTE,39794,CYCLES,BACKEND,SUB-EVENT,_MatMul_4:OpId_137 (cycles)
3627181176,EXECUTE,0,CYCLES,BACKEND,SUB-EVENT,_Transpose_4:OpId_142 (cycles)
3627181176,EXECUTE,0,CYCLES,BACKEND,SUB-EVENT,_Reshape_7:OpId_143 (cycles)
3627181176,EXECUTE,23807,CYCLES,BACKEND,SUB-EVENT,_MatMul_5:OpId_145 (cycles)
3627181176,EXECUTE,0,CYCLES,BACKEND,SUB-EVENT,_MatMul_5_post_reshape:OpId_148 (cycles)
3627181176,EXECUTE,0,CYCLES,BACKEND,SUB-EVENT,_MatMul_5_output_0_nfc:OpId_150 (cycles)
3627181176,EXECUTE,2636,CYCLES,BACKEND,SUB-EVENT,_Add_7:OpId_152 (cycles)
3627181176,EXECUTE,0,CYCLES,BACKEND,SUB-EVENT,_Add_7_output_0_ncf:OpId_155 (cycles)
3627181176,EXECUTE,15123,CYCLES,BACKEND,SUB-EVENT,rms_norm__Mul_11_output_0:OpId_160 (cycles)
3627181176,EXECUTE,0,CYCLES,BACKEND,SUB-EVENT,_MatMul_7_pre_reshape:OpId_163 (cycles)
3627181176,EXECUTE,0,CYCLES,BACKEND,SUB-EVENT,_MatMul_6_pre_reshape:OpId_164 (cycles)
3627181176,EXECUTE,223310,CYCLES,BACKEND,SUB-EVENT,_MatMul_6:OpId_166 (cycles)
3627181176,EXECUTE,0,CYCLES,BACKEND,SUB-EVENT,_MatMul_6_post_reshape:OpId_169 (cycles)
3627181176,EXECUTE,371175,CYCLES,BACKEND,SUB-EVENT,_MatMul_7:OpId_171 (cycles)
3627181176,EXECUTE,0,CYCLES,BACKEND,SUB-EVENT,_MatMul_7_post_reshape:OpId_174 (cycles)
3627181176,EXECUTE,0,CYCLES,BACKEND,SUB-EVENT,_Sigmoid:OpId_175 (cycles)
3627181176,EXECUTE,206842,CYCLES,BACKEND,SUB-EVENT,_Mul_12:OpId_182 (cycles)
3627181176,EXECUTE,106922,CYCLES,BACKEND,SUB-EVENT,_Mul_13:OpId_184 (cycles)
3627181176,EXECUTE,0,CYCLES,BACKEND,SUB-EVENT,_MatMul_8_pre_reshape:OpId_186 (cycles)
3627181176,EXECUTE,388571,CYCLES,BACKEND,SUB-EVENT,_MatMul_8:OpId_188 (cycles)
3627181176,EXECUTE,0,CYCLES,BACKEND,SUB-EVENT,_MatMul_8_post_reshape:OpId_191 (cycles)
3627181176,EXECUTE,0,CYCLES,BACKEND,SUB-EVENT,_MatMul_8_output_0_nfc:OpId_193 (cycles)
3627181176,EXECUTE,7546,CYCLES,BACKEND,SUB-EVENT,_Add_9:OpId_195 (cycles)
3627181176,EXECUTE,39066,CYCLES,BACKEND,SUB-EVENT,hidden_out_ncf:OpId_198 (cycles)
3627181176,EXECUTE,11663,CYCLES,BACKEND,SUB-EVENT,Output OpId_3 (cycles)
3627181176,EXECUTE,6911,US,BACKEND,ROOT,Accelerator (execute) time
3627181176,EXECUTE,4987,US,BACKEND,ROOT,Accelerator (execute excluding wait) time
3627181176,EXECUTE,16513,US,BACKEND,ROOT,QNN (execute) time
3627214586,EXECUTE,17104,US,NETRUN,ROOT,Graph 0: qwen2_0_5b_layer0_prefill_seq16
3627214586,EXECUTE,4,COUNT,BACKEND,ROOT,Number of HVX threads used
3627214586,EXECUTE,14689,US,BACKEND,ROOT,RPC (execute) time
3627214586,EXECUTE,13066,US,BACKEND,ROOT,QNN accelerator (execute) time
3627214586,EXECUTE,0,COUNT,BACKEND,ROOT,Num times yield occured
3627214586,EXECUTE,7966,US,BACKEND,ROOT,Time for initial VTCM acquire
3627214586,EXECUTE,5079,US,BACKEND,ROOT,Time for HVX + HMX power on and acquire
3627214586,EXECUTE,3391233,CYCLES,BACKEND,ROOT,Accelerator (execute) time (cycles)
3627214586,EXECUTE,4792,CYCLES,BACKEND,SUB-EVENT,Input OpId_2 (cycles)
3627214586,EXECUTE,0,CYCLES,BACKEND,SUB-EVENT,hidden_states_nfc:OpId_17 (cycles)
3627214586,EXECUTE,206284,CYCLES,BACKEND,SUB-EVENT,rms_norm__Mul_1_output_0:OpId_22 (cycles)
3627214586,EXECUTE,0,CYCLES,BACKEND,SUB-EVENT,_MatMul_2_pre_reshape:OpId_25 (cycles)
3627214586,EXECUTE,0,CYCLES,BACKEND,SUB-EVENT,_MatMul_1_pre_reshape:OpId_26 (cycles)
3627214586,EXECUTE,0,CYCLES,BACKEND,SUB-EVENT,_MatMul_pre_reshape:OpId_27 (cycles)
3627214586,EXECUTE,0,CYCLES,BACKEND,SUB-EVENT,_MatMul_lhs_reshape:OpId_30 (cycles)
3627214586,EXECUTE,0,CYCLES,BACKEND,SUB-EVENT,_MatMul_lhs_cast_fp16:OpId_31 (cycles)
3627214586,EXECUTE,3034,CYCLES,BACKEND,SUB-EVENT,_MatMul_rhs_cast_fp16:OpId_32 (cycles)
3627214586,EXECUTE,1090637,CYCLES,BACKEND,SUB-EVENT,_MatMul:OpId_33 (cycles)
3627214586,EXECUTE,0,CYCLES,BACKEND,SUB-EVENT,_MatMul_custom_output_reshape:OpId_34 (cycles)
3627214586,EXECUTE,160905,CYCLES,BACKEND,SUB-EVENT,_MatMul_bias_add:OpId_35 (cycles)
3627214586,EXECUTE,0,CYCLES,BACKEND,SUB-EVENT,_MatMul_post_reshape:OpId_37 (cycles)
3627214586,EXECUTE,0,CYCLES,BACKEND,SUB-EVENT,_MatMul_1:OpId_40 (cycles)
3627214586,EXECUTE,0,CYCLES,BACKEND,SUB-EVENT,_MatMul_1_post_reshape:OpId_42 (cycles)
3627214586,EXECUTE,0,CYCLES,BACKEND,SUB-EVENT,_MatMul_2:OpId_45 (cycles)
3627214586,EXECUTE,0,CYCLES,BACKEND,SUB-EVENT,_MatMul_2_post_reshape:OpId_47 (cycles)
3627214586,EXECUTE,31981,CYCLES,BACKEND,SUB-EVENT,_Transpose:OpId_49 (cycles)
3627214586,EXECUTE,11421,CYCLES,BACKEND,SUB-EVENT,_Transpose_1:OpId_51 (cycles)
3627214586,EXECUTE,25527,CYCLES,BACKEND,SUB-EVENT,_Transpose_2:OpId_53 (cycles)
3627214586,EXECUTE,22815,CYCLES,BACKEND,SUB-EVENT,_Slice:OpId_55 (cycles)
3627214586,EXECUTE,7335,CYCLES,BACKEND,SUB-EVENT,_Slice_1:OpId_61 (cycles)
3627214586,EXECUTE,17356,CYCLES,BACKEND,SUB-EVENT,_Mul_2:OpId_67 (cycles)
3627214586,EXECUTE,4645,CYCLES,BACKEND,SUB-EVENT,_Mul_3:OpId_70 (cycles)
3627214586,EXECUTE,1059,CYCLES,BACKEND,SUB-EVENT,_Sub:OpId_72 (cycles)
3627214586,EXECUTE,18067,CYCLES,BACKEND,SUB-EVENT,_Mul_4:OpId_74 (cycles)
3627214586,EXECUTE,4592,CYCLES,BACKEND,SUB-EVENT,_Mul_5:OpId_76 (cycles)
3627214586,EXECUTE,3076,CYCLES,BACKEND,SUB-EVENT,_Add_4:OpId_78 (cycles)
3627214586,EXECUTE,0,CYCLES,BACKEND,SUB-EVENT,_Unsqueeze:OpId_80 (cycles)
3627214586,EXECUTE,0,CYCLES,BACKEND,SUB-EVENT,_Unsqueeze_1:OpId_81 (cycles)
3627214586,EXECUTE,3966,CYCLES,BACKEND,SUB-EVENT,_Concat:OpId_82 (cycles)
3627214586,EXECUTE,0,CYCLES,BACKEND,SUB-EVENT,_Reshape_3:OpId_84 (cycles)
3627214586,EXECUTE,67045,CYCLES,BACKEND,SUB-EVENT,_Slice_3:OpId_86 (cycles)
3627214586,EXECUTE,5773,CYCLES,BACKEND,SUB-EVENT,_Slice_4:OpId_92 (cycles)
3627214586,EXECUTE,14272,CYCLES,BACKEND,SUB-EVENT,_Mul_6:OpId_97 (cycles)
3627214586,EXECUTE,11283,CYCLES,BACKEND,SUB-EVENT,_Mul_7:OpId_99 (cycles)
3627214586,EXECUTE,952,CYCLES,BACKEND,SUB-EVENT,_Sub_1:OpId_101 (cycles)
3627214586,EXECUTE,13959,CYCLES,BACKEND,SUB-EVENT,_Mul_8:OpId_103 (cycles)
3627214586,EXECUTE,11192,CYCLES,BACKEND,SUB-EVENT,_Mul_9:OpId_105 (cycles)
3627214586,EXECUTE,4563,CYCLES,BACKEND,SUB-EVENT,_Add_5:OpId_107 (cycles)
3627214586,EXECUTE,0,CYCLES,BACKEND,SUB-EVENT,_Unsqueeze_2:OpId_109 (cycles)
3627214586,EXECUTE,0,CYCLES,BACKEND,SUB-EVENT,_Unsqueeze_3:OpId_110 (cycles)
3627214586,EXECUTE,2994,CYCLES,BACKEND,SUB-EVENT,_Concat_2:OpId_111 (cycles)
3627214586,EXECUTE,3688,CYCLES,BACKEND,SUB-EVENT,_Reshape_4:OpId_113 (cycles)
3627214586,EXECUTE,0,CYCLES,BACKEND,SUB-EVENT,_Unsqueeze_4:OpId_114 (cycles)
3627214586,EXECUTE,7793,CYCLES,BACKEND,SUB-EVENT,_Tile:OpId_116 (cycles)
3627214586,EXECUTE,0,CYCLES,BACKEND,SUB-EVENT,_Reshape_5:OpId_117 (cycles)
3627214586,EXECUTE,0,CYCLES,BACKEND,SUB-EVENT,_Unsqueeze_5:OpId_118 (cycles)
3627214586,EXECUTE,10550,CYCLES,BACKEND,SUB-EVENT,_Tile_1:OpId_120 (cycles)
3627214586,EXECUTE,0,CYCLES,BACKEND,SUB-EVENT,_Reshape_6:OpId_121 (cycles)
3627214586,EXECUTE,0,CYCLES,BACKEND,SUB-EVENT,_Transpose_3:OpId_123 (cycles)
3627214586,EXECUTE,125498,CYCLES,BACKEND,SUB-EVENT,_MatMul_3:OpId_124 (cycles)
3627214586,EXECUTE,13209,CYCLES,BACKEND,SUB-EVENT,_Div_1:OpId_129 (cycles)
3627214586,EXECUTE,10100,CYCLES,BACKEND,SUB-EVENT,_Add_6:OpId_132 (cycles)
3627214586,EXECUTE,62298,CYCLES,BACKEND,SUB-EVENT,_Softmax:OpId_134 (cycles)
3627214586,EXECUTE,41641,CYCLES,BACKEND,SUB-EVENT,_MatMul_4:OpId_137 (cycles)
3627214586,EXECUTE,0,CYCLES,BACKEND,SUB-EVENT,_Transpose_4:OpId_142 (cycles)
3627214586,EXECUTE,0,CYCLES,BACKEND,SUB-EVENT,_Reshape_7:OpId_143 (cycles)
3627214586,EXECUTE,20565,CYCLES,BACKEND,SUB-EVENT,_MatMul_5:OpId_145 (cycles)
3627214586,EXECUTE,0,CYCLES,BACKEND,SUB-EVENT,_MatMul_5_post_reshape:OpId_148 (cycles)
3627214586,EXECUTE,0,CYCLES,BACKEND,SUB-EVENT,_MatMul_5_output_0_nfc:OpId_150 (cycles)
3627214586,EXECUTE,2661,CYCLES,BACKEND,SUB-EVENT,_Add_7:OpId_152 (cycles)
3627214586,EXECUTE,0,CYCLES,BACKEND,SUB-EVENT,_Add_7_output_0_ncf:OpId_155 (cycles)
3627214586,EXECUTE,15207,CYCLES,BACKEND,SUB-EVENT,rms_norm__Mul_11_output_0:OpId_160 (cycles)
3627214586,EXECUTE,0,CYCLES,BACKEND,SUB-EVENT,_MatMul_7_pre_reshape:OpId_163 (cycles)
3627214586,EXECUTE,0,CYCLES,BACKEND,SUB-EVENT,_MatMul_6_pre_reshape:OpId_164 (cycles)
3627214586,EXECUTE,201103,CYCLES,BACKEND,SUB-EVENT,_MatMul_6:OpId_166 (cycles)
3627214586,EXECUTE,0,CYCLES,BACKEND,SUB-EVENT,_MatMul_6_post_reshape:OpId_169 (cycles)
3627214586,EXECUTE,381978,CYCLES,BACKEND,SUB-EVENT,_MatMul_7:OpId_171 (cycles)
3627214586,EXECUTE,0,CYCLES,BACKEND,SUB-EVENT,_MatMul_7_post_reshape:OpId_174 (cycles)
3627214586,EXECUTE,0,CYCLES,BACKEND,SUB-EVENT,_Sigmoid:OpId_175 (cycles)
3627214586,EXECUTE,190553,CYCLES,BACKEND,SUB-EVENT,_Mul_12:OpId_182 (cycles)
3627214586,EXECUTE,107430,CYCLES,BACKEND,SUB-EVENT,_Mul_13:OpId_184 (cycles)
3627214586,EXECUTE,0,CYCLES,BACKEND,SUB-EVENT,_MatMul_8_pre_reshape:OpId_186 (cycles)
3627214586,EXECUTE,389014,CYCLES,BACKEND,SUB-EVENT,_MatMul_8:OpId_188 (cycles)
3627214586,EXECUTE,0,CYCLES,BACKEND,SUB-EVENT,_MatMul_8_post_reshape:OpId_191 (cycles)
3627214586,EXECUTE,0,CYCLES,BACKEND,SUB-EVENT,_MatMul_8_output_0_nfc:OpId_193 (cycles)
3627214586,EXECUTE,7091,CYCLES,BACKEND,SUB-EVENT,_Add_9:OpId_195 (cycles)
3627214586,EXECUTE,38908,CYCLES,BACKEND,SUB-EVENT,hidden_out_ncf:OpId_198 (cycles)
3627214586,EXECUTE,12421,CYCLES,BACKEND,SUB-EVENT,Output OpId_3 (cycles)
3627214586,EXECUTE,6866,US,BACKEND,ROOT,Accelerator (execute) time
3627214586,EXECUTE,4941,US,BACKEND,ROOT,Accelerator (execute excluding wait) time
3627214586,EXECUTE,16875,US,BACKEND,ROOT,QNN (execute) time
3627247839,EXECUTE,16227,US,NETRUN,ROOT,Graph 0: qwen2_0_5b_layer0_prefill_seq16
3627247839,EXECUTE,4,COUNT,BACKEND,ROOT,Number of HVX threads used
3627247839,EXECUTE,14548,US,BACKEND,ROOT,RPC (execute) time
3627247839,EXECUTE,13175,US,BACKEND,ROOT,QNN accelerator (execute) time
3627247839,EXECUTE,0,COUNT,BACKEND,ROOT,Num times yield occured
3627247839,EXECUTE,7578,US,BACKEND,ROOT,Time for initial VTCM acquire
3627247839,EXECUTE,5081,US,BACKEND,ROOT,Time for HVX + HMX power on and acquire
3627247839,EXECUTE,3449681,CYCLES,BACKEND,ROOT,Accelerator (execute) time (cycles)
3627247839,EXECUTE,10398,CYCLES,BACKEND,SUB-EVENT,Input OpId_2 (cycles)
3627247839,EXECUTE,0,CYCLES,BACKEND,SUB-EVENT,hidden_states_nfc:OpId_17 (cycles)
3627247839,EXECUTE,282046,CYCLES,BACKEND,SUB-EVENT,rms_norm__Mul_1_output_0:OpId_22 (cycles)
3627247839,EXECUTE,0,CYCLES,BACKEND,SUB-EVENT,_MatMul_2_pre_reshape:OpId_25 (cycles)
3627247839,EXECUTE,0,CYCLES,BACKEND,SUB-EVENT,_MatMul_1_pre_reshape:OpId_26 (cycles)
3627247839,EXECUTE,0,CYCLES,BACKEND,SUB-EVENT,_MatMul_pre_reshape:OpId_27 (cycles)
3627247839,EXECUTE,0,CYCLES,BACKEND,SUB-EVENT,_MatMul_lhs_reshape:OpId_30 (cycles)
3627247839,EXECUTE,0,CYCLES,BACKEND,SUB-EVENT,_MatMul_lhs_cast_fp16:OpId_31 (cycles)
3627247839,EXECUTE,29649,CYCLES,BACKEND,SUB-EVENT,_MatMul_rhs_cast_fp16:OpId_32 (cycles)
3627247839,EXECUTE,1100774,CYCLES,BACKEND,SUB-EVENT,_MatMul:OpId_33 (cycles)
3627247839,EXECUTE,0,CYCLES,BACKEND,SUB-EVENT,_MatMul_custom_output_reshape:OpId_34 (cycles)
3627247839,EXECUTE,104002,CYCLES,BACKEND,SUB-EVENT,_MatMul_bias_add:OpId_35 (cycles)
3627247839,EXECUTE,0,CYCLES,BACKEND,SUB-EVENT,_MatMul_post_reshape:OpId_37 (cycles)
3627247839,EXECUTE,0,CYCLES,BACKEND,SUB-EVENT,_MatMul_1:OpId_40 (cycles)
3627247839,EXECUTE,0,CYCLES,BACKEND,SUB-EVENT,_MatMul_1_post_reshape:OpId_42 (cycles)
3627247839,EXECUTE,0,CYCLES,BACKEND,SUB-EVENT,_MatMul_2:OpId_45 (cycles)
3627247839,EXECUTE,0,CYCLES,BACKEND,SUB-EVENT,_MatMul_2_post_reshape:OpId_47 (cycles)
3627247839,EXECUTE,24164,CYCLES,BACKEND,SUB-EVENT,_Transpose:OpId_49 (cycles)
3627247839,EXECUTE,11482,CYCLES,BACKEND,SUB-EVENT,_Transpose_1:OpId_51 (cycles)
3627247839,EXECUTE,19153,CYCLES,BACKEND,SUB-EVENT,_Transpose_2:OpId_53 (cycles)
3627247839,EXECUTE,22495,CYCLES,BACKEND,SUB-EVENT,_Slice:OpId_55 (cycles)
3627247839,EXECUTE,7611,CYCLES,BACKEND,SUB-EVENT,_Slice_1:OpId_61 (cycles)
3627247839,EXECUTE,6711,CYCLES,BACKEND,SUB-EVENT,_Mul_2:OpId_67 (cycles)
3627247839,EXECUTE,4659,CYCLES,BACKEND,SUB-EVENT,_Mul_3:OpId_70 (cycles)
3627247839,EXECUTE,1055,CYCLES,BACKEND,SUB-EVENT,_Sub:OpId_72 (cycles)
3627247839,EXECUTE,6736,CYCLES,BACKEND,SUB-EVENT,_Mul_4:OpId_74 (cycles)
3627247839,EXECUTE,4514,CYCLES,BACKEND,SUB-EVENT,_Mul_5:OpId_76 (cycles)
3627247839,EXECUTE,1446,CYCLES,BACKEND,SUB-EVENT,_Add_4:OpId_78 (cycles)
3627247839,EXECUTE,0,CYCLES,BACKEND,SUB-EVENT,_Unsqueeze:OpId_80 (cycles)
3627247839,EXECUTE,0,CYCLES,BACKEND,SUB-EVENT,_Unsqueeze_1:OpId_81 (cycles)
3627247839,EXECUTE,4173,CYCLES,BACKEND,SUB-EVENT,_Concat:OpId_82 (cycles)
3627247839,EXECUTE,0,CYCLES,BACKEND,SUB-EVENT,_Reshape_3:OpId_84 (cycles)
3627247839,EXECUTE,28032,CYCLES,BACKEND,SUB-EVENT,_Slice_3:OpId_86 (cycles)
3627247839,EXECUTE,4996,CYCLES,BACKEND,SUB-EVENT,_Slice_4:OpId_92 (cycles)
3627247839,EXECUTE,5183,CYCLES,BACKEND,SUB-EVENT,_Mul_6:OpId_97 (cycles)
3627247839,EXECUTE,1975,CYCLES,BACKEND,SUB-EVENT,_Mul_7:OpId_99 (cycles)
3627247839,EXECUTE,941,CYCLES,BACKEND,SUB-EVENT,_Sub_1:OpId_101 (cycles)
3627247839,EXECUTE,5137,CYCLES,BACKEND,SUB-EVENT,_Mul_8:OpId_103 (cycles)
3627247839,EXECUTE,1901,CYCLES,BACKEND,SUB-EVENT,_Mul_9:OpId_105 (cycles)
3627247839,EXECUTE,1368,CYCLES,BACKEND,SUB-EVENT,_Add_5:OpId_107 (cycles)
3627247839,EXECUTE,0,CYCLES,BACKEND,SUB-EVENT,_Unsqueeze_2:OpId_109 (cycles)
3627247839,EXECUTE,0,CYCLES,BACKEND,SUB-EVENT,_Unsqueeze_3:OpId_110 (cycles)
3627247839,EXECUTE,3617,CYCLES,BACKEND,SUB-EVENT,_Concat_2:OpId_111 (cycles)
3627247839,EXECUTE,2719,CYCLES,BACKEND,SUB-EVENT,_Reshape_4:OpId_113 (cycles)
3627247839,EXECUTE,0,CYCLES,BACKEND,SUB-EVENT,_Unsqueeze_4:OpId_114 (cycles)
3627247839,EXECUTE,2455,CYCLES,BACKEND,SUB-EVENT,_Tile:OpId_116 (cycles)
3627247839,EXECUTE,0,CYCLES,BACKEND,SUB-EVENT,_Reshape_5:OpId_117 (cycles)
3627247839,EXECUTE,0,CYCLES,BACKEND,SUB-EVENT,_Unsqueeze_5:OpId_118 (cycles)
3627247839,EXECUTE,3917,CYCLES,BACKEND,SUB-EVENT,_Tile_1:OpId_120 (cycles)
3627247839,EXECUTE,0,CYCLES,BACKEND,SUB-EVENT,_Reshape_6:OpId_121 (cycles)
3627247839,EXECUTE,0,CYCLES,BACKEND,SUB-EVENT,_Transpose_3:OpId_123 (cycles)
3627247839,EXECUTE,86644,CYCLES,BACKEND,SUB-EVENT,_MatMul_3:OpId_124 (cycles)
3627247839,EXECUTE,13445,CYCLES,BACKEND,SUB-EVENT,_Div_1:OpId_129 (cycles)
3627247839,EXECUTE,4353,CYCLES,BACKEND,SUB-EVENT,_Add_6:OpId_132 (cycles)
3627247839,EXECUTE,66813,CYCLES,BACKEND,SUB-EVENT,_Softmax:OpId_134 (cycles)
3627247839,EXECUTE,15057,CYCLES,BACKEND,SUB-EVENT,_MatMul_4:OpId_137 (cycles)
3627247839,EXECUTE,0,CYCLES,BACKEND,SUB-EVENT,_Transpose_4:OpId_142 (cycles)
3627247839,EXECUTE,0,CYCLES,BACKEND,SUB-EVENT,_Reshape_7:OpId_143 (cycles)
3627247839,EXECUTE,10964,CYCLES,BACKEND,SUB-EVENT,_MatMul_5:OpId_145 (cycles)
3627247839,EXECUTE,0,CYCLES,BACKEND,SUB-EVENT,_MatMul_5_post_reshape:OpId_148 (cycles)
3627247839,EXECUTE,0,CYCLES,BACKEND,SUB-EVENT,_MatMul_5_output_0_nfc:OpId_150 (cycles)
3627247839,EXECUTE,2666,CYCLES,BACKEND,SUB-EVENT,_Add_7:OpId_152 (cycles)
3627247839,EXECUTE,0,CYCLES,BACKEND,SUB-EVENT,_Add_7_output_0_ncf:OpId_155 (cycles)
3627247839,EXECUTE,12318,CYCLES,BACKEND,SUB-EVENT,rms_norm__Mul_11_output_0:OpId_160 (cycles)
3627247839,EXECUTE,0,CYCLES,BACKEND,SUB-EVENT,_MatMul_7_pre_reshape:OpId_163 (cycles)
3627247839,EXECUTE,0,CYCLES,BACKEND,SUB-EVENT,_MatMul_6_pre_reshape:OpId_164 (cycles)
3627247839,EXECUTE,410256,CYCLES,BACKEND,SUB-EVENT,_MatMul_6:OpId_166 (cycles)
3627247839,EXECUTE,0,CYCLES,BACKEND,SUB-EVENT,_MatMul_6_post_reshape:OpId_169 (cycles)
3627247839,EXECUTE,399065,CYCLES,BACKEND,SUB-EVENT,_MatMul_7:OpId_171 (cycles)
3627247839,EXECUTE,0,CYCLES,BACKEND,SUB-EVENT,_MatMul_7_post_reshape:OpId_174 (cycles)
3627247839,EXECUTE,0,CYCLES,BACKEND,SUB-EVENT,_Sigmoid:OpId_175 (cycles)
3627247839,EXECUTE,157273,CYCLES,BACKEND,SUB-EVENT,_Mul_12:OpId_182 (cycles)
3627247839,EXECUTE,109951,CYCLES,BACKEND,SUB-EVENT,_Mul_13:OpId_184 (cycles)
3627247839,EXECUTE,0,CYCLES,BACKEND,SUB-EVENT,_MatMul_8_pre_reshape:OpId_186 (cycles)
3627247839,EXECUTE,392685,CYCLES,BACKEND,SUB-EVENT,_MatMul_8:OpId_188 (cycles)
3627247839,EXECUTE,0,CYCLES,BACKEND,SUB-EVENT,_MatMul_8_post_reshape:OpId_191 (cycles)
3627247839,EXECUTE,0,CYCLES,BACKEND,SUB-EVENT,_MatMul_8_output_0_nfc:OpId_193 (cycles)
3627247839,EXECUTE,7198,CYCLES,BACKEND,SUB-EVENT,_Add_9:OpId_195 (cycles)
3627247839,EXECUTE,41578,CYCLES,BACKEND,SUB-EVENT,hidden_out_ncf:OpId_198 (cycles)
3627247839,EXECUTE,16106,CYCLES,BACKEND,SUB-EVENT,Output OpId_3 (cycles)
3627247839,EXECUTE,7252,US,BACKEND,ROOT,Accelerator (execute) time
3627247839,EXECUTE,5361,US,BACKEND,ROOT,Accelerator (execute excluding wait) time
3627247839,EXECUTE,15840,US,BACKEND,ROOT,QNN (execute) time
3627284986,EXECUTE,15884,US,NETRUN,ROOT,Graph 0: qwen2_0_5b_layer0_prefill_seq16
3627284986,EXECUTE,4,COUNT,BACKEND,ROOT,Number of HVX threads used
3627284986,EXECUTE,14007,US,BACKEND,ROOT,RPC (execute) time
3627284986,EXECUTE,12617,US,BACKEND,ROOT,QNN accelerator (execute) time
3627284986,EXECUTE,0,COUNT,BACKEND,ROOT,Num times yield occured
3627284986,EXECUTE,7637,US,BACKEND,ROOT,Time for initial VTCM acquire
3627284986,EXECUTE,5028,US,BACKEND,ROOT,Time for HVX + HMX power on and acquire
3627284986,EXECUTE,3478515,CYCLES,BACKEND,ROOT,Accelerator (execute) time (cycles)
3627284986,EXECUTE,2807,CYCLES,BACKEND,SUB-EVENT,Input OpId_2 (cycles)
3627284986,EXECUTE,0,CYCLES,BACKEND,SUB-EVENT,hidden_states_nfc:OpId_17 (cycles)
3627284986,EXECUTE,218737,CYCLES,BACKEND,SUB-EVENT,rms_norm__Mul_1_output_0:OpId_22 (cycles)
3627284986,EXECUTE,0,CYCLES,BACKEND,SUB-EVENT,_MatMul_2_pre_reshape:OpId_25 (cycles)
3627284986,EXECUTE,0,CYCLES,BACKEND,SUB-EVENT,_MatMul_1_pre_reshape:OpId_26 (cycles)
3627284986,EXECUTE,0,CYCLES,BACKEND,SUB-EVENT,_MatMul_pre_reshape:OpId_27 (cycles)
3627284986,EXECUTE,0,CYCLES,BACKEND,SUB-EVENT,_MatMul_lhs_reshape:OpId_30 (cycles)
3627284986,EXECUTE,0,CYCLES,BACKEND,SUB-EVENT,_MatMul_lhs_cast_fp16:OpId_31 (cycles)
3627284986,EXECUTE,2973,CYCLES,BACKEND,SUB-EVENT,_MatMul_rhs_cast_fp16:OpId_32 (cycles)
3627284986,EXECUTE,1094622,CYCLES,BACKEND,SUB-EVENT,_MatMul:OpId_33 (cycles)
3627284986,EXECUTE,0,CYCLES,BACKEND,SUB-EVENT,_MatMul_custom_output_reshape:OpId_34 (cycles)
3627284986,EXECUTE,175018,CYCLES,BACKEND,SUB-EVENT,_MatMul_bias_add:OpId_35 (cycles)
3627284986,EXECUTE,0,CYCLES,BACKEND,SUB-EVENT,_MatMul_post_reshape:OpId_37 (cycles)
3627284986,EXECUTE,0,CYCLES,BACKEND,SUB-EVENT,_MatMul_1:OpId_40 (cycles)
3627284986,EXECUTE,0,CYCLES,BACKEND,SUB-EVENT,_MatMul_1_post_reshape:OpId_42 (cycles)
3627284986,EXECUTE,0,CYCLES,BACKEND,SUB-EVENT,_MatMul_2:OpId_45 (cycles)
3627284986,EXECUTE,0,CYCLES,BACKEND,SUB-EVENT,_MatMul_2_post_reshape:OpId_47 (cycles)
3627284986,EXECUTE,29969,CYCLES,BACKEND,SUB-EVENT,_Transpose:OpId_49 (cycles)
3627284986,EXECUTE,14894,CYCLES,BACKEND,SUB-EVENT,_Transpose_1:OpId_51 (cycles)
3627284986,EXECUTE,18265,CYCLES,BACKEND,SUB-EVENT,_Transpose_2:OpId_53 (cycles)
3627284986,EXECUTE,21975,CYCLES,BACKEND,SUB-EVENT,_Slice:OpId_55 (cycles)
3627284986,EXECUTE,7320,CYCLES,BACKEND,SUB-EVENT,_Slice_1:OpId_61 (cycles)
3627284986,EXECUTE,18434,CYCLES,BACKEND,SUB-EVENT,_Mul_2:OpId_67 (cycles)
3627284986,EXECUTE,5348,CYCLES,BACKEND,SUB-EVENT,_Mul_3:OpId_70 (cycles)
3627284986,EXECUTE,4306,CYCLES,BACKEND,SUB-EVENT,_Sub:OpId_72 (cycles)
3627284986,EXECUTE,20347,CYCLES,BACKEND,SUB-EVENT,_Mul_4:OpId_74 (cycles)
3627284986,EXECUTE,4384,CYCLES,BACKEND,SUB-EVENT,_Mul_5:OpId_76 (cycles)
3627284986,EXECUTE,4237,CYCLES,BACKEND,SUB-EVENT,_Add_4:OpId_78 (cycles)
3627284986,EXECUTE,0,CYCLES,BACKEND,SUB-EVENT,_Unsqueeze:OpId_80 (cycles)
3627284986,EXECUTE,0,CYCLES,BACKEND,SUB-EVENT,_Unsqueeze_1:OpId_81 (cycles)
3627284986,EXECUTE,4877,CYCLES,BACKEND,SUB-EVENT,_Concat:OpId_82 (cycles)
3627284986,EXECUTE,0,CYCLES,BACKEND,SUB-EVENT,_Reshape_3:OpId_84 (cycles)
3627284986,EXECUTE,61001,CYCLES,BACKEND,SUB-EVENT,_Slice_3:OpId_86 (cycles)
3627284986,EXECUTE,5764,CYCLES,BACKEND,SUB-EVENT,_Slice_4:OpId_92 (cycles)
3627284986,EXECUTE,17288,CYCLES,BACKEND,SUB-EVENT,_Mul_6:OpId_97 (cycles)
3627284986,EXECUTE,14364,CYCLES,BACKEND,SUB-EVENT,_Mul_7:OpId_99 (cycles)
3627284986,EXECUTE,3077,CYCLES,BACKEND,SUB-EVENT,_Sub_1:OpId_101 (cycles)
3627284986,EXECUTE,17236,CYCLES,BACKEND,SUB-EVENT,_Mul_8:OpId_103 (cycles)
3627284986,EXECUTE,14295,CYCLES,BACKEND,SUB-EVENT,_Mul_9:OpId_105 (cycles)
3627284986,EXECUTE,4797,CYCLES,BACKEND,SUB-EVENT,_Add_5:OpId_107 (cycles)
3627284986,EXECUTE,0,CYCLES,BACKEND,SUB-EVENT,_Unsqueeze_2:OpId_109 (cycles)
3627284986,EXECUTE,0,CYCLES,BACKEND,SUB-EVENT,_Unsqueeze_3:OpId_110 (cycles)
3627284986,EXECUTE,5804,CYCLES,BACKEND,SUB-EVENT,_Concat_2:OpId_111 (cycles)
3627284986,EXECUTE,3856,CYCLES,BACKEND,SUB-EVENT,_Reshape_4:OpId_113 (cycles)
3627284986,EXECUTE,0,CYCLES,BACKEND,SUB-EVENT,_Unsqueeze_4:OpId_114 (cycles)
3627284986,EXECUTE,4603,CYCLES,BACKEND,SUB-EVENT,_Tile:OpId_116 (cycles)
3627284986,EXECUTE,0,CYCLES,BACKEND,SUB-EVENT,_Reshape_5:OpId_117 (cycles)
3627284986,EXECUTE,0,CYCLES,BACKEND,SUB-EVENT,_Unsqueeze_5:OpId_118 (cycles)
3627284986,EXECUTE,8339,CYCLES,BACKEND,SUB-EVENT,_Tile_1:OpId_120 (cycles)
3627284986,EXECUTE,0,CYCLES,BACKEND,SUB-EVENT,_Reshape_6:OpId_121 (cycles)
3627284986,EXECUTE,0,CYCLES,BACKEND,SUB-EVENT,_Transpose_3:OpId_123 (cycles)
3627284986,EXECUTE,137768,CYCLES,BACKEND,SUB-EVENT,_MatMul_3:OpId_124 (cycles)
3627284986,EXECUTE,14265,CYCLES,BACKEND,SUB-EVENT,_Div_1:OpId_129 (cycles)
3627284986,EXECUTE,12073,CYCLES,BACKEND,SUB-EVENT,_Add_6:OpId_132 (cycles)
3627284986,EXECUTE,60932,CYCLES,BACKEND,SUB-EVENT,_Softmax:OpId_134 (cycles)
3627284986,EXECUTE,43523,CYCLES,BACKEND,SUB-EVENT,_MatMul_4:OpId_137 (cycles)
3627284986,EXECUTE,0,CYCLES,BACKEND,SUB-EVENT,_Transpose_4:OpId_142 (cycles)
3627284986,EXECUTE,0,CYCLES,BACKEND,SUB-EVENT,_Reshape_7:OpId_143 (cycles)
3627284986,EXECUTE,24139,CYCLES,BACKEND,SUB-EVENT,_MatMul_5:OpId_145 (cycles)
3627284986,EXECUTE,0,CYCLES,BACKEND,SUB-EVENT,_MatMul_5_post_reshape:OpId_148 (cycles)
3627284986,EXECUTE,0,CYCLES,BACKEND,SUB-EVENT,_MatMul_5_output_0_nfc:OpId_150 (cycles)
3627284986,EXECUTE,2661,CYCLES,BACKEND,SUB-EVENT,_Add_7:OpId_152 (cycles)
3627284986,EXECUTE,0,CYCLES,BACKEND,SUB-EVENT,_Add_7_output_0_ncf:OpId_155 (cycles)
3627284986,EXECUTE,14206,CYCLES,BACKEND,SUB-EVENT,rms_norm__Mul_11_output_0:OpId_160 (cycles)
3627284986,EXECUTE,0,CYCLES,BACKEND,SUB-EVENT,_MatMul_7_pre_reshape:OpId_163 (cycles)
3627284986,EXECUTE,0,CYCLES,BACKEND,SUB-EVENT,_MatMul_6_pre_reshape:OpId_164 (cycles)
3627284986,EXECUTE,203118,CYCLES,BACKEND,SUB-EVENT,_MatMul_6:OpId_166 (cycles)
3627284986,EXECUTE,0,CYCLES,BACKEND,SUB-EVENT,_MatMul_6_post_reshape:OpId_169 (cycles)
3627284986,EXECUTE,374326,CYCLES,BACKEND,SUB-EVENT,_MatMul_7:OpId_171 (cycles)
3627284986,EXECUTE,0,CYCLES,BACKEND,SUB-EVENT,_MatMul_7_post_reshape:OpId_174 (cycles)
3627284986,EXECUTE,0,CYCLES,BACKEND,SUB-EVENT,_Sigmoid:OpId_175 (cycles)
3627284986,EXECUTE,204395,CYCLES,BACKEND,SUB-EVENT,_Mul_12:OpId_182 (cycles)
3627284986,EXECUTE,115431,CYCLES,BACKEND,SUB-EVENT,_Mul_13:OpId_184 (cycles)
3627284986,EXECUTE,0,CYCLES,BACKEND,SUB-EVENT,_MatMul_8_pre_reshape:OpId_186 (cycles)
3627284986,EXECUTE,400422,CYCLES,BACKEND,SUB-EVENT,_MatMul_8:OpId_188 (cycles)
3627284986,EXECUTE,0,CYCLES,BACKEND,SUB-EVENT,_MatMul_8_post_reshape:OpId_191 (cycles)
3627284986,EXECUTE,0,CYCLES,BACKEND,SUB-EVENT,_MatMul_8_output_0_nfc:OpId_193 (cycles)
3627284986,EXECUTE,7095,CYCLES,BACKEND,SUB-EVENT,_Add_9:OpId_195 (cycles)
3627284986,EXECUTE,42825,CYCLES,BACKEND,SUB-EVENT,hidden_out_ncf:OpId_198 (cycles)
3627284986,EXECUTE,12399,CYCLES,BACKEND,SUB-EVENT,Output OpId_3 (cycles)
3627284986,EXECUTE,6871,US,BACKEND,ROOT,Accelerator (execute) time
3627284986,EXECUTE,4992,US,BACKEND,ROOT,Accelerator (execute excluding wait) time
3627284986,EXECUTE,15441,US,BACKEND,ROOT,QNN (execute) time
3627301860,EXECUTE IPS,31.903727,INF/SEC,NETRUN,ROOT,null
