input log file location, qwen_block_custom_qnn/device_output/q_proj_offline_q13_layer0_prefill_seq16/qnn-profiling-data_0.log
qnn-profile-viewer version, v2.47.0.260601114230
qnn-net-run version, v2.47.0.260601114230
Backend version, v2.47.0.260601114230
Msg Timestamp, Message, Time, Unit of Measurement, Timing Source, Event Level, Event Identifier
19116091,INIT,3607208,US,NETRUN,ROOT,null
19812535,COMPOSE GRAPHS,696676,US,NETRUN,ROOT,null
22717076,FINALIZE,2902008,US,NETRUN,ROOT,Graph 0: qwen2_0_5b_layer0_prefill_seq16
22717076,FINALIZE,9038,US,BACKEND,ROOT,RPC (finalize) time
22717076,FINALIZE,5851,US,BACKEND,ROOT,QNN accelerator (finalize) time
22717076,FINALIZE,5488,US,BACKEND,ROOT,Accelerator (finalize) time
22717076,FINALIZE,2901910,US,BACKEND,ROOT,QNN (finalize) time
22717076,FINALIZE,148,US,BACKEND,SUB-EVENT,Graph Preparation Initializing
22717076,FINALIZE,2347575,US,BACKEND,SUB-EVENT,Graph Optimizations
22717076,FINALIZE,49935,US,BACKEND,SUB-EVENT,Post Graph Optimization
22717076,FINALIZE,124214,US,BACKEND,SUB-EVENT,Graph Sequencing for Target
22717076,FINALIZE,19726,US,BACKEND,SUB-EVENT,VTCM Allocation
22717076,FINALIZE,9414,US,BACKEND,SUB-EVENT,Parallelization Optimization
22717076,FINALIZE,45188,US,BACKEND,SUB-EVENT,Finalizing Graph Sequence
22717076,FINALIZE,584,US,BACKEND,SUB-EVENT,Completion
23004177,DE-INIT,53767,US,NETRUN,ROOT,null
23004177,DE-INIT,9870,US,BACKEND,ROOT,RPC (deinit) time
23004177,DE-INIT,8999,US,BACKEND,ROOT,QNN Accelerator (deinit) time
23004177,DE-INIT,8738,US,BACKEND,ROOT,Accelerator (deinit) time
23004177,DE-INIT,53672,US,BACKEND,ROOT,QNN (deinit) time
22747418,EXECUTE,27802,US,NETRUN,ROOT,Graph 0: qwen2_0_5b_layer0_prefill_seq16
22747418,EXECUTE,4,COUNT,BACKEND,ROOT,Number of HVX threads used
22747418,EXECUTE,26977,US,BACKEND,ROOT,RPC (execute) time
22747418,EXECUTE,25883,US,BACKEND,ROOT,QNN accelerator (execute) time
22747418,EXECUTE,0,COUNT,BACKEND,ROOT,Num times yield occured
22747418,EXECUTE,2650,US,BACKEND,ROOT,Time for initial VTCM acquire
22747418,EXECUTE,45711,US,BACKEND,ROOT,Time for HVX + HMX power on and acquire
22747418,EXECUTE,1974641,CYCLES,BACKEND,ROOT,Accelerator (execute) time (cycles)
22747418,EXECUTE,4193,CYCLES,BACKEND,SUB-EVENT,Input OpId_2 (cycles)
22747418,EXECUTE,0,CYCLES,BACKEND,SUB-EVENT,hidden_states_nfc:OpId_17 (cycles)
22747418,EXECUTE,91914,CYCLES,BACKEND,SUB-EVENT,rms_norm__Mul_1_output_0:OpId_22 (cycles)
22747418,EXECUTE,0,CYCLES,BACKEND,SUB-EVENT,_MatMul_2_pre_reshape:OpId_25 (cycles)
22747418,EXECUTE,0,CYCLES,BACKEND,SUB-EVENT,_MatMul_1_pre_reshape:OpId_26 (cycles)
22747418,EXECUTE,0,CYCLES,BACKEND,SUB-EVENT,_MatMul_pre_reshape:OpId_27 (cycles)
22747418,EXECUTE,18770,CYCLES,BACKEND,SUB-EVENT,OpId_28 (cycles)
22747418,EXECUTE,0,CYCLES,BACKEND,SUB-EVENT,_MatMul_lhs_reshape:OpId_30 (cycles)
22747418,EXECUTE,0,CYCLES,BACKEND,SUB-EVENT,_MatMul_lhs_cast_fp16:OpId_31 (cycles)
22747418,EXECUTE,790220,CYCLES,BACKEND,SUB-EVENT,_MatMul:OpId_32 (cycles)
22747418,EXECUTE,0,CYCLES,BACKEND,SUB-EVENT,_MatMul_custom_output_reshape:OpId_33 (cycles)
22747418,EXECUTE,72110,CYCLES,BACKEND,SUB-EVENT,_MatMul_bias_add:OpId_34 (cycles)
22747418,EXECUTE,0,CYCLES,BACKEND,SUB-EVENT,_MatMul_post_reshape:OpId_36 (cycles)
22747418,EXECUTE,0,CYCLES,BACKEND,SUB-EVENT,_MatMul_1:OpId_39 (cycles)
22747418,EXECUTE,0,CYCLES,BACKEND,SUB-EVENT,_MatMul_1_post_reshape:OpId_41 (cycles)
22747418,EXECUTE,0,CYCLES,BACKEND,SUB-EVENT,_MatMul_2:OpId_44 (cycles)
22747418,EXECUTE,0,CYCLES,BACKEND,SUB-EVENT,_MatMul_2_post_reshape:OpId_46 (cycles)
22747418,EXECUTE,24605,CYCLES,BACKEND,SUB-EVENT,_Transpose:OpId_48 (cycles)
22747418,EXECUTE,5975,CYCLES,BACKEND,SUB-EVENT,_Transpose_1:OpId_50 (cycles)
22747418,EXECUTE,5917,CYCLES,BACKEND,SUB-EVENT,_Transpose_2:OpId_52 (cycles)
22747418,EXECUTE,23301,CYCLES,BACKEND,SUB-EVENT,_Slice:OpId_54 (cycles)
22747418,EXECUTE,7971,CYCLES,BACKEND,SUB-EVENT,_Slice_1:OpId_60 (cycles)
22747418,EXECUTE,5577,CYCLES,BACKEND,SUB-EVENT,_Mul_2:OpId_66 (cycles)
22747418,EXECUTE,4760,CYCLES,BACKEND,SUB-EVENT,_Mul_3:OpId_69 (cycles)
22747418,EXECUTE,850,CYCLES,BACKEND,SUB-EVENT,_Sub:OpId_71 (cycles)
22747418,EXECUTE,5089,CYCLES,BACKEND,SUB-EVENT,_Mul_4:OpId_73 (cycles)
22747418,EXECUTE,4537,CYCLES,BACKEND,SUB-EVENT,_Mul_5:OpId_75 (cycles)
22747418,EXECUTE,887,CYCLES,BACKEND,SUB-EVENT,_Add_4:OpId_77 (cycles)
22747418,EXECUTE,0,CYCLES,BACKEND,SUB-EVENT,_Unsqueeze:OpId_79 (cycles)
22747418,EXECUTE,0,CYCLES,BACKEND,SUB-EVENT,_Unsqueeze_1:OpId_80 (cycles)
22747418,EXECUTE,3282,CYCLES,BACKEND,SUB-EVENT,_Concat:OpId_81 (cycles)
22747418,EXECUTE,0,CYCLES,BACKEND,SUB-EVENT,_Reshape_3:OpId_83 (cycles)
22747418,EXECUTE,17224,CYCLES,BACKEND,SUB-EVENT,_Slice_3:OpId_85 (cycles)
22747418,EXECUTE,4558,CYCLES,BACKEND,SUB-EVENT,_Slice_4:OpId_91 (cycles)
22747418,EXECUTE,3105,CYCLES,BACKEND,SUB-EVENT,_Mul_6:OpId_96 (cycles)
22747418,EXECUTE,1795,CYCLES,BACKEND,SUB-EVENT,_Mul_7:OpId_98 (cycles)
22747418,EXECUTE,701,CYCLES,BACKEND,SUB-EVENT,_Sub_1:OpId_100 (cycles)
22747418,EXECUTE,3057,CYCLES,BACKEND,SUB-EVENT,_Mul_8:OpId_102 (cycles)
22747418,EXECUTE,1761,CYCLES,BACKEND,SUB-EVENT,_Mul_9:OpId_104 (cycles)
22747418,EXECUTE,663,CYCLES,BACKEND,SUB-EVENT,_Add_5:OpId_106 (cycles)
22747418,EXECUTE,0,CYCLES,BACKEND,SUB-EVENT,_Unsqueeze_2:OpId_108 (cycles)
22747418,EXECUTE,0,CYCLES,BACKEND,SUB-EVENT,_Unsqueeze_3:OpId_109 (cycles)
22747418,EXECUTE,1953,CYCLES,BACKEND,SUB-EVENT,_Concat_2:OpId_110 (cycles)
22747418,EXECUTE,1887,CYCLES,BACKEND,SUB-EVENT,_Reshape_4:OpId_112 (cycles)
22747418,EXECUTE,0,CYCLES,BACKEND,SUB-EVENT,_Unsqueeze_4:OpId_113 (cycles)
22747418,EXECUTE,2244,CYCLES,BACKEND,SUB-EVENT,_Tile:OpId_115 (cycles)
22747418,EXECUTE,0,CYCLES,BACKEND,SUB-EVENT,_Reshape_5:OpId_116 (cycles)
22747418,EXECUTE,0,CYCLES,BACKEND,SUB-EVENT,_Unsqueeze_5:OpId_117 (cycles)
22747418,EXECUTE,2594,CYCLES,BACKEND,SUB-EVENT,_Tile_1:OpId_119 (cycles)
22747418,EXECUTE,0,CYCLES,BACKEND,SUB-EVENT,_Reshape_6:OpId_120 (cycles)
22747418,EXECUTE,0,CYCLES,BACKEND,SUB-EVENT,_Transpose_3:OpId_122 (cycles)
22747418,EXECUTE,62099,CYCLES,BACKEND,SUB-EVENT,_MatMul_3:OpId_123 (cycles)
22747418,EXECUTE,9667,CYCLES,BACKEND,SUB-EVENT,_Div_1:OpId_128 (cycles)
22747418,EXECUTE,2907,CYCLES,BACKEND,SUB-EVENT,_Add_6:OpId_131 (cycles)
22747418,EXECUTE,44772,CYCLES,BACKEND,SUB-EVENT,_Softmax:OpId_133 (cycles)
22747418,EXECUTE,11072,CYCLES,BACKEND,SUB-EVENT,_MatMul_4:OpId_136 (cycles)
22747418,EXECUTE,0,CYCLES,BACKEND,SUB-EVENT,_Transpose_4:OpId_141 (cycles)
22747418,EXECUTE,0,CYCLES,BACKEND,SUB-EVENT,_Reshape_7:OpId_142 (cycles)
22747418,EXECUTE,9349,CYCLES,BACKEND,SUB-EVENT,_MatMul_5:OpId_144 (cycles)
22747418,EXECUTE,0,CYCLES,BACKEND,SUB-EVENT,_MatMul_5_post_reshape:OpId_147 (cycles)
22747418,EXECUTE,0,CYCLES,BACKEND,SUB-EVENT,_MatMul_5_output_0_nfc:OpId_149 (cycles)
22747418,EXECUTE,2639,CYCLES,BACKEND,SUB-EVENT,_Add_7:OpId_151 (cycles)
22747418,EXECUTE,0,CYCLES,BACKEND,SUB-EVENT,_Add_7_output_0_ncf:OpId_154 (cycles)
22747418,EXECUTE,12121,CYCLES,BACKEND,SUB-EVENT,rms_norm__Mul_11_output_0:OpId_159 (cycles)
22747418,EXECUTE,0,CYCLES,BACKEND,SUB-EVENT,_MatMul_7_pre_reshape:OpId_162 (cycles)
22747418,EXECUTE,0,CYCLES,BACKEND,SUB-EVENT,_MatMul_6_pre_reshape:OpId_163 (cycles)
22747418,EXECUTE,149720,CYCLES,BACKEND,SUB-EVENT,_MatMul_6:OpId_165 (cycles)
22747418,EXECUTE,0,CYCLES,BACKEND,SUB-EVENT,_MatMul_6_post_reshape:OpId_168 (cycles)
22747418,EXECUTE,112992,CYCLES,BACKEND,SUB-EVENT,_MatMul_7:OpId_170 (cycles)
22747418,EXECUTE,0,CYCLES,BACKEND,SUB-EVENT,_MatMul_7_post_reshape:OpId_173 (cycles)
22747418,EXECUTE,0,CYCLES,BACKEND,SUB-EVENT,_Sigmoid:OpId_174 (cycles)
22747418,EXECUTE,180139,CYCLES,BACKEND,SUB-EVENT,_Mul_12:OpId_181 (cycles)
22747418,EXECUTE,84670,CYCLES,BACKEND,SUB-EVENT,_Mul_13:OpId_183 (cycles)
22747418,EXECUTE,0,CYCLES,BACKEND,SUB-EVENT,_MatMul_8_pre_reshape:OpId_185 (cycles)
22747418,EXECUTE,140449,CYCLES,BACKEND,SUB-EVENT,_MatMul_8:OpId_187 (cycles)
22747418,EXECUTE,0,CYCLES,BACKEND,SUB-EVENT,_MatMul_8_post_reshape:OpId_190 (cycles)
22747418,EXECUTE,0,CYCLES,BACKEND,SUB-EVENT,_MatMul_8_output_0_nfc:OpId_192 (cycles)
22747418,EXECUTE,7077,CYCLES,BACKEND,SUB-EVENT,_Add_9:OpId_194 (cycles)
22747418,EXECUTE,26340,CYCLES,BACKEND,SUB-EVENT,hidden_out_ncf:OpId_197 (cycles)
22747418,EXECUTE,7128,CYCLES,BACKEND,SUB-EVENT,Output OpId_3 (cycles)
22747418,EXECUTE,6563,US,BACKEND,ROOT,Accelerator (execute) time
22747418,EXECUTE,2702,US,BACKEND,ROOT,Accelerator (execute excluding wait) time
22747418,EXECUTE,27746,US,BACKEND,ROOT,QNN (execute) time
22769476,EXECUTE,16954,US,NETRUN,ROOT,Graph 0: qwen2_0_5b_layer0_prefill_seq16
22769476,EXECUTE,4,COUNT,BACKEND,ROOT,Number of HVX threads used
22769476,EXECUTE,16275,US,BACKEND,ROOT,RPC (execute) time
22769476,EXECUTE,14916,US,BACKEND,ROOT,QNN accelerator (execute) time
22769476,EXECUTE,0,COUNT,BACKEND,ROOT,Num times yield occured
22769476,EXECUTE,7146,US,BACKEND,ROOT,Time for initial VTCM acquire
22769476,EXECUTE,4777,US,BACKEND,ROOT,Time for HVX + HMX power on and acquire
22769476,EXECUTE,1939166,CYCLES,BACKEND,ROOT,Accelerator (execute) time (cycles)
22769476,EXECUTE,1108,CYCLES,BACKEND,SUB-EVENT,Input OpId_2 (cycles)
22769476,EXECUTE,0,CYCLES,BACKEND,SUB-EVENT,hidden_states_nfc:OpId_17 (cycles)
22769476,EXECUTE,101242,CYCLES,BACKEND,SUB-EVENT,rms_norm__Mul_1_output_0:OpId_22 (cycles)
22769476,EXECUTE,0,CYCLES,BACKEND,SUB-EVENT,_MatMul_2_pre_reshape:OpId_25 (cycles)
22769476,EXECUTE,0,CYCLES,BACKEND,SUB-EVENT,_MatMul_1_pre_reshape:OpId_26 (cycles)
22769476,EXECUTE,0,CYCLES,BACKEND,SUB-EVENT,_MatMul_pre_reshape:OpId_27 (cycles)
22769476,EXECUTE,920,CYCLES,BACKEND,SUB-EVENT,OpId_28 (cycles)
22769476,EXECUTE,0,CYCLES,BACKEND,SUB-EVENT,_MatMul_lhs_reshape:OpId_30 (cycles)
22769476,EXECUTE,0,CYCLES,BACKEND,SUB-EVENT,_MatMul_lhs_cast_fp16:OpId_31 (cycles)
22769476,EXECUTE,800605,CYCLES,BACKEND,SUB-EVENT,_MatMul:OpId_32 (cycles)
22769476,EXECUTE,0,CYCLES,BACKEND,SUB-EVENT,_MatMul_custom_output_reshape:OpId_33 (cycles)
22769476,EXECUTE,100579,CYCLES,BACKEND,SUB-EVENT,_MatMul_bias_add:OpId_34 (cycles)
22769476,EXECUTE,0,CYCLES,BACKEND,SUB-EVENT,_MatMul_post_reshape:OpId_36 (cycles)
22769476,EXECUTE,0,CYCLES,BACKEND,SUB-EVENT,_MatMul_1:OpId_39 (cycles)
22769476,EXECUTE,0,CYCLES,BACKEND,SUB-EVENT,_MatMul_1_post_reshape:OpId_41 (cycles)
22769476,EXECUTE,0,CYCLES,BACKEND,SUB-EVENT,_MatMul_2:OpId_44 (cycles)
22769476,EXECUTE,0,CYCLES,BACKEND,SUB-EVENT,_MatMul_2_post_reshape:OpId_46 (cycles)
22769476,EXECUTE,26432,CYCLES,BACKEND,SUB-EVENT,_Transpose:OpId_48 (cycles)
22769476,EXECUTE,4807,CYCLES,BACKEND,SUB-EVENT,_Transpose_1:OpId_50 (cycles)
22769476,EXECUTE,6634,CYCLES,BACKEND,SUB-EVENT,_Transpose_2:OpId_52 (cycles)
22769476,EXECUTE,22792,CYCLES,BACKEND,SUB-EVENT,_Slice:OpId_54 (cycles)
22769476,EXECUTE,7670,CYCLES,BACKEND,SUB-EVENT,_Slice_1:OpId_60 (cycles)
22769476,EXECUTE,6145,CYCLES,BACKEND,SUB-EVENT,_Mul_2:OpId_66 (cycles)
22769476,EXECUTE,4810,CYCLES,BACKEND,SUB-EVENT,_Mul_3:OpId_69 (cycles)
22769476,EXECUTE,876,CYCLES,BACKEND,SUB-EVENT,_Sub:OpId_71 (cycles)
22769476,EXECUTE,5234,CYCLES,BACKEND,SUB-EVENT,_Mul_4:OpId_73 (cycles)
22769476,EXECUTE,4617,CYCLES,BACKEND,SUB-EVENT,_Mul_5:OpId_75 (cycles)
22769476,EXECUTE,1704,CYCLES,BACKEND,SUB-EVENT,_Add_4:OpId_77 (cycles)
22769476,EXECUTE,0,CYCLES,BACKEND,SUB-EVENT,_Unsqueeze:OpId_79 (cycles)
22769476,EXECUTE,0,CYCLES,BACKEND,SUB-EVENT,_Unsqueeze_1:OpId_80 (cycles)
22769476,EXECUTE,3238,CYCLES,BACKEND,SUB-EVENT,_Concat:OpId_81 (cycles)
22769476,EXECUTE,0,CYCLES,BACKEND,SUB-EVENT,_Reshape_3:OpId_83 (cycles)
22769476,EXECUTE,27863,CYCLES,BACKEND,SUB-EVENT,_Slice_3:OpId_85 (cycles)
22769476,EXECUTE,4438,CYCLES,BACKEND,SUB-EVENT,_Slice_4:OpId_91 (cycles)
22769476,EXECUTE,3657,CYCLES,BACKEND,SUB-EVENT,_Mul_6:OpId_96 (cycles)
22769476,EXECUTE,2211,CYCLES,BACKEND,SUB-EVENT,_Mul_7:OpId_98 (cycles)
22769476,EXECUTE,706,CYCLES,BACKEND,SUB-EVENT,_Sub_1:OpId_100 (cycles)
22769476,EXECUTE,3611,CYCLES,BACKEND,SUB-EVENT,_Mul_8:OpId_102 (cycles)
22769476,EXECUTE,2119,CYCLES,BACKEND,SUB-EVENT,_Mul_9:OpId_104 (cycles)
22769476,EXECUTE,677,CYCLES,BACKEND,SUB-EVENT,_Add_5:OpId_106 (cycles)
22769476,EXECUTE,0,CYCLES,BACKEND,SUB-EVENT,_Unsqueeze_2:OpId_108 (cycles)
22769476,EXECUTE,0,CYCLES,BACKEND,SUB-EVENT,_Unsqueeze_3:OpId_109 (cycles)
22769476,EXECUTE,1812,CYCLES,BACKEND,SUB-EVENT,_Concat_2:OpId_110 (cycles)
22769476,EXECUTE,1860,CYCLES,BACKEND,SUB-EVENT,_Reshape_4:OpId_112 (cycles)
22769476,EXECUTE,0,CYCLES,BACKEND,SUB-EVENT,_Unsqueeze_4:OpId_113 (cycles)
22769476,EXECUTE,2334,CYCLES,BACKEND,SUB-EVENT,_Tile:OpId_115 (cycles)
22769476,EXECUTE,0,CYCLES,BACKEND,SUB-EVENT,_Reshape_5:OpId_116 (cycles)
22769476,EXECUTE,0,CYCLES,BACKEND,SUB-EVENT,_Unsqueeze_5:OpId_117 (cycles)
22769476,EXECUTE,5143,CYCLES,BACKEND,SUB-EVENT,_Tile_1:OpId_119 (cycles)
22769476,EXECUTE,0,CYCLES,BACKEND,SUB-EVENT,_Reshape_6:OpId_120 (cycles)
22769476,EXECUTE,0,CYCLES,BACKEND,SUB-EVENT,_Transpose_3:OpId_122 (cycles)
22769476,EXECUTE,74888,CYCLES,BACKEND,SUB-EVENT,_MatMul_3:OpId_123 (cycles)
22769476,EXECUTE,9434,CYCLES,BACKEND,SUB-EVENT,_Div_1:OpId_128 (cycles)
22769476,EXECUTE,4760,CYCLES,BACKEND,SUB-EVENT,_Add_6:OpId_131 (cycles)
22769476,EXECUTE,41973,CYCLES,BACKEND,SUB-EVENT,_Softmax:OpId_133 (cycles)
22769476,EXECUTE,12661,CYCLES,BACKEND,SUB-EVENT,_MatMul_4:OpId_136 (cycles)
22769476,EXECUTE,0,CYCLES,BACKEND,SUB-EVENT,_Transpose_4:OpId_141 (cycles)
22769476,EXECUTE,0,CYCLES,BACKEND,SUB-EVENT,_Reshape_7:OpId_142 (cycles)
22769476,EXECUTE,12634,CYCLES,BACKEND,SUB-EVENT,_MatMul_5:OpId_144 (cycles)
22769476,EXECUTE,0,CYCLES,BACKEND,SUB-EVENT,_MatMul_5_post_reshape:OpId_147 (cycles)
22769476,EXECUTE,0,CYCLES,BACKEND,SUB-EVENT,_MatMul_5_output_0_nfc:OpId_149 (cycles)
22769476,EXECUTE,2670,CYCLES,BACKEND,SUB-EVENT,_Add_7:OpId_151 (cycles)
22769476,EXECUTE,0,CYCLES,BACKEND,SUB-EVENT,_Add_7_output_0_ncf:OpId_154 (cycles)
22769476,EXECUTE,12614,CYCLES,BACKEND,SUB-EVENT,rms_norm__Mul_11_output_0:OpId_159 (cycles)
22769476,EXECUTE,0,CYCLES,BACKEND,SUB-EVENT,_MatMul_7_pre_reshape:OpId_162 (cycles)
22769476,EXECUTE,0,CYCLES,BACKEND,SUB-EVENT,_MatMul_6_pre_reshape:OpId_163 (cycles)
22769476,EXECUTE,99452,CYCLES,BACKEND,SUB-EVENT,_MatMul_6:OpId_165 (cycles)
22769476,EXECUTE,0,CYCLES,BACKEND,SUB-EVENT,_MatMul_6_post_reshape:OpId_168 (cycles)
22769476,EXECUTE,76514,CYCLES,BACKEND,SUB-EVENT,_MatMul_7:OpId_170 (cycles)
22769476,EXECUTE,0,CYCLES,BACKEND,SUB-EVENT,_MatMul_7_post_reshape:OpId_173 (cycles)
22769476,EXECUTE,0,CYCLES,BACKEND,SUB-EVENT,_Sigmoid:OpId_174 (cycles)
22769476,EXECUTE,176889,CYCLES,BACKEND,SUB-EVENT,_Mul_12:OpId_181 (cycles)
22769476,EXECUTE,77434,CYCLES,BACKEND,SUB-EVENT,_Mul_13:OpId_183 (cycles)
22769476,EXECUTE,0,CYCLES,BACKEND,SUB-EVENT,_MatMul_8_pre_reshape:OpId_185 (cycles)
22769476,EXECUTE,141621,CYCLES,BACKEND,SUB-EVENT,_MatMul_8:OpId_187 (cycles)
22769476,EXECUTE,0,CYCLES,BACKEND,SUB-EVENT,_MatMul_8_post_reshape:OpId_190 (cycles)
22769476,EXECUTE,0,CYCLES,BACKEND,SUB-EVENT,_MatMul_8_output_0_nfc:OpId_192 (cycles)
22769476,EXECUTE,7116,CYCLES,BACKEND,SUB-EVENT,_Add_9:OpId_194 (cycles)
22769476,EXECUTE,26639,CYCLES,BACKEND,SUB-EVENT,hidden_out_ncf:OpId_197 (cycles)
22769476,EXECUTE,6023,CYCLES,BACKEND,SUB-EVENT,Output OpId_3 (cycles)
22769476,EXECUTE,5057,US,BACKEND,ROOT,Accelerator (execute) time
22769476,EXECUTE,2534,US,BACKEND,ROOT,Accelerator (execute excluding wait) time
22769476,EXECUTE,16903,US,BACKEND,ROOT,QNN (execute) time
22791050,EXECUTE,16578,US,NETRUN,ROOT,Graph 0: qwen2_0_5b_layer0_prefill_seq16
22791050,EXECUTE,4,COUNT,BACKEND,ROOT,Number of HVX threads used
22791050,EXECUTE,15952,US,BACKEND,ROOT,RPC (execute) time
22791050,EXECUTE,14771,US,BACKEND,ROOT,QNN accelerator (execute) time
22791050,EXECUTE,0,COUNT,BACKEND,ROOT,Num times yield occured
22791050,EXECUTE,7111,US,BACKEND,ROOT,Time for initial VTCM acquire
22791050,EXECUTE,4897,US,BACKEND,ROOT,Time for HVX + HMX power on and acquire
22791050,EXECUTE,1905152,CYCLES,BACKEND,ROOT,Accelerator (execute) time (cycles)
22791050,EXECUTE,1004,CYCLES,BACKEND,SUB-EVENT,Input OpId_2 (cycles)
22791050,EXECUTE,0,CYCLES,BACKEND,SUB-EVENT,hidden_states_nfc:OpId_17 (cycles)
22791050,EXECUTE,94582,CYCLES,BACKEND,SUB-EVENT,rms_norm__Mul_1_output_0:OpId_22 (cycles)
22791050,EXECUTE,0,CYCLES,BACKEND,SUB-EVENT,_MatMul_2_pre_reshape:OpId_25 (cycles)
22791050,EXECUTE,0,CYCLES,BACKEND,SUB-EVENT,_MatMul_1_pre_reshape:OpId_26 (cycles)
22791050,EXECUTE,0,CYCLES,BACKEND,SUB-EVENT,_MatMul_pre_reshape:OpId_27 (cycles)
22791050,EXECUTE,965,CYCLES,BACKEND,SUB-EVENT,OpId_28 (cycles)
22791050,EXECUTE,0,CYCLES,BACKEND,SUB-EVENT,_MatMul_lhs_reshape:OpId_30 (cycles)
22791050,EXECUTE,0,CYCLES,BACKEND,SUB-EVENT,_MatMul_lhs_cast_fp16:OpId_31 (cycles)
22791050,EXECUTE,798769,CYCLES,BACKEND,SUB-EVENT,_MatMul:OpId_32 (cycles)
22791050,EXECUTE,0,CYCLES,BACKEND,SUB-EVENT,_MatMul_custom_output_reshape:OpId_33 (cycles)
22791050,EXECUTE,90275,CYCLES,BACKEND,SUB-EVENT,_MatMul_bias_add:OpId_34 (cycles)
22791050,EXECUTE,0,CYCLES,BACKEND,SUB-EVENT,_MatMul_post_reshape:OpId_36 (cycles)
22791050,EXECUTE,0,CYCLES,BACKEND,SUB-EVENT,_MatMul_1:OpId_39 (cycles)
22791050,EXECUTE,0,CYCLES,BACKEND,SUB-EVENT,_MatMul_1_post_reshape:OpId_41 (cycles)
22791050,EXECUTE,0,CYCLES,BACKEND,SUB-EVENT,_MatMul_2:OpId_44 (cycles)
22791050,EXECUTE,0,CYCLES,BACKEND,SUB-EVENT,_MatMul_2_post_reshape:OpId_46 (cycles)
22791050,EXECUTE,25438,CYCLES,BACKEND,SUB-EVENT,_Transpose:OpId_48 (cycles)
22791050,EXECUTE,5362,CYCLES,BACKEND,SUB-EVENT,_Transpose_1:OpId_50 (cycles)
22791050,EXECUTE,7982,CYCLES,BACKEND,SUB-EVENT,_Transpose_2:OpId_52 (cycles)
22791050,EXECUTE,22631,CYCLES,BACKEND,SUB-EVENT,_Slice:OpId_54 (cycles)
22791050,EXECUTE,8021,CYCLES,BACKEND,SUB-EVENT,_Slice_1:OpId_60 (cycles)
22791050,EXECUTE,6915,CYCLES,BACKEND,SUB-EVENT,_Mul_2:OpId_66 (cycles)
22791050,EXECUTE,4749,CYCLES,BACKEND,SUB-EVENT,_Mul_3:OpId_69 (cycles)
22791050,EXECUTE,864,CYCLES,BACKEND,SUB-EVENT,_Sub:OpId_71 (cycles)
22791050,EXECUTE,5353,CYCLES,BACKEND,SUB-EVENT,_Mul_4:OpId_73 (cycles)
22791050,EXECUTE,4603,CYCLES,BACKEND,SUB-EVENT,_Mul_5:OpId_75 (cycles)
22791050,EXECUTE,1494,CYCLES,BACKEND,SUB-EVENT,_Add_4:OpId_77 (cycles)
22791050,EXECUTE,0,CYCLES,BACKEND,SUB-EVENT,_Unsqueeze:OpId_79 (cycles)
22791050,EXECUTE,0,CYCLES,BACKEND,SUB-EVENT,_Unsqueeze_1:OpId_80 (cycles)
22791050,EXECUTE,3178,CYCLES,BACKEND,SUB-EVENT,_Concat:OpId_81 (cycles)
22791050,EXECUTE,0,CYCLES,BACKEND,SUB-EVENT,_Reshape_3:OpId_83 (cycles)
22791050,EXECUTE,23888,CYCLES,BACKEND,SUB-EVENT,_Slice_3:OpId_85 (cycles)
22791050,EXECUTE,4516,CYCLES,BACKEND,SUB-EVENT,_Slice_4:OpId_91 (cycles)
22791050,EXECUTE,3135,CYCLES,BACKEND,SUB-EVENT,_Mul_6:OpId_96 (cycles)
22791050,EXECUTE,1770,CYCLES,BACKEND,SUB-EVENT,_Mul_7:OpId_98 (cycles)
22791050,EXECUTE,595,CYCLES,BACKEND,SUB-EVENT,_Sub_1:OpId_100 (cycles)
22791050,EXECUTE,3097,CYCLES,BACKEND,SUB-EVENT,_Mul_8:OpId_102 (cycles)
22791050,EXECUTE,1693,CYCLES,BACKEND,SUB-EVENT,_Mul_9:OpId_104 (cycles)
22791050,EXECUTE,930,CYCLES,BACKEND,SUB-EVENT,_Add_5:OpId_106 (cycles)
22791050,EXECUTE,0,CYCLES,BACKEND,SUB-EVENT,_Unsqueeze_2:OpId_108 (cycles)
22791050,EXECUTE,0,CYCLES,BACKEND,SUB-EVENT,_Unsqueeze_3:OpId_109 (cycles)
22791050,EXECUTE,1633,CYCLES,BACKEND,SUB-EVENT,_Concat_2:OpId_110 (cycles)
22791050,EXECUTE,2022,CYCLES,BACKEND,SUB-EVENT,_Reshape_4:OpId_112 (cycles)
22791050,EXECUTE,0,CYCLES,BACKEND,SUB-EVENT,_Unsqueeze_4:OpId_113 (cycles)
22791050,EXECUTE,2412,CYCLES,BACKEND,SUB-EVENT,_Tile:OpId_115 (cycles)
22791050,EXECUTE,0,CYCLES,BACKEND,SUB-EVENT,_Reshape_5:OpId_116 (cycles)
22791050,EXECUTE,0,CYCLES,BACKEND,SUB-EVENT,_Unsqueeze_5:OpId_117 (cycles)
22791050,EXECUTE,3587,CYCLES,BACKEND,SUB-EVENT,_Tile_1:OpId_119 (cycles)
22791050,EXECUTE,0,CYCLES,BACKEND,SUB-EVENT,_Reshape_6:OpId_120 (cycles)
22791050,EXECUTE,0,CYCLES,BACKEND,SUB-EVENT,_Transpose_3:OpId_122 (cycles)
22791050,EXECUTE,73657,CYCLES,BACKEND,SUB-EVENT,_MatMul_3:OpId_123 (cycles)
22791050,EXECUTE,9447,CYCLES,BACKEND,SUB-EVENT,_Div_1:OpId_128 (cycles)
22791050,EXECUTE,4090,CYCLES,BACKEND,SUB-EVENT,_Add_6:OpId_131 (cycles)
22791050,EXECUTE,40631,CYCLES,BACKEND,SUB-EVENT,_Softmax:OpId_133 (cycles)
22791050,EXECUTE,12395,CYCLES,BACKEND,SUB-EVENT,_MatMul_4:OpId_136 (cycles)
22791050,EXECUTE,0,CYCLES,BACKEND,SUB-EVENT,_Transpose_4:OpId_141 (cycles)
22791050,EXECUTE,0,CYCLES,BACKEND,SUB-EVENT,_Reshape_7:OpId_142 (cycles)
22791050,EXECUTE,12594,CYCLES,BACKEND,SUB-EVENT,_MatMul_5:OpId_144 (cycles)
22791050,EXECUTE,0,CYCLES,BACKEND,SUB-EVENT,_MatMul_5_post_reshape:OpId_147 (cycles)
22791050,EXECUTE,0,CYCLES,BACKEND,SUB-EVENT,_MatMul_5_output_0_nfc:OpId_149 (cycles)
22791050,EXECUTE,2636,CYCLES,BACKEND,SUB-EVENT,_Add_7:OpId_151 (cycles)
22791050,EXECUTE,0,CYCLES,BACKEND,SUB-EVENT,_Add_7_output_0_ncf:OpId_154 (cycles)
22791050,EXECUTE,12585,CYCLES,BACKEND,SUB-EVENT,rms_norm__Mul_11_output_0:OpId_159 (cycles)
22791050,EXECUTE,0,CYCLES,BACKEND,SUB-EVENT,_MatMul_7_pre_reshape:OpId_162 (cycles)
22791050,EXECUTE,0,CYCLES,BACKEND,SUB-EVENT,_MatMul_6_pre_reshape:OpId_163 (cycles)
22791050,EXECUTE,101066,CYCLES,BACKEND,SUB-EVENT,_MatMul_6:OpId_165 (cycles)
22791050,EXECUTE,0,CYCLES,BACKEND,SUB-EVENT,_MatMul_6_post_reshape:OpId_168 (cycles)
22791050,EXECUTE,75377,CYCLES,BACKEND,SUB-EVENT,_MatMul_7:OpId_170 (cycles)
22791050,EXECUTE,0,CYCLES,BACKEND,SUB-EVENT,_MatMul_7_post_reshape:OpId_173 (cycles)
22791050,EXECUTE,0,CYCLES,BACKEND,SUB-EVENT,_Sigmoid:OpId_174 (cycles)
22791050,EXECUTE,173818,CYCLES,BACKEND,SUB-EVENT,_Mul_12:OpId_181 (cycles)
22791050,EXECUTE,75095,CYCLES,BACKEND,SUB-EVENT,_Mul_13:OpId_183 (cycles)
22791050,EXECUTE,0,CYCLES,BACKEND,SUB-EVENT,_MatMul_8_pre_reshape:OpId_185 (cycles)
22791050,EXECUTE,141811,CYCLES,BACKEND,SUB-EVENT,_MatMul_8:OpId_187 (cycles)
22791050,EXECUTE,0,CYCLES,BACKEND,SUB-EVENT,_MatMul_8_post_reshape:OpId_190 (cycles)
22791050,EXECUTE,0,CYCLES,BACKEND,SUB-EVENT,_MatMul_8_output_0_nfc:OpId_192 (cycles)
22791050,EXECUTE,7024,CYCLES,BACKEND,SUB-EVENT,_Add_9:OpId_194 (cycles)
22791050,EXECUTE,25720,CYCLES,BACKEND,SUB-EVENT,hidden_out_ncf:OpId_197 (cycles)
22791050,EXECUTE,5743,CYCLES,BACKEND,SUB-EVENT,Output OpId_3 (cycles)
22791050,EXECUTE,4990,US,BACKEND,ROOT,Accelerator (execute) time
22791050,EXECUTE,2497,US,BACKEND,ROOT,Accelerator (execute excluding wait) time
22791050,EXECUTE,16530,US,BACKEND,ROOT,QNN (execute) time
22812587,EXECUTE,16587,US,NETRUN,ROOT,Graph 0: qwen2_0_5b_layer0_prefill_seq16
22812587,EXECUTE,4,COUNT,BACKEND,ROOT,Number of HVX threads used
22812587,EXECUTE,15972,US,BACKEND,ROOT,RPC (execute) time
22812587,EXECUTE,14798,US,BACKEND,ROOT,QNN accelerator (execute) time
22812587,EXECUTE,0,COUNT,BACKEND,ROOT,Num times yield occured
22812587,EXECUTE,7182,US,BACKEND,ROOT,Time for initial VTCM acquire
22812587,EXECUTE,4719,US,BACKEND,ROOT,Time for HVX + HMX power on and acquire
22812587,EXECUTE,1909112,CYCLES,BACKEND,ROOT,Accelerator (execute) time (cycles)
22812587,EXECUTE,967,CYCLES,BACKEND,SUB-EVENT,Input OpId_2 (cycles)
22812587,EXECUTE,0,CYCLES,BACKEND,SUB-EVENT,hidden_states_nfc:OpId_17 (cycles)
22812587,EXECUTE,94454,CYCLES,BACKEND,SUB-EVENT,rms_norm__Mul_1_output_0:OpId_22 (cycles)
22812587,EXECUTE,0,CYCLES,BACKEND,SUB-EVENT,_MatMul_2_pre_reshape:OpId_25 (cycles)
22812587,EXECUTE,0,CYCLES,BACKEND,SUB-EVENT,_MatMul_1_pre_reshape:OpId_26 (cycles)
22812587,EXECUTE,0,CYCLES,BACKEND,SUB-EVENT,_MatMul_pre_reshape:OpId_27 (cycles)
22812587,EXECUTE,751,CYCLES,BACKEND,SUB-EVENT,OpId_28 (cycles)
22812587,EXECUTE,0,CYCLES,BACKEND,SUB-EVENT,_MatMul_lhs_reshape:OpId_30 (cycles)
22812587,EXECUTE,0,CYCLES,BACKEND,SUB-EVENT,_MatMul_lhs_cast_fp16:OpId_31 (cycles)
22812587,EXECUTE,796663,CYCLES,BACKEND,SUB-EVENT,_MatMul:OpId_32 (cycles)
22812587,EXECUTE,0,CYCLES,BACKEND,SUB-EVENT,_MatMul_custom_output_reshape:OpId_33 (cycles)
22812587,EXECUTE,96648,CYCLES,BACKEND,SUB-EVENT,_MatMul_bias_add:OpId_34 (cycles)
22812587,EXECUTE,0,CYCLES,BACKEND,SUB-EVENT,_MatMul_post_reshape:OpId_36 (cycles)
22812587,EXECUTE,0,CYCLES,BACKEND,SUB-EVENT,_MatMul_1:OpId_39 (cycles)
22812587,EXECUTE,0,CYCLES,BACKEND,SUB-EVENT,_MatMul_1_post_reshape:OpId_41 (cycles)
22812587,EXECUTE,0,CYCLES,BACKEND,SUB-EVENT,_MatMul_2:OpId_44 (cycles)
22812587,EXECUTE,0,CYCLES,BACKEND,SUB-EVENT,_MatMul_2_post_reshape:OpId_46 (cycles)
22812587,EXECUTE,25432,CYCLES,BACKEND,SUB-EVENT,_Transpose:OpId_48 (cycles)
22812587,EXECUTE,4916,CYCLES,BACKEND,SUB-EVENT,_Transpose_1:OpId_50 (cycles)
22812587,EXECUTE,8655,CYCLES,BACKEND,SUB-EVENT,_Transpose_2:OpId_52 (cycles)
22812587,EXECUTE,22725,CYCLES,BACKEND,SUB-EVENT,_Slice:OpId_54 (cycles)
22812587,EXECUTE,7931,CYCLES,BACKEND,SUB-EVENT,_Slice_1:OpId_60 (cycles)
22812587,EXECUTE,6573,CYCLES,BACKEND,SUB-EVENT,_Mul_2:OpId_66 (cycles)
22812587,EXECUTE,4847,CYCLES,BACKEND,SUB-EVENT,_Mul_3:OpId_69 (cycles)
22812587,EXECUTE,866,CYCLES,BACKEND,SUB-EVENT,_Sub:OpId_71 (cycles)
22812587,EXECUTE,5182,CYCLES,BACKEND,SUB-EVENT,_Mul_4:OpId_73 (cycles)
22812587,EXECUTE,4602,CYCLES,BACKEND,SUB-EVENT,_Mul_5:OpId_75 (cycles)
22812587,EXECUTE,1694,CYCLES,BACKEND,SUB-EVENT,_Add_4:OpId_77 (cycles)
22812587,EXECUTE,0,CYCLES,BACKEND,SUB-EVENT,_Unsqueeze:OpId_79 (cycles)
22812587,EXECUTE,0,CYCLES,BACKEND,SUB-EVENT,_Unsqueeze_1:OpId_80 (cycles)
22812587,EXECUTE,3149,CYCLES,BACKEND,SUB-EVENT,_Concat:OpId_81 (cycles)
22812587,EXECUTE,0,CYCLES,BACKEND,SUB-EVENT,_Reshape_3:OpId_83 (cycles)
22812587,EXECUTE,22927,CYCLES,BACKEND,SUB-EVENT,_Slice_3:OpId_85 (cycles)
22812587,EXECUTE,4376,CYCLES,BACKEND,SUB-EVENT,_Slice_4:OpId_91 (cycles)
22812587,EXECUTE,3193,CYCLES,BACKEND,SUB-EVENT,_Mul_6:OpId_96 (cycles)
22812587,EXECUTE,1910,CYCLES,BACKEND,SUB-EVENT,_Mul_7:OpId_98 (cycles)
22812587,EXECUTE,582,CYCLES,BACKEND,SUB-EVENT,_Sub_1:OpId_100 (cycles)
22812587,EXECUTE,3263,CYCLES,BACKEND,SUB-EVENT,_Mul_8:OpId_102 (cycles)
22812587,EXECUTE,2018,CYCLES,BACKEND,SUB-EVENT,_Mul_9:OpId_104 (cycles)
22812587,EXECUTE,644,CYCLES,BACKEND,SUB-EVENT,_Add_5:OpId_106 (cycles)
22812587,EXECUTE,0,CYCLES,BACKEND,SUB-EVENT,_Unsqueeze_2:OpId_108 (cycles)
22812587,EXECUTE,0,CYCLES,BACKEND,SUB-EVENT,_Unsqueeze_3:OpId_109 (cycles)
22812587,EXECUTE,1638,CYCLES,BACKEND,SUB-EVENT,_Concat_2:OpId_110 (cycles)
22812587,EXECUTE,1303,CYCLES,BACKEND,SUB-EVENT,_Reshape_4:OpId_112 (cycles)
22812587,EXECUTE,0,CYCLES,BACKEND,SUB-EVENT,_Unsqueeze_4:OpId_113 (cycles)
22812587,EXECUTE,2227,CYCLES,BACKEND,SUB-EVENT,_Tile:OpId_115 (cycles)
22812587,EXECUTE,0,CYCLES,BACKEND,SUB-EVENT,_Reshape_5:OpId_116 (cycles)
22812587,EXECUTE,0,CYCLES,BACKEND,SUB-EVENT,_Unsqueeze_5:OpId_117 (cycles)
22812587,EXECUTE,3619,CYCLES,BACKEND,SUB-EVENT,_Tile_1:OpId_119 (cycles)
22812587,EXECUTE,0,CYCLES,BACKEND,SUB-EVENT,_Reshape_6:OpId_120 (cycles)
22812587,EXECUTE,0,CYCLES,BACKEND,SUB-EVENT,_Transpose_3:OpId_122 (cycles)
22812587,EXECUTE,76438,CYCLES,BACKEND,SUB-EVENT,_MatMul_3:OpId_123 (cycles)
22812587,EXECUTE,9519,CYCLES,BACKEND,SUB-EVENT,_Div_1:OpId_128 (cycles)
22812587,EXECUTE,4281,CYCLES,BACKEND,SUB-EVENT,_Add_6:OpId_131 (cycles)
22812587,EXECUTE,40856,CYCLES,BACKEND,SUB-EVENT,_Softmax:OpId_133 (cycles)
22812587,EXECUTE,12043,CYCLES,BACKEND,SUB-EVENT,_MatMul_4:OpId_136 (cycles)
22812587,EXECUTE,0,CYCLES,BACKEND,SUB-EVENT,_Transpose_4:OpId_141 (cycles)
22812587,EXECUTE,0,CYCLES,BACKEND,SUB-EVENT,_Reshape_7:OpId_142 (cycles)
22812587,EXECUTE,12631,CYCLES,BACKEND,SUB-EVENT,_MatMul_5:OpId_144 (cycles)
22812587,EXECUTE,0,CYCLES,BACKEND,SUB-EVENT,_MatMul_5_post_reshape:OpId_147 (cycles)
22812587,EXECUTE,0,CYCLES,BACKEND,SUB-EVENT,_MatMul_5_output_0_nfc:OpId_149 (cycles)
22812587,EXECUTE,2666,CYCLES,BACKEND,SUB-EVENT,_Add_7:OpId_151 (cycles)
22812587,EXECUTE,0,CYCLES,BACKEND,SUB-EVENT,_Add_7_output_0_ncf:OpId_154 (cycles)
22812587,EXECUTE,12634,CYCLES,BACKEND,SUB-EVENT,rms_norm__Mul_11_output_0:OpId_159 (cycles)
22812587,EXECUTE,0,CYCLES,BACKEND,SUB-EVENT,_MatMul_7_pre_reshape:OpId_162 (cycles)
22812587,EXECUTE,0,CYCLES,BACKEND,SUB-EVENT,_MatMul_6_pre_reshape:OpId_163 (cycles)
22812587,EXECUTE,101470,CYCLES,BACKEND,SUB-EVENT,_MatMul_6:OpId_165 (cycles)
22812587,EXECUTE,0,CYCLES,BACKEND,SUB-EVENT,_MatMul_6_post_reshape:OpId_168 (cycles)
22812587,EXECUTE,75704,CYCLES,BACKEND,SUB-EVENT,_MatMul_7:OpId_170 (cycles)
22812587,EXECUTE,0,CYCLES,BACKEND,SUB-EVENT,_MatMul_7_post_reshape:OpId_173 (cycles)
22812587,EXECUTE,0,CYCLES,BACKEND,SUB-EVENT,_Sigmoid:OpId_174 (cycles)
22812587,EXECUTE,174151,CYCLES,BACKEND,SUB-EVENT,_Mul_12:OpId_181 (cycles)
22812587,EXECUTE,72128,CYCLES,BACKEND,SUB-EVENT,_Mul_13:OpId_183 (cycles)
22812587,EXECUTE,0,CYCLES,BACKEND,SUB-EVENT,_MatMul_8_pre_reshape:OpId_185 (cycles)
22812587,EXECUTE,142046,CYCLES,BACKEND,SUB-EVENT,_MatMul_8:OpId_187 (cycles)
22812587,EXECUTE,0,CYCLES,BACKEND,SUB-EVENT,_MatMul_8_post_reshape:OpId_190 (cycles)
22812587,EXECUTE,0,CYCLES,BACKEND,SUB-EVENT,_MatMul_8_output_0_nfc:OpId_192 (cycles)
22812587,EXECUTE,7031,CYCLES,BACKEND,SUB-EVENT,_Add_9:OpId_194 (cycles)
22812587,EXECUTE,26454,CYCLES,BACKEND,SUB-EVENT,hidden_out_ncf:OpId_197 (cycles)
22812587,EXECUTE,5305,CYCLES,BACKEND,SUB-EVENT,Output OpId_3 (cycles)
22812587,EXECUTE,5009,US,BACKEND,ROOT,Accelerator (execute) time
22812587,EXECUTE,2514,US,BACKEND,ROOT,Accelerator (execute excluding wait) time
22812587,EXECUTE,16541,US,BACKEND,ROOT,QNN (execute) time
22836149,EXECUTE,16855,US,NETRUN,ROOT,Graph 0: qwen2_0_5b_layer0_prefill_seq16
22836149,EXECUTE,4,COUNT,BACKEND,ROOT,Number of HVX threads used
22836149,EXECUTE,16260,US,BACKEND,ROOT,RPC (execute) time
22836149,EXECUTE,14947,US,BACKEND,ROOT,QNN accelerator (execute) time
22836149,EXECUTE,0,COUNT,BACKEND,ROOT,Num times yield occured
22836149,EXECUTE,7176,US,BACKEND,ROOT,Time for initial VTCM acquire
22836149,EXECUTE,4819,US,BACKEND,ROOT,Time for HVX + HMX power on and acquire
22836149,EXECUTE,1955499,CYCLES,BACKEND,ROOT,Accelerator (execute) time (cycles)
22836149,EXECUTE,4245,CYCLES,BACKEND,SUB-EVENT,Input OpId_2 (cycles)
22836149,EXECUTE,0,CYCLES,BACKEND,SUB-EVENT,hidden_states_nfc:OpId_17 (cycles)
22836149,EXECUTE,78067,CYCLES,BACKEND,SUB-EVENT,rms_norm__Mul_1_output_0:OpId_22 (cycles)
22836149,EXECUTE,0,CYCLES,BACKEND,SUB-EVENT,_MatMul_2_pre_reshape:OpId_25 (cycles)
22836149,EXECUTE,0,CYCLES,BACKEND,SUB-EVENT,_MatMul_1_pre_reshape:OpId_26 (cycles)
22836149,EXECUTE,0,CYCLES,BACKEND,SUB-EVENT,_MatMul_pre_reshape:OpId_27 (cycles)
22836149,EXECUTE,22279,CYCLES,BACKEND,SUB-EVENT,OpId_28 (cycles)
22836149,EXECUTE,0,CYCLES,BACKEND,SUB-EVENT,_MatMul_lhs_reshape:OpId_30 (cycles)
22836149,EXECUTE,0,CYCLES,BACKEND,SUB-EVENT,_MatMul_lhs_cast_fp16:OpId_31 (cycles)
22836149,EXECUTE,795952,CYCLES,BACKEND,SUB-EVENT,_MatMul:OpId_32 (cycles)
22836149,EXECUTE,0,CYCLES,BACKEND,SUB-EVENT,_MatMul_custom_output_reshape:OpId_33 (cycles)
22836149,EXECUTE,73328,CYCLES,BACKEND,SUB-EVENT,_MatMul_bias_add:OpId_34 (cycles)
22836149,EXECUTE,0,CYCLES,BACKEND,SUB-EVENT,_MatMul_post_reshape:OpId_36 (cycles)
22836149,EXECUTE,0,CYCLES,BACKEND,SUB-EVENT,_MatMul_1:OpId_39 (cycles)
22836149,EXECUTE,0,CYCLES,BACKEND,SUB-EVENT,_MatMul_1_post_reshape:OpId_41 (cycles)
22836149,EXECUTE,0,CYCLES,BACKEND,SUB-EVENT,_MatMul_2:OpId_44 (cycles)
22836149,EXECUTE,0,CYCLES,BACKEND,SUB-EVENT,_MatMul_2_post_reshape:OpId_46 (cycles)
22836149,EXECUTE,21819,CYCLES,BACKEND,SUB-EVENT,_Transpose:OpId_48 (cycles)
22836149,EXECUTE,6328,CYCLES,BACKEND,SUB-EVENT,_Transpose_1:OpId_50 (cycles)
22836149,EXECUTE,5996,CYCLES,BACKEND,SUB-EVENT,_Transpose_2:OpId_52 (cycles)
22836149,EXECUTE,22611,CYCLES,BACKEND,SUB-EVENT,_Slice:OpId_54 (cycles)
22836149,EXECUTE,7758,CYCLES,BACKEND,SUB-EVENT,_Slice_1:OpId_60 (cycles)
22836149,EXECUTE,5488,CYCLES,BACKEND,SUB-EVENT,_Mul_2:OpId_66 (cycles)
22836149,EXECUTE,4850,CYCLES,BACKEND,SUB-EVENT,_Mul_3:OpId_69 (cycles)
22836149,EXECUTE,890,CYCLES,BACKEND,SUB-EVENT,_Sub:OpId_71 (cycles)
22836149,EXECUTE,5219,CYCLES,BACKEND,SUB-EVENT,_Mul_4:OpId_73 (cycles)
22836149,EXECUTE,4486,CYCLES,BACKEND,SUB-EVENT,_Mul_5:OpId_75 (cycles)
22836149,EXECUTE,953,CYCLES,BACKEND,SUB-EVENT,_Add_4:OpId_77 (cycles)
22836149,EXECUTE,0,CYCLES,BACKEND,SUB-EVENT,_Unsqueeze:OpId_79 (cycles)
22836149,EXECUTE,0,CYCLES,BACKEND,SUB-EVENT,_Unsqueeze_1:OpId_80 (cycles)
22836149,EXECUTE,3087,CYCLES,BACKEND,SUB-EVENT,_Concat:OpId_81 (cycles)
22836149,EXECUTE,0,CYCLES,BACKEND,SUB-EVENT,_Reshape_3:OpId_83 (cycles)
22836149,EXECUTE,15965,CYCLES,BACKEND,SUB-EVENT,_Slice_3:OpId_85 (cycles)
22836149,EXECUTE,4409,CYCLES,BACKEND,SUB-EVENT,_Slice_4:OpId_91 (cycles)
22836149,EXECUTE,2887,CYCLES,BACKEND,SUB-EVENT,_Mul_6:OpId_96 (cycles)
22836149,EXECUTE,1765,CYCLES,BACKEND,SUB-EVENT,_Mul_7:OpId_98 (cycles)
22836149,EXECUTE,593,CYCLES,BACKEND,SUB-EVENT,_Sub_1:OpId_100 (cycles)
22836149,EXECUTE,2736,CYCLES,BACKEND,SUB-EVENT,_Mul_8:OpId_102 (cycles)
22836149,EXECUTE,1793,CYCLES,BACKEND,SUB-EVENT,_Mul_9:OpId_104 (cycles)
22836149,EXECUTE,654,CYCLES,BACKEND,SUB-EVENT,_Add_5:OpId_106 (cycles)
22836149,EXECUTE,0,CYCLES,BACKEND,SUB-EVENT,_Unsqueeze_2:OpId_108 (cycles)
22836149,EXECUTE,0,CYCLES,BACKEND,SUB-EVENT,_Unsqueeze_3:OpId_109 (cycles)
22836149,EXECUTE,1559,CYCLES,BACKEND,SUB-EVENT,_Concat_2:OpId_110 (cycles)
22836149,EXECUTE,1361,CYCLES,BACKEND,SUB-EVENT,_Reshape_4:OpId_112 (cycles)
22836149,EXECUTE,0,CYCLES,BACKEND,SUB-EVENT,_Unsqueeze_4:OpId_113 (cycles)
22836149,EXECUTE,2102,CYCLES,BACKEND,SUB-EVENT,_Tile:OpId_115 (cycles)
22836149,EXECUTE,0,CYCLES,BACKEND,SUB-EVENT,_Reshape_5:OpId_116 (cycles)
22836149,EXECUTE,0,CYCLES,BACKEND,SUB-EVENT,_Unsqueeze_5:OpId_117 (cycles)
22836149,EXECUTE,2367,CYCLES,BACKEND,SUB-EVENT,_Tile_1:OpId_119 (cycles)
22836149,EXECUTE,0,CYCLES,BACKEND,SUB-EVENT,_Reshape_6:OpId_120 (cycles)
22836149,EXECUTE,0,CYCLES,BACKEND,SUB-EVENT,_Transpose_3:OpId_122 (cycles)
22836149,EXECUTE,62462,CYCLES,BACKEND,SUB-EVENT,_MatMul_3:OpId_123 (cycles)
22836149,EXECUTE,9227,CYCLES,BACKEND,SUB-EVENT,_Div_1:OpId_128 (cycles)
22836149,EXECUTE,2959,CYCLES,BACKEND,SUB-EVENT,_Add_6:OpId_131 (cycles)
22836149,EXECUTE,44340,CYCLES,BACKEND,SUB-EVENT,_Softmax:OpId_133 (cycles)
22836149,EXECUTE,11337,CYCLES,BACKEND,SUB-EVENT,_MatMul_4:OpId_136 (cycles)
22836149,EXECUTE,0,CYCLES,BACKEND,SUB-EVENT,_Transpose_4:OpId_141 (cycles)
22836149,EXECUTE,0,CYCLES,BACKEND,SUB-EVENT,_Reshape_7:OpId_142 (cycles)
22836149,EXECUTE,10036,CYCLES,BACKEND,SUB-EVENT,_MatMul_5:OpId_144 (cycles)
22836149,EXECUTE,0,CYCLES,BACKEND,SUB-EVENT,_MatMul_5_post_reshape:OpId_147 (cycles)
22836149,EXECUTE,0,CYCLES,BACKEND,SUB-EVENT,_MatMul_5_output_0_nfc:OpId_149 (cycles)
22836149,EXECUTE,2749,CYCLES,BACKEND,SUB-EVENT,_Add_7:OpId_151 (cycles)
22836149,EXECUTE,0,CYCLES,BACKEND,SUB-EVENT,_Add_7_output_0_ncf:OpId_154 (cycles)
22836149,EXECUTE,12176,CYCLES,BACKEND,SUB-EVENT,rms_norm__Mul_11_output_0:OpId_159 (cycles)
22836149,EXECUTE,0,CYCLES,BACKEND,SUB-EVENT,_MatMul_7_pre_reshape:OpId_162 (cycles)
22836149,EXECUTE,0,CYCLES,BACKEND,SUB-EVENT,_MatMul_6_pre_reshape:OpId_163 (cycles)
22836149,EXECUTE,150885,CYCLES,BACKEND,SUB-EVENT,_MatMul_6:OpId_165 (cycles)
22836149,EXECUTE,0,CYCLES,BACKEND,SUB-EVENT,_MatMul_6_post_reshape:OpId_168 (cycles)
22836149,EXECUTE,113008,CYCLES,BACKEND,SUB-EVENT,_MatMul_7:OpId_170 (cycles)
22836149,EXECUTE,0,CYCLES,BACKEND,SUB-EVENT,_MatMul_7_post_reshape:OpId_173 (cycles)
22836149,EXECUTE,0,CYCLES,BACKEND,SUB-EVENT,_Sigmoid:OpId_174 (cycles)
22836149,EXECUTE,175104,CYCLES,BACKEND,SUB-EVENT,_Mul_12:OpId_181 (cycles)
22836149,EXECUTE,76366,CYCLES,BACKEND,SUB-EVENT,_Mul_13:OpId_183 (cycles)
22836149,EXECUTE,0,CYCLES,BACKEND,SUB-EVENT,_MatMul_8_pre_reshape:OpId_185 (cycles)
22836149,EXECUTE,141937,CYCLES,BACKEND,SUB-EVENT,_MatMul_8:OpId_187 (cycles)
22836149,EXECUTE,0,CYCLES,BACKEND,SUB-EVENT,_MatMul_8_post_reshape:OpId_190 (cycles)
22836149,EXECUTE,0,CYCLES,BACKEND,SUB-EVENT,_MatMul_8_output_0_nfc:OpId_192 (cycles)
22836149,EXECUTE,6994,CYCLES,BACKEND,SUB-EVENT,_Add_9:OpId_194 (cycles)
22836149,EXECUTE,26199,CYCLES,BACKEND,SUB-EVENT,hidden_out_ncf:OpId_197 (cycles)
22836149,EXECUTE,8173,CYCLES,BACKEND,SUB-EVENT,Output OpId_3 (cycles)
22836149,EXECUTE,5215,US,BACKEND,ROOT,Accelerator (execute) time
22836149,EXECUTE,2709,US,BACKEND,ROOT,Accelerator (execute excluding wait) time
22836149,EXECUTE,16815,US,BACKEND,ROOT,QNN (execute) time
22856787,EXECUTE,16665,US,NETRUN,ROOT,Graph 0: qwen2_0_5b_layer0_prefill_seq16
22856787,EXECUTE,4,COUNT,BACKEND,ROOT,Number of HVX threads used
22856787,EXECUTE,15985,US,BACKEND,ROOT,RPC (execute) time
22856787,EXECUTE,14709,US,BACKEND,ROOT,QNN accelerator (execute) time
22856787,EXECUTE,0,COUNT,BACKEND,ROOT,Num times yield occured
22856787,EXECUTE,7331,US,BACKEND,ROOT,Time for initial VTCM acquire
22856787,EXECUTE,4898,US,BACKEND,ROOT,Time for HVX + HMX power on and acquire
22856787,EXECUTE,1908754,CYCLES,BACKEND,ROOT,Accelerator (execute) time (cycles)
22856787,EXECUTE,882,CYCLES,BACKEND,SUB-EVENT,Input OpId_2 (cycles)
22856787,EXECUTE,0,CYCLES,BACKEND,SUB-EVENT,hidden_states_nfc:OpId_17 (cycles)
22856787,EXECUTE,92465,CYCLES,BACKEND,SUB-EVENT,rms_norm__Mul_1_output_0:OpId_22 (cycles)
22856787,EXECUTE,0,CYCLES,BACKEND,SUB-EVENT,_MatMul_2_pre_reshape:OpId_25 (cycles)
22856787,EXECUTE,0,CYCLES,BACKEND,SUB-EVENT,_MatMul_1_pre_reshape:OpId_26 (cycles)
22856787,EXECUTE,0,CYCLES,BACKEND,SUB-EVENT,_MatMul_pre_reshape:OpId_27 (cycles)
22856787,EXECUTE,645,CYCLES,BACKEND,SUB-EVENT,OpId_28 (cycles)
22856787,EXECUTE,0,CYCLES,BACKEND,SUB-EVENT,_MatMul_lhs_reshape:OpId_30 (cycles)
22856787,EXECUTE,0,CYCLES,BACKEND,SUB-EVENT,_MatMul_lhs_cast_fp16:OpId_31 (cycles)
22856787,EXECUTE,799716,CYCLES,BACKEND,SUB-EVENT,_MatMul:OpId_32 (cycles)
22856787,EXECUTE,0,CYCLES,BACKEND,SUB-EVENT,_MatMul_custom_output_reshape:OpId_33 (cycles)
22856787,EXECUTE,93836,CYCLES,BACKEND,SUB-EVENT,_MatMul_bias_add:OpId_34 (cycles)
22856787,EXECUTE,0,CYCLES,BACKEND,SUB-EVENT,_MatMul_post_reshape:OpId_36 (cycles)
22856787,EXECUTE,0,CYCLES,BACKEND,SUB-EVENT,_MatMul_1:OpId_39 (cycles)
22856787,EXECUTE,0,CYCLES,BACKEND,SUB-EVENT,_MatMul_1_post_reshape:OpId_41 (cycles)
22856787,EXECUTE,0,CYCLES,BACKEND,SUB-EVENT,_MatMul_2:OpId_44 (cycles)
22856787,EXECUTE,0,CYCLES,BACKEND,SUB-EVENT,_MatMul_2_post_reshape:OpId_46 (cycles)
22856787,EXECUTE,25285,CYCLES,BACKEND,SUB-EVENT,_Transpose:OpId_48 (cycles)
22856787,EXECUTE,4819,CYCLES,BACKEND,SUB-EVENT,_Transpose_1:OpId_50 (cycles)
22856787,EXECUTE,8600,CYCLES,BACKEND,SUB-EVENT,_Transpose_2:OpId_52 (cycles)
22856787,EXECUTE,22606,CYCLES,BACKEND,SUB-EVENT,_Slice:OpId_54 (cycles)
22856787,EXECUTE,7599,CYCLES,BACKEND,SUB-EVENT,_Slice_1:OpId_60 (cycles)
22856787,EXECUTE,6088,CYCLES,BACKEND,SUB-EVENT,_Mul_2:OpId_66 (cycles)
22856787,EXECUTE,4750,CYCLES,BACKEND,SUB-EVENT,_Mul_3:OpId_69 (cycles)
22856787,EXECUTE,850,CYCLES,BACKEND,SUB-EVENT,_Sub:OpId_71 (cycles)
22856787,EXECUTE,5075,CYCLES,BACKEND,SUB-EVENT,_Mul_4:OpId_73 (cycles)
22856787,EXECUTE,4538,CYCLES,BACKEND,SUB-EVENT,_Mul_5:OpId_75 (cycles)
22856787,EXECUTE,1593,CYCLES,BACKEND,SUB-EVENT,_Add_4:OpId_77 (cycles)
22856787,EXECUTE,0,CYCLES,BACKEND,SUB-EVENT,_Unsqueeze:OpId_79 (cycles)
22856787,EXECUTE,0,CYCLES,BACKEND,SUB-EVENT,_Unsqueeze_1:OpId_80 (cycles)
22856787,EXECUTE,3263,CYCLES,BACKEND,SUB-EVENT,_Concat:OpId_81 (cycles)
22856787,EXECUTE,0,CYCLES,BACKEND,SUB-EVENT,_Reshape_3:OpId_83 (cycles)
22856787,EXECUTE,25502,CYCLES,BACKEND,SUB-EVENT,_Slice_3:OpId_85 (cycles)
22856787,EXECUTE,4642,CYCLES,BACKEND,SUB-EVENT,_Slice_4:OpId_91 (cycles)
22856787,EXECUTE,3423,CYCLES,BACKEND,SUB-EVENT,_Mul_6:OpId_96 (cycles)
22856787,EXECUTE,2050,CYCLES,BACKEND,SUB-EVENT,_Mul_7:OpId_98 (cycles)
22856787,EXECUTE,606,CYCLES,BACKEND,SUB-EVENT,_Sub_1:OpId_100 (cycles)
22856787,EXECUTE,3377,CYCLES,BACKEND,SUB-EVENT,_Mul_8:OpId_102 (cycles)
22856787,EXECUTE,1782,CYCLES,BACKEND,SUB-EVENT,_Mul_9:OpId_104 (cycles)
22856787,EXECUTE,664,CYCLES,BACKEND,SUB-EVENT,_Add_5:OpId_106 (cycles)
22856787,EXECUTE,0,CYCLES,BACKEND,SUB-EVENT,_Unsqueeze_2:OpId_108 (cycles)
22856787,EXECUTE,0,CYCLES,BACKEND,SUB-EVENT,_Unsqueeze_3:OpId_109 (cycles)
22856787,EXECUTE,1670,CYCLES,BACKEND,SUB-EVENT,_Concat_2:OpId_110 (cycles)
22856787,EXECUTE,1389,CYCLES,BACKEND,SUB-EVENT,_Reshape_4:OpId_112 (cycles)
22856787,EXECUTE,0,CYCLES,BACKEND,SUB-EVENT,_Unsqueeze_4:OpId_113 (cycles)
22856787,EXECUTE,2371,CYCLES,BACKEND,SUB-EVENT,_Tile:OpId_115 (cycles)
22856787,EXECUTE,0,CYCLES,BACKEND,SUB-EVENT,_Reshape_5:OpId_116 (cycles)
22856787,EXECUTE,0,CYCLES,BACKEND,SUB-EVENT,_Unsqueeze_5:OpId_117 (cycles)
22856787,EXECUTE,4282,CYCLES,BACKEND,SUB-EVENT,_Tile_1:OpId_119 (cycles)
22856787,EXECUTE,0,CYCLES,BACKEND,SUB-EVENT,_Reshape_6:OpId_120 (cycles)
22856787,EXECUTE,0,CYCLES,BACKEND,SUB-EVENT,_Transpose_3:OpId_122 (cycles)
22856787,EXECUTE,73634,CYCLES,BACKEND,SUB-EVENT,_MatMul_3:OpId_123 (cycles)
22856787,EXECUTE,9168,CYCLES,BACKEND,SUB-EVENT,_Div_1:OpId_128 (cycles)
22856787,EXECUTE,4174,CYCLES,BACKEND,SUB-EVENT,_Add_6:OpId_131 (cycles)
22856787,EXECUTE,41046,CYCLES,BACKEND,SUB-EVENT,_Softmax:OpId_133 (cycles)
22856787,EXECUTE,12752,CYCLES,BACKEND,SUB-EVENT,_MatMul_4:OpId_136 (cycles)
22856787,EXECUTE,0,CYCLES,BACKEND,SUB-EVENT,_Transpose_4:OpId_141 (cycles)
22856787,EXECUTE,0,CYCLES,BACKEND,SUB-EVENT,_Reshape_7:OpId_142 (cycles)
22856787,EXECUTE,12491,CYCLES,BACKEND,SUB-EVENT,_MatMul_5:OpId_144 (cycles)
22856787,EXECUTE,0,CYCLES,BACKEND,SUB-EVENT,_MatMul_5_post_reshape:OpId_147 (cycles)
22856787,EXECUTE,0,CYCLES,BACKEND,SUB-EVENT,_MatMul_5_output_0_nfc:OpId_149 (cycles)
22856787,EXECUTE,2668,CYCLES,BACKEND,SUB-EVENT,_Add_7:OpId_151 (cycles)
22856787,EXECUTE,0,CYCLES,BACKEND,SUB-EVENT,_Add_7_output_0_ncf:OpId_154 (cycles)
22856787,EXECUTE,12617,CYCLES,BACKEND,SUB-EVENT,rms_norm__Mul_11_output_0:OpId_159 (cycles)
22856787,EXECUTE,0,CYCLES,BACKEND,SUB-EVENT,_MatMul_7_pre_reshape:OpId_162 (cycles)
22856787,EXECUTE,0,CYCLES,BACKEND,SUB-EVENT,_MatMul_6_pre_reshape:OpId_163 (cycles)
22856787,EXECUTE,97094,CYCLES,BACKEND,SUB-EVENT,_MatMul_6:OpId_165 (cycles)
22856787,EXECUTE,0,CYCLES,BACKEND,SUB-EVENT,_MatMul_6_post_reshape:OpId_168 (cycles)
22856787,EXECUTE,79064,CYCLES,BACKEND,SUB-EVENT,_MatMul_7:OpId_170 (cycles)
22856787,EXECUTE,0,CYCLES,BACKEND,SUB-EVENT,_MatMul_7_post_reshape:OpId_173 (cycles)
22856787,EXECUTE,0,CYCLES,BACKEND,SUB-EVENT,_Sigmoid:OpId_174 (cycles)
22856787,EXECUTE,173729,CYCLES,BACKEND,SUB-EVENT,_Mul_12:OpId_181 (cycles)
22856787,EXECUTE,75119,CYCLES,BACKEND,SUB-EVENT,_Mul_13:OpId_183 (cycles)
22856787,EXECUTE,0,CYCLES,BACKEND,SUB-EVENT,_MatMul_8_pre_reshape:OpId_185 (cycles)
22856787,EXECUTE,141344,CYCLES,BACKEND,SUB-EVENT,_MatMul_8:OpId_187 (cycles)
22856787,EXECUTE,0,CYCLES,BACKEND,SUB-EVENT,_MatMul_8_post_reshape:OpId_190 (cycles)
22856787,EXECUTE,0,CYCLES,BACKEND,SUB-EVENT,_MatMul_8_output_0_nfc:OpId_192 (cycles)
22856787,EXECUTE,7025,CYCLES,BACKEND,SUB-EVENT,_Add_9:OpId_194 (cycles)
22856787,EXECUTE,26692,CYCLES,BACKEND,SUB-EVENT,hidden_out_ncf:OpId_197 (cycles)
22856787,EXECUTE,5769,CYCLES,BACKEND,SUB-EVENT,Output OpId_3 (cycles)
22856787,EXECUTE,5014,US,BACKEND,ROOT,Accelerator (execute) time
22856787,EXECUTE,2500,US,BACKEND,ROOT,Accelerator (execute excluding wait) time
22856787,EXECUTE,16623,US,BACKEND,ROOT,QNN (execute) time
22878766,EXECUTE,16758,US,NETRUN,ROOT,Graph 0: qwen2_0_5b_layer0_prefill_seq16
22878766,EXECUTE,4,COUNT,BACKEND,ROOT,Number of HVX threads used
22878766,EXECUTE,16058,US,BACKEND,ROOT,RPC (execute) time
22878766,EXECUTE,14854,US,BACKEND,ROOT,QNN accelerator (execute) time
22878766,EXECUTE,0,COUNT,BACKEND,ROOT,Num times yield occured
22878766,EXECUTE,7288,US,BACKEND,ROOT,Time for initial VTCM acquire
22878766,EXECUTE,4926,US,BACKEND,ROOT,Time for HVX + HMX power on and acquire
22878766,EXECUTE,1902144,CYCLES,BACKEND,ROOT,Accelerator (execute) time (cycles)
22878766,EXECUTE,769,CYCLES,BACKEND,SUB-EVENT,Input OpId_2 (cycles)
22878766,EXECUTE,0,CYCLES,BACKEND,SUB-EVENT,hidden_states_nfc:OpId_17 (cycles)
22878766,EXECUTE,88070,CYCLES,BACKEND,SUB-EVENT,rms_norm__Mul_1_output_0:OpId_22 (cycles)
22878766,EXECUTE,0,CYCLES,BACKEND,SUB-EVENT,_MatMul_2_pre_reshape:OpId_25 (cycles)
22878766,EXECUTE,0,CYCLES,BACKEND,SUB-EVENT,_MatMul_1_pre_reshape:OpId_26 (cycles)
22878766,EXECUTE,0,CYCLES,BACKEND,SUB-EVENT,_MatMul_pre_reshape:OpId_27 (cycles)
22878766,EXECUTE,662,CYCLES,BACKEND,SUB-EVENT,OpId_28 (cycles)
22878766,EXECUTE,0,CYCLES,BACKEND,SUB-EVENT,_MatMul_lhs_reshape:OpId_30 (cycles)
22878766,EXECUTE,0,CYCLES,BACKEND,SUB-EVENT,_MatMul_lhs_cast_fp16:OpId_31 (cycles)
22878766,EXECUTE,798315,CYCLES,BACKEND,SUB-EVENT,_MatMul:OpId_32 (cycles)
22878766,EXECUTE,0,CYCLES,BACKEND,SUB-EVENT,_MatMul_custom_output_reshape:OpId_33 (cycles)
22878766,EXECUTE,91904,CYCLES,BACKEND,SUB-EVENT,_MatMul_bias_add:OpId_34 (cycles)
22878766,EXECUTE,0,CYCLES,BACKEND,SUB-EVENT,_MatMul_post_reshape:OpId_36 (cycles)
22878766,EXECUTE,0,CYCLES,BACKEND,SUB-EVENT,_MatMul_1:OpId_39 (cycles)
22878766,EXECUTE,0,CYCLES,BACKEND,SUB-EVENT,_MatMul_1_post_reshape:OpId_41 (cycles)
22878766,EXECUTE,0,CYCLES,BACKEND,SUB-EVENT,_MatMul_2:OpId_44 (cycles)
22878766,EXECUTE,0,CYCLES,BACKEND,SUB-EVENT,_MatMul_2_post_reshape:OpId_46 (cycles)
22878766,EXECUTE,25395,CYCLES,BACKEND,SUB-EVENT,_Transpose:OpId_48 (cycles)
22878766,EXECUTE,5742,CYCLES,BACKEND,SUB-EVENT,_Transpose_1:OpId_50 (cycles)
22878766,EXECUTE,9563,CYCLES,BACKEND,SUB-EVENT,_Transpose_2:OpId_52 (cycles)
22878766,EXECUTE,23224,CYCLES,BACKEND,SUB-EVENT,_Slice:OpId_54 (cycles)
22878766,EXECUTE,8059,CYCLES,BACKEND,SUB-EVENT,_Slice_1:OpId_60 (cycles)
22878766,EXECUTE,6282,CYCLES,BACKEND,SUB-EVENT,_Mul_2:OpId_66 (cycles)
22878766,EXECUTE,4805,CYCLES,BACKEND,SUB-EVENT,_Mul_3:OpId_69 (cycles)
22878766,EXECUTE,860,CYCLES,BACKEND,SUB-EVENT,_Sub:OpId_71 (cycles)
22878766,EXECUTE,5194,CYCLES,BACKEND,SUB-EVENT,_Mul_4:OpId_73 (cycles)
22878766,EXECUTE,4582,CYCLES,BACKEND,SUB-EVENT,_Mul_5:OpId_75 (cycles)
22878766,EXECUTE,1380,CYCLES,BACKEND,SUB-EVENT,_Add_4:OpId_77 (cycles)
22878766,EXECUTE,0,CYCLES,BACKEND,SUB-EVENT,_Unsqueeze:OpId_79 (cycles)
22878766,EXECUTE,0,CYCLES,BACKEND,SUB-EVENT,_Unsqueeze_1:OpId_80 (cycles)
22878766,EXECUTE,3223,CYCLES,BACKEND,SUB-EVENT,_Concat:OpId_81 (cycles)
22878766,EXECUTE,0,CYCLES,BACKEND,SUB-EVENT,_Reshape_3:OpId_83 (cycles)
22878766,EXECUTE,25466,CYCLES,BACKEND,SUB-EVENT,_Slice_3:OpId_85 (cycles)
22878766,EXECUTE,4525,CYCLES,BACKEND,SUB-EVENT,_Slice_4:OpId_91 (cycles)
22878766,EXECUTE,3166,CYCLES,BACKEND,SUB-EVENT,_Mul_6:OpId_96 (cycles)
22878766,EXECUTE,1923,CYCLES,BACKEND,SUB-EVENT,_Mul_7:OpId_98 (cycles)
22878766,EXECUTE,587,CYCLES,BACKEND,SUB-EVENT,_Sub_1:OpId_100 (cycles)
22878766,EXECUTE,3117,CYCLES,BACKEND,SUB-EVENT,_Mul_8:OpId_102 (cycles)
22878766,EXECUTE,1905,CYCLES,BACKEND,SUB-EVENT,_Mul_9:OpId_104 (cycles)
22878766,EXECUTE,645,CYCLES,BACKEND,SUB-EVENT,_Add_5:OpId_106 (cycles)
22878766,EXECUTE,0,CYCLES,BACKEND,SUB-EVENT,_Unsqueeze_2:OpId_108 (cycles)
22878766,EXECUTE,0,CYCLES,BACKEND,SUB-EVENT,_Unsqueeze_3:OpId_109 (cycles)
22878766,EXECUTE,1669,CYCLES,BACKEND,SUB-EVENT,_Concat_2:OpId_110 (cycles)
22878766,EXECUTE,1338,CYCLES,BACKEND,SUB-EVENT,_Reshape_4:OpId_112 (cycles)
22878766,EXECUTE,0,CYCLES,BACKEND,SUB-EVENT,_Unsqueeze_4:OpId_113 (cycles)
22878766,EXECUTE,2225,CYCLES,BACKEND,SUB-EVENT,_Tile:OpId_115 (cycles)
22878766,EXECUTE,0,CYCLES,BACKEND,SUB-EVENT,_Reshape_5:OpId_116 (cycles)
22878766,EXECUTE,0,CYCLES,BACKEND,SUB-EVENT,_Unsqueeze_5:OpId_117 (cycles)
22878766,EXECUTE,3983,CYCLES,BACKEND,SUB-EVENT,_Tile_1:OpId_119 (cycles)
22878766,EXECUTE,0,CYCLES,BACKEND,SUB-EVENT,_Reshape_6:OpId_120 (cycles)
22878766,EXECUTE,0,CYCLES,BACKEND,SUB-EVENT,_Transpose_3:OpId_122 (cycles)
22878766,EXECUTE,74694,CYCLES,BACKEND,SUB-EVENT,_MatMul_3:OpId_123 (cycles)
22878766,EXECUTE,9469,CYCLES,BACKEND,SUB-EVENT,_Div_1:OpId_128 (cycles)
22878766,EXECUTE,4101,CYCLES,BACKEND,SUB-EVENT,_Add_6:OpId_131 (cycles)
22878766,EXECUTE,41747,CYCLES,BACKEND,SUB-EVENT,_Softmax:OpId_133 (cycles)
22878766,EXECUTE,11851,CYCLES,BACKEND,SUB-EVENT,_MatMul_4:OpId_136 (cycles)
22878766,EXECUTE,0,CYCLES,BACKEND,SUB-EVENT,_Transpose_4:OpId_141 (cycles)
22878766,EXECUTE,0,CYCLES,BACKEND,SUB-EVENT,_Reshape_7:OpId_142 (cycles)
22878766,EXECUTE,12539,CYCLES,BACKEND,SUB-EVENT,_MatMul_5:OpId_144 (cycles)
22878766,EXECUTE,0,CYCLES,BACKEND,SUB-EVENT,_MatMul_5_post_reshape:OpId_147 (cycles)
22878766,EXECUTE,0,CYCLES,BACKEND,SUB-EVENT,_MatMul_5_output_0_nfc:OpId_149 (cycles)
22878766,EXECUTE,2666,CYCLES,BACKEND,SUB-EVENT,_Add_7:OpId_151 (cycles)
22878766,EXECUTE,0,CYCLES,BACKEND,SUB-EVENT,_Add_7_output_0_ncf:OpId_154 (cycles)
22878766,EXECUTE,12637,CYCLES,BACKEND,SUB-EVENT,rms_norm__Mul_11_output_0:OpId_159 (cycles)
22878766,EXECUTE,0,CYCLES,BACKEND,SUB-EVENT,_MatMul_7_pre_reshape:OpId_162 (cycles)
22878766,EXECUTE,0,CYCLES,BACKEND,SUB-EVENT,_MatMul_6_pre_reshape:OpId_163 (cycles)
22878766,EXECUTE,99619,CYCLES,BACKEND,SUB-EVENT,_MatMul_6:OpId_165 (cycles)
22878766,EXECUTE,0,CYCLES,BACKEND,SUB-EVENT,_MatMul_6_post_reshape:OpId_168 (cycles)
22878766,EXECUTE,76501,CYCLES,BACKEND,SUB-EVENT,_MatMul_7:OpId_170 (cycles)
22878766,EXECUTE,0,CYCLES,BACKEND,SUB-EVENT,_MatMul_7_post_reshape:OpId_173 (cycles)
22878766,EXECUTE,0,CYCLES,BACKEND,SUB-EVENT,_Sigmoid:OpId_174 (cycles)
22878766,EXECUTE,172782,CYCLES,BACKEND,SUB-EVENT,_Mul_12:OpId_181 (cycles)
22878766,EXECUTE,74299,CYCLES,BACKEND,SUB-EVENT,_Mul_13:OpId_183 (cycles)
22878766,EXECUTE,0,CYCLES,BACKEND,SUB-EVENT,_MatMul_8_pre_reshape:OpId_185 (cycles)
22878766,EXECUTE,141583,CYCLES,BACKEND,SUB-EVENT,_MatMul_8:OpId_187 (cycles)
22878766,EXECUTE,0,CYCLES,BACKEND,SUB-EVENT,_MatMul_8_post_reshape:OpId_190 (cycles)
22878766,EXECUTE,0,CYCLES,BACKEND,SUB-EVENT,_MatMul_8_output_0_nfc:OpId_192 (cycles)
22878766,EXECUTE,7036,CYCLES,BACKEND,SUB-EVENT,_Add_9:OpId_194 (cycles)
22878766,EXECUTE,26265,CYCLES,BACKEND,SUB-EVENT,hidden_out_ncf:OpId_197 (cycles)
22878766,EXECUTE,5777,CYCLES,BACKEND,SUB-EVENT,Output OpId_3 (cycles)
22878766,EXECUTE,5007,US,BACKEND,ROOT,Accelerator (execute) time
22878766,EXECUTE,2460,US,BACKEND,ROOT,Accelerator (execute excluding wait) time
22878766,EXECUTE,16717,US,BACKEND,ROOT,QNN (execute) time
22900826,EXECUTE,16745,US,NETRUN,ROOT,Graph 0: qwen2_0_5b_layer0_prefill_seq16
22900826,EXECUTE,4,COUNT,BACKEND,ROOT,Number of HVX threads used
22900826,EXECUTE,16041,US,BACKEND,ROOT,RPC (execute) time
22900826,EXECUTE,14857,US,BACKEND,ROOT,QNN accelerator (execute) time
22900826,EXECUTE,0,COUNT,BACKEND,ROOT,Num times yield occured
22900826,EXECUTE,7110,US,BACKEND,ROOT,Time for initial VTCM acquire
22900826,EXECUTE,4703,US,BACKEND,ROOT,Time for HVX + HMX power on and acquire
22900826,EXECUTE,1946895,CYCLES,BACKEND,ROOT,Accelerator (execute) time (cycles)
22900826,EXECUTE,4003,CYCLES,BACKEND,SUB-EVENT,Input OpId_2 (cycles)
22900826,EXECUTE,0,CYCLES,BACKEND,SUB-EVENT,hidden_states_nfc:OpId_17 (cycles)
22900826,EXECUTE,78148,CYCLES,BACKEND,SUB-EVENT,rms_norm__Mul_1_output_0:OpId_22 (cycles)
22900826,EXECUTE,0,CYCLES,BACKEND,SUB-EVENT,_MatMul_2_pre_reshape:OpId_25 (cycles)
22900826,EXECUTE,0,CYCLES,BACKEND,SUB-EVENT,_MatMul_1_pre_reshape:OpId_26 (cycles)
22900826,EXECUTE,0,CYCLES,BACKEND,SUB-EVENT,_MatMul_pre_reshape:OpId_27 (cycles)
22900826,EXECUTE,22071,CYCLES,BACKEND,SUB-EVENT,OpId_28 (cycles)
22900826,EXECUTE,0,CYCLES,BACKEND,SUB-EVENT,_MatMul_lhs_reshape:OpId_30 (cycles)
22900826,EXECUTE,0,CYCLES,BACKEND,SUB-EVENT,_MatMul_lhs_cast_fp16:OpId_31 (cycles)
22900826,EXECUTE,818328,CYCLES,BACKEND,SUB-EVENT,_MatMul:OpId_32 (cycles)
22900826,EXECUTE,0,CYCLES,BACKEND,SUB-EVENT,_MatMul_custom_output_reshape:OpId_33 (cycles)
22900826,EXECUTE,98974,CYCLES,BACKEND,SUB-EVENT,_MatMul_bias_add:OpId_34 (cycles)
22900826,EXECUTE,0,CYCLES,BACKEND,SUB-EVENT,_MatMul_post_reshape:OpId_36 (cycles)
22900826,EXECUTE,0,CYCLES,BACKEND,SUB-EVENT,_MatMul_1:OpId_39 (cycles)
22900826,EXECUTE,0,CYCLES,BACKEND,SUB-EVENT,_MatMul_1_post_reshape:OpId_41 (cycles)
22900826,EXECUTE,0,CYCLES,BACKEND,SUB-EVENT,_MatMul_2:OpId_44 (cycles)
22900826,EXECUTE,0,CYCLES,BACKEND,SUB-EVENT,_MatMul_2_post_reshape:OpId_46 (cycles)
22900826,EXECUTE,25458,CYCLES,BACKEND,SUB-EVENT,_Transpose:OpId_48 (cycles)
22900826,EXECUTE,7178,CYCLES,BACKEND,SUB-EVENT,_Transpose_1:OpId_50 (cycles)
22900826,EXECUTE,9178,CYCLES,BACKEND,SUB-EVENT,_Transpose_2:OpId_52 (cycles)
22900826,EXECUTE,22386,CYCLES,BACKEND,SUB-EVENT,_Slice:OpId_54 (cycles)
22900826,EXECUTE,7912,CYCLES,BACKEND,SUB-EVENT,_Slice_1:OpId_60 (cycles)
22900826,EXECUTE,6162,CYCLES,BACKEND,SUB-EVENT,_Mul_2:OpId_66 (cycles)
22900826,EXECUTE,4751,CYCLES,BACKEND,SUB-EVENT,_Mul_3:OpId_69 (cycles)
22900826,EXECUTE,860,CYCLES,BACKEND,SUB-EVENT,_Sub:OpId_71 (cycles)
22900826,EXECUTE,5191,CYCLES,BACKEND,SUB-EVENT,_Mul_4:OpId_73 (cycles)
22900826,EXECUTE,4602,CYCLES,BACKEND,SUB-EVENT,_Mul_5:OpId_75 (cycles)
22900826,EXECUTE,906,CYCLES,BACKEND,SUB-EVENT,_Add_4:OpId_77 (cycles)
22900826,EXECUTE,0,CYCLES,BACKEND,SUB-EVENT,_Unsqueeze:OpId_79 (cycles)
22900826,EXECUTE,0,CYCLES,BACKEND,SUB-EVENT,_Unsqueeze_1:OpId_80 (cycles)
22900826,EXECUTE,3107,CYCLES,BACKEND,SUB-EVENT,_Concat:OpId_81 (cycles)
22900826,EXECUTE,0,CYCLES,BACKEND,SUB-EVENT,_Reshape_3:OpId_83 (cycles)
22900826,EXECUTE,25571,CYCLES,BACKEND,SUB-EVENT,_Slice_3:OpId_85 (cycles)
22900826,EXECUTE,4281,CYCLES,BACKEND,SUB-EVENT,_Slice_4:OpId_91 (cycles)
22900826,EXECUTE,3182,CYCLES,BACKEND,SUB-EVENT,_Mul_6:OpId_96 (cycles)
22900826,EXECUTE,1783,CYCLES,BACKEND,SUB-EVENT,_Mul_7:OpId_98 (cycles)
22900826,EXECUTE,608,CYCLES,BACKEND,SUB-EVENT,_Sub_1:OpId_100 (cycles)
22900826,EXECUTE,3100,CYCLES,BACKEND,SUB-EVENT,_Mul_8:OpId_102 (cycles)
22900826,EXECUTE,1724,CYCLES,BACKEND,SUB-EVENT,_Mul_9:OpId_104 (cycles)
22900826,EXECUTE,801,CYCLES,BACKEND,SUB-EVENT,_Add_5:OpId_106 (cycles)
22900826,EXECUTE,0,CYCLES,BACKEND,SUB-EVENT,_Unsqueeze_2:OpId_108 (cycles)
22900826,EXECUTE,0,CYCLES,BACKEND,SUB-EVENT,_Unsqueeze_3:OpId_109 (cycles)
22900826,EXECUTE,1577,CYCLES,BACKEND,SUB-EVENT,_Concat_2:OpId_110 (cycles)
22900826,EXECUTE,1356,CYCLES,BACKEND,SUB-EVENT,_Reshape_4:OpId_112 (cycles)
22900826,EXECUTE,0,CYCLES,BACKEND,SUB-EVENT,_Unsqueeze_4:OpId_113 (cycles)
22900826,EXECUTE,2286,CYCLES,BACKEND,SUB-EVENT,_Tile:OpId_115 (cycles)
22900826,EXECUTE,0,CYCLES,BACKEND,SUB-EVENT,_Reshape_5:OpId_116 (cycles)
22900826,EXECUTE,0,CYCLES,BACKEND,SUB-EVENT,_Unsqueeze_5:OpId_117 (cycles)
22900826,EXECUTE,4301,CYCLES,BACKEND,SUB-EVENT,_Tile_1:OpId_119 (cycles)
22900826,EXECUTE,0,CYCLES,BACKEND,SUB-EVENT,_Reshape_6:OpId_120 (cycles)
22900826,EXECUTE,0,CYCLES,BACKEND,SUB-EVENT,_Transpose_3:OpId_122 (cycles)
22900826,EXECUTE,74505,CYCLES,BACKEND,SUB-EVENT,_MatMul_3:OpId_123 (cycles)
22900826,EXECUTE,8857,CYCLES,BACKEND,SUB-EVENT,_Div_1:OpId_128 (cycles)
22900826,EXECUTE,2998,CYCLES,BACKEND,SUB-EVENT,_Add_6:OpId_131 (cycles)
22900826,EXECUTE,42659,CYCLES,BACKEND,SUB-EVENT,_Softmax:OpId_133 (cycles)
22900826,EXECUTE,12437,CYCLES,BACKEND,SUB-EVENT,_MatMul_4:OpId_136 (cycles)
22900826,EXECUTE,0,CYCLES,BACKEND,SUB-EVENT,_Transpose_4:OpId_141 (cycles)
22900826,EXECUTE,0,CYCLES,BACKEND,SUB-EVENT,_Reshape_7:OpId_142 (cycles)
22900826,EXECUTE,9860,CYCLES,BACKEND,SUB-EVENT,_MatMul_5:OpId_144 (cycles)
22900826,EXECUTE,0,CYCLES,BACKEND,SUB-EVENT,_MatMul_5_post_reshape:OpId_147 (cycles)
22900826,EXECUTE,0,CYCLES,BACKEND,SUB-EVENT,_MatMul_5_output_0_nfc:OpId_149 (cycles)
22900826,EXECUTE,2664,CYCLES,BACKEND,SUB-EVENT,_Add_7:OpId_151 (cycles)
22900826,EXECUTE,0,CYCLES,BACKEND,SUB-EVENT,_Add_7_output_0_ncf:OpId_154 (cycles)
22900826,EXECUTE,12182,CYCLES,BACKEND,SUB-EVENT,rms_norm__Mul_11_output_0:OpId_159 (cycles)
22900826,EXECUTE,0,CYCLES,BACKEND,SUB-EVENT,_MatMul_7_pre_reshape:OpId_162 (cycles)
22900826,EXECUTE,0,CYCLES,BACKEND,SUB-EVENT,_MatMul_6_pre_reshape:OpId_163 (cycles)
22900826,EXECUTE,89792,CYCLES,BACKEND,SUB-EVENT,_MatMul_6:OpId_165 (cycles)
22900826,EXECUTE,0,CYCLES,BACKEND,SUB-EVENT,_MatMul_6_post_reshape:OpId_168 (cycles)
22900826,EXECUTE,79753,CYCLES,BACKEND,SUB-EVENT,_MatMul_7:OpId_170 (cycles)
22900826,EXECUTE,0,CYCLES,BACKEND,SUB-EVENT,_MatMul_7_post_reshape:OpId_173 (cycles)
22900826,EXECUTE,0,CYCLES,BACKEND,SUB-EVENT,_Sigmoid:OpId_174 (cycles)
22900826,EXECUTE,174436,CYCLES,BACKEND,SUB-EVENT,_Mul_12:OpId_181 (cycles)
22900826,EXECUTE,76472,CYCLES,BACKEND,SUB-EVENT,_Mul_13:OpId_183 (cycles)
22900826,EXECUTE,0,CYCLES,BACKEND,SUB-EVENT,_MatMul_8_pre_reshape:OpId_185 (cycles)
22900826,EXECUTE,151174,CYCLES,BACKEND,SUB-EVENT,_MatMul_8:OpId_187 (cycles)
22900826,EXECUTE,0,CYCLES,BACKEND,SUB-EVENT,_MatMul_8_post_reshape:OpId_190 (cycles)
22900826,EXECUTE,0,CYCLES,BACKEND,SUB-EVENT,_MatMul_8_output_0_nfc:OpId_192 (cycles)
22900826,EXECUTE,7107,CYCLES,BACKEND,SUB-EVENT,_Add_9:OpId_194 (cycles)
22900826,EXECUTE,26319,CYCLES,BACKEND,SUB-EVENT,hidden_out_ncf:OpId_197 (cycles)
22900826,EXECUTE,5895,CYCLES,BACKEND,SUB-EVENT,Output OpId_3 (cycles)
22900826,EXECUTE,5072,US,BACKEND,ROOT,Accelerator (execute) time
22900826,EXECUTE,2563,US,BACKEND,ROOT,Accelerator (execute excluding wait) time
22900826,EXECUTE,16703,US,BACKEND,ROOT,QNN (execute) time
22924067,EXECUTE,16918,US,NETRUN,ROOT,Graph 0: qwen2_0_5b_layer0_prefill_seq16
22924067,EXECUTE,4,COUNT,BACKEND,ROOT,Number of HVX threads used
22924067,EXECUTE,16168,US,BACKEND,ROOT,RPC (execute) time
22924067,EXECUTE,14961,US,BACKEND,ROOT,QNN accelerator (execute) time
22924067,EXECUTE,0,COUNT,BACKEND,ROOT,Num times yield occured
22924067,EXECUTE,7240,US,BACKEND,ROOT,Time for initial VTCM acquire
22924067,EXECUTE,4685,US,BACKEND,ROOT,Time for HVX + HMX power on and acquire
22924067,EXECUTE,1937641,CYCLES,BACKEND,ROOT,Accelerator (execute) time (cycles)
22924067,EXECUTE,883,CYCLES,BACKEND,SUB-EVENT,Input OpId_2 (cycles)
22924067,EXECUTE,0,CYCLES,BACKEND,SUB-EVENT,hidden_states_nfc:OpId_17 (cycles)
22924067,EXECUTE,86815,CYCLES,BACKEND,SUB-EVENT,rms_norm__Mul_1_output_0:OpId_22 (cycles)
22924067,EXECUTE,0,CYCLES,BACKEND,SUB-EVENT,_MatMul_2_pre_reshape:OpId_25 (cycles)
22924067,EXECUTE,0,CYCLES,BACKEND,SUB-EVENT,_MatMul_1_pre_reshape:OpId_26 (cycles)
22924067,EXECUTE,0,CYCLES,BACKEND,SUB-EVENT,_MatMul_pre_reshape:OpId_27 (cycles)
22924067,EXECUTE,764,CYCLES,BACKEND,SUB-EVENT,OpId_28 (cycles)
22924067,EXECUTE,0,CYCLES,BACKEND,SUB-EVENT,_MatMul_lhs_reshape:OpId_30 (cycles)
22924067,EXECUTE,0,CYCLES,BACKEND,SUB-EVENT,_MatMul_lhs_cast_fp16:OpId_31 (cycles)
22924067,EXECUTE,797244,CYCLES,BACKEND,SUB-EVENT,_MatMul:OpId_32 (cycles)
22924067,EXECUTE,0,CYCLES,BACKEND,SUB-EVENT,_MatMul_custom_output_reshape:OpId_33 (cycles)
22924067,EXECUTE,69109,CYCLES,BACKEND,SUB-EVENT,_MatMul_bias_add:OpId_34 (cycles)
22924067,EXECUTE,0,CYCLES,BACKEND,SUB-EVENT,_MatMul_post_reshape:OpId_36 (cycles)
22924067,EXECUTE,0,CYCLES,BACKEND,SUB-EVENT,_MatMul_1:OpId_39 (cycles)
22924067,EXECUTE,0,CYCLES,BACKEND,SUB-EVENT,_MatMul_1_post_reshape:OpId_41 (cycles)
22924067,EXECUTE,0,CYCLES,BACKEND,SUB-EVENT,_MatMul_2:OpId_44 (cycles)
22924067,EXECUTE,0,CYCLES,BACKEND,SUB-EVENT,_MatMul_2_post_reshape:OpId_46 (cycles)
22924067,EXECUTE,21804,CYCLES,BACKEND,SUB-EVENT,_Transpose:OpId_48 (cycles)
22924067,EXECUTE,4984,CYCLES,BACKEND,SUB-EVENT,_Transpose_1:OpId_50 (cycles)
22924067,EXECUTE,5850,CYCLES,BACKEND,SUB-EVENT,_Transpose_2:OpId_52 (cycles)
22924067,EXECUTE,22691,CYCLES,BACKEND,SUB-EVENT,_Slice:OpId_54 (cycles)
22924067,EXECUTE,7817,CYCLES,BACKEND,SUB-EVENT,_Slice_1:OpId_60 (cycles)
22924067,EXECUTE,5505,CYCLES,BACKEND,SUB-EVENT,_Mul_2:OpId_66 (cycles)
22924067,EXECUTE,4733,CYCLES,BACKEND,SUB-EVENT,_Mul_3:OpId_69 (cycles)
22924067,EXECUTE,853,CYCLES,BACKEND,SUB-EVENT,_Sub:OpId_71 (cycles)
22924067,EXECUTE,4988,CYCLES,BACKEND,SUB-EVENT,_Mul_4:OpId_73 (cycles)
22924067,EXECUTE,4618,CYCLES,BACKEND,SUB-EVENT,_Mul_5:OpId_75 (cycles)
22924067,EXECUTE,1384,CYCLES,BACKEND,SUB-EVENT,_Add_4:OpId_77 (cycles)
22924067,EXECUTE,0,CYCLES,BACKEND,SUB-EVENT,_Unsqueeze:OpId_79 (cycles)
22924067,EXECUTE,0,CYCLES,BACKEND,SUB-EVENT,_Unsqueeze_1:OpId_80 (cycles)
22924067,EXECUTE,3228,CYCLES,BACKEND,SUB-EVENT,_Concat:OpId_81 (cycles)
22924067,EXECUTE,0,CYCLES,BACKEND,SUB-EVENT,_Reshape_3:OpId_83 (cycles)
22924067,EXECUTE,15614,CYCLES,BACKEND,SUB-EVENT,_Slice_3:OpId_85 (cycles)
22924067,EXECUTE,4339,CYCLES,BACKEND,SUB-EVENT,_Slice_4:OpId_91 (cycles)
22924067,EXECUTE,2816,CYCLES,BACKEND,SUB-EVENT,_Mul_6:OpId_96 (cycles)
22924067,EXECUTE,1814,CYCLES,BACKEND,SUB-EVENT,_Mul_7:OpId_98 (cycles)
22924067,EXECUTE,586,CYCLES,BACKEND,SUB-EVENT,_Sub_1:OpId_100 (cycles)
22924067,EXECUTE,2770,CYCLES,BACKEND,SUB-EVENT,_Mul_8:OpId_102 (cycles)
22924067,EXECUTE,1741,CYCLES,BACKEND,SUB-EVENT,_Mul_9:OpId_104 (cycles)
22924067,EXECUTE,637,CYCLES,BACKEND,SUB-EVENT,_Add_5:OpId_106 (cycles)
22924067,EXECUTE,0,CYCLES,BACKEND,SUB-EVENT,_Unsqueeze_2:OpId_108 (cycles)
22924067,EXECUTE,0,CYCLES,BACKEND,SUB-EVENT,_Unsqueeze_3:OpId_109 (cycles)
22924067,EXECUTE,1695,CYCLES,BACKEND,SUB-EVENT,_Concat_2:OpId_110 (cycles)
22924067,EXECUTE,1331,CYCLES,BACKEND,SUB-EVENT,_Reshape_4:OpId_112 (cycles)
22924067,EXECUTE,0,CYCLES,BACKEND,SUB-EVENT,_Unsqueeze_4:OpId_113 (cycles)
22924067,EXECUTE,2148,CYCLES,BACKEND,SUB-EVENT,_Tile:OpId_115 (cycles)
22924067,EXECUTE,0,CYCLES,BACKEND,SUB-EVENT,_Reshape_5:OpId_116 (cycles)
22924067,EXECUTE,0,CYCLES,BACKEND,SUB-EVENT,_Unsqueeze_5:OpId_117 (cycles)
22924067,EXECUTE,2578,CYCLES,BACKEND,SUB-EVENT,_Tile_1:OpId_119 (cycles)
22924067,EXECUTE,0,CYCLES,BACKEND,SUB-EVENT,_Reshape_6:OpId_120 (cycles)
22924067,EXECUTE,0,CYCLES,BACKEND,SUB-EVENT,_Transpose_3:OpId_122 (cycles)
22924067,EXECUTE,62631,CYCLES,BACKEND,SUB-EVENT,_MatMul_3:OpId_123 (cycles)
22924067,EXECUTE,8810,CYCLES,BACKEND,SUB-EVENT,_Div_1:OpId_128 (cycles)
22924067,EXECUTE,4193,CYCLES,BACKEND,SUB-EVENT,_Add_6:OpId_131 (cycles)
22924067,EXECUTE,41020,CYCLES,BACKEND,SUB-EVENT,_Softmax:OpId_133 (cycles)
22924067,EXECUTE,12076,CYCLES,BACKEND,SUB-EVENT,_MatMul_4:OpId_136 (cycles)
22924067,EXECUTE,0,CYCLES,BACKEND,SUB-EVENT,_Transpose_4:OpId_141 (cycles)
22924067,EXECUTE,0,CYCLES,BACKEND,SUB-EVENT,_Reshape_7:OpId_142 (cycles)
22924067,EXECUTE,12050,CYCLES,BACKEND,SUB-EVENT,_MatMul_5:OpId_144 (cycles)
22924067,EXECUTE,0,CYCLES,BACKEND,SUB-EVENT,_MatMul_5_post_reshape:OpId_147 (cycles)
22924067,EXECUTE,0,CYCLES,BACKEND,SUB-EVENT,_MatMul_5_output_0_nfc:OpId_149 (cycles)
22924067,EXECUTE,2668,CYCLES,BACKEND,SUB-EVENT,_Add_7:OpId_151 (cycles)
22924067,EXECUTE,0,CYCLES,BACKEND,SUB-EVENT,_Add_7_output_0_ncf:OpId_154 (cycles)
22924067,EXECUTE,12581,CYCLES,BACKEND,SUB-EVENT,rms_norm__Mul_11_output_0:OpId_159 (cycles)
22924067,EXECUTE,0,CYCLES,BACKEND,SUB-EVENT,_MatMul_7_pre_reshape:OpId_162 (cycles)
22924067,EXECUTE,0,CYCLES,BACKEND,SUB-EVENT,_MatMul_6_pre_reshape:OpId_163 (cycles)
22924067,EXECUTE,151881,CYCLES,BACKEND,SUB-EVENT,_MatMul_6:OpId_165 (cycles)
22924067,EXECUTE,0,CYCLES,BACKEND,SUB-EVENT,_MatMul_6_post_reshape:OpId_168 (cycles)
22924067,EXECUTE,112677,CYCLES,BACKEND,SUB-EVENT,_MatMul_7:OpId_170 (cycles)
22924067,EXECUTE,0,CYCLES,BACKEND,SUB-EVENT,_MatMul_7_post_reshape:OpId_173 (cycles)
22924067,EXECUTE,0,CYCLES,BACKEND,SUB-EVENT,_Sigmoid:OpId_174 (cycles)
22924067,EXECUTE,175140,CYCLES,BACKEND,SUB-EVENT,_Mul_12:OpId_181 (cycles)
22924067,EXECUTE,78105,CYCLES,BACKEND,SUB-EVENT,_Mul_13:OpId_183 (cycles)
22924067,EXECUTE,0,CYCLES,BACKEND,SUB-EVENT,_MatMul_8_pre_reshape:OpId_185 (cycles)
22924067,EXECUTE,142355,CYCLES,BACKEND,SUB-EVENT,_MatMul_8:OpId_187 (cycles)
22924067,EXECUTE,0,CYCLES,BACKEND,SUB-EVENT,_MatMul_8_post_reshape:OpId_190 (cycles)
22924067,EXECUTE,0,CYCLES,BACKEND,SUB-EVENT,_MatMul_8_output_0_nfc:OpId_192 (cycles)
22924067,EXECUTE,7015,CYCLES,BACKEND,SUB-EVENT,_Add_9:OpId_194 (cycles)
22924067,EXECUTE,25954,CYCLES,BACKEND,SUB-EVENT,hidden_out_ncf:OpId_197 (cycles)
22924067,EXECUTE,7146,CYCLES,BACKEND,SUB-EVENT,Output OpId_3 (cycles)
22924067,EXECUTE,5145,US,BACKEND,ROOT,Accelerator (execute) time
22924067,EXECUTE,2651,US,BACKEND,ROOT,Accelerator (execute excluding wait) time
22924067,EXECUTE,16871,US,BACKEND,ROOT,QNN (execute) time
22945908,EXECUTE,16640,US,NETRUN,ROOT,Graph 0: qwen2_0_5b_layer0_prefill_seq16
22945908,EXECUTE,4,COUNT,BACKEND,ROOT,Number of HVX threads used
22945908,EXECUTE,15970,US,BACKEND,ROOT,RPC (execute) time
22945908,EXECUTE,14758,US,BACKEND,ROOT,QNN accelerator (execute) time
22945908,EXECUTE,0,COUNT,BACKEND,ROOT,Num times yield occured
22945908,EXECUTE,7206,US,BACKEND,ROOT,Time for initial VTCM acquire
22945908,EXECUTE,4615,US,BACKEND,ROOT,Time for HVX + HMX power on and acquire
22945908,EXECUTE,1903290,CYCLES,BACKEND,ROOT,Accelerator (execute) time (cycles)
22945908,EXECUTE,871,CYCLES,BACKEND,SUB-EVENT,Input OpId_2 (cycles)
22945908,EXECUTE,0,CYCLES,BACKEND,SUB-EVENT,hidden_states_nfc:OpId_17 (cycles)
22945908,EXECUTE,96598,CYCLES,BACKEND,SUB-EVENT,rms_norm__Mul_1_output_0:OpId_22 (cycles)
22945908,EXECUTE,0,CYCLES,BACKEND,SUB-EVENT,_MatMul_2_pre_reshape:OpId_25 (cycles)
22945908,EXECUTE,0,CYCLES,BACKEND,SUB-EVENT,_MatMul_1_pre_reshape:OpId_26 (cycles)
22945908,EXECUTE,0,CYCLES,BACKEND,SUB-EVENT,_MatMul_pre_reshape:OpId_27 (cycles)
22945908,EXECUTE,870,CYCLES,BACKEND,SUB-EVENT,OpId_28 (cycles)
22945908,EXECUTE,0,CYCLES,BACKEND,SUB-EVENT,_MatMul_lhs_reshape:OpId_30 (cycles)
22945908,EXECUTE,0,CYCLES,BACKEND,SUB-EVENT,_MatMul_lhs_cast_fp16:OpId_31 (cycles)
22945908,EXECUTE,793833,CYCLES,BACKEND,SUB-EVENT,_MatMul:OpId_32 (cycles)
22945908,EXECUTE,0,CYCLES,BACKEND,SUB-EVENT,_MatMul_custom_output_reshape:OpId_33 (cycles)
22945908,EXECUTE,94402,CYCLES,BACKEND,SUB-EVENT,_MatMul_bias_add:OpId_34 (cycles)
22945908,EXECUTE,0,CYCLES,BACKEND,SUB-EVENT,_MatMul_post_reshape:OpId_36 (cycles)
22945908,EXECUTE,0,CYCLES,BACKEND,SUB-EVENT,_MatMul_1:OpId_39 (cycles)
22945908,EXECUTE,0,CYCLES,BACKEND,SUB-EVENT,_MatMul_1_post_reshape:OpId_41 (cycles)
22945908,EXECUTE,0,CYCLES,BACKEND,SUB-EVENT,_MatMul_2:OpId_44 (cycles)
22945908,EXECUTE,0,CYCLES,BACKEND,SUB-EVENT,_MatMul_2_post_reshape:OpId_46 (cycles)
22945908,EXECUTE,25436,CYCLES,BACKEND,SUB-EVENT,_Transpose:OpId_48 (cycles)
22945908,EXECUTE,4634,CYCLES,BACKEND,SUB-EVENT,_Transpose_1:OpId_50 (cycles)
22945908,EXECUTE,8424,CYCLES,BACKEND,SUB-EVENT,_Transpose_2:OpId_52 (cycles)
22945908,EXECUTE,22599,CYCLES,BACKEND,SUB-EVENT,_Slice:OpId_54 (cycles)
22945908,EXECUTE,7484,CYCLES,BACKEND,SUB-EVENT,_Slice_1:OpId_60 (cycles)
22945908,EXECUTE,6259,CYCLES,BACKEND,SUB-EVENT,_Mul_2:OpId_66 (cycles)
22945908,EXECUTE,4777,CYCLES,BACKEND,SUB-EVENT,_Mul_3:OpId_69 (cycles)
22945908,EXECUTE,852,CYCLES,BACKEND,SUB-EVENT,_Sub:OpId_71 (cycles)
22945908,EXECUTE,5240,CYCLES,BACKEND,SUB-EVENT,_Mul_4:OpId_73 (cycles)
22945908,EXECUTE,4629,CYCLES,BACKEND,SUB-EVENT,_Mul_5:OpId_75 (cycles)
22945908,EXECUTE,1422,CYCLES,BACKEND,SUB-EVENT,_Add_4:OpId_77 (cycles)
22945908,EXECUTE,0,CYCLES,BACKEND,SUB-EVENT,_Unsqueeze:OpId_79 (cycles)
22945908,EXECUTE,0,CYCLES,BACKEND,SUB-EVENT,_Unsqueeze_1:OpId_80 (cycles)
22945908,EXECUTE,3306,CYCLES,BACKEND,SUB-EVENT,_Concat:OpId_81 (cycles)
22945908,EXECUTE,0,CYCLES,BACKEND,SUB-EVENT,_Reshape_3:OpId_83 (cycles)
22945908,EXECUTE,25397,CYCLES,BACKEND,SUB-EVENT,_Slice_3:OpId_85 (cycles)
22945908,EXECUTE,4439,CYCLES,BACKEND,SUB-EVENT,_Slice_4:OpId_91 (cycles)
22945908,EXECUTE,3380,CYCLES,BACKEND,SUB-EVENT,_Mul_6:OpId_96 (cycles)
22945908,EXECUTE,1988,CYCLES,BACKEND,SUB-EVENT,_Mul_7:OpId_98 (cycles)
22945908,EXECUTE,590,CYCLES,BACKEND,SUB-EVENT,_Sub_1:OpId_100 (cycles)
22945908,EXECUTE,3316,CYCLES,BACKEND,SUB-EVENT,_Mul_8:OpId_102 (cycles)
22945908,EXECUTE,1887,CYCLES,BACKEND,SUB-EVENT,_Mul_9:OpId_104 (cycles)
22945908,EXECUTE,633,CYCLES,BACKEND,SUB-EVENT,_Add_5:OpId_106 (cycles)
22945908,EXECUTE,0,CYCLES,BACKEND,SUB-EVENT,_Unsqueeze_2:OpId_108 (cycles)
22945908,EXECUTE,0,CYCLES,BACKEND,SUB-EVENT,_Unsqueeze_3:OpId_109 (cycles)
22945908,EXECUTE,1665,CYCLES,BACKEND,SUB-EVENT,_Concat_2:OpId_110 (cycles)
22945908,EXECUTE,1286,CYCLES,BACKEND,SUB-EVENT,_Reshape_4:OpId_112 (cycles)
22945908,EXECUTE,0,CYCLES,BACKEND,SUB-EVENT,_Unsqueeze_4:OpId_113 (cycles)
22945908,EXECUTE,2315,CYCLES,BACKEND,SUB-EVENT,_Tile:OpId_115 (cycles)
22945908,EXECUTE,0,CYCLES,BACKEND,SUB-EVENT,_Reshape_5:OpId_116 (cycles)
22945908,EXECUTE,0,CYCLES,BACKEND,SUB-EVENT,_Unsqueeze_5:OpId_117 (cycles)
22945908,EXECUTE,4770,CYCLES,BACKEND,SUB-EVENT,_Tile_1:OpId_119 (cycles)
22945908,EXECUTE,0,CYCLES,BACKEND,SUB-EVENT,_Reshape_6:OpId_120 (cycles)
22945908,EXECUTE,0,CYCLES,BACKEND,SUB-EVENT,_Transpose_3:OpId_122 (cycles)
22945908,EXECUTE,74652,CYCLES,BACKEND,SUB-EVENT,_MatMul_3:OpId_123 (cycles)
22945908,EXECUTE,8453,CYCLES,BACKEND,SUB-EVENT,_Div_1:OpId_128 (cycles)
22945908,EXECUTE,3979,CYCLES,BACKEND,SUB-EVENT,_Add_6:OpId_131 (cycles)
22945908,EXECUTE,41518,CYCLES,BACKEND,SUB-EVENT,_Softmax:OpId_133 (cycles)
22945908,EXECUTE,13376,CYCLES,BACKEND,SUB-EVENT,_MatMul_4:OpId_136 (cycles)
22945908,EXECUTE,0,CYCLES,BACKEND,SUB-EVENT,_Transpose_4:OpId_141 (cycles)
22945908,EXECUTE,0,CYCLES,BACKEND,SUB-EVENT,_Reshape_7:OpId_142 (cycles)
22945908,EXECUTE,12093,CYCLES,BACKEND,SUB-EVENT,_MatMul_5:OpId_144 (cycles)
22945908,EXECUTE,0,CYCLES,BACKEND,SUB-EVENT,_MatMul_5_post_reshape:OpId_147 (cycles)
22945908,EXECUTE,0,CYCLES,BACKEND,SUB-EVENT,_MatMul_5_output_0_nfc:OpId_149 (cycles)
22945908,EXECUTE,2685,CYCLES,BACKEND,SUB-EVENT,_Add_7:OpId_151 (cycles)
22945908,EXECUTE,0,CYCLES,BACKEND,SUB-EVENT,_Add_7_output_0_ncf:OpId_154 (cycles)
22945908,EXECUTE,12617,CYCLES,BACKEND,SUB-EVENT,rms_norm__Mul_11_output_0:OpId_159 (cycles)
22945908,EXECUTE,0,CYCLES,BACKEND,SUB-EVENT,_MatMul_7_pre_reshape:OpId_162 (cycles)
22945908,EXECUTE,0,CYCLES,BACKEND,SUB-EVENT,_MatMul_6_pre_reshape:OpId_163 (cycles)
22945908,EXECUTE,97586,CYCLES,BACKEND,SUB-EVENT,_MatMul_6:OpId_165 (cycles)
22945908,EXECUTE,0,CYCLES,BACKEND,SUB-EVENT,_MatMul_6_post_reshape:OpId_168 (cycles)
22945908,EXECUTE,78069,CYCLES,BACKEND,SUB-EVENT,_MatMul_7:OpId_170 (cycles)
22945908,EXECUTE,0,CYCLES,BACKEND,SUB-EVENT,_MatMul_7_post_reshape:OpId_173 (cycles)
22945908,EXECUTE,0,CYCLES,BACKEND,SUB-EVENT,_Sigmoid:OpId_174 (cycles)
22945908,EXECUTE,172264,CYCLES,BACKEND,SUB-EVENT,_Mul_12:OpId_181 (cycles)
22945908,EXECUTE,72251,CYCLES,BACKEND,SUB-EVENT,_Mul_13:OpId_183 (cycles)
22945908,EXECUTE,0,CYCLES,BACKEND,SUB-EVENT,_MatMul_8_pre_reshape:OpId_185 (cycles)
22945908,EXECUTE,141634,CYCLES,BACKEND,SUB-EVENT,_MatMul_8:OpId_187 (cycles)
22945908,EXECUTE,0,CYCLES,BACKEND,SUB-EVENT,_MatMul_8_post_reshape:OpId_190 (cycles)
22945908,EXECUTE,0,CYCLES,BACKEND,SUB-EVENT,_MatMul_8_output_0_nfc:OpId_192 (cycles)
22945908,EXECUTE,7155,CYCLES,BACKEND,SUB-EVENT,_Add_9:OpId_194 (cycles)
22945908,EXECUTE,26186,CYCLES,BACKEND,SUB-EVENT,hidden_out_ncf:OpId_197 (cycles)
22945908,EXECUTE,5470,CYCLES,BACKEND,SUB-EVENT,Output OpId_3 (cycles)
22945908,EXECUTE,4999,US,BACKEND,ROOT,Accelerator (execute) time
22945908,EXECUTE,2517,US,BACKEND,ROOT,Accelerator (execute excluding wait) time
22945908,EXECUTE,16596,US,BACKEND,ROOT,QNN (execute) time
22950062,EXECUTE IPS,43.677658,INF/SEC,NETRUN,ROOT,null
