input log file location, qwen_block_custom_qnn/device_output/q_proj_device_q13_4x128_layer0_prefill_seq16/qnn-profiling-data_0.log
qnn-profile-viewer version, v2.47.0.260601114230
qnn-net-run version, v2.47.0.260601114230
Backend version, v2.47.0.260601114230
Msg Timestamp, Message, Time, Unit of Measurement, Timing Source, Event Level, Event Identifier
1430042537,INIT,453202,US,NETRUN,ROOT,null
1430148090,COMPOSE GRAPHS,103532,US,NETRUN,ROOT,null
1430492694,FINALIZE,344317,US,NETRUN,ROOT,Graph 0: qwen2_0_5b_layer0_prefill_seq16
1430492694,FINALIZE,7295,US,BACKEND,ROOT,RPC (finalize) time
1430492694,FINALIZE,5324,US,BACKEND,ROOT,QNN accelerator (finalize) time
1430492694,FINALIZE,5183,US,BACKEND,ROOT,Accelerator (finalize) time
1430492694,FINALIZE,344265,US,BACKEND,ROOT,QNN (finalize) time
1430492694,FINALIZE,246,US,BACKEND,SUB-EVENT,Graph Preparation Initializing
1430492694,FINALIZE,248168,US,BACKEND,SUB-EVENT,Graph Optimizations
1430492694,FINALIZE,3632,US,BACKEND,SUB-EVENT,Post Graph Optimization
1430492694,FINALIZE,19662,US,BACKEND,SUB-EVENT,Graph Sequencing for Target
1430492694,FINALIZE,4530,US,BACKEND,SUB-EVENT,VTCM Allocation
1430492694,FINALIZE,1944,US,BACKEND,SUB-EVENT,Parallelization Optimization
1430492694,FINALIZE,2377,US,BACKEND,SUB-EVENT,Finalizing Graph Sequence
1430492694,FINALIZE,83,US,BACKEND,SUB-EVENT,Completion
1430739489,DE-INIT,49168,US,NETRUN,ROOT,null
1430739489,DE-INIT,10724,US,BACKEND,ROOT,RPC (deinit) time
1430739489,DE-INIT,8267,US,BACKEND,ROOT,QNN Accelerator (deinit) time
1430739489,DE-INIT,8103,US,BACKEND,ROOT,Accelerator (deinit) time
1430739489,DE-INIT,49153,US,BACKEND,ROOT,QNN (deinit) time
1430515994,EXECUTE,22595,US,NETRUN,ROOT,Graph 0: qwen2_0_5b_layer0_prefill_seq16
1430515994,EXECUTE,4,COUNT,BACKEND,ROOT,Number of HVX threads used
1430515994,EXECUTE,22135,US,BACKEND,ROOT,RPC (execute) time
1430515994,EXECUTE,19961,US,BACKEND,ROOT,QNN accelerator (execute) time
1430515994,EXECUTE,0,COUNT,BACKEND,ROOT,Num times yield occured
1430515994,EXECUTE,762,US,BACKEND,ROOT,Time for initial VTCM acquire
1430515994,EXECUTE,34147,US,BACKEND,ROOT,Time for HVX + HMX power on and acquire
1430515994,EXECUTE,1782034,CYCLES,BACKEND,ROOT,Accelerator (execute) time (cycles)
1430515994,EXECUTE,4188,CYCLES,BACKEND,SUB-EVENT,Input OpId_2 (cycles)
1430515994,EXECUTE,0,CYCLES,BACKEND,SUB-EVENT,hidden_states_nfc:OpId_17 (cycles)
1430515994,EXECUTE,66327,CYCLES,BACKEND,SUB-EVENT,rms_norm__Mul_1_output_0:OpId_22 (cycles)
1430515994,EXECUTE,0,CYCLES,BACKEND,SUB-EVENT,_MatMul_2_pre_reshape:OpId_25 (cycles)
1430515994,EXECUTE,0,CYCLES,BACKEND,SUB-EVENT,_MatMul_1_pre_reshape:OpId_26 (cycles)
1430515994,EXECUTE,0,CYCLES,BACKEND,SUB-EVENT,_MatMul_pre_reshape:OpId_27 (cycles)
1430515994,EXECUTE,31454,CYCLES,BACKEND,SUB-EVENT,OpId_28 (cycles)
1430515994,EXECUTE,0,CYCLES,BACKEND,SUB-EVENT,_MatMul_lhs_reshape:OpId_30 (cycles)
1430515994,EXECUTE,0,CYCLES,BACKEND,SUB-EVENT,_MatMul_lhs_cast_fp16:OpId_31 (cycles)
1430515994,EXECUTE,564716,CYCLES,BACKEND,SUB-EVENT,_MatMul:OpId_32 (cycles)
1430515994,EXECUTE,0,CYCLES,BACKEND,SUB-EVENT,_MatMul_custom_output_reshape:OpId_33 (cycles)
1430515994,EXECUTE,71961,CYCLES,BACKEND,SUB-EVENT,_MatMul_bias_add:OpId_34 (cycles)
1430515994,EXECUTE,0,CYCLES,BACKEND,SUB-EVENT,_MatMul_post_reshape:OpId_36 (cycles)
1430515994,EXECUTE,0,CYCLES,BACKEND,SUB-EVENT,_MatMul_1:OpId_39 (cycles)
1430515994,EXECUTE,0,CYCLES,BACKEND,SUB-EVENT,_MatMul_1_post_reshape:OpId_41 (cycles)
1430515994,EXECUTE,0,CYCLES,BACKEND,SUB-EVENT,_MatMul_2:OpId_44 (cycles)
1430515994,EXECUTE,0,CYCLES,BACKEND,SUB-EVENT,_MatMul_2_post_reshape:OpId_46 (cycles)
1430515994,EXECUTE,23337,CYCLES,BACKEND,SUB-EVENT,_Transpose:OpId_48 (cycles)
1430515994,EXECUTE,5491,CYCLES,BACKEND,SUB-EVENT,_Transpose_1:OpId_50 (cycles)
1430515994,EXECUTE,6711,CYCLES,BACKEND,SUB-EVENT,_Transpose_2:OpId_52 (cycles)
1430515994,EXECUTE,23656,CYCLES,BACKEND,SUB-EVENT,_Slice:OpId_54 (cycles)
1430515994,EXECUTE,8146,CYCLES,BACKEND,SUB-EVENT,_Slice_1:OpId_60 (cycles)
1430515994,EXECUTE,5540,CYCLES,BACKEND,SUB-EVENT,_Mul_2:OpId_66 (cycles)
1430515994,EXECUTE,4750,CYCLES,BACKEND,SUB-EVENT,_Mul_3:OpId_69 (cycles)
1430515994,EXECUTE,861,CYCLES,BACKEND,SUB-EVENT,_Sub:OpId_71 (cycles)
1430515994,EXECUTE,5373,CYCLES,BACKEND,SUB-EVENT,_Mul_4:OpId_73 (cycles)
1430515994,EXECUTE,4479,CYCLES,BACKEND,SUB-EVENT,_Mul_5:OpId_75 (cycles)
1430515994,EXECUTE,877,CYCLES,BACKEND,SUB-EVENT,_Add_4:OpId_77 (cycles)
1430515994,EXECUTE,0,CYCLES,BACKEND,SUB-EVENT,_Unsqueeze:OpId_79 (cycles)
1430515994,EXECUTE,0,CYCLES,BACKEND,SUB-EVENT,_Unsqueeze_1:OpId_80 (cycles)
1430515994,EXECUTE,3649,CYCLES,BACKEND,SUB-EVENT,_Concat:OpId_81 (cycles)
1430515994,EXECUTE,0,CYCLES,BACKEND,SUB-EVENT,_Reshape_3:OpId_83 (cycles)
1430515994,EXECUTE,24547,CYCLES,BACKEND,SUB-EVENT,_Slice_3:OpId_85 (cycles)
1430515994,EXECUTE,5272,CYCLES,BACKEND,SUB-EVENT,_Slice_4:OpId_91 (cycles)
1430515994,EXECUTE,3878,CYCLES,BACKEND,SUB-EVENT,_Mul_6:OpId_96 (cycles)
1430515994,EXECUTE,2071,CYCLES,BACKEND,SUB-EVENT,_Mul_7:OpId_98 (cycles)
1430515994,EXECUTE,803,CYCLES,BACKEND,SUB-EVENT,_Sub_1:OpId_100 (cycles)
1430515994,EXECUTE,3829,CYCLES,BACKEND,SUB-EVENT,_Mul_8:OpId_102 (cycles)
1430515994,EXECUTE,1920,CYCLES,BACKEND,SUB-EVENT,_Mul_9:OpId_104 (cycles)
1430515994,EXECUTE,1019,CYCLES,BACKEND,SUB-EVENT,_Add_5:OpId_106 (cycles)
1430515994,EXECUTE,0,CYCLES,BACKEND,SUB-EVENT,_Unsqueeze_2:OpId_108 (cycles)
1430515994,EXECUTE,0,CYCLES,BACKEND,SUB-EVENT,_Unsqueeze_3:OpId_109 (cycles)
1430515994,EXECUTE,2683,CYCLES,BACKEND,SUB-EVENT,_Concat_2:OpId_110 (cycles)
1430515994,EXECUTE,2004,CYCLES,BACKEND,SUB-EVENT,_Reshape_4:OpId_112 (cycles)
1430515994,EXECUTE,0,CYCLES,BACKEND,SUB-EVENT,_Unsqueeze_4:OpId_113 (cycles)
1430515994,EXECUTE,2242,CYCLES,BACKEND,SUB-EVENT,_Tile:OpId_115 (cycles)
1430515994,EXECUTE,0,CYCLES,BACKEND,SUB-EVENT,_Reshape_5:OpId_116 (cycles)
1430515994,EXECUTE,0,CYCLES,BACKEND,SUB-EVENT,_Unsqueeze_5:OpId_117 (cycles)
1430515994,EXECUTE,3606,CYCLES,BACKEND,SUB-EVENT,_Tile_1:OpId_119 (cycles)
1430515994,EXECUTE,0,CYCLES,BACKEND,SUB-EVENT,_Reshape_6:OpId_120 (cycles)
1430515994,EXECUTE,0,CYCLES,BACKEND,SUB-EVENT,_Transpose_3:OpId_122 (cycles)
1430515994,EXECUTE,71989,CYCLES,BACKEND,SUB-EVENT,_MatMul_3:OpId_123 (cycles)
1430515994,EXECUTE,12487,CYCLES,BACKEND,SUB-EVENT,_Div_1:OpId_128 (cycles)
1430515994,EXECUTE,3223,CYCLES,BACKEND,SUB-EVENT,_Add_6:OpId_131 (cycles)
1430515994,EXECUTE,55118,CYCLES,BACKEND,SUB-EVENT,_Softmax:OpId_133 (cycles)
1430515994,EXECUTE,13206,CYCLES,BACKEND,SUB-EVENT,_MatMul_4:OpId_136 (cycles)
1430515994,EXECUTE,0,CYCLES,BACKEND,SUB-EVENT,_Transpose_4:OpId_141 (cycles)
1430515994,EXECUTE,0,CYCLES,BACKEND,SUB-EVENT,_Reshape_7:OpId_142 (cycles)
1430515994,EXECUTE,9722,CYCLES,BACKEND,SUB-EVENT,_MatMul_5:OpId_144 (cycles)
1430515994,EXECUTE,0,CYCLES,BACKEND,SUB-EVENT,_MatMul_5_post_reshape:OpId_147 (cycles)
1430515994,EXECUTE,0,CYCLES,BACKEND,SUB-EVENT,_MatMul_5_output_0_nfc:OpId_149 (cycles)
1430515994,EXECUTE,2665,CYCLES,BACKEND,SUB-EVENT,_Add_7:OpId_151 (cycles)
1430515994,EXECUTE,0,CYCLES,BACKEND,SUB-EVENT,_Add_7_output_0_ncf:OpId_154 (cycles)
1430515994,EXECUTE,12187,CYCLES,BACKEND,SUB-EVENT,rms_norm__Mul_11_output_0:OpId_159 (cycles)
1430515994,EXECUTE,0,CYCLES,BACKEND,SUB-EVENT,_MatMul_7_pre_reshape:OpId_162 (cycles)
1430515994,EXECUTE,0,CYCLES,BACKEND,SUB-EVENT,_MatMul_6_pre_reshape:OpId_163 (cycles)
1430515994,EXECUTE,151464,CYCLES,BACKEND,SUB-EVENT,_MatMul_6:OpId_165 (cycles)
1430515994,EXECUTE,0,CYCLES,BACKEND,SUB-EVENT,_MatMul_6_post_reshape:OpId_168 (cycles)
1430515994,EXECUTE,110404,CYCLES,BACKEND,SUB-EVENT,_MatMul_7:OpId_170 (cycles)
1430515994,EXECUTE,0,CYCLES,BACKEND,SUB-EVENT,_MatMul_7_post_reshape:OpId_173 (cycles)
1430515994,EXECUTE,0,CYCLES,BACKEND,SUB-EVENT,_Sigmoid:OpId_174 (cycles)
1430515994,EXECUTE,185853,CYCLES,BACKEND,SUB-EVENT,_Mul_12:OpId_181 (cycles)
1430515994,EXECUTE,81328,CYCLES,BACKEND,SUB-EVENT,_Mul_13:OpId_183 (cycles)
1430515994,EXECUTE,0,CYCLES,BACKEND,SUB-EVENT,_MatMul_8_pre_reshape:OpId_185 (cycles)
1430515994,EXECUTE,141734,CYCLES,BACKEND,SUB-EVENT,_MatMul_8:OpId_187 (cycles)
1430515994,EXECUTE,0,CYCLES,BACKEND,SUB-EVENT,_MatMul_8_post_reshape:OpId_190 (cycles)
1430515994,EXECUTE,0,CYCLES,BACKEND,SUB-EVENT,_MatMul_8_output_0_nfc:OpId_192 (cycles)
1430515994,EXECUTE,7101,CYCLES,BACKEND,SUB-EVENT,_Add_9:OpId_194 (cycles)
1430515994,EXECUTE,30239,CYCLES,BACKEND,SUB-EVENT,hidden_out_ncf:OpId_197 (cycles)
1430515994,EXECUTE,7924,CYCLES,BACKEND,SUB-EVENT,Output OpId_3 (cycles)
1430515994,EXECUTE,4065,US,BACKEND,ROOT,Accelerator (execute) time
1430515994,EXECUTE,2180,US,BACKEND,ROOT,Accelerator (execute excluding wait) time
1430515994,EXECUTE,22567,US,BACKEND,ROOT,QNN (execute) time
1430531133,EXECUTE,8987,US,NETRUN,ROOT,Graph 0: qwen2_0_5b_layer0_prefill_seq16
1430531133,EXECUTE,4,COUNT,BACKEND,ROOT,Number of HVX threads used
1430531133,EXECUTE,8538,US,BACKEND,ROOT,RPC (execute) time
1430531133,EXECUTE,7529,US,BACKEND,ROOT,QNN accelerator (execute) time
1430531133,EXECUTE,0,COUNT,BACKEND,ROOT,Num times yield occured
1430531133,EXECUTE,685,US,BACKEND,ROOT,Time for initial VTCM acquire
1430531133,EXECUTE,303,US,BACKEND,ROOT,Time for HVX + HMX power on and acquire
1430531133,EXECUTE,1907647,CYCLES,BACKEND,ROOT,Accelerator (execute) time (cycles)
1430531133,EXECUTE,1975,CYCLES,BACKEND,SUB-EVENT,Input OpId_2 (cycles)
1430531133,EXECUTE,0,CYCLES,BACKEND,SUB-EVENT,hidden_states_nfc:OpId_17 (cycles)
1430531133,EXECUTE,123224,CYCLES,BACKEND,SUB-EVENT,rms_norm__Mul_1_output_0:OpId_22 (cycles)
1430531133,EXECUTE,0,CYCLES,BACKEND,SUB-EVENT,_MatMul_2_pre_reshape:OpId_25 (cycles)
1430531133,EXECUTE,0,CYCLES,BACKEND,SUB-EVENT,_MatMul_1_pre_reshape:OpId_26 (cycles)
1430531133,EXECUTE,0,CYCLES,BACKEND,SUB-EVENT,_MatMul_pre_reshape:OpId_27 (cycles)
1430531133,EXECUTE,1362,CYCLES,BACKEND,SUB-EVENT,OpId_28 (cycles)
1430531133,EXECUTE,0,CYCLES,BACKEND,SUB-EVENT,_MatMul_lhs_reshape:OpId_30 (cycles)
1430531133,EXECUTE,0,CYCLES,BACKEND,SUB-EVENT,_MatMul_lhs_cast_fp16:OpId_31 (cycles)
1430531133,EXECUTE,570803,CYCLES,BACKEND,SUB-EVENT,_MatMul:OpId_32 (cycles)
1430531133,EXECUTE,0,CYCLES,BACKEND,SUB-EVENT,_MatMul_custom_output_reshape:OpId_33 (cycles)
1430531133,EXECUTE,148632,CYCLES,BACKEND,SUB-EVENT,_MatMul_bias_add:OpId_34 (cycles)
1430531133,EXECUTE,0,CYCLES,BACKEND,SUB-EVENT,_MatMul_post_reshape:OpId_36 (cycles)
1430531133,EXECUTE,0,CYCLES,BACKEND,SUB-EVENT,_MatMul_1:OpId_39 (cycles)
1430531133,EXECUTE,0,CYCLES,BACKEND,SUB-EVENT,_MatMul_1_post_reshape:OpId_41 (cycles)
1430531133,EXECUTE,0,CYCLES,BACKEND,SUB-EVENT,_MatMul_2:OpId_44 (cycles)
1430531133,EXECUTE,0,CYCLES,BACKEND,SUB-EVENT,_MatMul_2_post_reshape:OpId_46 (cycles)
1430531133,EXECUTE,26493,CYCLES,BACKEND,SUB-EVENT,_Transpose:OpId_48 (cycles)
1430531133,EXECUTE,6323,CYCLES,BACKEND,SUB-EVENT,_Transpose_1:OpId_50 (cycles)
1430531133,EXECUTE,9047,CYCLES,BACKEND,SUB-EVENT,_Transpose_2:OpId_52 (cycles)
1430531133,EXECUTE,22376,CYCLES,BACKEND,SUB-EVENT,_Slice:OpId_54 (cycles)
1430531133,EXECUTE,7708,CYCLES,BACKEND,SUB-EVENT,_Slice_1:OpId_60 (cycles)
1430531133,EXECUTE,5889,CYCLES,BACKEND,SUB-EVENT,_Mul_2:OpId_66 (cycles)
1430531133,EXECUTE,4857,CYCLES,BACKEND,SUB-EVENT,_Mul_3:OpId_69 (cycles)
1430531133,EXECUTE,1422,CYCLES,BACKEND,SUB-EVENT,_Sub:OpId_71 (cycles)
1430531133,EXECUTE,5789,CYCLES,BACKEND,SUB-EVENT,_Mul_4:OpId_73 (cycles)
1430531133,EXECUTE,4826,CYCLES,BACKEND,SUB-EVENT,_Mul_5:OpId_75 (cycles)
1430531133,EXECUTE,1307,CYCLES,BACKEND,SUB-EVENT,_Add_4:OpId_77 (cycles)
1430531133,EXECUTE,0,CYCLES,BACKEND,SUB-EVENT,_Unsqueeze:OpId_79 (cycles)
1430531133,EXECUTE,0,CYCLES,BACKEND,SUB-EVENT,_Unsqueeze_1:OpId_80 (cycles)
1430531133,EXECUTE,3793,CYCLES,BACKEND,SUB-EVENT,_Concat:OpId_81 (cycles)
1430531133,EXECUTE,0,CYCLES,BACKEND,SUB-EVENT,_Reshape_3:OpId_83 (cycles)
1430531133,EXECUTE,41528,CYCLES,BACKEND,SUB-EVENT,_Slice_3:OpId_85 (cycles)
1430531133,EXECUTE,5355,CYCLES,BACKEND,SUB-EVENT,_Slice_4:OpId_91 (cycles)
1430531133,EXECUTE,7317,CYCLES,BACKEND,SUB-EVENT,_Mul_6:OpId_96 (cycles)
1430531133,EXECUTE,4355,CYCLES,BACKEND,SUB-EVENT,_Mul_7:OpId_98 (cycles)
1430531133,EXECUTE,1054,CYCLES,BACKEND,SUB-EVENT,_Sub_1:OpId_100 (cycles)
1430531133,EXECUTE,7135,CYCLES,BACKEND,SUB-EVENT,_Mul_8:OpId_102 (cycles)
1430531133,EXECUTE,3926,CYCLES,BACKEND,SUB-EVENT,_Mul_9:OpId_104 (cycles)
1430531133,EXECUTE,1081,CYCLES,BACKEND,SUB-EVENT,_Add_5:OpId_106 (cycles)
1430531133,EXECUTE,0,CYCLES,BACKEND,SUB-EVENT,_Unsqueeze_2:OpId_108 (cycles)
1430531133,EXECUTE,0,CYCLES,BACKEND,SUB-EVENT,_Unsqueeze_3:OpId_109 (cycles)
1430531133,EXECUTE,3024,CYCLES,BACKEND,SUB-EVENT,_Concat_2:OpId_110 (cycles)
1430531133,EXECUTE,2642,CYCLES,BACKEND,SUB-EVENT,_Reshape_4:OpId_112 (cycles)
1430531133,EXECUTE,0,CYCLES,BACKEND,SUB-EVENT,_Unsqueeze_4:OpId_113 (cycles)
1430531133,EXECUTE,2440,CYCLES,BACKEND,SUB-EVENT,_Tile:OpId_115 (cycles)
1430531133,EXECUTE,0,CYCLES,BACKEND,SUB-EVENT,_Reshape_5:OpId_116 (cycles)
1430531133,EXECUTE,0,CYCLES,BACKEND,SUB-EVENT,_Unsqueeze_5:OpId_117 (cycles)
1430531133,EXECUTE,6096,CYCLES,BACKEND,SUB-EVENT,_Tile_1:OpId_119 (cycles)
1430531133,EXECUTE,0,CYCLES,BACKEND,SUB-EVENT,_Reshape_6:OpId_120 (cycles)
1430531133,EXECUTE,0,CYCLES,BACKEND,SUB-EVENT,_Transpose_3:OpId_122 (cycles)
1430531133,EXECUTE,88750,CYCLES,BACKEND,SUB-EVENT,_MatMul_3:OpId_123 (cycles)
1430531133,EXECUTE,13246,CYCLES,BACKEND,SUB-EVENT,_Div_1:OpId_128 (cycles)
1430531133,EXECUTE,5645,CYCLES,BACKEND,SUB-EVENT,_Add_6:OpId_131 (cycles)
1430531133,EXECUTE,56553,CYCLES,BACKEND,SUB-EVENT,_Softmax:OpId_133 (cycles)
1430531133,EXECUTE,26525,CYCLES,BACKEND,SUB-EVENT,_MatMul_4:OpId_136 (cycles)
1430531133,EXECUTE,0,CYCLES,BACKEND,SUB-EVENT,_Transpose_4:OpId_141 (cycles)
1430531133,EXECUTE,0,CYCLES,BACKEND,SUB-EVENT,_Reshape_7:OpId_142 (cycles)
1430531133,EXECUTE,12744,CYCLES,BACKEND,SUB-EVENT,_MatMul_5:OpId_144 (cycles)
1430531133,EXECUTE,0,CYCLES,BACKEND,SUB-EVENT,_MatMul_5_post_reshape:OpId_147 (cycles)
1430531133,EXECUTE,0,CYCLES,BACKEND,SUB-EVENT,_MatMul_5_output_0_nfc:OpId_149 (cycles)
1430531133,EXECUTE,2665,CYCLES,BACKEND,SUB-EVENT,_Add_7:OpId_151 (cycles)
1430531133,EXECUTE,0,CYCLES,BACKEND,SUB-EVENT,_Add_7_output_0_ncf:OpId_154 (cycles)
1430531133,EXECUTE,12604,CYCLES,BACKEND,SUB-EVENT,rms_norm__Mul_11_output_0:OpId_159 (cycles)
1430531133,EXECUTE,0,CYCLES,BACKEND,SUB-EVENT,_MatMul_7_pre_reshape:OpId_162 (cycles)
1430531133,EXECUTE,0,CYCLES,BACKEND,SUB-EVENT,_MatMul_6_pre_reshape:OpId_163 (cycles)
1430531133,EXECUTE,103220,CYCLES,BACKEND,SUB-EVENT,_MatMul_6:OpId_165 (cycles)
1430531133,EXECUTE,0,CYCLES,BACKEND,SUB-EVENT,_MatMul_6_post_reshape:OpId_168 (cycles)
1430531133,EXECUTE,70974,CYCLES,BACKEND,SUB-EVENT,_MatMul_7:OpId_170 (cycles)
1430531133,EXECUTE,0,CYCLES,BACKEND,SUB-EVENT,_MatMul_7_post_reshape:OpId_173 (cycles)
1430531133,EXECUTE,0,CYCLES,BACKEND,SUB-EVENT,_Sigmoid:OpId_174 (cycles)
1430531133,EXECUTE,208776,CYCLES,BACKEND,SUB-EVENT,_Mul_12:OpId_181 (cycles)
1430531133,EXECUTE,97661,CYCLES,BACKEND,SUB-EVENT,_Mul_13:OpId_183 (cycles)
1430531133,EXECUTE,0,CYCLES,BACKEND,SUB-EVENT,_MatMul_8_pre_reshape:OpId_185 (cycles)
1430531133,EXECUTE,125077,CYCLES,BACKEND,SUB-EVENT,_MatMul_8:OpId_187 (cycles)
1430531133,EXECUTE,0,CYCLES,BACKEND,SUB-EVENT,_MatMul_8_post_reshape:OpId_190 (cycles)
1430531133,EXECUTE,0,CYCLES,BACKEND,SUB-EVENT,_MatMul_8_output_0_nfc:OpId_192 (cycles)
1430531133,EXECUTE,7098,CYCLES,BACKEND,SUB-EVENT,_Add_9:OpId_194 (cycles)
1430531133,EXECUTE,35805,CYCLES,BACKEND,SUB-EVENT,hidden_out_ncf:OpId_197 (cycles)
1430531133,EXECUTE,8525,CYCLES,BACKEND,SUB-EVENT,Output OpId_3 (cycles)
1430531133,EXECUTE,2231,US,BACKEND,ROOT,Accelerator (execute) time
1430531133,EXECUTE,2080,US,BACKEND,ROOT,Accelerator (execute excluding wait) time
1430531133,EXECUTE,8964,US,BACKEND,ROOT,QNN (execute) time
1430550309,EXECUTE,13170,US,NETRUN,ROOT,Graph 0: qwen2_0_5b_layer0_prefill_seq16
1430550309,EXECUTE,4,COUNT,BACKEND,ROOT,Number of HVX threads used
1430550309,EXECUTE,12744,US,BACKEND,ROOT,RPC (execute) time
1430550309,EXECUTE,10436,US,BACKEND,ROOT,QNN accelerator (execute) time
1430550309,EXECUTE,0,COUNT,BACKEND,ROOT,Num times yield occured
1430550309,EXECUTE,1028,US,BACKEND,ROOT,Time for initial VTCM acquire
1430550309,EXECUTE,329,US,BACKEND,ROOT,Time for HVX + HMX power on and acquire
1430550309,EXECUTE,3268871,CYCLES,BACKEND,ROOT,Accelerator (execute) time (cycles)
1430550309,EXECUTE,3949,CYCLES,BACKEND,SUB-EVENT,Input OpId_2 (cycles)
1430550309,EXECUTE,0,CYCLES,BACKEND,SUB-EVENT,hidden_states_nfc:OpId_17 (cycles)
1430550309,EXECUTE,247278,CYCLES,BACKEND,SUB-EVENT,rms_norm__Mul_1_output_0:OpId_22 (cycles)
1430550309,EXECUTE,0,CYCLES,BACKEND,SUB-EVENT,_MatMul_2_pre_reshape:OpId_25 (cycles)
1430550309,EXECUTE,0,CYCLES,BACKEND,SUB-EVENT,_MatMul_1_pre_reshape:OpId_26 (cycles)
1430550309,EXECUTE,0,CYCLES,BACKEND,SUB-EVENT,_MatMul_pre_reshape:OpId_27 (cycles)
1430550309,EXECUTE,4696,CYCLES,BACKEND,SUB-EVENT,OpId_28 (cycles)
1430550309,EXECUTE,0,CYCLES,BACKEND,SUB-EVENT,_MatMul_lhs_reshape:OpId_30 (cycles)
1430550309,EXECUTE,0,CYCLES,BACKEND,SUB-EVENT,_MatMul_lhs_cast_fp16:OpId_31 (cycles)
1430550309,EXECUTE,582392,CYCLES,BACKEND,SUB-EVENT,_MatMul:OpId_32 (cycles)
1430550309,EXECUTE,0,CYCLES,BACKEND,SUB-EVENT,_MatMul_custom_output_reshape:OpId_33 (cycles)
1430550309,EXECUTE,289197,CYCLES,BACKEND,SUB-EVENT,_MatMul_bias_add:OpId_34 (cycles)
1430550309,EXECUTE,0,CYCLES,BACKEND,SUB-EVENT,_MatMul_post_reshape:OpId_36 (cycles)
1430550309,EXECUTE,0,CYCLES,BACKEND,SUB-EVENT,_MatMul_1:OpId_39 (cycles)
1430550309,EXECUTE,0,CYCLES,BACKEND,SUB-EVENT,_MatMul_1_post_reshape:OpId_41 (cycles)
1430550309,EXECUTE,0,CYCLES,BACKEND,SUB-EVENT,_MatMul_2:OpId_44 (cycles)
1430550309,EXECUTE,0,CYCLES,BACKEND,SUB-EVENT,_MatMul_2_post_reshape:OpId_46 (cycles)
1430550309,EXECUTE,42408,CYCLES,BACKEND,SUB-EVENT,_Transpose:OpId_48 (cycles)
1430550309,EXECUTE,8126,CYCLES,BACKEND,SUB-EVENT,_Transpose_1:OpId_50 (cycles)
1430550309,EXECUTE,14226,CYCLES,BACKEND,SUB-EVENT,_Transpose_2:OpId_52 (cycles)
1430550309,EXECUTE,22968,CYCLES,BACKEND,SUB-EVENT,_Slice:OpId_54 (cycles)
1430550309,EXECUTE,7722,CYCLES,BACKEND,SUB-EVENT,_Slice_1:OpId_60 (cycles)
1430550309,EXECUTE,7105,CYCLES,BACKEND,SUB-EVENT,_Mul_2:OpId_66 (cycles)
1430550309,EXECUTE,4836,CYCLES,BACKEND,SUB-EVENT,_Mul_3:OpId_69 (cycles)
1430550309,EXECUTE,1850,CYCLES,BACKEND,SUB-EVENT,_Sub:OpId_71 (cycles)
1430550309,EXECUTE,7015,CYCLES,BACKEND,SUB-EVENT,_Mul_4:OpId_73 (cycles)
1430550309,EXECUTE,4744,CYCLES,BACKEND,SUB-EVENT,_Mul_5:OpId_75 (cycles)
1430550309,EXECUTE,3750,CYCLES,BACKEND,SUB-EVENT,_Add_4:OpId_77 (cycles)
1430550309,EXECUTE,0,CYCLES,BACKEND,SUB-EVENT,_Unsqueeze:OpId_79 (cycles)
1430550309,EXECUTE,0,CYCLES,BACKEND,SUB-EVENT,_Unsqueeze_1:OpId_80 (cycles)
1430550309,EXECUTE,3725,CYCLES,BACKEND,SUB-EVENT,_Concat:OpId_81 (cycles)
1430550309,EXECUTE,0,CYCLES,BACKEND,SUB-EVENT,_Reshape_3:OpId_83 (cycles)
1430550309,EXECUTE,95069,CYCLES,BACKEND,SUB-EVENT,_Slice_3:OpId_85 (cycles)
1430550309,EXECUTE,5240,CYCLES,BACKEND,SUB-EVENT,_Slice_4:OpId_91 (cycles)
1430550309,EXECUTE,15014,CYCLES,BACKEND,SUB-EVENT,_Mul_6:OpId_96 (cycles)
1430550309,EXECUTE,11817,CYCLES,BACKEND,SUB-EVENT,_Mul_7:OpId_98 (cycles)
1430550309,EXECUTE,1324,CYCLES,BACKEND,SUB-EVENT,_Sub_1:OpId_100 (cycles)
1430550309,EXECUTE,14963,CYCLES,BACKEND,SUB-EVENT,_Mul_8:OpId_102 (cycles)
1430550309,EXECUTE,11787,CYCLES,BACKEND,SUB-EVENT,_Mul_9:OpId_104 (cycles)
1430550309,EXECUTE,1632,CYCLES,BACKEND,SUB-EVENT,_Add_5:OpId_106 (cycles)
1430550309,EXECUTE,0,CYCLES,BACKEND,SUB-EVENT,_Unsqueeze_2:OpId_108 (cycles)
1430550309,EXECUTE,0,CYCLES,BACKEND,SUB-EVENT,_Unsqueeze_3:OpId_109 (cycles)
1430550309,EXECUTE,2855,CYCLES,BACKEND,SUB-EVENT,_Concat_2:OpId_110 (cycles)
1430550309,EXECUTE,5281,CYCLES,BACKEND,SUB-EVENT,_Reshape_4:OpId_112 (cycles)
1430550309,EXECUTE,0,CYCLES,BACKEND,SUB-EVENT,_Unsqueeze_4:OpId_113 (cycles)
1430550309,EXECUTE,4461,CYCLES,BACKEND,SUB-EVENT,_Tile:OpId_115 (cycles)
1430550309,EXECUTE,0,CYCLES,BACKEND,SUB-EVENT,_Reshape_5:OpId_116 (cycles)
1430550309,EXECUTE,0,CYCLES,BACKEND,SUB-EVENT,_Unsqueeze_5:OpId_117 (cycles)
1430550309,EXECUTE,11160,CYCLES,BACKEND,SUB-EVENT,_Tile_1:OpId_119 (cycles)
1430550309,EXECUTE,0,CYCLES,BACKEND,SUB-EVENT,_Reshape_6:OpId_120 (cycles)
1430550309,EXECUTE,0,CYCLES,BACKEND,SUB-EVENT,_Transpose_3:OpId_122 (cycles)
1430550309,EXECUTE,136210,CYCLES,BACKEND,SUB-EVENT,_MatMul_3:OpId_123 (cycles)
1430550309,EXECUTE,15215,CYCLES,BACKEND,SUB-EVENT,_Div_1:OpId_128 (cycles)
1430550309,EXECUTE,8862,CYCLES,BACKEND,SUB-EVENT,_Add_6:OpId_131 (cycles)
1430550309,EXECUTE,64589,CYCLES,BACKEND,SUB-EVENT,_Softmax:OpId_133 (cycles)
1430550309,EXECUTE,49556,CYCLES,BACKEND,SUB-EVENT,_MatMul_4:OpId_136 (cycles)
1430550309,EXECUTE,0,CYCLES,BACKEND,SUB-EVENT,_Transpose_4:OpId_141 (cycles)
1430550309,EXECUTE,0,CYCLES,BACKEND,SUB-EVENT,_Reshape_7:OpId_142 (cycles)
1430550309,EXECUTE,13867,CYCLES,BACKEND,SUB-EVENT,_MatMul_5:OpId_144 (cycles)
1430550309,EXECUTE,0,CYCLES,BACKEND,SUB-EVENT,_MatMul_5_post_reshape:OpId_147 (cycles)
1430550309,EXECUTE,0,CYCLES,BACKEND,SUB-EVENT,_MatMul_5_output_0_nfc:OpId_149 (cycles)
1430550309,EXECUTE,2636,CYCLES,BACKEND,SUB-EVENT,_Add_7:OpId_151 (cycles)
1430550309,EXECUTE,0,CYCLES,BACKEND,SUB-EVENT,_Add_7_output_0_ncf:OpId_154 (cycles)
1430550309,EXECUTE,12084,CYCLES,BACKEND,SUB-EVENT,rms_norm__Mul_11_output_0:OpId_159 (cycles)
1430550309,EXECUTE,0,CYCLES,BACKEND,SUB-EVENT,_MatMul_7_pre_reshape:OpId_162 (cycles)
1430550309,EXECUTE,0,CYCLES,BACKEND,SUB-EVENT,_MatMul_6_pre_reshape:OpId_163 (cycles)
1430550309,EXECUTE,191954,CYCLES,BACKEND,SUB-EVENT,_MatMul_6:OpId_165 (cycles)
1430550309,EXECUTE,0,CYCLES,BACKEND,SUB-EVENT,_MatMul_6_post_reshape:OpId_168 (cycles)
1430550309,EXECUTE,337576,CYCLES,BACKEND,SUB-EVENT,_MatMul_7:OpId_170 (cycles)
1430550309,EXECUTE,0,CYCLES,BACKEND,SUB-EVENT,_MatMul_7_post_reshape:OpId_173 (cycles)
1430550309,EXECUTE,0,CYCLES,BACKEND,SUB-EVENT,_Sigmoid:OpId_174 (cycles)
1430550309,EXECUTE,345547,CYCLES,BACKEND,SUB-EVENT,_Mul_12:OpId_181 (cycles)
1430550309,EXECUTE,210220,CYCLES,BACKEND,SUB-EVENT,_Mul_13:OpId_183 (cycles)
1430550309,EXECUTE,0,CYCLES,BACKEND,SUB-EVENT,_MatMul_8_pre_reshape:OpId_185 (cycles)
1430550309,EXECUTE,379316,CYCLES,BACKEND,SUB-EVENT,_MatMul_8:OpId_187 (cycles)
1430550309,EXECUTE,0,CYCLES,BACKEND,SUB-EVENT,_MatMul_8_post_reshape:OpId_190 (cycles)
1430550309,EXECUTE,0,CYCLES,BACKEND,SUB-EVENT,_MatMul_8_output_0_nfc:OpId_192 (cycles)
1430550309,EXECUTE,7167,CYCLES,BACKEND,SUB-EVENT,_Add_9:OpId_194 (cycles)
1430550309,EXECUTE,37982,CYCLES,BACKEND,SUB-EVENT,hidden_out_ncf:OpId_197 (cycles)
1430550309,EXECUTE,19500,CYCLES,BACKEND,SUB-EVENT,Output OpId_3 (cycles)
1430550309,EXECUTE,4391,US,BACKEND,ROOT,Accelerator (execute) time
1430550309,EXECUTE,4218,US,BACKEND,ROOT,Accelerator (execute excluding wait) time
1430550309,EXECUTE,13143,US,BACKEND,ROOT,QNN (execute) time
1430569553,EXECUTE,13387,US,NETRUN,ROOT,Graph 0: qwen2_0_5b_layer0_prefill_seq16
1430569553,EXECUTE,4,COUNT,BACKEND,ROOT,Number of HVX threads used
1430569553,EXECUTE,12955,US,BACKEND,ROOT,RPC (execute) time
1430569553,EXECUTE,10650,US,BACKEND,ROOT,QNN accelerator (execute) time
1430569553,EXECUTE,0,COUNT,BACKEND,ROOT,Num times yield occured
1430569553,EXECUTE,657,US,BACKEND,ROOT,Time for initial VTCM acquire
1430569553,EXECUTE,376,US,BACKEND,ROOT,Time for HVX + HMX power on and acquire
1430569553,EXECUTE,3055221,CYCLES,BACKEND,ROOT,Accelerator (execute) time (cycles)
1430569553,EXECUTE,9945,CYCLES,BACKEND,SUB-EVENT,Input OpId_2 (cycles)
1430569553,EXECUTE,0,CYCLES,BACKEND,SUB-EVENT,hidden_states_nfc:OpId_17 (cycles)
1430569553,EXECUTE,101811,CYCLES,BACKEND,SUB-EVENT,rms_norm__Mul_1_output_0:OpId_22 (cycles)
1430569553,EXECUTE,0,CYCLES,BACKEND,SUB-EVENT,_MatMul_2_pre_reshape:OpId_25 (cycles)
1430569553,EXECUTE,0,CYCLES,BACKEND,SUB-EVENT,_MatMul_1_pre_reshape:OpId_26 (cycles)
1430569553,EXECUTE,0,CYCLES,BACKEND,SUB-EVENT,_MatMul_pre_reshape:OpId_27 (cycles)
1430569553,EXECUTE,90262,CYCLES,BACKEND,SUB-EVENT,OpId_28 (cycles)
1430569553,EXECUTE,0,CYCLES,BACKEND,SUB-EVENT,_MatMul_lhs_reshape:OpId_30 (cycles)
1430569553,EXECUTE,0,CYCLES,BACKEND,SUB-EVENT,_MatMul_lhs_cast_fp16:OpId_31 (cycles)
1430569553,EXECUTE,711311,CYCLES,BACKEND,SUB-EVENT,_MatMul:OpId_32 (cycles)
1430569553,EXECUTE,0,CYCLES,BACKEND,SUB-EVENT,_MatMul_custom_output_reshape:OpId_33 (cycles)
1430569553,EXECUTE,120497,CYCLES,BACKEND,SUB-EVENT,_MatMul_bias_add:OpId_34 (cycles)
1430569553,EXECUTE,0,CYCLES,BACKEND,SUB-EVENT,_MatMul_post_reshape:OpId_36 (cycles)
1430569553,EXECUTE,0,CYCLES,BACKEND,SUB-EVENT,_MatMul_1:OpId_39 (cycles)
1430569553,EXECUTE,0,CYCLES,BACKEND,SUB-EVENT,_MatMul_1_post_reshape:OpId_41 (cycles)
1430569553,EXECUTE,0,CYCLES,BACKEND,SUB-EVENT,_MatMul_2:OpId_44 (cycles)
1430569553,EXECUTE,0,CYCLES,BACKEND,SUB-EVENT,_MatMul_2_post_reshape:OpId_46 (cycles)
1430569553,EXECUTE,23556,CYCLES,BACKEND,SUB-EVENT,_Transpose:OpId_48 (cycles)
1430569553,EXECUTE,17847,CYCLES,BACKEND,SUB-EVENT,_Transpose_1:OpId_50 (cycles)
1430569553,EXECUTE,24667,CYCLES,BACKEND,SUB-EVENT,_Transpose_2:OpId_52 (cycles)
1430569553,EXECUTE,23348,CYCLES,BACKEND,SUB-EVENT,_Slice:OpId_54 (cycles)
1430569553,EXECUTE,7565,CYCLES,BACKEND,SUB-EVENT,_Slice_1:OpId_60 (cycles)
1430569553,EXECUTE,6692,CYCLES,BACKEND,SUB-EVENT,_Mul_2:OpId_66 (cycles)
1430569553,EXECUTE,4639,CYCLES,BACKEND,SUB-EVENT,_Mul_3:OpId_69 (cycles)
1430569553,EXECUTE,1828,CYCLES,BACKEND,SUB-EVENT,_Sub:OpId_71 (cycles)
1430569553,EXECUTE,6783,CYCLES,BACKEND,SUB-EVENT,_Mul_4:OpId_73 (cycles)
1430569553,EXECUTE,4564,CYCLES,BACKEND,SUB-EVENT,_Mul_5:OpId_75 (cycles)
1430569553,EXECUTE,1222,CYCLES,BACKEND,SUB-EVENT,_Add_4:OpId_77 (cycles)
1430569553,EXECUTE,0,CYCLES,BACKEND,SUB-EVENT,_Unsqueeze:OpId_79 (cycles)
1430569553,EXECUTE,0,CYCLES,BACKEND,SUB-EVENT,_Unsqueeze_1:OpId_80 (cycles)
1430569553,EXECUTE,4012,CYCLES,BACKEND,SUB-EVENT,_Concat:OpId_81 (cycles)
1430569553,EXECUTE,0,CYCLES,BACKEND,SUB-EVENT,_Reshape_3:OpId_83 (cycles)
1430569553,EXECUTE,24860,CYCLES,BACKEND,SUB-EVENT,_Slice_3:OpId_85 (cycles)
1430569553,EXECUTE,5141,CYCLES,BACKEND,SUB-EVENT,_Slice_4:OpId_91 (cycles)
1430569553,EXECUTE,5009,CYCLES,BACKEND,SUB-EVENT,_Mul_6:OpId_96 (cycles)
1430569553,EXECUTE,2024,CYCLES,BACKEND,SUB-EVENT,_Mul_7:OpId_98 (cycles)
1430569553,EXECUTE,1318,CYCLES,BACKEND,SUB-EVENT,_Sub_1:OpId_100 (cycles)
1430569553,EXECUTE,4990,CYCLES,BACKEND,SUB-EVENT,_Mul_8:OpId_102 (cycles)
1430569553,EXECUTE,1879,CYCLES,BACKEND,SUB-EVENT,_Mul_9:OpId_104 (cycles)
1430569553,EXECUTE,1701,CYCLES,BACKEND,SUB-EVENT,_Add_5:OpId_106 (cycles)
1430569553,EXECUTE,0,CYCLES,BACKEND,SUB-EVENT,_Unsqueeze_2:OpId_108 (cycles)
1430569553,EXECUTE,0,CYCLES,BACKEND,SUB-EVENT,_Unsqueeze_3:OpId_109 (cycles)
1430569553,EXECUTE,3163,CYCLES,BACKEND,SUB-EVENT,_Concat_2:OpId_110 (cycles)
1430569553,EXECUTE,4039,CYCLES,BACKEND,SUB-EVENT,_Reshape_4:OpId_112 (cycles)
1430569553,EXECUTE,0,CYCLES,BACKEND,SUB-EVENT,_Unsqueeze_4:OpId_113 (cycles)
1430569553,EXECUTE,2241,CYCLES,BACKEND,SUB-EVENT,_Tile:OpId_115 (cycles)
1430569553,EXECUTE,0,CYCLES,BACKEND,SUB-EVENT,_Reshape_5:OpId_116 (cycles)
1430569553,EXECUTE,0,CYCLES,BACKEND,SUB-EVENT,_Unsqueeze_5:OpId_117 (cycles)
1430569553,EXECUTE,3862,CYCLES,BACKEND,SUB-EVENT,_Tile_1:OpId_119 (cycles)
1430569553,EXECUTE,0,CYCLES,BACKEND,SUB-EVENT,_Reshape_6:OpId_120 (cycles)
1430569553,EXECUTE,0,CYCLES,BACKEND,SUB-EVENT,_Transpose_3:OpId_122 (cycles)
1430569553,EXECUTE,73898,CYCLES,BACKEND,SUB-EVENT,_MatMul_3:OpId_123 (cycles)
1430569553,EXECUTE,13710,CYCLES,BACKEND,SUB-EVENT,_Div_1:OpId_128 (cycles)
1430569553,EXECUTE,3574,CYCLES,BACKEND,SUB-EVENT,_Add_6:OpId_131 (cycles)
1430569553,EXECUTE,65254,CYCLES,BACKEND,SUB-EVENT,_Softmax:OpId_133 (cycles)
1430569553,EXECUTE,19760,CYCLES,BACKEND,SUB-EVENT,_MatMul_4:OpId_136 (cycles)
1430569553,EXECUTE,0,CYCLES,BACKEND,SUB-EVENT,_Transpose_4:OpId_141 (cycles)
1430569553,EXECUTE,0,CYCLES,BACKEND,SUB-EVENT,_Reshape_7:OpId_142 (cycles)
1430569553,EXECUTE,10177,CYCLES,BACKEND,SUB-EVENT,_MatMul_5:OpId_144 (cycles)
1430569553,EXECUTE,0,CYCLES,BACKEND,SUB-EVENT,_MatMul_5_post_reshape:OpId_147 (cycles)
1430569553,EXECUTE,0,CYCLES,BACKEND,SUB-EVENT,_MatMul_5_output_0_nfc:OpId_149 (cycles)
1430569553,EXECUTE,2634,CYCLES,BACKEND,SUB-EVENT,_Add_7:OpId_151 (cycles)
1430569553,EXECUTE,0,CYCLES,BACKEND,SUB-EVENT,_Add_7_output_0_ncf:OpId_154 (cycles)
1430569553,EXECUTE,12062,CYCLES,BACKEND,SUB-EVENT,rms_norm__Mul_11_output_0:OpId_159 (cycles)
1430569553,EXECUTE,0,CYCLES,BACKEND,SUB-EVENT,_MatMul_7_pre_reshape:OpId_162 (cycles)
1430569553,EXECUTE,0,CYCLES,BACKEND,SUB-EVENT,_MatMul_6_pre_reshape:OpId_163 (cycles)
1430569553,EXECUTE,379862,CYCLES,BACKEND,SUB-EVENT,_MatMul_6:OpId_165 (cycles)
1430569553,EXECUTE,0,CYCLES,BACKEND,SUB-EVENT,_MatMul_6_post_reshape:OpId_168 (cycles)
1430569553,EXECUTE,326587,CYCLES,BACKEND,SUB-EVENT,_MatMul_7:OpId_170 (cycles)
1430569553,EXECUTE,0,CYCLES,BACKEND,SUB-EVENT,_MatMul_7_post_reshape:OpId_173 (cycles)
1430569553,EXECUTE,0,CYCLES,BACKEND,SUB-EVENT,_Sigmoid:OpId_174 (cycles)
1430569553,EXECUTE,317308,CYCLES,BACKEND,SUB-EVENT,_Mul_12:OpId_181 (cycles)
1430569553,EXECUTE,170419,CYCLES,BACKEND,SUB-EVENT,_Mul_13:OpId_183 (cycles)
1430569553,EXECUTE,0,CYCLES,BACKEND,SUB-EVENT,_MatMul_8_pre_reshape:OpId_185 (cycles)
1430569553,EXECUTE,367181,CYCLES,BACKEND,SUB-EVENT,_MatMul_8:OpId_187 (cycles)
1430569553,EXECUTE,0,CYCLES,BACKEND,SUB-EVENT,_MatMul_8_post_reshape:OpId_190 (cycles)
1430569553,EXECUTE,0,CYCLES,BACKEND,SUB-EVENT,_MatMul_8_output_0_nfc:OpId_192 (cycles)
1430569553,EXECUTE,7193,CYCLES,BACKEND,SUB-EVENT,_Add_9:OpId_194 (cycles)
1430569553,EXECUTE,39001,CYCLES,BACKEND,SUB-EVENT,hidden_out_ncf:OpId_197 (cycles)
1430569553,EXECUTE,25825,CYCLES,BACKEND,SUB-EVENT,Output OpId_3 (cycles)
1430569553,EXECUTE,4623,US,BACKEND,ROOT,Accelerator (execute) time
1430569553,EXECUTE,4472,US,BACKEND,ROOT,Accelerator (execute excluding wait) time
1430569553,EXECUTE,13361,US,BACKEND,ROOT,QNN (execute) time
1430588975,EXECUTE,13019,US,NETRUN,ROOT,Graph 0: qwen2_0_5b_layer0_prefill_seq16
1430588975,EXECUTE,4,COUNT,BACKEND,ROOT,Number of HVX threads used
1430588975,EXECUTE,12539,US,BACKEND,ROOT,RPC (execute) time
1430588975,EXECUTE,10323,US,BACKEND,ROOT,QNN accelerator (execute) time
1430588975,EXECUTE,0,COUNT,BACKEND,ROOT,Num times yield occured
1430588975,EXECUTE,666,US,BACKEND,ROOT,Time for initial VTCM acquire
1430588975,EXECUTE,353,US,BACKEND,ROOT,Time for HVX + HMX power on and acquire
1430588975,EXECUTE,3149046,CYCLES,BACKEND,ROOT,Accelerator (execute) time (cycles)
1430588975,EXECUTE,4200,CYCLES,BACKEND,SUB-EVENT,Input OpId_2 (cycles)
1430588975,EXECUTE,0,CYCLES,BACKEND,SUB-EVENT,hidden_states_nfc:OpId_17 (cycles)
1430588975,EXECUTE,233500,CYCLES,BACKEND,SUB-EVENT,rms_norm__Mul_1_output_0:OpId_22 (cycles)
1430588975,EXECUTE,0,CYCLES,BACKEND,SUB-EVENT,_MatMul_2_pre_reshape:OpId_25 (cycles)
1430588975,EXECUTE,0,CYCLES,BACKEND,SUB-EVENT,_MatMul_1_pre_reshape:OpId_26 (cycles)
1430588975,EXECUTE,0,CYCLES,BACKEND,SUB-EVENT,_MatMul_pre_reshape:OpId_27 (cycles)
1430588975,EXECUTE,4618,CYCLES,BACKEND,SUB-EVENT,OpId_28 (cycles)
1430588975,EXECUTE,0,CYCLES,BACKEND,SUB-EVENT,_MatMul_lhs_reshape:OpId_30 (cycles)
1430588975,EXECUTE,0,CYCLES,BACKEND,SUB-EVENT,_MatMul_lhs_cast_fp16:OpId_31 (cycles)
1430588975,EXECUTE,586733,CYCLES,BACKEND,SUB-EVENT,_MatMul:OpId_32 (cycles)
1430588975,EXECUTE,0,CYCLES,BACKEND,SUB-EVENT,_MatMul_custom_output_reshape:OpId_33 (cycles)
1430588975,EXECUTE,253033,CYCLES,BACKEND,SUB-EVENT,_MatMul_bias_add:OpId_34 (cycles)
1430588975,EXECUTE,0,CYCLES,BACKEND,SUB-EVENT,_MatMul_post_reshape:OpId_36 (cycles)
1430588975,EXECUTE,0,CYCLES,BACKEND,SUB-EVENT,_MatMul_1:OpId_39 (cycles)
1430588975,EXECUTE,0,CYCLES,BACKEND,SUB-EVENT,_MatMul_1_post_reshape:OpId_41 (cycles)
1430588975,EXECUTE,0,CYCLES,BACKEND,SUB-EVENT,_MatMul_2:OpId_44 (cycles)
1430588975,EXECUTE,0,CYCLES,BACKEND,SUB-EVENT,_MatMul_2_post_reshape:OpId_46 (cycles)
1430588975,EXECUTE,45757,CYCLES,BACKEND,SUB-EVENT,_Transpose:OpId_48 (cycles)
1430588975,EXECUTE,8164,CYCLES,BACKEND,SUB-EVENT,_Transpose_1:OpId_50 (cycles)
1430588975,EXECUTE,12755,CYCLES,BACKEND,SUB-EVENT,_Transpose_2:OpId_52 (cycles)
1430588975,EXECUTE,28432,CYCLES,BACKEND,SUB-EVENT,_Slice:OpId_54 (cycles)
1430588975,EXECUTE,7510,CYCLES,BACKEND,SUB-EVENT,_Slice_1:OpId_60 (cycles)
1430588975,EXECUTE,7014,CYCLES,BACKEND,SUB-EVENT,_Mul_2:OpId_66 (cycles)
1430588975,EXECUTE,4679,CYCLES,BACKEND,SUB-EVENT,_Mul_3:OpId_69 (cycles)
1430588975,EXECUTE,1908,CYCLES,BACKEND,SUB-EVENT,_Sub:OpId_71 (cycles)
1430588975,EXECUTE,6983,CYCLES,BACKEND,SUB-EVENT,_Mul_4:OpId_73 (cycles)
1430588975,EXECUTE,4520,CYCLES,BACKEND,SUB-EVENT,_Mul_5:OpId_75 (cycles)
1430588975,EXECUTE,2358,CYCLES,BACKEND,SUB-EVENT,_Add_4:OpId_77 (cycles)
1430588975,EXECUTE,0,CYCLES,BACKEND,SUB-EVENT,_Unsqueeze:OpId_79 (cycles)
1430588975,EXECUTE,0,CYCLES,BACKEND,SUB-EVENT,_Unsqueeze_1:OpId_80 (cycles)
1430588975,EXECUTE,3487,CYCLES,BACKEND,SUB-EVENT,_Concat:OpId_81 (cycles)
1430588975,EXECUTE,0,CYCLES,BACKEND,SUB-EVENT,_Reshape_3:OpId_83 (cycles)
1430588975,EXECUTE,88964,CYCLES,BACKEND,SUB-EVENT,_Slice_3:OpId_85 (cycles)
1430588975,EXECUTE,5421,CYCLES,BACKEND,SUB-EVENT,_Slice_4:OpId_91 (cycles)
1430588975,EXECUTE,14284,CYCLES,BACKEND,SUB-EVENT,_Mul_6:OpId_96 (cycles)
1430588975,EXECUTE,11727,CYCLES,BACKEND,SUB-EVENT,_Mul_7:OpId_98 (cycles)
1430588975,EXECUTE,1336,CYCLES,BACKEND,SUB-EVENT,_Sub_1:OpId_100 (cycles)
1430588975,EXECUTE,14263,CYCLES,BACKEND,SUB-EVENT,_Mul_8:OpId_102 (cycles)
1430588975,EXECUTE,11653,CYCLES,BACKEND,SUB-EVENT,_Mul_9:OpId_104 (cycles)
1430588975,EXECUTE,1799,CYCLES,BACKEND,SUB-EVENT,_Add_5:OpId_106 (cycles)
1430588975,EXECUTE,0,CYCLES,BACKEND,SUB-EVENT,_Unsqueeze_2:OpId_108 (cycles)
1430588975,EXECUTE,0,CYCLES,BACKEND,SUB-EVENT,_Unsqueeze_3:OpId_109 (cycles)
1430588975,EXECUTE,2769,CYCLES,BACKEND,SUB-EVENT,_Concat_2:OpId_110 (cycles)
1430588975,EXECUTE,5783,CYCLES,BACKEND,SUB-EVENT,_Reshape_4:OpId_112 (cycles)
1430588975,EXECUTE,0,CYCLES,BACKEND,SUB-EVENT,_Unsqueeze_4:OpId_113 (cycles)
1430588975,EXECUTE,4102,CYCLES,BACKEND,SUB-EVENT,_Tile:OpId_115 (cycles)
1430588975,EXECUTE,0,CYCLES,BACKEND,SUB-EVENT,_Reshape_5:OpId_116 (cycles)
1430588975,EXECUTE,0,CYCLES,BACKEND,SUB-EVENT,_Unsqueeze_5:OpId_117 (cycles)
1430588975,EXECUTE,13232,CYCLES,BACKEND,SUB-EVENT,_Tile_1:OpId_119 (cycles)
1430588975,EXECUTE,0,CYCLES,BACKEND,SUB-EVENT,_Reshape_6:OpId_120 (cycles)
1430588975,EXECUTE,0,CYCLES,BACKEND,SUB-EVENT,_Transpose_3:OpId_122 (cycles)
1430588975,EXECUTE,136119,CYCLES,BACKEND,SUB-EVENT,_MatMul_3:OpId_123 (cycles)
1430588975,EXECUTE,14555,CYCLES,BACKEND,SUB-EVENT,_Div_1:OpId_128 (cycles)
1430588975,EXECUTE,10335,CYCLES,BACKEND,SUB-EVENT,_Add_6:OpId_131 (cycles)
1430588975,EXECUTE,72453,CYCLES,BACKEND,SUB-EVENT,_Softmax:OpId_133 (cycles)
1430588975,EXECUTE,28182,CYCLES,BACKEND,SUB-EVENT,_MatMul_4:OpId_136 (cycles)
1430588975,EXECUTE,0,CYCLES,BACKEND,SUB-EVENT,_Transpose_4:OpId_141 (cycles)
1430588975,EXECUTE,0,CYCLES,BACKEND,SUB-EVENT,_Reshape_7:OpId_142 (cycles)
1430588975,EXECUTE,13781,CYCLES,BACKEND,SUB-EVENT,_MatMul_5:OpId_144 (cycles)
1430588975,EXECUTE,0,CYCLES,BACKEND,SUB-EVENT,_MatMul_5_post_reshape:OpId_147 (cycles)
1430588975,EXECUTE,0,CYCLES,BACKEND,SUB-EVENT,_MatMul_5_output_0_nfc:OpId_149 (cycles)
1430588975,EXECUTE,2705,CYCLES,BACKEND,SUB-EVENT,_Add_7:OpId_151 (cycles)
1430588975,EXECUTE,0,CYCLES,BACKEND,SUB-EVENT,_Add_7_output_0_ncf:OpId_154 (cycles)
1430588975,EXECUTE,12124,CYCLES,BACKEND,SUB-EVENT,rms_norm__Mul_11_output_0:OpId_159 (cycles)
1430588975,EXECUTE,0,CYCLES,BACKEND,SUB-EVENT,_MatMul_7_pre_reshape:OpId_162 (cycles)
1430588975,EXECUTE,0,CYCLES,BACKEND,SUB-EVENT,_MatMul_6_pre_reshape:OpId_163 (cycles)
1430588975,EXECUTE,178696,CYCLES,BACKEND,SUB-EVENT,_MatMul_6:OpId_165 (cycles)
1430588975,EXECUTE,0,CYCLES,BACKEND,SUB-EVENT,_MatMul_6_post_reshape:OpId_168 (cycles)
1430588975,EXECUTE,351437,CYCLES,BACKEND,SUB-EVENT,_MatMul_7:OpId_170 (cycles)
1430588975,EXECUTE,0,CYCLES,BACKEND,SUB-EVENT,_MatMul_7_post_reshape:OpId_173 (cycles)
1430588975,EXECUTE,0,CYCLES,BACKEND,SUB-EVENT,_Sigmoid:OpId_174 (cycles)
1430588975,EXECUTE,321040,CYCLES,BACKEND,SUB-EVENT,_Mul_12:OpId_181 (cycles)
1430588975,EXECUTE,173955,CYCLES,BACKEND,SUB-EVENT,_Mul_13:OpId_183 (cycles)
1430588975,EXECUTE,0,CYCLES,BACKEND,SUB-EVENT,_MatMul_8_pre_reshape:OpId_185 (cycles)
1430588975,EXECUTE,377652,CYCLES,BACKEND,SUB-EVENT,_MatMul_8:OpId_187 (cycles)
1430588975,EXECUTE,0,CYCLES,BACKEND,SUB-EVENT,_MatMul_8_post_reshape:OpId_190 (cycles)
1430588975,EXECUTE,0,CYCLES,BACKEND,SUB-EVENT,_MatMul_8_output_0_nfc:OpId_192 (cycles)
1430588975,EXECUTE,7513,CYCLES,BACKEND,SUB-EVENT,_Add_9:OpId_194 (cycles)
1430588975,EXECUTE,39905,CYCLES,BACKEND,SUB-EVENT,hidden_out_ncf:OpId_197 (cycles)
1430588975,EXECUTE,17610,CYCLES,BACKEND,SUB-EVENT,Output OpId_3 (cycles)
1430588975,EXECUTE,4345,US,BACKEND,ROOT,Accelerator (execute) time
1430588975,EXECUTE,4184,US,BACKEND,ROOT,Accelerator (execute excluding wait) time
1430588975,EXECUTE,12990,US,BACKEND,ROOT,QNN (execute) time
1430607705,EXECUTE,13027,US,NETRUN,ROOT,Graph 0: qwen2_0_5b_layer0_prefill_seq16
1430607705,EXECUTE,4,COUNT,BACKEND,ROOT,Number of HVX threads used
1430607705,EXECUTE,12520,US,BACKEND,ROOT,RPC (execute) time
1430607705,EXECUTE,10235,US,BACKEND,ROOT,QNN accelerator (execute) time
1430607705,EXECUTE,0,COUNT,BACKEND,ROOT,Num times yield occured
1430607705,EXECUTE,978,US,BACKEND,ROOT,Time for initial VTCM acquire
1430607705,EXECUTE,329,US,BACKEND,ROOT,Time for HVX + HMX power on and acquire
1430607705,EXECUTE,3169966,CYCLES,BACKEND,ROOT,Accelerator (execute) time (cycles)
1430607705,EXECUTE,4062,CYCLES,BACKEND,SUB-EVENT,Input OpId_2 (cycles)
1430607705,EXECUTE,0,CYCLES,BACKEND,SUB-EVENT,hidden_states_nfc:OpId_17 (cycles)
1430607705,EXECUTE,208170,CYCLES,BACKEND,SUB-EVENT,rms_norm__Mul_1_output_0:OpId_22 (cycles)
1430607705,EXECUTE,0,CYCLES,BACKEND,SUB-EVENT,_MatMul_2_pre_reshape:OpId_25 (cycles)
1430607705,EXECUTE,0,CYCLES,BACKEND,SUB-EVENT,_MatMul_1_pre_reshape:OpId_26 (cycles)
1430607705,EXECUTE,0,CYCLES,BACKEND,SUB-EVENT,_MatMul_pre_reshape:OpId_27 (cycles)
1430607705,EXECUTE,4577,CYCLES,BACKEND,SUB-EVENT,OpId_28 (cycles)
1430607705,EXECUTE,0,CYCLES,BACKEND,SUB-EVENT,_MatMul_lhs_reshape:OpId_30 (cycles)
1430607705,EXECUTE,0,CYCLES,BACKEND,SUB-EVENT,_MatMul_lhs_cast_fp16:OpId_31 (cycles)
1430607705,EXECUTE,577217,CYCLES,BACKEND,SUB-EVENT,_MatMul:OpId_32 (cycles)
1430607705,EXECUTE,0,CYCLES,BACKEND,SUB-EVENT,_MatMul_custom_output_reshape:OpId_33 (cycles)
1430607705,EXECUTE,279149,CYCLES,BACKEND,SUB-EVENT,_MatMul_bias_add:OpId_34 (cycles)
1430607705,EXECUTE,0,CYCLES,BACKEND,SUB-EVENT,_MatMul_post_reshape:OpId_36 (cycles)
1430607705,EXECUTE,0,CYCLES,BACKEND,SUB-EVENT,_MatMul_1:OpId_39 (cycles)
1430607705,EXECUTE,0,CYCLES,BACKEND,SUB-EVENT,_MatMul_1_post_reshape:OpId_41 (cycles)
1430607705,EXECUTE,0,CYCLES,BACKEND,SUB-EVENT,_MatMul_2:OpId_44 (cycles)
1430607705,EXECUTE,0,CYCLES,BACKEND,SUB-EVENT,_MatMul_2_post_reshape:OpId_46 (cycles)
1430607705,EXECUTE,48868,CYCLES,BACKEND,SUB-EVENT,_Transpose:OpId_48 (cycles)
1430607705,EXECUTE,11348,CYCLES,BACKEND,SUB-EVENT,_Transpose_1:OpId_50 (cycles)
1430607705,EXECUTE,29393,CYCLES,BACKEND,SUB-EVENT,_Transpose_2:OpId_52 (cycles)
1430607705,EXECUTE,23029,CYCLES,BACKEND,SUB-EVENT,_Slice:OpId_54 (cycles)
1430607705,EXECUTE,7590,CYCLES,BACKEND,SUB-EVENT,_Slice_1:OpId_60 (cycles)
1430607705,EXECUTE,6857,CYCLES,BACKEND,SUB-EVENT,_Mul_2:OpId_66 (cycles)
1430607705,EXECUTE,4758,CYCLES,BACKEND,SUB-EVENT,_Mul_3:OpId_69 (cycles)
1430607705,EXECUTE,1329,CYCLES,BACKEND,SUB-EVENT,_Sub:OpId_71 (cycles)
1430607705,EXECUTE,6803,CYCLES,BACKEND,SUB-EVENT,_Mul_4:OpId_73 (cycles)
1430607705,EXECUTE,4700,CYCLES,BACKEND,SUB-EVENT,_Mul_5:OpId_75 (cycles)
1430607705,EXECUTE,4068,CYCLES,BACKEND,SUB-EVENT,_Add_4:OpId_77 (cycles)
1430607705,EXECUTE,0,CYCLES,BACKEND,SUB-EVENT,_Unsqueeze:OpId_79 (cycles)
1430607705,EXECUTE,0,CYCLES,BACKEND,SUB-EVENT,_Unsqueeze_1:OpId_80 (cycles)
1430607705,EXECUTE,3505,CYCLES,BACKEND,SUB-EVENT,_Concat:OpId_81 (cycles)
1430607705,EXECUTE,0,CYCLES,BACKEND,SUB-EVENT,_Reshape_3:OpId_83 (cycles)
1430607705,EXECUTE,91126,CYCLES,BACKEND,SUB-EVENT,_Slice_3:OpId_85 (cycles)
1430607705,EXECUTE,5925,CYCLES,BACKEND,SUB-EVENT,_Slice_4:OpId_91 (cycles)
1430607705,EXECUTE,12843,CYCLES,BACKEND,SUB-EVENT,_Mul_6:OpId_96 (cycles)
1430607705,EXECUTE,10021,CYCLES,BACKEND,SUB-EVENT,_Mul_7:OpId_98 (cycles)
1430607705,EXECUTE,1048,CYCLES,BACKEND,SUB-EVENT,_Sub_1:OpId_100 (cycles)
1430607705,EXECUTE,12542,CYCLES,BACKEND,SUB-EVENT,_Mul_8:OpId_102 (cycles)
1430607705,EXECUTE,9968,CYCLES,BACKEND,SUB-EVENT,_Mul_9:OpId_104 (cycles)
1430607705,EXECUTE,1409,CYCLES,BACKEND,SUB-EVENT,_Add_5:OpId_106 (cycles)
1430607705,EXECUTE,0,CYCLES,BACKEND,SUB-EVENT,_Unsqueeze_2:OpId_108 (cycles)
1430607705,EXECUTE,0,CYCLES,BACKEND,SUB-EVENT,_Unsqueeze_3:OpId_109 (cycles)
1430607705,EXECUTE,2157,CYCLES,BACKEND,SUB-EVENT,_Concat_2:OpId_110 (cycles)
1430607705,EXECUTE,5970,CYCLES,BACKEND,SUB-EVENT,_Reshape_4:OpId_112 (cycles)
1430607705,EXECUTE,0,CYCLES,BACKEND,SUB-EVENT,_Unsqueeze_4:OpId_113 (cycles)
1430607705,EXECUTE,7316,CYCLES,BACKEND,SUB-EVENT,_Tile:OpId_115 (cycles)
1430607705,EXECUTE,0,CYCLES,BACKEND,SUB-EVENT,_Reshape_5:OpId_116 (cycles)
1430607705,EXECUTE,0,CYCLES,BACKEND,SUB-EVENT,_Unsqueeze_5:OpId_117 (cycles)
1430607705,EXECUTE,7140,CYCLES,BACKEND,SUB-EVENT,_Tile_1:OpId_119 (cycles)
1430607705,EXECUTE,0,CYCLES,BACKEND,SUB-EVENT,_Reshape_6:OpId_120 (cycles)
1430607705,EXECUTE,0,CYCLES,BACKEND,SUB-EVENT,_Transpose_3:OpId_122 (cycles)
1430607705,EXECUTE,125152,CYCLES,BACKEND,SUB-EVENT,_MatMul_3:OpId_123 (cycles)
1430607705,EXECUTE,14735,CYCLES,BACKEND,SUB-EVENT,_Div_1:OpId_128 (cycles)
1430607705,EXECUTE,8127,CYCLES,BACKEND,SUB-EVENT,_Add_6:OpId_131 (cycles)
1430607705,EXECUTE,70130,CYCLES,BACKEND,SUB-EVENT,_Softmax:OpId_133 (cycles)
1430607705,EXECUTE,40049,CYCLES,BACKEND,SUB-EVENT,_MatMul_4:OpId_136 (cycles)
1430607705,EXECUTE,0,CYCLES,BACKEND,SUB-EVENT,_Transpose_4:OpId_141 (cycles)
1430607705,EXECUTE,0,CYCLES,BACKEND,SUB-EVENT,_Reshape_7:OpId_142 (cycles)
1430607705,EXECUTE,14141,CYCLES,BACKEND,SUB-EVENT,_MatMul_5:OpId_144 (cycles)
1430607705,EXECUTE,0,CYCLES,BACKEND,SUB-EVENT,_MatMul_5_post_reshape:OpId_147 (cycles)
1430607705,EXECUTE,0,CYCLES,BACKEND,SUB-EVENT,_MatMul_5_output_0_nfc:OpId_149 (cycles)
1430607705,EXECUTE,2698,CYCLES,BACKEND,SUB-EVENT,_Add_7:OpId_151 (cycles)
1430607705,EXECUTE,0,CYCLES,BACKEND,SUB-EVENT,_Add_7_output_0_ncf:OpId_154 (cycles)
1430607705,EXECUTE,12156,CYCLES,BACKEND,SUB-EVENT,rms_norm__Mul_11_output_0:OpId_159 (cycles)
1430607705,EXECUTE,0,CYCLES,BACKEND,SUB-EVENT,_MatMul_7_pre_reshape:OpId_162 (cycles)
1430607705,EXECUTE,0,CYCLES,BACKEND,SUB-EVENT,_MatMul_6_pre_reshape:OpId_163 (cycles)
1430607705,EXECUTE,191057,CYCLES,BACKEND,SUB-EVENT,_MatMul_6:OpId_165 (cycles)
1430607705,EXECUTE,0,CYCLES,BACKEND,SUB-EVENT,_MatMul_6_post_reshape:OpId_168 (cycles)
1430607705,EXECUTE,335830,CYCLES,BACKEND,SUB-EVENT,_MatMul_7:OpId_170 (cycles)
1430607705,EXECUTE,0,CYCLES,BACKEND,SUB-EVENT,_MatMul_7_post_reshape:OpId_173 (cycles)
1430607705,EXECUTE,0,CYCLES,BACKEND,SUB-EVENT,_Sigmoid:OpId_174 (cycles)
1430607705,EXECUTE,333934,CYCLES,BACKEND,SUB-EVENT,_Mul_12:OpId_181 (cycles)
1430607705,EXECUTE,188676,CYCLES,BACKEND,SUB-EVENT,_Mul_13:OpId_183 (cycles)
1430607705,EXECUTE,0,CYCLES,BACKEND,SUB-EVENT,_MatMul_8_pre_reshape:OpId_185 (cycles)
1430607705,EXECUTE,380282,CYCLES,BACKEND,SUB-EVENT,_MatMul_8:OpId_187 (cycles)
1430607705,EXECUTE,0,CYCLES,BACKEND,SUB-EVENT,_MatMul_8_post_reshape:OpId_190 (cycles)
1430607705,EXECUTE,0,CYCLES,BACKEND,SUB-EVENT,_MatMul_8_output_0_nfc:OpId_192 (cycles)
1430607705,EXECUTE,7112,CYCLES,BACKEND,SUB-EVENT,_Add_9:OpId_194 (cycles)
1430607705,EXECUTE,37899,CYCLES,BACKEND,SUB-EVENT,hidden_out_ncf:OpId_197 (cycles)
1430607705,EXECUTE,15100,CYCLES,BACKEND,SUB-EVENT,Output OpId_3 (cycles)
1430607705,EXECUTE,4325,US,BACKEND,ROOT,Accelerator (execute) time
1430607705,EXECUTE,4157,US,BACKEND,ROOT,Accelerator (execute excluding wait) time
1430607705,EXECUTE,13001,US,BACKEND,ROOT,QNN (execute) time
1430626953,EXECUTE,13112,US,NETRUN,ROOT,Graph 0: qwen2_0_5b_layer0_prefill_seq16
1430626953,EXECUTE,4,COUNT,BACKEND,ROOT,Number of HVX threads used
1430626953,EXECUTE,12624,US,BACKEND,ROOT,RPC (execute) time
1430626953,EXECUTE,10310,US,BACKEND,ROOT,QNN accelerator (execute) time
1430626953,EXECUTE,0,COUNT,BACKEND,ROOT,Num times yield occured
1430626953,EXECUTE,651,US,BACKEND,ROOT,Time for initial VTCM acquire
1430626953,EXECUTE,334,US,BACKEND,ROOT,Time for HVX + HMX power on and acquire
1430626953,EXECUTE,2948336,CYCLES,BACKEND,ROOT,Accelerator (execute) time (cycles)
1430626953,EXECUTE,9241,CYCLES,BACKEND,SUB-EVENT,Input OpId_2 (cycles)
1430626953,EXECUTE,0,CYCLES,BACKEND,SUB-EVENT,hidden_states_nfc:OpId_17 (cycles)
1430626953,EXECUTE,130767,CYCLES,BACKEND,SUB-EVENT,rms_norm__Mul_1_output_0:OpId_22 (cycles)
1430626953,EXECUTE,0,CYCLES,BACKEND,SUB-EVENT,_MatMul_2_pre_reshape:OpId_25 (cycles)
1430626953,EXECUTE,0,CYCLES,BACKEND,SUB-EVENT,_MatMul_1_pre_reshape:OpId_26 (cycles)
1430626953,EXECUTE,0,CYCLES,BACKEND,SUB-EVENT,_MatMul_pre_reshape:OpId_27 (cycles)
1430626953,EXECUTE,84137,CYCLES,BACKEND,SUB-EVENT,OpId_28 (cycles)
1430626953,EXECUTE,0,CYCLES,BACKEND,SUB-EVENT,_MatMul_lhs_reshape:OpId_30 (cycles)
1430626953,EXECUTE,0,CYCLES,BACKEND,SUB-EVENT,_MatMul_lhs_cast_fp16:OpId_31 (cycles)
1430626953,EXECUTE,653323,CYCLES,BACKEND,SUB-EVENT,_MatMul:OpId_32 (cycles)
1430626953,EXECUTE,0,CYCLES,BACKEND,SUB-EVENT,_MatMul_custom_output_reshape:OpId_33 (cycles)
1430626953,EXECUTE,90781,CYCLES,BACKEND,SUB-EVENT,_MatMul_bias_add:OpId_34 (cycles)
1430626953,EXECUTE,0,CYCLES,BACKEND,SUB-EVENT,_MatMul_post_reshape:OpId_36 (cycles)
1430626953,EXECUTE,0,CYCLES,BACKEND,SUB-EVENT,_MatMul_1:OpId_39 (cycles)
1430626953,EXECUTE,0,CYCLES,BACKEND,SUB-EVENT,_MatMul_1_post_reshape:OpId_41 (cycles)
1430626953,EXECUTE,0,CYCLES,BACKEND,SUB-EVENT,_MatMul_2:OpId_44 (cycles)
1430626953,EXECUTE,0,CYCLES,BACKEND,SUB-EVENT,_MatMul_2_post_reshape:OpId_46 (cycles)
1430626953,EXECUTE,23867,CYCLES,BACKEND,SUB-EVENT,_Transpose:OpId_48 (cycles)
1430626953,EXECUTE,10892,CYCLES,BACKEND,SUB-EVENT,_Transpose_1:OpId_50 (cycles)
1430626953,EXECUTE,20815,CYCLES,BACKEND,SUB-EVENT,_Transpose_2:OpId_52 (cycles)
1430626953,EXECUTE,22423,CYCLES,BACKEND,SUB-EVENT,_Slice:OpId_54 (cycles)
1430626953,EXECUTE,7579,CYCLES,BACKEND,SUB-EVENT,_Slice_1:OpId_60 (cycles)
1430626953,EXECUTE,6785,CYCLES,BACKEND,SUB-EVENT,_Mul_2:OpId_66 (cycles)
1430626953,EXECUTE,4671,CYCLES,BACKEND,SUB-EVENT,_Mul_3:OpId_69 (cycles)
1430626953,EXECUTE,1632,CYCLES,BACKEND,SUB-EVENT,_Sub:OpId_71 (cycles)
1430626953,EXECUTE,6842,CYCLES,BACKEND,SUB-EVENT,_Mul_4:OpId_73 (cycles)
1430626953,EXECUTE,4611,CYCLES,BACKEND,SUB-EVENT,_Mul_5:OpId_75 (cycles)
1430626953,EXECUTE,1460,CYCLES,BACKEND,SUB-EVENT,_Add_4:OpId_77 (cycles)
1430626953,EXECUTE,0,CYCLES,BACKEND,SUB-EVENT,_Unsqueeze:OpId_79 (cycles)
1430626953,EXECUTE,0,CYCLES,BACKEND,SUB-EVENT,_Unsqueeze_1:OpId_80 (cycles)
1430626953,EXECUTE,3517,CYCLES,BACKEND,SUB-EVENT,_Concat:OpId_81 (cycles)
1430626953,EXECUTE,0,CYCLES,BACKEND,SUB-EVENT,_Reshape_3:OpId_83 (cycles)
1430626953,EXECUTE,26541,CYCLES,BACKEND,SUB-EVENT,_Slice_3:OpId_85 (cycles)
1430626953,EXECUTE,5631,CYCLES,BACKEND,SUB-EVENT,_Slice_4:OpId_91 (cycles)
1430626953,EXECUTE,5757,CYCLES,BACKEND,SUB-EVENT,_Mul_6:OpId_96 (cycles)
1430626953,EXECUTE,2547,CYCLES,BACKEND,SUB-EVENT,_Mul_7:OpId_98 (cycles)
1430626953,EXECUTE,1331,CYCLES,BACKEND,SUB-EVENT,_Sub_1:OpId_100 (cycles)
1430626953,EXECUTE,5730,CYCLES,BACKEND,SUB-EVENT,_Mul_8:OpId_102 (cycles)
1430626953,EXECUTE,2456,CYCLES,BACKEND,SUB-EVENT,_Mul_9:OpId_104 (cycles)
1430626953,EXECUTE,1760,CYCLES,BACKEND,SUB-EVENT,_Add_5:OpId_106 (cycles)
1430626953,EXECUTE,0,CYCLES,BACKEND,SUB-EVENT,_Unsqueeze_2:OpId_108 (cycles)
1430626953,EXECUTE,0,CYCLES,BACKEND,SUB-EVENT,_Unsqueeze_3:OpId_109 (cycles)
1430626953,EXECUTE,2419,CYCLES,BACKEND,SUB-EVENT,_Concat_2:OpId_110 (cycles)
1430626953,EXECUTE,6329,CYCLES,BACKEND,SUB-EVENT,_Reshape_4:OpId_112 (cycles)
1430626953,EXECUTE,0,CYCLES,BACKEND,SUB-EVENT,_Unsqueeze_4:OpId_113 (cycles)
1430626953,EXECUTE,2203,CYCLES,BACKEND,SUB-EVENT,_Tile:OpId_115 (cycles)
1430626953,EXECUTE,0,CYCLES,BACKEND,SUB-EVENT,_Reshape_5:OpId_116 (cycles)
1430626953,EXECUTE,0,CYCLES,BACKEND,SUB-EVENT,_Unsqueeze_5:OpId_117 (cycles)
1430626953,EXECUTE,3733,CYCLES,BACKEND,SUB-EVENT,_Tile_1:OpId_119 (cycles)
1430626953,EXECUTE,0,CYCLES,BACKEND,SUB-EVENT,_Reshape_6:OpId_120 (cycles)
1430626953,EXECUTE,0,CYCLES,BACKEND,SUB-EVENT,_Transpose_3:OpId_122 (cycles)
1430626953,EXECUTE,75276,CYCLES,BACKEND,SUB-EVENT,_MatMul_3:OpId_123 (cycles)
1430626953,EXECUTE,14718,CYCLES,BACKEND,SUB-EVENT,_Div_1:OpId_128 (cycles)
1430626953,EXECUTE,3456,CYCLES,BACKEND,SUB-EVENT,_Add_6:OpId_131 (cycles)
1430626953,EXECUTE,67485,CYCLES,BACKEND,SUB-EVENT,_Softmax:OpId_133 (cycles)
1430626953,EXECUTE,17437,CYCLES,BACKEND,SUB-EVENT,_MatMul_4:OpId_136 (cycles)
1430626953,EXECUTE,0,CYCLES,BACKEND,SUB-EVENT,_Transpose_4:OpId_141 (cycles)
1430626953,EXECUTE,0,CYCLES,BACKEND,SUB-EVENT,_Reshape_7:OpId_142 (cycles)
1430626953,EXECUTE,10462,CYCLES,BACKEND,SUB-EVENT,_MatMul_5:OpId_144 (cycles)
1430626953,EXECUTE,0,CYCLES,BACKEND,SUB-EVENT,_MatMul_5_post_reshape:OpId_147 (cycles)
1430626953,EXECUTE,0,CYCLES,BACKEND,SUB-EVENT,_MatMul_5_output_0_nfc:OpId_149 (cycles)
1430626953,EXECUTE,2666,CYCLES,BACKEND,SUB-EVENT,_Add_7:OpId_151 (cycles)
1430626953,EXECUTE,0,CYCLES,BACKEND,SUB-EVENT,_Add_7_output_0_ncf:OpId_154 (cycles)
1430626953,EXECUTE,12043,CYCLES,BACKEND,SUB-EVENT,rms_norm__Mul_11_output_0:OpId_159 (cycles)
1430626953,EXECUTE,0,CYCLES,BACKEND,SUB-EVENT,_MatMul_7_pre_reshape:OpId_162 (cycles)
1430626953,EXECUTE,0,CYCLES,BACKEND,SUB-EVENT,_MatMul_6_pre_reshape:OpId_163 (cycles)
1430626953,EXECUTE,376821,CYCLES,BACKEND,SUB-EVENT,_MatMul_6:OpId_165 (cycles)
1430626953,EXECUTE,0,CYCLES,BACKEND,SUB-EVENT,_MatMul_6_post_reshape:OpId_168 (cycles)
1430626953,EXECUTE,345759,CYCLES,BACKEND,SUB-EVENT,_MatMul_7:OpId_170 (cycles)
1430626953,EXECUTE,0,CYCLES,BACKEND,SUB-EVENT,_MatMul_7_post_reshape:OpId_173 (cycles)
1430626953,EXECUTE,0,CYCLES,BACKEND,SUB-EVENT,_Sigmoid:OpId_174 (cycles)
1430626953,EXECUTE,248352,CYCLES,BACKEND,SUB-EVENT,_Mul_12:OpId_181 (cycles)
1430626953,EXECUTE,177722,CYCLES,BACKEND,SUB-EVENT,_Mul_13:OpId_183 (cycles)
1430626953,EXECUTE,0,CYCLES,BACKEND,SUB-EVENT,_MatMul_8_pre_reshape:OpId_185 (cycles)
1430626953,EXECUTE,370624,CYCLES,BACKEND,SUB-EVENT,_MatMul_8:OpId_187 (cycles)
1430626953,EXECUTE,0,CYCLES,BACKEND,SUB-EVENT,_MatMul_8_post_reshape:OpId_190 (cycles)
1430626953,EXECUTE,0,CYCLES,BACKEND,SUB-EVENT,_MatMul_8_output_0_nfc:OpId_192 (cycles)
1430626953,EXECUTE,7078,CYCLES,BACKEND,SUB-EVENT,_Add_9:OpId_194 (cycles)
1430626953,EXECUTE,40022,CYCLES,BACKEND,SUB-EVENT,hidden_out_ncf:OpId_197 (cycles)
1430626953,EXECUTE,28635,CYCLES,BACKEND,SUB-EVENT,Output OpId_3 (cycles)
1430626953,EXECUTE,4627,US,BACKEND,ROOT,Accelerator (execute) time
1430626953,EXECUTE,4478,US,BACKEND,ROOT,Accelerator (execute excluding wait) time
1430626953,EXECUTE,13085,US,BACKEND,ROOT,QNN (execute) time
1430647429,EXECUTE,13374,US,NETRUN,ROOT,Graph 0: qwen2_0_5b_layer0_prefill_seq16
1430647429,EXECUTE,4,COUNT,BACKEND,ROOT,Number of HVX threads used
1430647429,EXECUTE,12946,US,BACKEND,ROOT,RPC (execute) time
1430647429,EXECUTE,10325,US,BACKEND,ROOT,QNN accelerator (execute) time
1430647429,EXECUTE,0,COUNT,BACKEND,ROOT,Num times yield occured
1430647429,EXECUTE,770,US,BACKEND,ROOT,Time for initial VTCM acquire
1430647429,EXECUTE,343,US,BACKEND,ROOT,Time for HVX + HMX power on and acquire
1430647429,EXECUTE,3114247,CYCLES,BACKEND,ROOT,Accelerator (execute) time (cycles)
1430647429,EXECUTE,2120,CYCLES,BACKEND,SUB-EVENT,Input OpId_2 (cycles)
1430647429,EXECUTE,0,CYCLES,BACKEND,SUB-EVENT,hidden_states_nfc:OpId_17 (cycles)
1430647429,EXECUTE,207385,CYCLES,BACKEND,SUB-EVENT,rms_norm__Mul_1_output_0:OpId_22 (cycles)
1430647429,EXECUTE,0,CYCLES,BACKEND,SUB-EVENT,_MatMul_2_pre_reshape:OpId_25 (cycles)
1430647429,EXECUTE,0,CYCLES,BACKEND,SUB-EVENT,_MatMul_1_pre_reshape:OpId_26 (cycles)
1430647429,EXECUTE,0,CYCLES,BACKEND,SUB-EVENT,_MatMul_pre_reshape:OpId_27 (cycles)
1430647429,EXECUTE,4513,CYCLES,BACKEND,SUB-EVENT,OpId_28 (cycles)
1430647429,EXECUTE,0,CYCLES,BACKEND,SUB-EVENT,_MatMul_lhs_reshape:OpId_30 (cycles)
1430647429,EXECUTE,0,CYCLES,BACKEND,SUB-EVENT,_MatMul_lhs_cast_fp16:OpId_31 (cycles)
1430647429,EXECUTE,581634,CYCLES,BACKEND,SUB-EVENT,_MatMul:OpId_32 (cycles)
1430647429,EXECUTE,0,CYCLES,BACKEND,SUB-EVENT,_MatMul_custom_output_reshape:OpId_33 (cycles)
1430647429,EXECUTE,274756,CYCLES,BACKEND,SUB-EVENT,_MatMul_bias_add:OpId_34 (cycles)
1430647429,EXECUTE,0,CYCLES,BACKEND,SUB-EVENT,_MatMul_post_reshape:OpId_36 (cycles)
1430647429,EXECUTE,0,CYCLES,BACKEND,SUB-EVENT,_MatMul_1:OpId_39 (cycles)
1430647429,EXECUTE,0,CYCLES,BACKEND,SUB-EVENT,_MatMul_1_post_reshape:OpId_41 (cycles)
1430647429,EXECUTE,0,CYCLES,BACKEND,SUB-EVENT,_MatMul_2:OpId_44 (cycles)
1430647429,EXECUTE,0,CYCLES,BACKEND,SUB-EVENT,_MatMul_2_post_reshape:OpId_46 (cycles)
1430647429,EXECUTE,34931,CYCLES,BACKEND,SUB-EVENT,_Transpose:OpId_48 (cycles)
1430647429,EXECUTE,8317,CYCLES,BACKEND,SUB-EVENT,_Transpose_1:OpId_50 (cycles)
1430647429,EXECUTE,15909,CYCLES,BACKEND,SUB-EVENT,_Transpose_2:OpId_52 (cycles)
1430647429,EXECUTE,22797,CYCLES,BACKEND,SUB-EVENT,_Slice:OpId_54 (cycles)
1430647429,EXECUTE,7798,CYCLES,BACKEND,SUB-EVENT,_Slice_1:OpId_60 (cycles)
1430647429,EXECUTE,6602,CYCLES,BACKEND,SUB-EVENT,_Mul_2:OpId_66 (cycles)
1430647429,EXECUTE,4827,CYCLES,BACKEND,SUB-EVENT,_Mul_3:OpId_69 (cycles)
1430647429,EXECUTE,1605,CYCLES,BACKEND,SUB-EVENT,_Sub:OpId_71 (cycles)
1430647429,EXECUTE,6683,CYCLES,BACKEND,SUB-EVENT,_Mul_4:OpId_73 (cycles)
1430647429,EXECUTE,4771,CYCLES,BACKEND,SUB-EVENT,_Mul_5:OpId_75 (cycles)
1430647429,EXECUTE,3871,CYCLES,BACKEND,SUB-EVENT,_Add_4:OpId_77 (cycles)
1430647429,EXECUTE,0,CYCLES,BACKEND,SUB-EVENT,_Unsqueeze:OpId_79 (cycles)
1430647429,EXECUTE,0,CYCLES,BACKEND,SUB-EVENT,_Unsqueeze_1:OpId_80 (cycles)
1430647429,EXECUTE,3582,CYCLES,BACKEND,SUB-EVENT,_Concat:OpId_81 (cycles)
1430647429,EXECUTE,0,CYCLES,BACKEND,SUB-EVENT,_Reshape_3:OpId_83 (cycles)
1430647429,EXECUTE,99665,CYCLES,BACKEND,SUB-EVENT,_Slice_3:OpId_85 (cycles)
1430647429,EXECUTE,6349,CYCLES,BACKEND,SUB-EVENT,_Slice_4:OpId_91 (cycles)
1430647429,EXECUTE,13846,CYCLES,BACKEND,SUB-EVENT,_Mul_6:OpId_96 (cycles)
1430647429,EXECUTE,10641,CYCLES,BACKEND,SUB-EVENT,_Mul_7:OpId_98 (cycles)
1430647429,EXECUTE,1320,CYCLES,BACKEND,SUB-EVENT,_Sub_1:OpId_100 (cycles)
1430647429,EXECUTE,13805,CYCLES,BACKEND,SUB-EVENT,_Mul_8:OpId_102 (cycles)
1430647429,EXECUTE,10583,CYCLES,BACKEND,SUB-EVENT,_Mul_9:OpId_104 (cycles)
1430647429,EXECUTE,1773,CYCLES,BACKEND,SUB-EVENT,_Add_5:OpId_106 (cycles)
1430647429,EXECUTE,0,CYCLES,BACKEND,SUB-EVENT,_Unsqueeze_2:OpId_108 (cycles)
1430647429,EXECUTE,0,CYCLES,BACKEND,SUB-EVENT,_Unsqueeze_3:OpId_109 (cycles)
1430647429,EXECUTE,2258,CYCLES,BACKEND,SUB-EVENT,_Concat_2:OpId_110 (cycles)
1430647429,EXECUTE,1658,CYCLES,BACKEND,SUB-EVENT,_Reshape_4:OpId_112 (cycles)
1430647429,EXECUTE,0,CYCLES,BACKEND,SUB-EVENT,_Unsqueeze_4:OpId_113 (cycles)
1430647429,EXECUTE,6451,CYCLES,BACKEND,SUB-EVENT,_Tile:OpId_115 (cycles)
1430647429,EXECUTE,0,CYCLES,BACKEND,SUB-EVENT,_Reshape_5:OpId_116 (cycles)
1430647429,EXECUTE,0,CYCLES,BACKEND,SUB-EVENT,_Unsqueeze_5:OpId_117 (cycles)
1430647429,EXECUTE,7228,CYCLES,BACKEND,SUB-EVENT,_Tile_1:OpId_119 (cycles)
1430647429,EXECUTE,0,CYCLES,BACKEND,SUB-EVENT,_Reshape_6:OpId_120 (cycles)
1430647429,EXECUTE,0,CYCLES,BACKEND,SUB-EVENT,_Transpose_3:OpId_122 (cycles)
1430647429,EXECUTE,128545,CYCLES,BACKEND,SUB-EVENT,_MatMul_3:OpId_123 (cycles)
1430647429,EXECUTE,14917,CYCLES,BACKEND,SUB-EVENT,_Div_1:OpId_128 (cycles)
1430647429,EXECUTE,8286,CYCLES,BACKEND,SUB-EVENT,_Add_6:OpId_131 (cycles)
1430647429,EXECUTE,60353,CYCLES,BACKEND,SUB-EVENT,_Softmax:OpId_133 (cycles)
1430647429,EXECUTE,79727,CYCLES,BACKEND,SUB-EVENT,_MatMul_4:OpId_136 (cycles)
1430647429,EXECUTE,0,CYCLES,BACKEND,SUB-EVENT,_Transpose_4:OpId_141 (cycles)
1430647429,EXECUTE,0,CYCLES,BACKEND,SUB-EVENT,_Reshape_7:OpId_142 (cycles)
1430647429,EXECUTE,13710,CYCLES,BACKEND,SUB-EVENT,_MatMul_5:OpId_144 (cycles)
1430647429,EXECUTE,0,CYCLES,BACKEND,SUB-EVENT,_MatMul_5_post_reshape:OpId_147 (cycles)
1430647429,EXECUTE,0,CYCLES,BACKEND,SUB-EVENT,_MatMul_5_output_0_nfc:OpId_149 (cycles)
1430647429,EXECUTE,2705,CYCLES,BACKEND,SUB-EVENT,_Add_7:OpId_151 (cycles)
1430647429,EXECUTE,0,CYCLES,BACKEND,SUB-EVENT,_Add_7_output_0_ncf:OpId_154 (cycles)
1430647429,EXECUTE,12123,CYCLES,BACKEND,SUB-EVENT,rms_norm__Mul_11_output_0:OpId_159 (cycles)
1430647429,EXECUTE,0,CYCLES,BACKEND,SUB-EVENT,_MatMul_7_pre_reshape:OpId_162 (cycles)
1430647429,EXECUTE,0,CYCLES,BACKEND,SUB-EVENT,_MatMul_6_pre_reshape:OpId_163 (cycles)
1430647429,EXECUTE,176326,CYCLES,BACKEND,SUB-EVENT,_MatMul_6:OpId_165 (cycles)
1430647429,EXECUTE,0,CYCLES,BACKEND,SUB-EVENT,_MatMul_6_post_reshape:OpId_168 (cycles)
1430647429,EXECUTE,352365,CYCLES,BACKEND,SUB-EVENT,_MatMul_7:OpId_170 (cycles)
1430647429,EXECUTE,0,CYCLES,BACKEND,SUB-EVENT,_MatMul_7_post_reshape:OpId_173 (cycles)
1430647429,EXECUTE,0,CYCLES,BACKEND,SUB-EVENT,_Sigmoid:OpId_174 (cycles)
1430647429,EXECUTE,295867,CYCLES,BACKEND,SUB-EVENT,_Mul_12:OpId_181 (cycles)
1430647429,EXECUTE,155700,CYCLES,BACKEND,SUB-EVENT,_Mul_13:OpId_183 (cycles)
1430647429,EXECUTE,0,CYCLES,BACKEND,SUB-EVENT,_MatMul_8_pre_reshape:OpId_185 (cycles)
1430647429,EXECUTE,382889,CYCLES,BACKEND,SUB-EVENT,_MatMul_8:OpId_187 (cycles)
1430647429,EXECUTE,0,CYCLES,BACKEND,SUB-EVENT,_MatMul_8_post_reshape:OpId_190 (cycles)
1430647429,EXECUTE,0,CYCLES,BACKEND,SUB-EVENT,_MatMul_8_output_0_nfc:OpId_192 (cycles)
1430647429,EXECUTE,7006,CYCLES,BACKEND,SUB-EVENT,_Add_9:OpId_194 (cycles)
1430647429,EXECUTE,37898,CYCLES,BACKEND,SUB-EVENT,hidden_out_ncf:OpId_197 (cycles)
1430647429,EXECUTE,18152,CYCLES,BACKEND,SUB-EVENT,Output OpId_3 (cycles)
1430647429,EXECUTE,4305,US,BACKEND,ROOT,Accelerator (execute) time
1430647429,EXECUTE,4144,US,BACKEND,ROOT,Accelerator (execute excluding wait) time
1430647429,EXECUTE,13348,US,BACKEND,ROOT,QNN (execute) time
1430665156,EXECUTE,13018,US,NETRUN,ROOT,Graph 0: qwen2_0_5b_layer0_prefill_seq16
1430665156,EXECUTE,4,COUNT,BACKEND,ROOT,Number of HVX threads used
1430665156,EXECUTE,12596,US,BACKEND,ROOT,RPC (execute) time
1430665156,EXECUTE,10343,US,BACKEND,ROOT,QNN accelerator (execute) time
1430665156,EXECUTE,0,COUNT,BACKEND,ROOT,Num times yield occured
1430665156,EXECUTE,908,US,BACKEND,ROOT,Time for initial VTCM acquire
1430665156,EXECUTE,260,US,BACKEND,ROOT,Time for HVX + HMX power on and acquire
1430665156,EXECUTE,3237027,CYCLES,BACKEND,ROOT,Accelerator (execute) time (cycles)
1430665156,EXECUTE,2099,CYCLES,BACKEND,SUB-EVENT,Input OpId_2 (cycles)
1430665156,EXECUTE,0,CYCLES,BACKEND,SUB-EVENT,hidden_states_nfc:OpId_17 (cycles)
1430665156,EXECUTE,241378,CYCLES,BACKEND,SUB-EVENT,rms_norm__Mul_1_output_0:OpId_22 (cycles)
1430665156,EXECUTE,0,CYCLES,BACKEND,SUB-EVENT,_MatMul_2_pre_reshape:OpId_25 (cycles)
1430665156,EXECUTE,0,CYCLES,BACKEND,SUB-EVENT,_MatMul_1_pre_reshape:OpId_26 (cycles)
1430665156,EXECUTE,0,CYCLES,BACKEND,SUB-EVENT,_MatMul_pre_reshape:OpId_27 (cycles)
1430665156,EXECUTE,3213,CYCLES,BACKEND,SUB-EVENT,OpId_28 (cycles)
1430665156,EXECUTE,0,CYCLES,BACKEND,SUB-EVENT,_MatMul_lhs_reshape:OpId_30 (cycles)
1430665156,EXECUTE,0,CYCLES,BACKEND,SUB-EVENT,_MatMul_lhs_cast_fp16:OpId_31 (cycles)
1430665156,EXECUTE,580861,CYCLES,BACKEND,SUB-EVENT,_MatMul:OpId_32 (cycles)
1430665156,EXECUTE,0,CYCLES,BACKEND,SUB-EVENT,_MatMul_custom_output_reshape:OpId_33 (cycles)
1430665156,EXECUTE,346984,CYCLES,BACKEND,SUB-EVENT,_MatMul_bias_add:OpId_34 (cycles)
1430665156,EXECUTE,0,CYCLES,BACKEND,SUB-EVENT,_MatMul_post_reshape:OpId_36 (cycles)
1430665156,EXECUTE,0,CYCLES,BACKEND,SUB-EVENT,_MatMul_1:OpId_39 (cycles)
1430665156,EXECUTE,0,CYCLES,BACKEND,SUB-EVENT,_MatMul_1_post_reshape:OpId_41 (cycles)
1430665156,EXECUTE,0,CYCLES,BACKEND,SUB-EVENT,_MatMul_2:OpId_44 (cycles)
1430665156,EXECUTE,0,CYCLES,BACKEND,SUB-EVENT,_MatMul_2_post_reshape:OpId_46 (cycles)
1430665156,EXECUTE,32989,CYCLES,BACKEND,SUB-EVENT,_Transpose:OpId_48 (cycles)
1430665156,EXECUTE,13425,CYCLES,BACKEND,SUB-EVENT,_Transpose_1:OpId_50 (cycles)
1430665156,EXECUTE,27829,CYCLES,BACKEND,SUB-EVENT,_Transpose_2:OpId_52 (cycles)
1430665156,EXECUTE,22715,CYCLES,BACKEND,SUB-EVENT,_Slice:OpId_54 (cycles)
1430665156,EXECUTE,7880,CYCLES,BACKEND,SUB-EVENT,_Slice_1:OpId_60 (cycles)
1430665156,EXECUTE,6799,CYCLES,BACKEND,SUB-EVENT,_Mul_2:OpId_66 (cycles)
1430665156,EXECUTE,4766,CYCLES,BACKEND,SUB-EVENT,_Mul_3:OpId_69 (cycles)
1430665156,EXECUTE,1776,CYCLES,BACKEND,SUB-EVENT,_Sub:OpId_71 (cycles)
1430665156,EXECUTE,6775,CYCLES,BACKEND,SUB-EVENT,_Mul_4:OpId_73 (cycles)
1430665156,EXECUTE,4632,CYCLES,BACKEND,SUB-EVENT,_Mul_5:OpId_75 (cycles)
1430665156,EXECUTE,3961,CYCLES,BACKEND,SUB-EVENT,_Add_4:OpId_77 (cycles)
1430665156,EXECUTE,0,CYCLES,BACKEND,SUB-EVENT,_Unsqueeze:OpId_79 (cycles)
1430665156,EXECUTE,0,CYCLES,BACKEND,SUB-EVENT,_Unsqueeze_1:OpId_80 (cycles)
1430665156,EXECUTE,3558,CYCLES,BACKEND,SUB-EVENT,_Concat:OpId_81 (cycles)
1430665156,EXECUTE,0,CYCLES,BACKEND,SUB-EVENT,_Reshape_3:OpId_83 (cycles)
1430665156,EXECUTE,83270,CYCLES,BACKEND,SUB-EVENT,_Slice_3:OpId_85 (cycles)
1430665156,EXECUTE,5539,CYCLES,BACKEND,SUB-EVENT,_Slice_4:OpId_91 (cycles)
1430665156,EXECUTE,15064,CYCLES,BACKEND,SUB-EVENT,_Mul_6:OpId_96 (cycles)
1430665156,EXECUTE,11651,CYCLES,BACKEND,SUB-EVENT,_Mul_7:OpId_98 (cycles)
1430665156,EXECUTE,1334,CYCLES,BACKEND,SUB-EVENT,_Sub_1:OpId_100 (cycles)
1430665156,EXECUTE,15017,CYCLES,BACKEND,SUB-EVENT,_Mul_8:OpId_102 (cycles)
1430665156,EXECUTE,11607,CYCLES,BACKEND,SUB-EVENT,_Mul_9:OpId_104 (cycles)
1430665156,EXECUTE,1806,CYCLES,BACKEND,SUB-EVENT,_Add_5:OpId_106 (cycles)
1430665156,EXECUTE,0,CYCLES,BACKEND,SUB-EVENT,_Unsqueeze_2:OpId_108 (cycles)
1430665156,EXECUTE,0,CYCLES,BACKEND,SUB-EVENT,_Unsqueeze_3:OpId_109 (cycles)
1430665156,EXECUTE,2313,CYCLES,BACKEND,SUB-EVENT,_Concat_2:OpId_110 (cycles)
1430665156,EXECUTE,5440,CYCLES,BACKEND,SUB-EVENT,_Reshape_4:OpId_112 (cycles)
1430665156,EXECUTE,0,CYCLES,BACKEND,SUB-EVENT,_Unsqueeze_4:OpId_113 (cycles)
1430665156,EXECUTE,7484,CYCLES,BACKEND,SUB-EVENT,_Tile:OpId_115 (cycles)
1430665156,EXECUTE,0,CYCLES,BACKEND,SUB-EVENT,_Reshape_5:OpId_116 (cycles)
1430665156,EXECUTE,0,CYCLES,BACKEND,SUB-EVENT,_Unsqueeze_5:OpId_117 (cycles)
1430665156,EXECUTE,9732,CYCLES,BACKEND,SUB-EVENT,_Tile_1:OpId_119 (cycles)
1430665156,EXECUTE,0,CYCLES,BACKEND,SUB-EVENT,_Reshape_6:OpId_120 (cycles)
1430665156,EXECUTE,0,CYCLES,BACKEND,SUB-EVENT,_Transpose_3:OpId_122 (cycles)
1430665156,EXECUTE,128073,CYCLES,BACKEND,SUB-EVENT,_MatMul_3:OpId_123 (cycles)
1430665156,EXECUTE,17292,CYCLES,BACKEND,SUB-EVENT,_Div_1:OpId_128 (cycles)
1430665156,EXECUTE,7787,CYCLES,BACKEND,SUB-EVENT,_Add_6:OpId_131 (cycles)
1430665156,EXECUTE,74477,CYCLES,BACKEND,SUB-EVENT,_Softmax:OpId_133 (cycles)
1430665156,EXECUTE,63961,CYCLES,BACKEND,SUB-EVENT,_MatMul_4:OpId_136 (cycles)
1430665156,EXECUTE,0,CYCLES,BACKEND,SUB-EVENT,_Transpose_4:OpId_141 (cycles)
1430665156,EXECUTE,0,CYCLES,BACKEND,SUB-EVENT,_Reshape_7:OpId_142 (cycles)
1430665156,EXECUTE,13938,CYCLES,BACKEND,SUB-EVENT,_MatMul_5:OpId_144 (cycles)
1430665156,EXECUTE,0,CYCLES,BACKEND,SUB-EVENT,_MatMul_5_post_reshape:OpId_147 (cycles)
1430665156,EXECUTE,0,CYCLES,BACKEND,SUB-EVENT,_MatMul_5_output_0_nfc:OpId_149 (cycles)
1430665156,EXECUTE,2684,CYCLES,BACKEND,SUB-EVENT,_Add_7:OpId_151 (cycles)
1430665156,EXECUTE,0,CYCLES,BACKEND,SUB-EVENT,_Add_7_output_0_ncf:OpId_154 (cycles)
1430665156,EXECUTE,12112,CYCLES,BACKEND,SUB-EVENT,rms_norm__Mul_11_output_0:OpId_159 (cycles)
1430665156,EXECUTE,0,CYCLES,BACKEND,SUB-EVENT,_MatMul_7_pre_reshape:OpId_162 (cycles)
1430665156,EXECUTE,0,CYCLES,BACKEND,SUB-EVENT,_MatMul_6_pre_reshape:OpId_163 (cycles)
1430665156,EXECUTE,172734,CYCLES,BACKEND,SUB-EVENT,_MatMul_6:OpId_165 (cycles)
1430665156,EXECUTE,0,CYCLES,BACKEND,SUB-EVENT,_MatMul_6_post_reshape:OpId_168 (cycles)
1430665156,EXECUTE,356253,CYCLES,BACKEND,SUB-EVENT,_MatMul_7:OpId_170 (cycles)
1430665156,EXECUTE,0,CYCLES,BACKEND,SUB-EVENT,_MatMul_7_post_reshape:OpId_173 (cycles)
1430665156,EXECUTE,0,CYCLES,BACKEND,SUB-EVENT,_Sigmoid:OpId_174 (cycles)
1430665156,EXECUTE,300856,CYCLES,BACKEND,SUB-EVENT,_Mul_12:OpId_181 (cycles)
1430665156,EXECUTE,161967,CYCLES,BACKEND,SUB-EVENT,_Mul_13:OpId_183 (cycles)
1430665156,EXECUTE,0,CYCLES,BACKEND,SUB-EVENT,_MatMul_8_pre_reshape:OpId_185 (cycles)
1430665156,EXECUTE,372997,CYCLES,BACKEND,SUB-EVENT,_MatMul_8:OpId_187 (cycles)
1430665156,EXECUTE,0,CYCLES,BACKEND,SUB-EVENT,_MatMul_8_post_reshape:OpId_190 (cycles)
1430665156,EXECUTE,0,CYCLES,BACKEND,SUB-EVENT,_MatMul_8_output_0_nfc:OpId_192 (cycles)
1430665156,EXECUTE,7163,CYCLES,BACKEND,SUB-EVENT,_Add_9:OpId_194 (cycles)
1430665156,EXECUTE,37521,CYCLES,BACKEND,SUB-EVENT,hidden_out_ncf:OpId_197 (cycles)
1430665156,EXECUTE,25315,CYCLES,BACKEND,SUB-EVENT,Output OpId_3 (cycles)
1430665156,EXECUTE,4365,US,BACKEND,ROOT,Accelerator (execute) time
1430665156,EXECUTE,4216,US,BACKEND,ROOT,Accelerator (execute excluding wait) time
1430665156,EXECUTE,12992,US,BACKEND,ROOT,QNN (execute) time
1430684328,EXECUTE,13105,US,NETRUN,ROOT,Graph 0: qwen2_0_5b_layer0_prefill_seq16
1430684328,EXECUTE,4,COUNT,BACKEND,ROOT,Number of HVX threads used
1430684328,EXECUTE,12687,US,BACKEND,ROOT,RPC (execute) time
1430684328,EXECUTE,10571,US,BACKEND,ROOT,QNN accelerator (execute) time
1430684328,EXECUTE,0,COUNT,BACKEND,ROOT,Num times yield occured
1430684328,EXECUTE,674,US,BACKEND,ROOT,Time for initial VTCM acquire
1430684328,EXECUTE,363,US,BACKEND,ROOT,Time for HVX + HMX power on and acquire
1430684328,EXECUTE,2983779,CYCLES,BACKEND,ROOT,Accelerator (execute) time (cycles)
1430684328,EXECUTE,8950,CYCLES,BACKEND,SUB-EVENT,Input OpId_2 (cycles)
1430684328,EXECUTE,0,CYCLES,BACKEND,SUB-EVENT,hidden_states_nfc:OpId_17 (cycles)
1430684328,EXECUTE,128190,CYCLES,BACKEND,SUB-EVENT,rms_norm__Mul_1_output_0:OpId_22 (cycles)
1430684328,EXECUTE,0,CYCLES,BACKEND,SUB-EVENT,_MatMul_2_pre_reshape:OpId_25 (cycles)
1430684328,EXECUTE,0,CYCLES,BACKEND,SUB-EVENT,_MatMul_1_pre_reshape:OpId_26 (cycles)
1430684328,EXECUTE,0,CYCLES,BACKEND,SUB-EVENT,_MatMul_pre_reshape:OpId_27 (cycles)
1430684328,EXECUTE,84047,CYCLES,BACKEND,SUB-EVENT,OpId_28 (cycles)
1430684328,EXECUTE,0,CYCLES,BACKEND,SUB-EVENT,_MatMul_lhs_reshape:OpId_30 (cycles)
1430684328,EXECUTE,0,CYCLES,BACKEND,SUB-EVENT,_MatMul_lhs_cast_fp16:OpId_31 (cycles)
1430684328,EXECUTE,612322,CYCLES,BACKEND,SUB-EVENT,_MatMul:OpId_32 (cycles)
1430684328,EXECUTE,0,CYCLES,BACKEND,SUB-EVENT,_MatMul_custom_output_reshape:OpId_33 (cycles)
1430684328,EXECUTE,105090,CYCLES,BACKEND,SUB-EVENT,_MatMul_bias_add:OpId_34 (cycles)
1430684328,EXECUTE,0,CYCLES,BACKEND,SUB-EVENT,_MatMul_post_reshape:OpId_36 (cycles)
1430684328,EXECUTE,0,CYCLES,BACKEND,SUB-EVENT,_MatMul_1:OpId_39 (cycles)
1430684328,EXECUTE,0,CYCLES,BACKEND,SUB-EVENT,_MatMul_1_post_reshape:OpId_41 (cycles)
1430684328,EXECUTE,0,CYCLES,BACKEND,SUB-EVENT,_MatMul_2:OpId_44 (cycles)
1430684328,EXECUTE,0,CYCLES,BACKEND,SUB-EVENT,_MatMul_2_post_reshape:OpId_46 (cycles)
1430684328,EXECUTE,22945,CYCLES,BACKEND,SUB-EVENT,_Transpose:OpId_48 (cycles)
1430684328,EXECUTE,19035,CYCLES,BACKEND,SUB-EVENT,_Transpose_1:OpId_50 (cycles)
1430684328,EXECUTE,34391,CYCLES,BACKEND,SUB-EVENT,_Transpose_2:OpId_52 (cycles)
1430684328,EXECUTE,23005,CYCLES,BACKEND,SUB-EVENT,_Slice:OpId_54 (cycles)
1430684328,EXECUTE,7956,CYCLES,BACKEND,SUB-EVENT,_Slice_1:OpId_60 (cycles)
1430684328,EXECUTE,6543,CYCLES,BACKEND,SUB-EVENT,_Mul_2:OpId_66 (cycles)
1430684328,EXECUTE,4649,CYCLES,BACKEND,SUB-EVENT,_Mul_3:OpId_69 (cycles)
1430684328,EXECUTE,1137,CYCLES,BACKEND,SUB-EVENT,_Sub:OpId_71 (cycles)
1430684328,EXECUTE,6409,CYCLES,BACKEND,SUB-EVENT,_Mul_4:OpId_73 (cycles)
1430684328,EXECUTE,4582,CYCLES,BACKEND,SUB-EVENT,_Mul_5:OpId_75 (cycles)
1430684328,EXECUTE,1454,CYCLES,BACKEND,SUB-EVENT,_Add_4:OpId_77 (cycles)
1430684328,EXECUTE,0,CYCLES,BACKEND,SUB-EVENT,_Unsqueeze:OpId_79 (cycles)
1430684328,EXECUTE,0,CYCLES,BACKEND,SUB-EVENT,_Unsqueeze_1:OpId_80 (cycles)
1430684328,EXECUTE,3609,CYCLES,BACKEND,SUB-EVENT,_Concat:OpId_81 (cycles)
1430684328,EXECUTE,0,CYCLES,BACKEND,SUB-EVENT,_Reshape_3:OpId_83 (cycles)
1430684328,EXECUTE,25336,CYCLES,BACKEND,SUB-EVENT,_Slice_3:OpId_85 (cycles)
1430684328,EXECUTE,5418,CYCLES,BACKEND,SUB-EVENT,_Slice_4:OpId_91 (cycles)
1430684328,EXECUTE,5051,CYCLES,BACKEND,SUB-EVENT,_Mul_6:OpId_96 (cycles)
1430684328,EXECUTE,2222,CYCLES,BACKEND,SUB-EVENT,_Mul_7:OpId_98 (cycles)
1430684328,EXECUTE,1276,CYCLES,BACKEND,SUB-EVENT,_Sub_1:OpId_100 (cycles)
1430684328,EXECUTE,5071,CYCLES,BACKEND,SUB-EVENT,_Mul_8:OpId_102 (cycles)
1430684328,EXECUTE,2065,CYCLES,BACKEND,SUB-EVENT,_Mul_9:OpId_104 (cycles)
1430684328,EXECUTE,1505,CYCLES,BACKEND,SUB-EVENT,_Add_5:OpId_106 (cycles)
1430684328,EXECUTE,0,CYCLES,BACKEND,SUB-EVENT,_Unsqueeze_2:OpId_108 (cycles)
1430684328,EXECUTE,0,CYCLES,BACKEND,SUB-EVENT,_Unsqueeze_3:OpId_109 (cycles)
1430684328,EXECUTE,2176,CYCLES,BACKEND,SUB-EVENT,_Concat_2:OpId_110 (cycles)
1430684328,EXECUTE,7164,CYCLES,BACKEND,SUB-EVENT,_Reshape_4:OpId_112 (cycles)
1430684328,EXECUTE,0,CYCLES,BACKEND,SUB-EVENT,_Unsqueeze_4:OpId_113 (cycles)
1430684328,EXECUTE,2292,CYCLES,BACKEND,SUB-EVENT,_Tile:OpId_115 (cycles)
1430684328,EXECUTE,0,CYCLES,BACKEND,SUB-EVENT,_Reshape_5:OpId_116 (cycles)
1430684328,EXECUTE,0,CYCLES,BACKEND,SUB-EVENT,_Unsqueeze_5:OpId_117 (cycles)
1430684328,EXECUTE,3641,CYCLES,BACKEND,SUB-EVENT,_Tile_1:OpId_119 (cycles)
1430684328,EXECUTE,0,CYCLES,BACKEND,SUB-EVENT,_Reshape_6:OpId_120 (cycles)
1430684328,EXECUTE,0,CYCLES,BACKEND,SUB-EVENT,_Transpose_3:OpId_122 (cycles)
1430684328,EXECUTE,75418,CYCLES,BACKEND,SUB-EVENT,_MatMul_3:OpId_123 (cycles)
1430684328,EXECUTE,13081,CYCLES,BACKEND,SUB-EVENT,_Div_1:OpId_128 (cycles)
1430684328,EXECUTE,3380,CYCLES,BACKEND,SUB-EVENT,_Add_6:OpId_131 (cycles)
1430684328,EXECUTE,63752,CYCLES,BACKEND,SUB-EVENT,_Softmax:OpId_133 (cycles)
1430684328,EXECUTE,17188,CYCLES,BACKEND,SUB-EVENT,_MatMul_4:OpId_136 (cycles)
1430684328,EXECUTE,0,CYCLES,BACKEND,SUB-EVENT,_Transpose_4:OpId_141 (cycles)
1430684328,EXECUTE,0,CYCLES,BACKEND,SUB-EVENT,_Reshape_7:OpId_142 (cycles)
1430684328,EXECUTE,10366,CYCLES,BACKEND,SUB-EVENT,_MatMul_5:OpId_144 (cycles)
1430684328,EXECUTE,0,CYCLES,BACKEND,SUB-EVENT,_MatMul_5_post_reshape:OpId_147 (cycles)
1430684328,EXECUTE,0,CYCLES,BACKEND,SUB-EVENT,_MatMul_5_output_0_nfc:OpId_149 (cycles)
1430684328,EXECUTE,2665,CYCLES,BACKEND,SUB-EVENT,_Add_7:OpId_151 (cycles)
1430684328,EXECUTE,0,CYCLES,BACKEND,SUB-EVENT,_Add_7_output_0_ncf:OpId_154 (cycles)
1430684328,EXECUTE,12054,CYCLES,BACKEND,SUB-EVENT,rms_norm__Mul_11_output_0:OpId_159 (cycles)
1430684328,EXECUTE,0,CYCLES,BACKEND,SUB-EVENT,_MatMul_7_pre_reshape:OpId_162 (cycles)
1430684328,EXECUTE,0,CYCLES,BACKEND,SUB-EVENT,_MatMul_6_pre_reshape:OpId_163 (cycles)
1430684328,EXECUTE,376703,CYCLES,BACKEND,SUB-EVENT,_MatMul_6:OpId_165 (cycles)
1430684328,EXECUTE,0,CYCLES,BACKEND,SUB-EVENT,_MatMul_6_post_reshape:OpId_168 (cycles)
1430684328,EXECUTE,307185,CYCLES,BACKEND,SUB-EVENT,_MatMul_7:OpId_170 (cycles)
1430684328,EXECUTE,0,CYCLES,BACKEND,SUB-EVENT,_MatMul_7_post_reshape:OpId_173 (cycles)
1430684328,EXECUTE,0,CYCLES,BACKEND,SUB-EVENT,_Sigmoid:OpId_174 (cycles)
1430684328,EXECUTE,357679,CYCLES,BACKEND,SUB-EVENT,_Mul_12:OpId_181 (cycles)
1430684328,EXECUTE,165257,CYCLES,BACKEND,SUB-EVENT,_Mul_13:OpId_183 (cycles)
1430684328,EXECUTE,0,CYCLES,BACKEND,SUB-EVENT,_MatMul_8_pre_reshape:OpId_185 (cycles)
1430684328,EXECUTE,374366,CYCLES,BACKEND,SUB-EVENT,_MatMul_8:OpId_187 (cycles)
1430684328,EXECUTE,0,CYCLES,BACKEND,SUB-EVENT,_MatMul_8_post_reshape:OpId_190 (cycles)
1430684328,EXECUTE,0,CYCLES,BACKEND,SUB-EVENT,_MatMul_8_output_0_nfc:OpId_192 (cycles)
1430684328,EXECUTE,7091,CYCLES,BACKEND,SUB-EVENT,_Add_9:OpId_194 (cycles)
1430684328,EXECUTE,38478,CYCLES,BACKEND,SUB-EVENT,hidden_out_ncf:OpId_197 (cycles)
1430684328,EXECUTE,21585,CYCLES,BACKEND,SUB-EVENT,Output OpId_3 (cycles)
1430684328,EXECUTE,4625,US,BACKEND,ROOT,Accelerator (execute) time
1430684328,EXECUTE,4473,US,BACKEND,ROOT,Accelerator (execute excluding wait) time
1430684328,EXECUTE,13080,US,BACKEND,ROOT,QNN (execute) time
1430689292,EXECUTE IPS,52.146889,INF/SEC,NETRUN,ROOT,null
