input log file location, qwen_block_custom_qnn/device_output/q_proj_device_q13_layer0_prefill_seq16/qnn-profiling-data_0.log
qnn-profile-viewer version, v2.47.0.260601114230
qnn-net-run version, v2.47.0.260601114230
Backend version, v2.47.0.260601114230
Msg Timestamp, Message, Time, Unit of Measurement, Timing Source, Event Level, Event Identifier
807269570,INIT,441203,US,NETRUN,ROOT,null
807360978,COMPOSE GRAPHS,89989,US,NETRUN,ROOT,null
807705985,FINALIZE,344688,US,NETRUN,ROOT,Graph 0: qwen2_0_5b_layer0_prefill_seq16
807705985,FINALIZE,7981,US,BACKEND,ROOT,RPC (finalize) time
807705985,FINALIZE,6125,US,BACKEND,ROOT,QNN accelerator (finalize) time
807705985,FINALIZE,5962,US,BACKEND,ROOT,Accelerator (finalize) time
807705985,FINALIZE,344639,US,BACKEND,ROOT,QNN (finalize) time
807705985,FINALIZE,150,US,BACKEND,SUB-EVENT,Graph Preparation Initializing
807705985,FINALIZE,248066,US,BACKEND,SUB-EVENT,Graph Optimizations
807705985,FINALIZE,3658,US,BACKEND,SUB-EVENT,Post Graph Optimization
807705985,FINALIZE,19763,US,BACKEND,SUB-EVENT,Graph Sequencing for Target
807705985,FINALIZE,4500,US,BACKEND,SUB-EVENT,VTCM Allocation
807705985,FINALIZE,1988,US,BACKEND,SUB-EVENT,Parallelization Optimization
807705985,FINALIZE,2345,US,BACKEND,SUB-EVENT,Finalizing Graph Sequence
807705985,FINALIZE,82,US,BACKEND,SUB-EVENT,Completion
807949371,DE-INIT,48340,US,NETRUN,ROOT,null
807949371,DE-INIT,10901,US,BACKEND,ROOT,RPC (deinit) time
807949371,DE-INIT,8359,US,BACKEND,ROOT,QNN Accelerator (deinit) time
807949371,DE-INIT,8204,US,BACKEND,ROOT,Accelerator (deinit) time
807949371,DE-INIT,48326,US,BACKEND,ROOT,QNN (deinit) time
807728825,EXECUTE,22061,US,NETRUN,ROOT,Graph 0: qwen2_0_5b_layer0_prefill_seq16
807728825,EXECUTE,4,COUNT,BACKEND,ROOT,Number of HVX threads used
807728825,EXECUTE,21642,US,BACKEND,ROOT,RPC (execute) time
807728825,EXECUTE,19913,US,BACKEND,ROOT,QNN accelerator (execute) time
807728825,EXECUTE,0,COUNT,BACKEND,ROOT,Num times yield occured
807728825,EXECUTE,735,US,BACKEND,ROOT,Time for initial VTCM acquire
807728825,EXECUTE,34690,US,BACKEND,ROOT,Time for HVX + HMX power on and acquire
807728825,EXECUTE,1972082,CYCLES,BACKEND,ROOT,Accelerator (execute) time (cycles)
807728825,EXECUTE,4601,CYCLES,BACKEND,SUB-EVENT,Input OpId_2 (cycles)
807728825,EXECUTE,0,CYCLES,BACKEND,SUB-EVENT,hidden_states_nfc:OpId_17 (cycles)
807728825,EXECUTE,63137,CYCLES,BACKEND,SUB-EVENT,rms_norm__Mul_1_output_0:OpId_22 (cycles)
807728825,EXECUTE,0,CYCLES,BACKEND,SUB-EVENT,_MatMul_2_pre_reshape:OpId_25 (cycles)
807728825,EXECUTE,0,CYCLES,BACKEND,SUB-EVENT,_MatMul_1_pre_reshape:OpId_26 (cycles)
807728825,EXECUTE,0,CYCLES,BACKEND,SUB-EVENT,_MatMul_pre_reshape:OpId_27 (cycles)
807728825,EXECUTE,31555,CYCLES,BACKEND,SUB-EVENT,OpId_28 (cycles)
807728825,EXECUTE,0,CYCLES,BACKEND,SUB-EVENT,_MatMul_lhs_reshape:OpId_30 (cycles)
807728825,EXECUTE,0,CYCLES,BACKEND,SUB-EVENT,_MatMul_lhs_cast_fp16:OpId_31 (cycles)
807728825,EXECUTE,791529,CYCLES,BACKEND,SUB-EVENT,_MatMul:OpId_32 (cycles)
807728825,EXECUTE,0,CYCLES,BACKEND,SUB-EVENT,_MatMul_custom_output_reshape:OpId_33 (cycles)
807728825,EXECUTE,69037,CYCLES,BACKEND,SUB-EVENT,_MatMul_bias_add:OpId_34 (cycles)
807728825,EXECUTE,0,CYCLES,BACKEND,SUB-EVENT,_MatMul_post_reshape:OpId_36 (cycles)
807728825,EXECUTE,0,CYCLES,BACKEND,SUB-EVENT,_MatMul_1:OpId_39 (cycles)
807728825,EXECUTE,0,CYCLES,BACKEND,SUB-EVENT,_MatMul_1_post_reshape:OpId_41 (cycles)
807728825,EXECUTE,0,CYCLES,BACKEND,SUB-EVENT,_MatMul_2:OpId_44 (cycles)
807728825,EXECUTE,0,CYCLES,BACKEND,SUB-EVENT,_MatMul_2_post_reshape:OpId_46 (cycles)
807728825,EXECUTE,22654,CYCLES,BACKEND,SUB-EVENT,_Transpose:OpId_48 (cycles)
807728825,EXECUTE,6350,CYCLES,BACKEND,SUB-EVENT,_Transpose_1:OpId_50 (cycles)
807728825,EXECUTE,7001,CYCLES,BACKEND,SUB-EVENT,_Transpose_2:OpId_52 (cycles)
807728825,EXECUTE,22687,CYCLES,BACKEND,SUB-EVENT,_Slice:OpId_54 (cycles)
807728825,EXECUTE,7770,CYCLES,BACKEND,SUB-EVENT,_Slice_1:OpId_60 (cycles)
807728825,EXECUTE,5130,CYCLES,BACKEND,SUB-EVENT,_Mul_2:OpId_66 (cycles)
807728825,EXECUTE,4887,CYCLES,BACKEND,SUB-EVENT,_Mul_3:OpId_69 (cycles)
807728825,EXECUTE,891,CYCLES,BACKEND,SUB-EVENT,_Sub:OpId_71 (cycles)
807728825,EXECUTE,5213,CYCLES,BACKEND,SUB-EVENT,_Mul_4:OpId_73 (cycles)
807728825,EXECUTE,4438,CYCLES,BACKEND,SUB-EVENT,_Mul_5:OpId_75 (cycles)
807728825,EXECUTE,890,CYCLES,BACKEND,SUB-EVENT,_Add_4:OpId_77 (cycles)
807728825,EXECUTE,0,CYCLES,BACKEND,SUB-EVENT,_Unsqueeze:OpId_79 (cycles)
807728825,EXECUTE,0,CYCLES,BACKEND,SUB-EVENT,_Unsqueeze_1:OpId_80 (cycles)
807728825,EXECUTE,3733,CYCLES,BACKEND,SUB-EVENT,_Concat:OpId_81 (cycles)
807728825,EXECUTE,0,CYCLES,BACKEND,SUB-EVENT,_Reshape_3:OpId_83 (cycles)
807728825,EXECUTE,20614,CYCLES,BACKEND,SUB-EVENT,_Slice_3:OpId_85 (cycles)
807728825,EXECUTE,4749,CYCLES,BACKEND,SUB-EVENT,_Slice_4:OpId_91 (cycles)
807728825,EXECUTE,3649,CYCLES,BACKEND,SUB-EVENT,_Mul_6:OpId_96 (cycles)
807728825,EXECUTE,1854,CYCLES,BACKEND,SUB-EVENT,_Mul_7:OpId_98 (cycles)
807728825,EXECUTE,806,CYCLES,BACKEND,SUB-EVENT,_Sub_1:OpId_100 (cycles)
807728825,EXECUTE,3569,CYCLES,BACKEND,SUB-EVENT,_Mul_8:OpId_102 (cycles)
807728825,EXECUTE,1831,CYCLES,BACKEND,SUB-EVENT,_Mul_9:OpId_104 (cycles)
807728825,EXECUTE,845,CYCLES,BACKEND,SUB-EVENT,_Add_5:OpId_106 (cycles)
807728825,EXECUTE,0,CYCLES,BACKEND,SUB-EVENT,_Unsqueeze_2:OpId_108 (cycles)
807728825,EXECUTE,0,CYCLES,BACKEND,SUB-EVENT,_Unsqueeze_3:OpId_109 (cycles)
807728825,EXECUTE,2650,CYCLES,BACKEND,SUB-EVENT,_Concat_2:OpId_110 (cycles)
807728825,EXECUTE,1940,CYCLES,BACKEND,SUB-EVENT,_Reshape_4:OpId_112 (cycles)
807728825,EXECUTE,0,CYCLES,BACKEND,SUB-EVENT,_Unsqueeze_4:OpId_113 (cycles)
807728825,EXECUTE,2251,CYCLES,BACKEND,SUB-EVENT,_Tile:OpId_115 (cycles)
807728825,EXECUTE,0,CYCLES,BACKEND,SUB-EVENT,_Reshape_5:OpId_116 (cycles)
807728825,EXECUTE,0,CYCLES,BACKEND,SUB-EVENT,_Unsqueeze_5:OpId_117 (cycles)
807728825,EXECUTE,2676,CYCLES,BACKEND,SUB-EVENT,_Tile_1:OpId_119 (cycles)
807728825,EXECUTE,0,CYCLES,BACKEND,SUB-EVENT,_Reshape_6:OpId_120 (cycles)
807728825,EXECUTE,0,CYCLES,BACKEND,SUB-EVENT,_Transpose_3:OpId_122 (cycles)
807728825,EXECUTE,67000,CYCLES,BACKEND,SUB-EVENT,_MatMul_3:OpId_123 (cycles)
807728825,EXECUTE,9987,CYCLES,BACKEND,SUB-EVENT,_Div_1:OpId_128 (cycles)
807728825,EXECUTE,3043,CYCLES,BACKEND,SUB-EVENT,_Add_6:OpId_131 (cycles)
807728825,EXECUTE,46849,CYCLES,BACKEND,SUB-EVENT,_Softmax:OpId_133 (cycles)
807728825,EXECUTE,12279,CYCLES,BACKEND,SUB-EVENT,_MatMul_4:OpId_136 (cycles)
807728825,EXECUTE,0,CYCLES,BACKEND,SUB-EVENT,_Transpose_4:OpId_141 (cycles)
807728825,EXECUTE,0,CYCLES,BACKEND,SUB-EVENT,_Reshape_7:OpId_142 (cycles)
807728825,EXECUTE,9617,CYCLES,BACKEND,SUB-EVENT,_MatMul_5:OpId_144 (cycles)
807728825,EXECUTE,0,CYCLES,BACKEND,SUB-EVENT,_MatMul_5_post_reshape:OpId_147 (cycles)
807728825,EXECUTE,0,CYCLES,BACKEND,SUB-EVENT,_MatMul_5_output_0_nfc:OpId_149 (cycles)
807728825,EXECUTE,2664,CYCLES,BACKEND,SUB-EVENT,_Add_7:OpId_151 (cycles)
807728825,EXECUTE,0,CYCLES,BACKEND,SUB-EVENT,_Add_7_output_0_ncf:OpId_154 (cycles)
807728825,EXECUTE,12163,CYCLES,BACKEND,SUB-EVENT,rms_norm__Mul_11_output_0:OpId_159 (cycles)
807728825,EXECUTE,0,CYCLES,BACKEND,SUB-EVENT,_MatMul_7_pre_reshape:OpId_162 (cycles)
807728825,EXECUTE,0,CYCLES,BACKEND,SUB-EVENT,_MatMul_6_pre_reshape:OpId_163 (cycles)
807728825,EXECUTE,150935,CYCLES,BACKEND,SUB-EVENT,_MatMul_6:OpId_165 (cycles)
807728825,EXECUTE,0,CYCLES,BACKEND,SUB-EVENT,_MatMul_6_post_reshape:OpId_168 (cycles)
807728825,EXECUTE,111549,CYCLES,BACKEND,SUB-EVENT,_MatMul_7:OpId_170 (cycles)
807728825,EXECUTE,0,CYCLES,BACKEND,SUB-EVENT,_MatMul_7_post_reshape:OpId_173 (cycles)
807728825,EXECUTE,0,CYCLES,BACKEND,SUB-EVENT,_Sigmoid:OpId_174 (cycles)
807728825,EXECUTE,176335,CYCLES,BACKEND,SUB-EVENT,_Mul_12:OpId_181 (cycles)
807728825,EXECUTE,77851,CYCLES,BACKEND,SUB-EVENT,_Mul_13:OpId_183 (cycles)
807728825,EXECUTE,0,CYCLES,BACKEND,SUB-EVENT,_MatMul_8_pre_reshape:OpId_185 (cycles)
807728825,EXECUTE,141677,CYCLES,BACKEND,SUB-EVENT,_MatMul_8:OpId_187 (cycles)
807728825,EXECUTE,0,CYCLES,BACKEND,SUB-EVENT,_MatMul_8_post_reshape:OpId_190 (cycles)
807728825,EXECUTE,0,CYCLES,BACKEND,SUB-EVENT,_MatMul_8_output_0_nfc:OpId_192 (cycles)
807728825,EXECUTE,7116,CYCLES,BACKEND,SUB-EVENT,_Add_9:OpId_194 (cycles)
807728825,EXECUTE,35702,CYCLES,BACKEND,SUB-EVENT,hidden_out_ncf:OpId_197 (cycles)
807728825,EXECUTE,8378,CYCLES,BACKEND,SUB-EVENT,Output OpId_3 (cycles)
807728825,EXECUTE,4222,US,BACKEND,ROOT,Accelerator (execute) time
807728825,EXECUTE,2306,US,BACKEND,ROOT,Accelerator (execute excluding wait) time
807728825,EXECUTE,22037,US,BACKEND,ROOT,QNN (execute) time
807745478,EXECUTE,10786,US,NETRUN,ROOT,Graph 0: qwen2_0_5b_layer0_prefill_seq16
807745478,EXECUTE,4,COUNT,BACKEND,ROOT,Number of HVX threads used
807745478,EXECUTE,10274,US,BACKEND,ROOT,RPC (execute) time
807745478,EXECUTE,7865,US,BACKEND,ROOT,QNN accelerator (execute) time
807745478,EXECUTE,0,COUNT,BACKEND,ROOT,Num times yield occured
807745478,EXECUTE,664,US,BACKEND,ROOT,Time for initial VTCM acquire
807745478,EXECUTE,286,US,BACKEND,ROOT,Time for HVX + HMX power on and acquire
807745478,EXECUTE,2082564,CYCLES,BACKEND,ROOT,Accelerator (execute) time (cycles)
807745478,EXECUTE,2275,CYCLES,BACKEND,SUB-EVENT,Input OpId_2 (cycles)
807745478,EXECUTE,0,CYCLES,BACKEND,SUB-EVENT,hidden_states_nfc:OpId_17 (cycles)
807745478,EXECUTE,118058,CYCLES,BACKEND,SUB-EVENT,rms_norm__Mul_1_output_0:OpId_22 (cycles)
807745478,EXECUTE,0,CYCLES,BACKEND,SUB-EVENT,_MatMul_2_pre_reshape:OpId_25 (cycles)
807745478,EXECUTE,0,CYCLES,BACKEND,SUB-EVENT,_MatMul_1_pre_reshape:OpId_26 (cycles)
807745478,EXECUTE,0,CYCLES,BACKEND,SUB-EVENT,_MatMul_pre_reshape:OpId_27 (cycles)
807745478,EXECUTE,1450,CYCLES,BACKEND,SUB-EVENT,OpId_28 (cycles)
807745478,EXECUTE,0,CYCLES,BACKEND,SUB-EVENT,_MatMul_lhs_reshape:OpId_30 (cycles)
807745478,EXECUTE,0,CYCLES,BACKEND,SUB-EVENT,_MatMul_lhs_cast_fp16:OpId_31 (cycles)
807745478,EXECUTE,816041,CYCLES,BACKEND,SUB-EVENT,_MatMul:OpId_32 (cycles)
807745478,EXECUTE,0,CYCLES,BACKEND,SUB-EVENT,_MatMul_custom_output_reshape:OpId_33 (cycles)
807745478,EXECUTE,103664,CYCLES,BACKEND,SUB-EVENT,_MatMul_bias_add:OpId_34 (cycles)
807745478,EXECUTE,0,CYCLES,BACKEND,SUB-EVENT,_MatMul_post_reshape:OpId_36 (cycles)
807745478,EXECUTE,0,CYCLES,BACKEND,SUB-EVENT,_MatMul_1:OpId_39 (cycles)
807745478,EXECUTE,0,CYCLES,BACKEND,SUB-EVENT,_MatMul_1_post_reshape:OpId_41 (cycles)
807745478,EXECUTE,0,CYCLES,BACKEND,SUB-EVENT,_MatMul_2:OpId_44 (cycles)
807745478,EXECUTE,0,CYCLES,BACKEND,SUB-EVENT,_MatMul_2_post_reshape:OpId_46 (cycles)
807745478,EXECUTE,25566,CYCLES,BACKEND,SUB-EVENT,_Transpose:OpId_48 (cycles)
807745478,EXECUTE,10447,CYCLES,BACKEND,SUB-EVENT,_Transpose_1:OpId_50 (cycles)
807745478,EXECUTE,11859,CYCLES,BACKEND,SUB-EVENT,_Transpose_2:OpId_52 (cycles)
807745478,EXECUTE,22567,CYCLES,BACKEND,SUB-EVENT,_Slice:OpId_54 (cycles)
807745478,EXECUTE,7422,CYCLES,BACKEND,SUB-EVENT,_Slice_1:OpId_60 (cycles)
807745478,EXECUTE,6214,CYCLES,BACKEND,SUB-EVENT,_Mul_2:OpId_66 (cycles)
807745478,EXECUTE,4710,CYCLES,BACKEND,SUB-EVENT,_Mul_3:OpId_69 (cycles)
807745478,EXECUTE,1502,CYCLES,BACKEND,SUB-EVENT,_Sub:OpId_71 (cycles)
807745478,EXECUTE,6084,CYCLES,BACKEND,SUB-EVENT,_Mul_4:OpId_73 (cycles)
807745478,EXECUTE,4548,CYCLES,BACKEND,SUB-EVENT,_Mul_5:OpId_75 (cycles)
807745478,EXECUTE,2625,CYCLES,BACKEND,SUB-EVENT,_Add_4:OpId_77 (cycles)
807745478,EXECUTE,0,CYCLES,BACKEND,SUB-EVENT,_Unsqueeze:OpId_79 (cycles)
807745478,EXECUTE,0,CYCLES,BACKEND,SUB-EVENT,_Unsqueeze_1:OpId_80 (cycles)
807745478,EXECUTE,3864,CYCLES,BACKEND,SUB-EVENT,_Concat:OpId_81 (cycles)
807745478,EXECUTE,0,CYCLES,BACKEND,SUB-EVENT,_Reshape_3:OpId_83 (cycles)
807745478,EXECUTE,33908,CYCLES,BACKEND,SUB-EVENT,_Slice_3:OpId_85 (cycles)
807745478,EXECUTE,5574,CYCLES,BACKEND,SUB-EVENT,_Slice_4:OpId_91 (cycles)
807745478,EXECUTE,6497,CYCLES,BACKEND,SUB-EVENT,_Mul_6:OpId_96 (cycles)
807745478,EXECUTE,3486,CYCLES,BACKEND,SUB-EVENT,_Mul_7:OpId_98 (cycles)
807745478,EXECUTE,1079,CYCLES,BACKEND,SUB-EVENT,_Sub_1:OpId_100 (cycles)
807745478,EXECUTE,6453,CYCLES,BACKEND,SUB-EVENT,_Mul_8:OpId_102 (cycles)
807745478,EXECUTE,3439,CYCLES,BACKEND,SUB-EVENT,_Mul_9:OpId_104 (cycles)
807745478,EXECUTE,1166,CYCLES,BACKEND,SUB-EVENT,_Add_5:OpId_106 (cycles)
807745478,EXECUTE,0,CYCLES,BACKEND,SUB-EVENT,_Unsqueeze_2:OpId_108 (cycles)
807745478,EXECUTE,0,CYCLES,BACKEND,SUB-EVENT,_Unsqueeze_3:OpId_109 (cycles)
807745478,EXECUTE,3027,CYCLES,BACKEND,SUB-EVENT,_Concat_2:OpId_110 (cycles)
807745478,EXECUTE,1766,CYCLES,BACKEND,SUB-EVENT,_Reshape_4:OpId_112 (cycles)
807745478,EXECUTE,0,CYCLES,BACKEND,SUB-EVENT,_Unsqueeze_4:OpId_113 (cycles)
807745478,EXECUTE,2313,CYCLES,BACKEND,SUB-EVENT,_Tile:OpId_115 (cycles)
807745478,EXECUTE,0,CYCLES,BACKEND,SUB-EVENT,_Reshape_5:OpId_116 (cycles)
807745478,EXECUTE,0,CYCLES,BACKEND,SUB-EVENT,_Unsqueeze_5:OpId_117 (cycles)
807745478,EXECUTE,7057,CYCLES,BACKEND,SUB-EVENT,_Tile_1:OpId_119 (cycles)
807745478,EXECUTE,0,CYCLES,BACKEND,SUB-EVENT,_Reshape_6:OpId_120 (cycles)
807745478,EXECUTE,0,CYCLES,BACKEND,SUB-EVENT,_Transpose_3:OpId_122 (cycles)
807745478,EXECUTE,80689,CYCLES,BACKEND,SUB-EVENT,_MatMul_3:OpId_123 (cycles)
807745478,EXECUTE,12723,CYCLES,BACKEND,SUB-EVENT,_Div_1:OpId_128 (cycles)
807745478,EXECUTE,5614,CYCLES,BACKEND,SUB-EVENT,_Add_6:OpId_131 (cycles)
807745478,EXECUTE,57861,CYCLES,BACKEND,SUB-EVENT,_Softmax:OpId_133 (cycles)
807745478,EXECUTE,18614,CYCLES,BACKEND,SUB-EVENT,_MatMul_4:OpId_136 (cycles)
807745478,EXECUTE,0,CYCLES,BACKEND,SUB-EVENT,_Transpose_4:OpId_141 (cycles)
807745478,EXECUTE,0,CYCLES,BACKEND,SUB-EVENT,_Reshape_7:OpId_142 (cycles)
807745478,EXECUTE,14600,CYCLES,BACKEND,SUB-EVENT,_MatMul_5:OpId_144 (cycles)
807745478,EXECUTE,0,CYCLES,BACKEND,SUB-EVENT,_MatMul_5_post_reshape:OpId_147 (cycles)
807745478,EXECUTE,0,CYCLES,BACKEND,SUB-EVENT,_MatMul_5_output_0_nfc:OpId_149 (cycles)
807745478,EXECUTE,2664,CYCLES,BACKEND,SUB-EVENT,_Add_7:OpId_151 (cycles)
807745478,EXECUTE,0,CYCLES,BACKEND,SUB-EVENT,_Add_7_output_0_ncf:OpId_154 (cycles)
807745478,EXECUTE,18798,CYCLES,BACKEND,SUB-EVENT,rms_norm__Mul_11_output_0:OpId_159 (cycles)
807745478,EXECUTE,0,CYCLES,BACKEND,SUB-EVENT,_MatMul_7_pre_reshape:OpId_162 (cycles)
807745478,EXECUTE,0,CYCLES,BACKEND,SUB-EVENT,_MatMul_6_pre_reshape:OpId_163 (cycles)
807745478,EXECUTE,112062,CYCLES,BACKEND,SUB-EVENT,_MatMul_6:OpId_165 (cycles)
807745478,EXECUTE,0,CYCLES,BACKEND,SUB-EVENT,_MatMul_6_post_reshape:OpId_168 (cycles)
807745478,EXECUTE,77096,CYCLES,BACKEND,SUB-EVENT,_MatMul_7:OpId_170 (cycles)
807745478,EXECUTE,0,CYCLES,BACKEND,SUB-EVENT,_MatMul_7_post_reshape:OpId_173 (cycles)
807745478,EXECUTE,0,CYCLES,BACKEND,SUB-EVENT,_Sigmoid:OpId_174 (cycles)
807745478,EXECUTE,186126,CYCLES,BACKEND,SUB-EVENT,_Mul_12:OpId_181 (cycles)
807745478,EXECUTE,76413,CYCLES,BACKEND,SUB-EVENT,_Mul_13:OpId_183 (cycles)
807745478,EXECUTE,0,CYCLES,BACKEND,SUB-EVENT,_MatMul_8_pre_reshape:OpId_185 (cycles)
807745478,EXECUTE,141688,CYCLES,BACKEND,SUB-EVENT,_MatMul_8:OpId_187 (cycles)
807745478,EXECUTE,0,CYCLES,BACKEND,SUB-EVENT,_MatMul_8_post_reshape:OpId_190 (cycles)
807745478,EXECUTE,0,CYCLES,BACKEND,SUB-EVENT,_MatMul_8_output_0_nfc:OpId_192 (cycles)
807745478,EXECUTE,7130,CYCLES,BACKEND,SUB-EVENT,_Add_9:OpId_194 (cycles)
807745478,EXECUTE,37768,CYCLES,BACKEND,SUB-EVENT,hidden_out_ncf:OpId_197 (cycles)
807745478,EXECUTE,8057,CYCLES,BACKEND,SUB-EVENT,Output OpId_3 (cycles)
807745478,EXECUTE,2405,US,BACKEND,ROOT,Accelerator (execute) time
807745478,EXECUTE,2255,US,BACKEND,ROOT,Accelerator (execute excluding wait) time
807745478,EXECUTE,10757,US,BACKEND,ROOT,QNN (execute) time
807760336,EXECUTE,8861,US,NETRUN,ROOT,Graph 0: qwen2_0_5b_layer0_prefill_seq16
807760336,EXECUTE,4,COUNT,BACKEND,ROOT,Number of HVX threads used
807760336,EXECUTE,8446,US,BACKEND,ROOT,RPC (execute) time
807760336,EXECUTE,7491,US,BACKEND,ROOT,QNN accelerator (execute) time
807760336,EXECUTE,0,COUNT,BACKEND,ROOT,Num times yield occured
807760336,EXECUTE,760,US,BACKEND,ROOT,Time for initial VTCM acquire
807760336,EXECUTE,207,US,BACKEND,ROOT,Time for HVX + HMX power on and acquire
807760336,EXECUTE,2051677,CYCLES,BACKEND,ROOT,Accelerator (execute) time (cycles)
807760336,EXECUTE,2193,CYCLES,BACKEND,SUB-EVENT,Input OpId_2 (cycles)
807760336,EXECUTE,0,CYCLES,BACKEND,SUB-EVENT,hidden_states_nfc:OpId_17 (cycles)
807760336,EXECUTE,96870,CYCLES,BACKEND,SUB-EVENT,rms_norm__Mul_1_output_0:OpId_22 (cycles)
807760336,EXECUTE,0,CYCLES,BACKEND,SUB-EVENT,_MatMul_2_pre_reshape:OpId_25 (cycles)
807760336,EXECUTE,0,CYCLES,BACKEND,SUB-EVENT,_MatMul_1_pre_reshape:OpId_26 (cycles)
807760336,EXECUTE,0,CYCLES,BACKEND,SUB-EVENT,_MatMul_pre_reshape:OpId_27 (cycles)
807760336,EXECUTE,1573,CYCLES,BACKEND,SUB-EVENT,OpId_28 (cycles)
807760336,EXECUTE,0,CYCLES,BACKEND,SUB-EVENT,_MatMul_lhs_reshape:OpId_30 (cycles)
807760336,EXECUTE,0,CYCLES,BACKEND,SUB-EVENT,_MatMul_lhs_cast_fp16:OpId_31 (cycles)
807760336,EXECUTE,835507,CYCLES,BACKEND,SUB-EVENT,_MatMul:OpId_32 (cycles)
807760336,EXECUTE,0,CYCLES,BACKEND,SUB-EVENT,_MatMul_custom_output_reshape:OpId_33 (cycles)
807760336,EXECUTE,99953,CYCLES,BACKEND,SUB-EVENT,_MatMul_bias_add:OpId_34 (cycles)
807760336,EXECUTE,0,CYCLES,BACKEND,SUB-EVENT,_MatMul_post_reshape:OpId_36 (cycles)
807760336,EXECUTE,0,CYCLES,BACKEND,SUB-EVENT,_MatMul_1:OpId_39 (cycles)
807760336,EXECUTE,0,CYCLES,BACKEND,SUB-EVENT,_MatMul_1_post_reshape:OpId_41 (cycles)
807760336,EXECUTE,0,CYCLES,BACKEND,SUB-EVENT,_MatMul_2:OpId_44 (cycles)
807760336,EXECUTE,0,CYCLES,BACKEND,SUB-EVENT,_MatMul_2_post_reshape:OpId_46 (cycles)
807760336,EXECUTE,24245,CYCLES,BACKEND,SUB-EVENT,_Transpose:OpId_48 (cycles)
807760336,EXECUTE,5625,CYCLES,BACKEND,SUB-EVENT,_Transpose_1:OpId_50 (cycles)
807760336,EXECUTE,10064,CYCLES,BACKEND,SUB-EVENT,_Transpose_2:OpId_52 (cycles)
807760336,EXECUTE,22974,CYCLES,BACKEND,SUB-EVENT,_Slice:OpId_54 (cycles)
807760336,EXECUTE,7649,CYCLES,BACKEND,SUB-EVENT,_Slice_1:OpId_60 (cycles)
807760336,EXECUTE,5470,CYCLES,BACKEND,SUB-EVENT,_Mul_2:OpId_66 (cycles)
807760336,EXECUTE,4671,CYCLES,BACKEND,SUB-EVENT,_Mul_3:OpId_69 (cycles)
807760336,EXECUTE,1423,CYCLES,BACKEND,SUB-EVENT,_Sub:OpId_71 (cycles)
807760336,EXECUTE,5878,CYCLES,BACKEND,SUB-EVENT,_Mul_4:OpId_73 (cycles)
807760336,EXECUTE,4566,CYCLES,BACKEND,SUB-EVENT,_Mul_5:OpId_75 (cycles)
807760336,EXECUTE,1779,CYCLES,BACKEND,SUB-EVENT,_Add_4:OpId_77 (cycles)
807760336,EXECUTE,0,CYCLES,BACKEND,SUB-EVENT,_Unsqueeze:OpId_79 (cycles)
807760336,EXECUTE,0,CYCLES,BACKEND,SUB-EVENT,_Unsqueeze_1:OpId_80 (cycles)
807760336,EXECUTE,3270,CYCLES,BACKEND,SUB-EVENT,_Concat:OpId_81 (cycles)
807760336,EXECUTE,0,CYCLES,BACKEND,SUB-EVENT,_Reshape_3:OpId_83 (cycles)
807760336,EXECUTE,25696,CYCLES,BACKEND,SUB-EVENT,_Slice_3:OpId_85 (cycles)
807760336,EXECUTE,4513,CYCLES,BACKEND,SUB-EVENT,_Slice_4:OpId_91 (cycles)
807760336,EXECUTE,6318,CYCLES,BACKEND,SUB-EVENT,_Mul_6:OpId_96 (cycles)
807760336,EXECUTE,2950,CYCLES,BACKEND,SUB-EVENT,_Mul_7:OpId_98 (cycles)
807760336,EXECUTE,1026,CYCLES,BACKEND,SUB-EVENT,_Sub_1:OpId_100 (cycles)
807760336,EXECUTE,6275,CYCLES,BACKEND,SUB-EVENT,_Mul_8:OpId_102 (cycles)
807760336,EXECUTE,2729,CYCLES,BACKEND,SUB-EVENT,_Mul_9:OpId_104 (cycles)
807760336,EXECUTE,945,CYCLES,BACKEND,SUB-EVENT,_Add_5:OpId_106 (cycles)
807760336,EXECUTE,0,CYCLES,BACKEND,SUB-EVENT,_Unsqueeze_2:OpId_108 (cycles)
807760336,EXECUTE,0,CYCLES,BACKEND,SUB-EVENT,_Unsqueeze_3:OpId_109 (cycles)
807760336,EXECUTE,2201,CYCLES,BACKEND,SUB-EVENT,_Concat_2:OpId_110 (cycles)
807760336,EXECUTE,1407,CYCLES,BACKEND,SUB-EVENT,_Reshape_4:OpId_112 (cycles)
807760336,EXECUTE,0,CYCLES,BACKEND,SUB-EVENT,_Unsqueeze_4:OpId_113 (cycles)
807760336,EXECUTE,4628,CYCLES,BACKEND,SUB-EVENT,_Tile:OpId_115 (cycles)
807760336,EXECUTE,0,CYCLES,BACKEND,SUB-EVENT,_Reshape_5:OpId_116 (cycles)
807760336,EXECUTE,0,CYCLES,BACKEND,SUB-EVENT,_Unsqueeze_5:OpId_117 (cycles)
807760336,EXECUTE,3384,CYCLES,BACKEND,SUB-EVENT,_Tile_1:OpId_119 (cycles)
807760336,EXECUTE,0,CYCLES,BACKEND,SUB-EVENT,_Reshape_6:OpId_120 (cycles)
807760336,EXECUTE,0,CYCLES,BACKEND,SUB-EVENT,_Transpose_3:OpId_122 (cycles)
807760336,EXECUTE,72445,CYCLES,BACKEND,SUB-EVENT,_MatMul_3:OpId_123 (cycles)
807760336,EXECUTE,11439,CYCLES,BACKEND,SUB-EVENT,_Div_1:OpId_128 (cycles)
807760336,EXECUTE,4813,CYCLES,BACKEND,SUB-EVENT,_Add_6:OpId_131 (cycles)
807760336,EXECUTE,50405,CYCLES,BACKEND,SUB-EVENT,_Softmax:OpId_133 (cycles)
807760336,EXECUTE,19692,CYCLES,BACKEND,SUB-EVENT,_MatMul_4:OpId_136 (cycles)
807760336,EXECUTE,0,CYCLES,BACKEND,SUB-EVENT,_Transpose_4:OpId_141 (cycles)
807760336,EXECUTE,0,CYCLES,BACKEND,SUB-EVENT,_Reshape_7:OpId_142 (cycles)
807760336,EXECUTE,11711,CYCLES,BACKEND,SUB-EVENT,_MatMul_5:OpId_144 (cycles)
807760336,EXECUTE,0,CYCLES,BACKEND,SUB-EVENT,_MatMul_5_post_reshape:OpId_147 (cycles)
807760336,EXECUTE,0,CYCLES,BACKEND,SUB-EVENT,_MatMul_5_output_0_nfc:OpId_149 (cycles)
807760336,EXECUTE,2668,CYCLES,BACKEND,SUB-EVENT,_Add_7:OpId_151 (cycles)
807760336,EXECUTE,0,CYCLES,BACKEND,SUB-EVENT,_Add_7_output_0_ncf:OpId_154 (cycles)
807760336,EXECUTE,12050,CYCLES,BACKEND,SUB-EVENT,rms_norm__Mul_11_output_0:OpId_159 (cycles)
807760336,EXECUTE,0,CYCLES,BACKEND,SUB-EVENT,_MatMul_7_pre_reshape:OpId_162 (cycles)
807760336,EXECUTE,0,CYCLES,BACKEND,SUB-EVENT,_MatMul_6_pre_reshape:OpId_163 (cycles)
807760336,EXECUTE,99308,CYCLES,BACKEND,SUB-EVENT,_MatMul_6:OpId_165 (cycles)
807760336,EXECUTE,0,CYCLES,BACKEND,SUB-EVENT,_MatMul_6_post_reshape:OpId_168 (cycles)
807760336,EXECUTE,118958,CYCLES,BACKEND,SUB-EVENT,_MatMul_7:OpId_170 (cycles)
807760336,EXECUTE,0,CYCLES,BACKEND,SUB-EVENT,_MatMul_7_post_reshape:OpId_173 (cycles)
807760336,EXECUTE,0,CYCLES,BACKEND,SUB-EVENT,_Sigmoid:OpId_174 (cycles)
807760336,EXECUTE,167345,CYCLES,BACKEND,SUB-EVENT,_Mul_12:OpId_181 (cycles)
807760336,EXECUTE,82351,CYCLES,BACKEND,SUB-EVENT,_Mul_13:OpId_183 (cycles)
807760336,EXECUTE,0,CYCLES,BACKEND,SUB-EVENT,_MatMul_8_pre_reshape:OpId_185 (cycles)
807760336,EXECUTE,156358,CYCLES,BACKEND,SUB-EVENT,_MatMul_8:OpId_187 (cycles)
807760336,EXECUTE,0,CYCLES,BACKEND,SUB-EVENT,_MatMul_8_post_reshape:OpId_190 (cycles)
807760336,EXECUTE,0,CYCLES,BACKEND,SUB-EVENT,_MatMul_8_output_0_nfc:OpId_192 (cycles)
807760336,EXECUTE,7075,CYCLES,BACKEND,SUB-EVENT,_Add_9:OpId_194 (cycles)
807760336,EXECUTE,31990,CYCLES,BACKEND,SUB-EVENT,hidden_out_ncf:OpId_197 (cycles)
807760336,EXECUTE,7287,CYCLES,BACKEND,SUB-EVENT,Output OpId_3 (cycles)
807760336,EXECUTE,2404,US,BACKEND,ROOT,Accelerator (execute) time
807760336,EXECUTE,2280,US,BACKEND,ROOT,Accelerator (execute excluding wait) time
807760336,EXECUTE,8836,US,BACKEND,ROOT,QNN (execute) time
807779409,EXECUTE,13323,US,NETRUN,ROOT,Graph 0: qwen2_0_5b_layer0_prefill_seq16
807779409,EXECUTE,4,COUNT,BACKEND,ROOT,Number of HVX threads used
807779409,EXECUTE,12892,US,BACKEND,ROOT,RPC (execute) time
807779409,EXECUTE,10598,US,BACKEND,ROOT,QNN accelerator (execute) time
807779409,EXECUTE,0,COUNT,BACKEND,ROOT,Num times yield occured
807779409,EXECUTE,619,US,BACKEND,ROOT,Time for initial VTCM acquire
807779409,EXECUTE,353,US,BACKEND,ROOT,Time for HVX + HMX power on and acquire
807779409,EXECUTE,3097589,CYCLES,BACKEND,ROOT,Accelerator (execute) time (cycles)
807779409,EXECUTE,8862,CYCLES,BACKEND,SUB-EVENT,Input OpId_2 (cycles)
807779409,EXECUTE,0,CYCLES,BACKEND,SUB-EVENT,hidden_states_nfc:OpId_17 (cycles)
807779409,EXECUTE,85483,CYCLES,BACKEND,SUB-EVENT,rms_norm__Mul_1_output_0:OpId_22 (cycles)
807779409,EXECUTE,0,CYCLES,BACKEND,SUB-EVENT,_MatMul_2_pre_reshape:OpId_25 (cycles)
807779409,EXECUTE,0,CYCLES,BACKEND,SUB-EVENT,_MatMul_1_pre_reshape:OpId_26 (cycles)
807779409,EXECUTE,0,CYCLES,BACKEND,SUB-EVENT,_MatMul_pre_reshape:OpId_27 (cycles)
807779409,EXECUTE,85382,CYCLES,BACKEND,SUB-EVENT,OpId_28 (cycles)
807779409,EXECUTE,0,CYCLES,BACKEND,SUB-EVENT,_MatMul_lhs_reshape:OpId_30 (cycles)
807779409,EXECUTE,0,CYCLES,BACKEND,SUB-EVENT,_MatMul_lhs_cast_fp16:OpId_31 (cycles)
807779409,EXECUTE,952696,CYCLES,BACKEND,SUB-EVENT,_MatMul:OpId_32 (cycles)
807779409,EXECUTE,0,CYCLES,BACKEND,SUB-EVENT,_MatMul_custom_output_reshape:OpId_33 (cycles)
807779409,EXECUTE,90587,CYCLES,BACKEND,SUB-EVENT,_MatMul_bias_add:OpId_34 (cycles)
807779409,EXECUTE,0,CYCLES,BACKEND,SUB-EVENT,_MatMul_post_reshape:OpId_36 (cycles)
807779409,EXECUTE,0,CYCLES,BACKEND,SUB-EVENT,_MatMul_1:OpId_39 (cycles)
807779409,EXECUTE,0,CYCLES,BACKEND,SUB-EVENT,_MatMul_1_post_reshape:OpId_41 (cycles)
807779409,EXECUTE,0,CYCLES,BACKEND,SUB-EVENT,_MatMul_2:OpId_44 (cycles)
807779409,EXECUTE,0,CYCLES,BACKEND,SUB-EVENT,_MatMul_2_post_reshape:OpId_46 (cycles)
807779409,EXECUTE,24279,CYCLES,BACKEND,SUB-EVENT,_Transpose:OpId_48 (cycles)
807779409,EXECUTE,10984,CYCLES,BACKEND,SUB-EVENT,_Transpose_1:OpId_50 (cycles)
807779409,EXECUTE,16188,CYCLES,BACKEND,SUB-EVENT,_Transpose_2:OpId_52 (cycles)
807779409,EXECUTE,22649,CYCLES,BACKEND,SUB-EVENT,_Slice:OpId_54 (cycles)
807779409,EXECUTE,7383,CYCLES,BACKEND,SUB-EVENT,_Slice_1:OpId_60 (cycles)
807779409,EXECUTE,6678,CYCLES,BACKEND,SUB-EVENT,_Mul_2:OpId_66 (cycles)
807779409,EXECUTE,4774,CYCLES,BACKEND,SUB-EVENT,_Mul_3:OpId_69 (cycles)
807779409,EXECUTE,1711,CYCLES,BACKEND,SUB-EVENT,_Sub:OpId_71 (cycles)
807779409,EXECUTE,6662,CYCLES,BACKEND,SUB-EVENT,_Mul_4:OpId_73 (cycles)
807779409,EXECUTE,4759,CYCLES,BACKEND,SUB-EVENT,_Mul_5:OpId_75 (cycles)
807779409,EXECUTE,1410,CYCLES,BACKEND,SUB-EVENT,_Add_4:OpId_77 (cycles)
807779409,EXECUTE,0,CYCLES,BACKEND,SUB-EVENT,_Unsqueeze:OpId_79 (cycles)
807779409,EXECUTE,0,CYCLES,BACKEND,SUB-EVENT,_Unsqueeze_1:OpId_80 (cycles)
807779409,EXECUTE,3492,CYCLES,BACKEND,SUB-EVENT,_Concat:OpId_81 (cycles)
807779409,EXECUTE,0,CYCLES,BACKEND,SUB-EVENT,_Reshape_3:OpId_83 (cycles)
807779409,EXECUTE,22965,CYCLES,BACKEND,SUB-EVENT,_Slice_3:OpId_85 (cycles)
807779409,EXECUTE,5243,CYCLES,BACKEND,SUB-EVENT,_Slice_4:OpId_91 (cycles)
807779409,EXECUTE,5803,CYCLES,BACKEND,SUB-EVENT,_Mul_6:OpId_96 (cycles)
807779409,EXECUTE,2968,CYCLES,BACKEND,SUB-EVENT,_Mul_7:OpId_98 (cycles)
807779409,EXECUTE,1322,CYCLES,BACKEND,SUB-EVENT,_Sub_1:OpId_100 (cycles)
807779409,EXECUTE,5719,CYCLES,BACKEND,SUB-EVENT,_Mul_8:OpId_102 (cycles)
807779409,EXECUTE,2690,CYCLES,BACKEND,SUB-EVENT,_Mul_9:OpId_104 (cycles)
807779409,EXECUTE,1492,CYCLES,BACKEND,SUB-EVENT,_Add_5:OpId_106 (cycles)
807779409,EXECUTE,0,CYCLES,BACKEND,SUB-EVENT,_Unsqueeze_2:OpId_108 (cycles)
807779409,EXECUTE,0,CYCLES,BACKEND,SUB-EVENT,_Unsqueeze_3:OpId_109 (cycles)
807779409,EXECUTE,2715,CYCLES,BACKEND,SUB-EVENT,_Concat_2:OpId_110 (cycles)
807779409,EXECUTE,3160,CYCLES,BACKEND,SUB-EVENT,_Reshape_4:OpId_112 (cycles)
807779409,EXECUTE,0,CYCLES,BACKEND,SUB-EVENT,_Unsqueeze_4:OpId_113 (cycles)
807779409,EXECUTE,2323,CYCLES,BACKEND,SUB-EVENT,_Tile:OpId_115 (cycles)
807779409,EXECUTE,0,CYCLES,BACKEND,SUB-EVENT,_Reshape_5:OpId_116 (cycles)
807779409,EXECUTE,0,CYCLES,BACKEND,SUB-EVENT,_Unsqueeze_5:OpId_117 (cycles)
807779409,EXECUTE,3692,CYCLES,BACKEND,SUB-EVENT,_Tile_1:OpId_119 (cycles)
807779409,EXECUTE,0,CYCLES,BACKEND,SUB-EVENT,_Reshape_6:OpId_120 (cycles)
807779409,EXECUTE,0,CYCLES,BACKEND,SUB-EVENT,_Transpose_3:OpId_122 (cycles)
807779409,EXECUTE,73811,CYCLES,BACKEND,SUB-EVENT,_MatMul_3:OpId_123 (cycles)
807779409,EXECUTE,13849,CYCLES,BACKEND,SUB-EVENT,_Div_1:OpId_128 (cycles)
807779409,EXECUTE,3748,CYCLES,BACKEND,SUB-EVENT,_Add_6:OpId_131 (cycles)
807779409,EXECUTE,64807,CYCLES,BACKEND,SUB-EVENT,_Softmax:OpId_133 (cycles)
807779409,EXECUTE,16312,CYCLES,BACKEND,SUB-EVENT,_MatMul_4:OpId_136 (cycles)
807779409,EXECUTE,0,CYCLES,BACKEND,SUB-EVENT,_Transpose_4:OpId_141 (cycles)
807779409,EXECUTE,0,CYCLES,BACKEND,SUB-EVENT,_Reshape_7:OpId_142 (cycles)
807779409,EXECUTE,10317,CYCLES,BACKEND,SUB-EVENT,_MatMul_5:OpId_144 (cycles)
807779409,EXECUTE,0,CYCLES,BACKEND,SUB-EVENT,_MatMul_5_post_reshape:OpId_147 (cycles)
807779409,EXECUTE,0,CYCLES,BACKEND,SUB-EVENT,_MatMul_5_output_0_nfc:OpId_149 (cycles)
807779409,EXECUTE,2632,CYCLES,BACKEND,SUB-EVENT,_Add_7:OpId_151 (cycles)
807779409,EXECUTE,0,CYCLES,BACKEND,SUB-EVENT,_Add_7_output_0_ncf:OpId_154 (cycles)
807779409,EXECUTE,12070,CYCLES,BACKEND,SUB-EVENT,rms_norm__Mul_11_output_0:OpId_159 (cycles)
807779409,EXECUTE,0,CYCLES,BACKEND,SUB-EVENT,_MatMul_7_pre_reshape:OpId_162 (cycles)
807779409,EXECUTE,0,CYCLES,BACKEND,SUB-EVENT,_MatMul_6_pre_reshape:OpId_163 (cycles)
807779409,EXECUTE,379413,CYCLES,BACKEND,SUB-EVENT,_MatMul_6:OpId_165 (cycles)
807779409,EXECUTE,0,CYCLES,BACKEND,SUB-EVENT,_MatMul_6_post_reshape:OpId_168 (cycles)
807779409,EXECUTE,355220,CYCLES,BACKEND,SUB-EVENT,_MatMul_7:OpId_170 (cycles)
807779409,EXECUTE,0,CYCLES,BACKEND,SUB-EVENT,_MatMul_7_post_reshape:OpId_173 (cycles)
807779409,EXECUTE,0,CYCLES,BACKEND,SUB-EVENT,_Sigmoid:OpId_174 (cycles)
807779409,EXECUTE,213531,CYCLES,BACKEND,SUB-EVENT,_Mul_12:OpId_181 (cycles)
807779409,EXECUTE,108013,CYCLES,BACKEND,SUB-EVENT,_Mul_13:OpId_183 (cycles)
807779409,EXECUTE,0,CYCLES,BACKEND,SUB-EVENT,_MatMul_8_pre_reshape:OpId_185 (cycles)
807779409,EXECUTE,390448,CYCLES,BACKEND,SUB-EVENT,_MatMul_8:OpId_187 (cycles)
807779409,EXECUTE,0,CYCLES,BACKEND,SUB-EVENT,_MatMul_8_post_reshape:OpId_190 (cycles)
807779409,EXECUTE,0,CYCLES,BACKEND,SUB-EVENT,_MatMul_8_output_0_nfc:OpId_192 (cycles)
807779409,EXECUTE,7191,CYCLES,BACKEND,SUB-EVENT,_Add_9:OpId_194 (cycles)
807779409,EXECUTE,39244,CYCLES,BACKEND,SUB-EVENT,hidden_out_ncf:OpId_197 (cycles)
807779409,EXECUTE,12912,CYCLES,BACKEND,SUB-EVENT,Output OpId_3 (cycles)
807779409,EXECUTE,4723,US,BACKEND,ROOT,Accelerator (execute) time
807779409,EXECUTE,4575,US,BACKEND,ROOT,Accelerator (execute excluding wait) time
807779409,EXECUTE,13295,US,BACKEND,ROOT,QNN (execute) time
807798891,EXECUTE,13152,US,NETRUN,ROOT,Graph 0: qwen2_0_5b_layer0_prefill_seq16
807798891,EXECUTE,4,COUNT,BACKEND,ROOT,Number of HVX threads used
807798891,EXECUTE,12669,US,BACKEND,ROOT,RPC (execute) time
807798891,EXECUTE,10385,US,BACKEND,ROOT,QNN accelerator (execute) time
807798891,EXECUTE,0,COUNT,BACKEND,ROOT,Num times yield occured
807798891,EXECUTE,653,US,BACKEND,ROOT,Time for initial VTCM acquire
807798891,EXECUTE,315,US,BACKEND,ROOT,Time for HVX + HMX power on and acquire
807798891,EXECUTE,3158172,CYCLES,BACKEND,ROOT,Accelerator (execute) time (cycles)
807798891,EXECUTE,4648,CYCLES,BACKEND,SUB-EVENT,Input OpId_2 (cycles)
807798891,EXECUTE,0,CYCLES,BACKEND,SUB-EVENT,hidden_states_nfc:OpId_17 (cycles)
807798891,EXECUTE,192430,CYCLES,BACKEND,SUB-EVENT,rms_norm__Mul_1_output_0:OpId_22 (cycles)
807798891,EXECUTE,0,CYCLES,BACKEND,SUB-EVENT,_MatMul_2_pre_reshape:OpId_25 (cycles)
807798891,EXECUTE,0,CYCLES,BACKEND,SUB-EVENT,_MatMul_1_pre_reshape:OpId_26 (cycles)
807798891,EXECUTE,0,CYCLES,BACKEND,SUB-EVENT,_MatMul_pre_reshape:OpId_27 (cycles)
807798891,EXECUTE,4436,CYCLES,BACKEND,SUB-EVENT,OpId_28 (cycles)
807798891,EXECUTE,0,CYCLES,BACKEND,SUB-EVENT,_MatMul_lhs_reshape:OpId_30 (cycles)
807798891,EXECUTE,0,CYCLES,BACKEND,SUB-EVENT,_MatMul_lhs_cast_fp16:OpId_31 (cycles)
807798891,EXECUTE,883358,CYCLES,BACKEND,SUB-EVENT,_MatMul:OpId_32 (cycles)
807798891,EXECUTE,0,CYCLES,BACKEND,SUB-EVENT,_MatMul_custom_output_reshape:OpId_33 (cycles)
807798891,EXECUTE,152671,CYCLES,BACKEND,SUB-EVENT,_MatMul_bias_add:OpId_34 (cycles)
807798891,EXECUTE,0,CYCLES,BACKEND,SUB-EVENT,_MatMul_post_reshape:OpId_36 (cycles)
807798891,EXECUTE,0,CYCLES,BACKEND,SUB-EVENT,_MatMul_1:OpId_39 (cycles)
807798891,EXECUTE,0,CYCLES,BACKEND,SUB-EVENT,_MatMul_1_post_reshape:OpId_41 (cycles)
807798891,EXECUTE,0,CYCLES,BACKEND,SUB-EVENT,_MatMul_2:OpId_44 (cycles)
807798891,EXECUTE,0,CYCLES,BACKEND,SUB-EVENT,_MatMul_2_post_reshape:OpId_46 (cycles)
807798891,EXECUTE,31316,CYCLES,BACKEND,SUB-EVENT,_Transpose:OpId_48 (cycles)
807798891,EXECUTE,24826,CYCLES,BACKEND,SUB-EVENT,_Transpose_1:OpId_50 (cycles)
807798891,EXECUTE,26879,CYCLES,BACKEND,SUB-EVENT,_Transpose_2:OpId_52 (cycles)
807798891,EXECUTE,22505,CYCLES,BACKEND,SUB-EVENT,_Slice:OpId_54 (cycles)
807798891,EXECUTE,7696,CYCLES,BACKEND,SUB-EVENT,_Slice_1:OpId_60 (cycles)
807798891,EXECUTE,6884,CYCLES,BACKEND,SUB-EVENT,_Mul_2:OpId_66 (cycles)
807798891,EXECUTE,4592,CYCLES,BACKEND,SUB-EVENT,_Mul_3:OpId_69 (cycles)
807798891,EXECUTE,1608,CYCLES,BACKEND,SUB-EVENT,_Sub:OpId_71 (cycles)
807798891,EXECUTE,6880,CYCLES,BACKEND,SUB-EVENT,_Mul_4:OpId_73 (cycles)
807798891,EXECUTE,4578,CYCLES,BACKEND,SUB-EVENT,_Mul_5:OpId_75 (cycles)
807798891,EXECUTE,5821,CYCLES,BACKEND,SUB-EVENT,_Add_4:OpId_77 (cycles)
807798891,EXECUTE,0,CYCLES,BACKEND,SUB-EVENT,_Unsqueeze:OpId_79 (cycles)
807798891,EXECUTE,0,CYCLES,BACKEND,SUB-EVENT,_Unsqueeze_1:OpId_80 (cycles)
807798891,EXECUTE,3284,CYCLES,BACKEND,SUB-EVENT,_Concat:OpId_81 (cycles)
807798891,EXECUTE,0,CYCLES,BACKEND,SUB-EVENT,_Reshape_3:OpId_83 (cycles)
807798891,EXECUTE,54100,CYCLES,BACKEND,SUB-EVENT,_Slice_3:OpId_85 (cycles)
807798891,EXECUTE,6012,CYCLES,BACKEND,SUB-EVENT,_Slice_4:OpId_91 (cycles)
807798891,EXECUTE,13439,CYCLES,BACKEND,SUB-EVENT,_Mul_6:OpId_96 (cycles)
807798891,EXECUTE,10753,CYCLES,BACKEND,SUB-EVENT,_Mul_7:OpId_98 (cycles)
807798891,EXECUTE,1269,CYCLES,BACKEND,SUB-EVENT,_Sub_1:OpId_100 (cycles)
807798891,EXECUTE,13411,CYCLES,BACKEND,SUB-EVENT,_Mul_8:OpId_102 (cycles)
807798891,EXECUTE,10362,CYCLES,BACKEND,SUB-EVENT,_Mul_9:OpId_104 (cycles)
807798891,EXECUTE,1432,CYCLES,BACKEND,SUB-EVENT,_Add_5:OpId_106 (cycles)
807798891,EXECUTE,0,CYCLES,BACKEND,SUB-EVENT,_Unsqueeze_2:OpId_108 (cycles)
807798891,EXECUTE,0,CYCLES,BACKEND,SUB-EVENT,_Unsqueeze_3:OpId_109 (cycles)
807798891,EXECUTE,1969,CYCLES,BACKEND,SUB-EVENT,_Concat_2:OpId_110 (cycles)
807798891,EXECUTE,3293,CYCLES,BACKEND,SUB-EVENT,_Reshape_4:OpId_112 (cycles)
807798891,EXECUTE,0,CYCLES,BACKEND,SUB-EVENT,_Unsqueeze_4:OpId_113 (cycles)
807798891,EXECUTE,2544,CYCLES,BACKEND,SUB-EVENT,_Tile:OpId_115 (cycles)
807798891,EXECUTE,0,CYCLES,BACKEND,SUB-EVENT,_Reshape_5:OpId_116 (cycles)
807798891,EXECUTE,0,CYCLES,BACKEND,SUB-EVENT,_Unsqueeze_5:OpId_117 (cycles)
807798891,EXECUTE,15089,CYCLES,BACKEND,SUB-EVENT,_Tile_1:OpId_119 (cycles)
807798891,EXECUTE,0,CYCLES,BACKEND,SUB-EVENT,_Reshape_6:OpId_120 (cycles)
807798891,EXECUTE,0,CYCLES,BACKEND,SUB-EVENT,_Transpose_3:OpId_122 (cycles)
807798891,EXECUTE,135729,CYCLES,BACKEND,SUB-EVENT,_MatMul_3:OpId_123 (cycles)
807798891,EXECUTE,12404,CYCLES,BACKEND,SUB-EVENT,_Div_1:OpId_128 (cycles)
807798891,EXECUTE,8168,CYCLES,BACKEND,SUB-EVENT,_Add_6:OpId_131 (cycles)
807798891,EXECUTE,55395,CYCLES,BACKEND,SUB-EVENT,_Softmax:OpId_133 (cycles)
807798891,EXECUTE,55335,CYCLES,BACKEND,SUB-EVENT,_MatMul_4:OpId_136 (cycles)
807798891,EXECUTE,0,CYCLES,BACKEND,SUB-EVENT,_Transpose_4:OpId_141 (cycles)
807798891,EXECUTE,0,CYCLES,BACKEND,SUB-EVENT,_Reshape_7:OpId_142 (cycles)
807798891,EXECUTE,17520,CYCLES,BACKEND,SUB-EVENT,_MatMul_5:OpId_144 (cycles)
807798891,EXECUTE,0,CYCLES,BACKEND,SUB-EVENT,_MatMul_5_post_reshape:OpId_147 (cycles)
807798891,EXECUTE,0,CYCLES,BACKEND,SUB-EVENT,_MatMul_5_output_0_nfc:OpId_149 (cycles)
807798891,EXECUTE,2664,CYCLES,BACKEND,SUB-EVENT,_Add_7:OpId_151 (cycles)
807798891,EXECUTE,0,CYCLES,BACKEND,SUB-EVENT,_Add_7_output_0_ncf:OpId_154 (cycles)
807798891,EXECUTE,12060,CYCLES,BACKEND,SUB-EVENT,rms_norm__Mul_11_output_0:OpId_159 (cycles)
807798891,EXECUTE,0,CYCLES,BACKEND,SUB-EVENT,_MatMul_7_pre_reshape:OpId_162 (cycles)
807798891,EXECUTE,0,CYCLES,BACKEND,SUB-EVENT,_MatMul_6_pre_reshape:OpId_163 (cycles)
807798891,EXECUTE,231056,CYCLES,BACKEND,SUB-EVENT,_MatMul_6:OpId_165 (cycles)
807798891,EXECUTE,0,CYCLES,BACKEND,SUB-EVENT,_MatMul_6_post_reshape:OpId_168 (cycles)
807798891,EXECUTE,364697,CYCLES,BACKEND,SUB-EVENT,_MatMul_7:OpId_170 (cycles)
807798891,EXECUTE,0,CYCLES,BACKEND,SUB-EVENT,_MatMul_7_post_reshape:OpId_173 (cycles)
807798891,EXECUTE,0,CYCLES,BACKEND,SUB-EVENT,_Sigmoid:OpId_174 (cycles)
807798891,EXECUTE,190442,CYCLES,BACKEND,SUB-EVENT,_Mul_12:OpId_181 (cycles)
807798891,EXECUTE,103449,CYCLES,BACKEND,SUB-EVENT,_Mul_13:OpId_183 (cycles)
807798891,EXECUTE,0,CYCLES,BACKEND,SUB-EVENT,_MatMul_8_pre_reshape:OpId_185 (cycles)
807798891,EXECUTE,393339,CYCLES,BACKEND,SUB-EVENT,_MatMul_8:OpId_187 (cycles)
807798891,EXECUTE,0,CYCLES,BACKEND,SUB-EVENT,_MatMul_8_post_reshape:OpId_190 (cycles)
807798891,EXECUTE,0,CYCLES,BACKEND,SUB-EVENT,_MatMul_8_output_0_nfc:OpId_192 (cycles)
807798891,EXECUTE,7096,CYCLES,BACKEND,SUB-EVENT,_Add_9:OpId_194 (cycles)
807798891,EXECUTE,39340,CYCLES,BACKEND,SUB-EVENT,hidden_out_ncf:OpId_197 (cycles)
807798891,EXECUTE,11393,CYCLES,BACKEND,SUB-EVENT,Output OpId_3 (cycles)
807798891,EXECUTE,4469,US,BACKEND,ROOT,Accelerator (execute) time
807798891,EXECUTE,4324,US,BACKEND,ROOT,Accelerator (execute excluding wait) time
807798891,EXECUTE,13125,US,BACKEND,ROOT,QNN (execute) time
807818070,EXECUTE,13403,US,NETRUN,ROOT,Graph 0: qwen2_0_5b_layer0_prefill_seq16
807818070,EXECUTE,4,COUNT,BACKEND,ROOT,Number of HVX threads used
807818070,EXECUTE,12546,US,BACKEND,ROOT,RPC (execute) time
807818070,EXECUTE,10347,US,BACKEND,ROOT,QNN accelerator (execute) time
807818070,EXECUTE,0,COUNT,BACKEND,ROOT,Num times yield occured
807818070,EXECUTE,642,US,BACKEND,ROOT,Time for initial VTCM acquire
807818070,EXECUTE,318,US,BACKEND,ROOT,Time for HVX + HMX power on and acquire
807818070,EXECUTE,3220975,CYCLES,BACKEND,ROOT,Accelerator (execute) time (cycles)
807818070,EXECUTE,4817,CYCLES,BACKEND,SUB-EVENT,Input OpId_2 (cycles)
807818070,EXECUTE,0,CYCLES,BACKEND,SUB-EVENT,hidden_states_nfc:OpId_17 (cycles)
807818070,EXECUTE,296872,CYCLES,BACKEND,SUB-EVENT,rms_norm__Mul_1_output_0:OpId_22 (cycles)
807818070,EXECUTE,0,CYCLES,BACKEND,SUB-EVENT,_MatMul_2_pre_reshape:OpId_25 (cycles)
807818070,EXECUTE,0,CYCLES,BACKEND,SUB-EVENT,_MatMul_1_pre_reshape:OpId_26 (cycles)
807818070,EXECUTE,0,CYCLES,BACKEND,SUB-EVENT,_MatMul_pre_reshape:OpId_27 (cycles)
807818070,EXECUTE,4441,CYCLES,BACKEND,SUB-EVENT,OpId_28 (cycles)
807818070,EXECUTE,0,CYCLES,BACKEND,SUB-EVENT,_MatMul_lhs_reshape:OpId_30 (cycles)
807818070,EXECUTE,0,CYCLES,BACKEND,SUB-EVENT,_MatMul_lhs_cast_fp16:OpId_31 (cycles)
807818070,EXECUTE,826368,CYCLES,BACKEND,SUB-EVENT,_MatMul:OpId_32 (cycles)
807818070,EXECUTE,0,CYCLES,BACKEND,SUB-EVENT,_MatMul_custom_output_reshape:OpId_33 (cycles)
807818070,EXECUTE,165064,CYCLES,BACKEND,SUB-EVENT,_MatMul_bias_add:OpId_34 (cycles)
807818070,EXECUTE,0,CYCLES,BACKEND,SUB-EVENT,_MatMul_post_reshape:OpId_36 (cycles)
807818070,EXECUTE,0,CYCLES,BACKEND,SUB-EVENT,_MatMul_1:OpId_39 (cycles)
807818070,EXECUTE,0,CYCLES,BACKEND,SUB-EVENT,_MatMul_1_post_reshape:OpId_41 (cycles)
807818070,EXECUTE,0,CYCLES,BACKEND,SUB-EVENT,_MatMul_2:OpId_44 (cycles)
807818070,EXECUTE,0,CYCLES,BACKEND,SUB-EVENT,_MatMul_2_post_reshape:OpId_46 (cycles)
807818070,EXECUTE,33203,CYCLES,BACKEND,SUB-EVENT,_Transpose:OpId_48 (cycles)
807818070,EXECUTE,18709,CYCLES,BACKEND,SUB-EVENT,_Transpose_1:OpId_50 (cycles)
807818070,EXECUTE,16494,CYCLES,BACKEND,SUB-EVENT,_Transpose_2:OpId_52 (cycles)
807818070,EXECUTE,22223,CYCLES,BACKEND,SUB-EVENT,_Slice:OpId_54 (cycles)
807818070,EXECUTE,7415,CYCLES,BACKEND,SUB-EVENT,_Slice_1:OpId_60 (cycles)
807818070,EXECUTE,6900,CYCLES,BACKEND,SUB-EVENT,_Mul_2:OpId_66 (cycles)
807818070,EXECUTE,5287,CYCLES,BACKEND,SUB-EVENT,_Mul_3:OpId_69 (cycles)
807818070,EXECUTE,1005,CYCLES,BACKEND,SUB-EVENT,_Sub:OpId_71 (cycles)
807818070,EXECUTE,6341,CYCLES,BACKEND,SUB-EVENT,_Mul_4:OpId_73 (cycles)
807818070,EXECUTE,4929,CYCLES,BACKEND,SUB-EVENT,_Mul_5:OpId_75 (cycles)
807818070,EXECUTE,10896,CYCLES,BACKEND,SUB-EVENT,_Add_4:OpId_77 (cycles)
807818070,EXECUTE,0,CYCLES,BACKEND,SUB-EVENT,_Unsqueeze:OpId_79 (cycles)
807818070,EXECUTE,0,CYCLES,BACKEND,SUB-EVENT,_Unsqueeze_1:OpId_80 (cycles)
807818070,EXECUTE,3981,CYCLES,BACKEND,SUB-EVENT,_Concat:OpId_81 (cycles)
807818070,EXECUTE,0,CYCLES,BACKEND,SUB-EVENT,_Reshape_3:OpId_83 (cycles)
807818070,EXECUTE,56712,CYCLES,BACKEND,SUB-EVENT,_Slice_3:OpId_85 (cycles)
807818070,EXECUTE,6143,CYCLES,BACKEND,SUB-EVENT,_Slice_4:OpId_91 (cycles)
807818070,EXECUTE,14088,CYCLES,BACKEND,SUB-EVENT,_Mul_6:OpId_96 (cycles)
807818070,EXECUTE,11171,CYCLES,BACKEND,SUB-EVENT,_Mul_7:OpId_98 (cycles)
807818070,EXECUTE,1196,CYCLES,BACKEND,SUB-EVENT,_Sub_1:OpId_100 (cycles)
807818070,EXECUTE,18750,CYCLES,BACKEND,SUB-EVENT,_Mul_8:OpId_102 (cycles)
807818070,EXECUTE,10756,CYCLES,BACKEND,SUB-EVENT,_Mul_9:OpId_104 (cycles)
807818070,EXECUTE,1449,CYCLES,BACKEND,SUB-EVENT,_Add_5:OpId_106 (cycles)
807818070,EXECUTE,0,CYCLES,BACKEND,SUB-EVENT,_Unsqueeze_2:OpId_108 (cycles)
807818070,EXECUTE,0,CYCLES,BACKEND,SUB-EVENT,_Unsqueeze_3:OpId_109 (cycles)
807818070,EXECUTE,2869,CYCLES,BACKEND,SUB-EVENT,_Concat_2:OpId_110 (cycles)
807818070,EXECUTE,2877,CYCLES,BACKEND,SUB-EVENT,_Reshape_4:OpId_112 (cycles)
807818070,EXECUTE,0,CYCLES,BACKEND,SUB-EVENT,_Unsqueeze_4:OpId_113 (cycles)
807818070,EXECUTE,2375,CYCLES,BACKEND,SUB-EVENT,_Tile:OpId_115 (cycles)
807818070,EXECUTE,0,CYCLES,BACKEND,SUB-EVENT,_Reshape_5:OpId_116 (cycles)
807818070,EXECUTE,0,CYCLES,BACKEND,SUB-EVENT,_Unsqueeze_5:OpId_117 (cycles)
807818070,EXECUTE,11673,CYCLES,BACKEND,SUB-EVENT,_Tile_1:OpId_119 (cycles)
807818070,EXECUTE,0,CYCLES,BACKEND,SUB-EVENT,_Reshape_6:OpId_120 (cycles)
807818070,EXECUTE,0,CYCLES,BACKEND,SUB-EVENT,_Transpose_3:OpId_122 (cycles)
807818070,EXECUTE,136564,CYCLES,BACKEND,SUB-EVENT,_MatMul_3:OpId_123 (cycles)
807818070,EXECUTE,14148,CYCLES,BACKEND,SUB-EVENT,_Div_1:OpId_128 (cycles)
807818070,EXECUTE,11781,CYCLES,BACKEND,SUB-EVENT,_Add_6:OpId_131 (cycles)
807818070,EXECUTE,64269,CYCLES,BACKEND,SUB-EVENT,_Softmax:OpId_133 (cycles)
807818070,EXECUTE,41596,CYCLES,BACKEND,SUB-EVENT,_MatMul_4:OpId_136 (cycles)
807818070,EXECUTE,0,CYCLES,BACKEND,SUB-EVENT,_Transpose_4:OpId_141 (cycles)
807818070,EXECUTE,0,CYCLES,BACKEND,SUB-EVENT,_Reshape_7:OpId_142 (cycles)
807818070,EXECUTE,19539,CYCLES,BACKEND,SUB-EVENT,_MatMul_5:OpId_144 (cycles)
807818070,EXECUTE,0,CYCLES,BACKEND,SUB-EVENT,_MatMul_5_post_reshape:OpId_147 (cycles)
807818070,EXECUTE,0,CYCLES,BACKEND,SUB-EVENT,_MatMul_5_output_0_nfc:OpId_149 (cycles)
807818070,EXECUTE,2634,CYCLES,BACKEND,SUB-EVENT,_Add_7:OpId_151 (cycles)
807818070,EXECUTE,0,CYCLES,BACKEND,SUB-EVENT,_Add_7_output_0_ncf:OpId_154 (cycles)
807818070,EXECUTE,12103,CYCLES,BACKEND,SUB-EVENT,rms_norm__Mul_11_output_0:OpId_159 (cycles)
807818070,EXECUTE,0,CYCLES,BACKEND,SUB-EVENT,_MatMul_7_pre_reshape:OpId_162 (cycles)
807818070,EXECUTE,0,CYCLES,BACKEND,SUB-EVENT,_MatMul_6_pre_reshape:OpId_163 (cycles)
807818070,EXECUTE,238858,CYCLES,BACKEND,SUB-EVENT,_MatMul_6:OpId_165 (cycles)
807818070,EXECUTE,0,CYCLES,BACKEND,SUB-EVENT,_MatMul_6_post_reshape:OpId_168 (cycles)
807818070,EXECUTE,358363,CYCLES,BACKEND,SUB-EVENT,_MatMul_7:OpId_170 (cycles)
807818070,EXECUTE,0,CYCLES,BACKEND,SUB-EVENT,_MatMul_7_post_reshape:OpId_173 (cycles)
807818070,EXECUTE,0,CYCLES,BACKEND,SUB-EVENT,_Sigmoid:OpId_174 (cycles)
807818070,EXECUTE,200770,CYCLES,BACKEND,SUB-EVENT,_Mul_12:OpId_181 (cycles)
807818070,EXECUTE,100079,CYCLES,BACKEND,SUB-EVENT,_Mul_13:OpId_183 (cycles)
807818070,EXECUTE,0,CYCLES,BACKEND,SUB-EVENT,_MatMul_8_pre_reshape:OpId_185 (cycles)
807818070,EXECUTE,391493,CYCLES,BACKEND,SUB-EVENT,_MatMul_8:OpId_187 (cycles)
807818070,EXECUTE,0,CYCLES,BACKEND,SUB-EVENT,_MatMul_8_post_reshape:OpId_190 (cycles)
807818070,EXECUTE,0,CYCLES,BACKEND,SUB-EVENT,_MatMul_8_output_0_nfc:OpId_192 (cycles)
807818070,EXECUTE,7160,CYCLES,BACKEND,SUB-EVENT,_Add_9:OpId_194 (cycles)
807818070,EXECUTE,36115,CYCLES,BACKEND,SUB-EVENT,hidden_out_ncf:OpId_197 (cycles)
807818070,EXECUTE,10499,CYCLES,BACKEND,SUB-EVENT,Output OpId_3 (cycles)
807818070,EXECUTE,4530,US,BACKEND,ROOT,Accelerator (execute) time
807818070,EXECUTE,4381,US,BACKEND,ROOT,Accelerator (execute excluding wait) time
807818070,EXECUTE,13379,US,BACKEND,ROOT,QNN (execute) time
807837461,EXECUTE,13621,US,NETRUN,ROOT,Graph 0: qwen2_0_5b_layer0_prefill_seq16
807837461,EXECUTE,4,COUNT,BACKEND,ROOT,Number of HVX threads used
807837461,EXECUTE,13135,US,BACKEND,ROOT,RPC (execute) time
807837461,EXECUTE,10492,US,BACKEND,ROOT,QNN accelerator (execute) time
807837461,EXECUTE,0,COUNT,BACKEND,ROOT,Num times yield occured
807837461,EXECUTE,949,US,BACKEND,ROOT,Time for initial VTCM acquire
807837461,EXECUTE,331,US,BACKEND,ROOT,Time for HVX + HMX power on and acquire
807837461,EXECUTE,3185699,CYCLES,BACKEND,ROOT,Accelerator (execute) time (cycles)
807837461,EXECUTE,3739,CYCLES,BACKEND,SUB-EVENT,Input OpId_2 (cycles)
807837461,EXECUTE,0,CYCLES,BACKEND,SUB-EVENT,hidden_states_nfc:OpId_17 (cycles)
807837461,EXECUTE,278338,CYCLES,BACKEND,SUB-EVENT,rms_norm__Mul_1_output_0:OpId_22 (cycles)
807837461,EXECUTE,0,CYCLES,BACKEND,SUB-EVENT,_MatMul_2_pre_reshape:OpId_25 (cycles)
807837461,EXECUTE,0,CYCLES,BACKEND,SUB-EVENT,_MatMul_1_pre_reshape:OpId_26 (cycles)
807837461,EXECUTE,0,CYCLES,BACKEND,SUB-EVENT,_MatMul_pre_reshape:OpId_27 (cycles)
807837461,EXECUTE,4590,CYCLES,BACKEND,SUB-EVENT,OpId_28 (cycles)
807837461,EXECUTE,0,CYCLES,BACKEND,SUB-EVENT,_MatMul_lhs_reshape:OpId_30 (cycles)
807837461,EXECUTE,0,CYCLES,BACKEND,SUB-EVENT,_MatMul_lhs_cast_fp16:OpId_31 (cycles)
807837461,EXECUTE,815599,CYCLES,BACKEND,SUB-EVENT,_MatMul:OpId_32 (cycles)
807837461,EXECUTE,0,CYCLES,BACKEND,SUB-EVENT,_MatMul_custom_output_reshape:OpId_33 (cycles)
807837461,EXECUTE,176610,CYCLES,BACKEND,SUB-EVENT,_MatMul_bias_add:OpId_34 (cycles)
807837461,EXECUTE,0,CYCLES,BACKEND,SUB-EVENT,_MatMul_post_reshape:OpId_36 (cycles)
807837461,EXECUTE,0,CYCLES,BACKEND,SUB-EVENT,_MatMul_1:OpId_39 (cycles)
807837461,EXECUTE,0,CYCLES,BACKEND,SUB-EVENT,_MatMul_1_post_reshape:OpId_41 (cycles)
807837461,EXECUTE,0,CYCLES,BACKEND,SUB-EVENT,_MatMul_2:OpId_44 (cycles)
807837461,EXECUTE,0,CYCLES,BACKEND,SUB-EVENT,_MatMul_2_post_reshape:OpId_46 (cycles)
807837461,EXECUTE,30668,CYCLES,BACKEND,SUB-EVENT,_Transpose:OpId_48 (cycles)
807837461,EXECUTE,18282,CYCLES,BACKEND,SUB-EVENT,_Transpose_1:OpId_50 (cycles)
807837461,EXECUTE,18258,CYCLES,BACKEND,SUB-EVENT,_Transpose_2:OpId_52 (cycles)
807837461,EXECUTE,28580,CYCLES,BACKEND,SUB-EVENT,_Slice:OpId_54 (cycles)
807837461,EXECUTE,7772,CYCLES,BACKEND,SUB-EVENT,_Slice_1:OpId_60 (cycles)
807837461,EXECUTE,6979,CYCLES,BACKEND,SUB-EVENT,_Mul_2:OpId_66 (cycles)
807837461,EXECUTE,4952,CYCLES,BACKEND,SUB-EVENT,_Mul_3:OpId_69 (cycles)
807837461,EXECUTE,1503,CYCLES,BACKEND,SUB-EVENT,_Sub:OpId_71 (cycles)
807837461,EXECUTE,7504,CYCLES,BACKEND,SUB-EVENT,_Mul_4:OpId_73 (cycles)
807837461,EXECUTE,4896,CYCLES,BACKEND,SUB-EVENT,_Mul_5:OpId_75 (cycles)
807837461,EXECUTE,5646,CYCLES,BACKEND,SUB-EVENT,_Add_4:OpId_77 (cycles)
807837461,EXECUTE,0,CYCLES,BACKEND,SUB-EVENT,_Unsqueeze:OpId_79 (cycles)
807837461,EXECUTE,0,CYCLES,BACKEND,SUB-EVENT,_Unsqueeze_1:OpId_80 (cycles)
807837461,EXECUTE,3590,CYCLES,BACKEND,SUB-EVENT,_Concat:OpId_81 (cycles)
807837461,EXECUTE,0,CYCLES,BACKEND,SUB-EVENT,_Reshape_3:OpId_83 (cycles)
807837461,EXECUTE,57078,CYCLES,BACKEND,SUB-EVENT,_Slice_3:OpId_85 (cycles)
807837461,EXECUTE,6736,CYCLES,BACKEND,SUB-EVENT,_Slice_4:OpId_91 (cycles)
807837461,EXECUTE,13366,CYCLES,BACKEND,SUB-EVENT,_Mul_6:OpId_96 (cycles)
807837461,EXECUTE,10196,CYCLES,BACKEND,SUB-EVENT,_Mul_7:OpId_98 (cycles)
807837461,EXECUTE,1145,CYCLES,BACKEND,SUB-EVENT,_Sub_1:OpId_100 (cycles)
807837461,EXECUTE,13308,CYCLES,BACKEND,SUB-EVENT,_Mul_8:OpId_102 (cycles)
807837461,EXECUTE,4531,CYCLES,BACKEND,SUB-EVENT,_Mul_9:OpId_104 (cycles)
807837461,EXECUTE,1337,CYCLES,BACKEND,SUB-EVENT,_Add_5:OpId_106 (cycles)
807837461,EXECUTE,0,CYCLES,BACKEND,SUB-EVENT,_Unsqueeze_2:OpId_108 (cycles)
807837461,EXECUTE,0,CYCLES,BACKEND,SUB-EVENT,_Unsqueeze_3:OpId_109 (cycles)
807837461,EXECUTE,2352,CYCLES,BACKEND,SUB-EVENT,_Concat_2:OpId_110 (cycles)
807837461,EXECUTE,3271,CYCLES,BACKEND,SUB-EVENT,_Reshape_4:OpId_112 (cycles)
807837461,EXECUTE,0,CYCLES,BACKEND,SUB-EVENT,_Unsqueeze_4:OpId_113 (cycles)
807837461,EXECUTE,2619,CYCLES,BACKEND,SUB-EVENT,_Tile:OpId_115 (cycles)
807837461,EXECUTE,0,CYCLES,BACKEND,SUB-EVENT,_Reshape_5:OpId_116 (cycles)
807837461,EXECUTE,0,CYCLES,BACKEND,SUB-EVENT,_Unsqueeze_5:OpId_117 (cycles)
807837461,EXECUTE,15462,CYCLES,BACKEND,SUB-EVENT,_Tile_1:OpId_119 (cycles)
807837461,EXECUTE,0,CYCLES,BACKEND,SUB-EVENT,_Reshape_6:OpId_120 (cycles)
807837461,EXECUTE,0,CYCLES,BACKEND,SUB-EVENT,_Transpose_3:OpId_122 (cycles)
807837461,EXECUTE,138530,CYCLES,BACKEND,SUB-EVENT,_MatMul_3:OpId_123 (cycles)
807837461,EXECUTE,14090,CYCLES,BACKEND,SUB-EVENT,_Div_1:OpId_128 (cycles)
807837461,EXECUTE,12139,CYCLES,BACKEND,SUB-EVENT,_Add_6:OpId_131 (cycles)
807837461,EXECUTE,64126,CYCLES,BACKEND,SUB-EVENT,_Softmax:OpId_133 (cycles)
807837461,EXECUTE,46770,CYCLES,BACKEND,SUB-EVENT,_MatMul_4:OpId_136 (cycles)
807837461,EXECUTE,0,CYCLES,BACKEND,SUB-EVENT,_Transpose_4:OpId_141 (cycles)
807837461,EXECUTE,0,CYCLES,BACKEND,SUB-EVENT,_Reshape_7:OpId_142 (cycles)
807837461,EXECUTE,25327,CYCLES,BACKEND,SUB-EVENT,_MatMul_5:OpId_144 (cycles)
807837461,EXECUTE,0,CYCLES,BACKEND,SUB-EVENT,_MatMul_5_post_reshape:OpId_147 (cycles)
807837461,EXECUTE,0,CYCLES,BACKEND,SUB-EVENT,_MatMul_5_output_0_nfc:OpId_149 (cycles)
807837461,EXECUTE,2661,CYCLES,BACKEND,SUB-EVENT,_Add_7:OpId_151 (cycles)
807837461,EXECUTE,0,CYCLES,BACKEND,SUB-EVENT,_Add_7_output_0_ncf:OpId_154 (cycles)
807837461,EXECUTE,16063,CYCLES,BACKEND,SUB-EVENT,rms_norm__Mul_11_output_0:OpId_159 (cycles)
807837461,EXECUTE,0,CYCLES,BACKEND,SUB-EVENT,_MatMul_7_pre_reshape:OpId_162 (cycles)
807837461,EXECUTE,0,CYCLES,BACKEND,SUB-EVENT,_MatMul_6_pre_reshape:OpId_163 (cycles)
807837461,EXECUTE,226781,CYCLES,BACKEND,SUB-EVENT,_MatMul_6:OpId_165 (cycles)
807837461,EXECUTE,0,CYCLES,BACKEND,SUB-EVENT,_MatMul_6_post_reshape:OpId_168 (cycles)
807837461,EXECUTE,362353,CYCLES,BACKEND,SUB-EVENT,_MatMul_7:OpId_170 (cycles)
807837461,EXECUTE,0,CYCLES,BACKEND,SUB-EVENT,_MatMul_7_post_reshape:OpId_173 (cycles)
807837461,EXECUTE,0,CYCLES,BACKEND,SUB-EVENT,_Sigmoid:OpId_174 (cycles)
807837461,EXECUTE,181073,CYCLES,BACKEND,SUB-EVENT,_Mul_12:OpId_181 (cycles)
807837461,EXECUTE,100513,CYCLES,BACKEND,SUB-EVENT,_Mul_13:OpId_183 (cycles)
807837461,EXECUTE,0,CYCLES,BACKEND,SUB-EVENT,_MatMul_8_pre_reshape:OpId_185 (cycles)
807837461,EXECUTE,389551,CYCLES,BACKEND,SUB-EVENT,_MatMul_8:OpId_187 (cycles)
807837461,EXECUTE,0,CYCLES,BACKEND,SUB-EVENT,_MatMul_8_post_reshape:OpId_190 (cycles)
807837461,EXECUTE,0,CYCLES,BACKEND,SUB-EVENT,_MatMul_8_output_0_nfc:OpId_192 (cycles)
807837461,EXECUTE,7127,CYCLES,BACKEND,SUB-EVENT,_Add_9:OpId_194 (cycles)
807837461,EXECUTE,37807,CYCLES,BACKEND,SUB-EVENT,hidden_out_ncf:OpId_197 (cycles)
807837461,EXECUTE,11881,CYCLES,BACKEND,SUB-EVENT,Output OpId_3 (cycles)
807837461,EXECUTE,4535,US,BACKEND,ROOT,Accelerator (execute) time
807837461,EXECUTE,4364,US,BACKEND,ROOT,Accelerator (execute excluding wait) time
807837461,EXECUTE,13593,US,BACKEND,ROOT,QNN (execute) time
807856650,EXECUTE,13296,US,NETRUN,ROOT,Graph 0: qwen2_0_5b_layer0_prefill_seq16
807856650,EXECUTE,4,COUNT,BACKEND,ROOT,Number of HVX threads used
807856650,EXECUTE,12863,US,BACKEND,ROOT,RPC (execute) time
807856650,EXECUTE,10583,US,BACKEND,ROOT,QNN accelerator (execute) time
807856650,EXECUTE,0,COUNT,BACKEND,ROOT,Num times yield occured
807856650,EXECUTE,649,US,BACKEND,ROOT,Time for initial VTCM acquire
807856650,EXECUTE,290,US,BACKEND,ROOT,Time for HVX + HMX power on and acquire
807856650,EXECUTE,3057165,CYCLES,BACKEND,ROOT,Accelerator (execute) time (cycles)
807856650,EXECUTE,8370,CYCLES,BACKEND,SUB-EVENT,Input OpId_2 (cycles)
807856650,EXECUTE,0,CYCLES,BACKEND,SUB-EVENT,hidden_states_nfc:OpId_17 (cycles)
807856650,EXECUTE,112073,CYCLES,BACKEND,SUB-EVENT,rms_norm__Mul_1_output_0:OpId_22 (cycles)
807856650,EXECUTE,0,CYCLES,BACKEND,SUB-EVENT,_MatMul_2_pre_reshape:OpId_25 (cycles)
807856650,EXECUTE,0,CYCLES,BACKEND,SUB-EVENT,_MatMul_1_pre_reshape:OpId_26 (cycles)
807856650,EXECUTE,0,CYCLES,BACKEND,SUB-EVENT,_MatMul_pre_reshape:OpId_27 (cycles)
807856650,EXECUTE,85584,CYCLES,BACKEND,SUB-EVENT,OpId_28 (cycles)
807856650,EXECUTE,0,CYCLES,BACKEND,SUB-EVENT,_MatMul_lhs_reshape:OpId_30 (cycles)
807856650,EXECUTE,0,CYCLES,BACKEND,SUB-EVENT,_MatMul_lhs_cast_fp16:OpId_31 (cycles)
807856650,EXECUTE,875755,CYCLES,BACKEND,SUB-EVENT,_MatMul:OpId_32 (cycles)
807856650,EXECUTE,0,CYCLES,BACKEND,SUB-EVENT,_MatMul_custom_output_reshape:OpId_33 (cycles)
807856650,EXECUTE,92070,CYCLES,BACKEND,SUB-EVENT,_MatMul_bias_add:OpId_34 (cycles)
807856650,EXECUTE,0,CYCLES,BACKEND,SUB-EVENT,_MatMul_post_reshape:OpId_36 (cycles)
807856650,EXECUTE,0,CYCLES,BACKEND,SUB-EVENT,_MatMul_1:OpId_39 (cycles)
807856650,EXECUTE,0,CYCLES,BACKEND,SUB-EVENT,_MatMul_1_post_reshape:OpId_41 (cycles)
807856650,EXECUTE,0,CYCLES,BACKEND,SUB-EVENT,_MatMul_2:OpId_44 (cycles)
807856650,EXECUTE,0,CYCLES,BACKEND,SUB-EVENT,_MatMul_2_post_reshape:OpId_46 (cycles)
807856650,EXECUTE,24025,CYCLES,BACKEND,SUB-EVENT,_Transpose:OpId_48 (cycles)
807856650,EXECUTE,10134,CYCLES,BACKEND,SUB-EVENT,_Transpose_1:OpId_50 (cycles)
807856650,EXECUTE,14201,CYCLES,BACKEND,SUB-EVENT,_Transpose_2:OpId_52 (cycles)
807856650,EXECUTE,22437,CYCLES,BACKEND,SUB-EVENT,_Slice:OpId_54 (cycles)
807856650,EXECUTE,7565,CYCLES,BACKEND,SUB-EVENT,_Slice_1:OpId_60 (cycles)
807856650,EXECUTE,6517,CYCLES,BACKEND,SUB-EVENT,_Mul_2:OpId_66 (cycles)
807856650,EXECUTE,4717,CYCLES,BACKEND,SUB-EVENT,_Mul_3:OpId_69 (cycles)
807856650,EXECUTE,1875,CYCLES,BACKEND,SUB-EVENT,_Sub:OpId_71 (cycles)
807856650,EXECUTE,6678,CYCLES,BACKEND,SUB-EVENT,_Mul_4:OpId_73 (cycles)
807856650,EXECUTE,4534,CYCLES,BACKEND,SUB-EVENT,_Mul_5:OpId_75 (cycles)
807856650,EXECUTE,1434,CYCLES,BACKEND,SUB-EVENT,_Add_4:OpId_77 (cycles)
807856650,EXECUTE,0,CYCLES,BACKEND,SUB-EVENT,_Unsqueeze:OpId_79 (cycles)
807856650,EXECUTE,0,CYCLES,BACKEND,SUB-EVENT,_Unsqueeze_1:OpId_80 (cycles)
807856650,EXECUTE,3398,CYCLES,BACKEND,SUB-EVENT,_Concat:OpId_81 (cycles)
807856650,EXECUTE,0,CYCLES,BACKEND,SUB-EVENT,_Reshape_3:OpId_83 (cycles)
807856650,EXECUTE,24468,CYCLES,BACKEND,SUB-EVENT,_Slice_3:OpId_85 (cycles)
807856650,EXECUTE,5360,CYCLES,BACKEND,SUB-EVENT,_Slice_4:OpId_91 (cycles)
807856650,EXECUTE,5556,CYCLES,BACKEND,SUB-EVENT,_Mul_6:OpId_96 (cycles)
807856650,EXECUTE,2489,CYCLES,BACKEND,SUB-EVENT,_Mul_7:OpId_98 (cycles)
807856650,EXECUTE,1322,CYCLES,BACKEND,SUB-EVENT,_Sub_1:OpId_100 (cycles)
807856650,EXECUTE,5520,CYCLES,BACKEND,SUB-EVENT,_Mul_8:OpId_102 (cycles)
807856650,EXECUTE,2317,CYCLES,BACKEND,SUB-EVENT,_Mul_9:OpId_104 (cycles)
807856650,EXECUTE,1315,CYCLES,BACKEND,SUB-EVENT,_Add_5:OpId_106 (cycles)
807856650,EXECUTE,0,CYCLES,BACKEND,SUB-EVENT,_Unsqueeze_2:OpId_108 (cycles)
807856650,EXECUTE,0,CYCLES,BACKEND,SUB-EVENT,_Unsqueeze_3:OpId_109 (cycles)
807856650,EXECUTE,2769,CYCLES,BACKEND,SUB-EVENT,_Concat_2:OpId_110 (cycles)
807856650,EXECUTE,4706,CYCLES,BACKEND,SUB-EVENT,_Reshape_4:OpId_112 (cycles)
807856650,EXECUTE,0,CYCLES,BACKEND,SUB-EVENT,_Unsqueeze_4:OpId_113 (cycles)
807856650,EXECUTE,2249,CYCLES,BACKEND,SUB-EVENT,_Tile:OpId_115 (cycles)
807856650,EXECUTE,0,CYCLES,BACKEND,SUB-EVENT,_Reshape_5:OpId_116 (cycles)
807856650,EXECUTE,0,CYCLES,BACKEND,SUB-EVENT,_Unsqueeze_5:OpId_117 (cycles)
807856650,EXECUTE,3253,CYCLES,BACKEND,SUB-EVENT,_Tile_1:OpId_119 (cycles)
807856650,EXECUTE,0,CYCLES,BACKEND,SUB-EVENT,_Reshape_6:OpId_120 (cycles)
807856650,EXECUTE,0,CYCLES,BACKEND,SUB-EVENT,_Transpose_3:OpId_122 (cycles)
807856650,EXECUTE,76093,CYCLES,BACKEND,SUB-EVENT,_MatMul_3:OpId_123 (cycles)
807856650,EXECUTE,13566,CYCLES,BACKEND,SUB-EVENT,_Div_1:OpId_128 (cycles)
807856650,EXECUTE,3444,CYCLES,BACKEND,SUB-EVENT,_Add_6:OpId_131 (cycles)
807856650,EXECUTE,65345,CYCLES,BACKEND,SUB-EVENT,_Softmax:OpId_133 (cycles)
807856650,EXECUTE,17122,CYCLES,BACKEND,SUB-EVENT,_MatMul_4:OpId_136 (cycles)
807856650,EXECUTE,0,CYCLES,BACKEND,SUB-EVENT,_Transpose_4:OpId_141 (cycles)
807856650,EXECUTE,0,CYCLES,BACKEND,SUB-EVENT,_Reshape_7:OpId_142 (cycles)
807856650,EXECUTE,10374,CYCLES,BACKEND,SUB-EVENT,_MatMul_5:OpId_144 (cycles)
807856650,EXECUTE,0,CYCLES,BACKEND,SUB-EVENT,_MatMul_5_post_reshape:OpId_147 (cycles)
807856650,EXECUTE,0,CYCLES,BACKEND,SUB-EVENT,_MatMul_5_output_0_nfc:OpId_149 (cycles)
807856650,EXECUTE,2665,CYCLES,BACKEND,SUB-EVENT,_Add_7:OpId_151 (cycles)
807856650,EXECUTE,0,CYCLES,BACKEND,SUB-EVENT,_Add_7_output_0_ncf:OpId_154 (cycles)
807856650,EXECUTE,12059,CYCLES,BACKEND,SUB-EVENT,rms_norm__Mul_11_output_0:OpId_159 (cycles)
807856650,EXECUTE,0,CYCLES,BACKEND,SUB-EVENT,_MatMul_7_pre_reshape:OpId_162 (cycles)
807856650,EXECUTE,0,CYCLES,BACKEND,SUB-EVENT,_MatMul_6_pre_reshape:OpId_163 (cycles)
807856650,EXECUTE,405461,CYCLES,BACKEND,SUB-EVENT,_MatMul_6:OpId_165 (cycles)
807856650,EXECUTE,0,CYCLES,BACKEND,SUB-EVENT,_MatMul_6_post_reshape:OpId_168 (cycles)
807856650,EXECUTE,359963,CYCLES,BACKEND,SUB-EVENT,_MatMul_7:OpId_170 (cycles)
807856650,EXECUTE,0,CYCLES,BACKEND,SUB-EVENT,_MatMul_7_post_reshape:OpId_173 (cycles)
807856650,EXECUTE,0,CYCLES,BACKEND,SUB-EVENT,_Sigmoid:OpId_174 (cycles)
807856650,EXECUTE,195023,CYCLES,BACKEND,SUB-EVENT,_Mul_12:OpId_181 (cycles)
807856650,EXECUTE,104896,CYCLES,BACKEND,SUB-EVENT,_Mul_13:OpId_183 (cycles)
807856650,EXECUTE,0,CYCLES,BACKEND,SUB-EVENT,_MatMul_8_pre_reshape:OpId_185 (cycles)
807856650,EXECUTE,389421,CYCLES,BACKEND,SUB-EVENT,_MatMul_8:OpId_187 (cycles)
807856650,EXECUTE,0,CYCLES,BACKEND,SUB-EVENT,_MatMul_8_post_reshape:OpId_190 (cycles)
807856650,EXECUTE,0,CYCLES,BACKEND,SUB-EVENT,_MatMul_8_output_0_nfc:OpId_192 (cycles)
807856650,EXECUTE,7143,CYCLES,BACKEND,SUB-EVENT,_Add_9:OpId_194 (cycles)
807856650,EXECUTE,38235,CYCLES,BACKEND,SUB-EVENT,hidden_out_ncf:OpId_197 (cycles)
807856650,EXECUTE,13664,CYCLES,BACKEND,SUB-EVENT,Output OpId_3 (cycles)
807856650,EXECUTE,4763,US,BACKEND,ROOT,Accelerator (execute) time
807856650,EXECUTE,4615,US,BACKEND,ROOT,Accelerator (execute excluding wait) time
807856650,EXECUTE,13271,US,BACKEND,ROOT,QNN (execute) time
807875532,EXECUTE,12932,US,NETRUN,ROOT,Graph 0: qwen2_0_5b_layer0_prefill_seq16
807875532,EXECUTE,4,COUNT,BACKEND,ROOT,Number of HVX threads used
807875532,EXECUTE,12500,US,BACKEND,ROOT,RPC (execute) time
807875532,EXECUTE,10228,US,BACKEND,ROOT,QNN accelerator (execute) time
807875532,EXECUTE,0,COUNT,BACKEND,ROOT,Num times yield occured
807875532,EXECUTE,688,US,BACKEND,ROOT,Time for initial VTCM acquire
807875532,EXECUTE,343,US,BACKEND,ROOT,Time for HVX + HMX power on and acquire
807875532,EXECUTE,3169953,CYCLES,BACKEND,ROOT,Accelerator (execute) time (cycles)
807875532,EXECUTE,4628,CYCLES,BACKEND,SUB-EVENT,Input OpId_2 (cycles)
807875532,EXECUTE,0,CYCLES,BACKEND,SUB-EVENT,hidden_states_nfc:OpId_17 (cycles)
807875532,EXECUTE,244067,CYCLES,BACKEND,SUB-EVENT,rms_norm__Mul_1_output_0:OpId_22 (cycles)
807875532,EXECUTE,0,CYCLES,BACKEND,SUB-EVENT,_MatMul_2_pre_reshape:OpId_25 (cycles)
807875532,EXECUTE,0,CYCLES,BACKEND,SUB-EVENT,_MatMul_1_pre_reshape:OpId_26 (cycles)
807875532,EXECUTE,0,CYCLES,BACKEND,SUB-EVENT,_MatMul_pre_reshape:OpId_27 (cycles)
807875532,EXECUTE,4405,CYCLES,BACKEND,SUB-EVENT,OpId_28 (cycles)
807875532,EXECUTE,0,CYCLES,BACKEND,SUB-EVENT,_MatMul_lhs_reshape:OpId_30 (cycles)
807875532,EXECUTE,0,CYCLES,BACKEND,SUB-EVENT,_MatMul_lhs_cast_fp16:OpId_31 (cycles)
807875532,EXECUTE,822893,CYCLES,BACKEND,SUB-EVENT,_MatMul:OpId_32 (cycles)
807875532,EXECUTE,0,CYCLES,BACKEND,SUB-EVENT,_MatMul_custom_output_reshape:OpId_33 (cycles)
807875532,EXECUTE,186050,CYCLES,BACKEND,SUB-EVENT,_MatMul_bias_add:OpId_34 (cycles)
807875532,EXECUTE,0,CYCLES,BACKEND,SUB-EVENT,_MatMul_post_reshape:OpId_36 (cycles)
807875532,EXECUTE,0,CYCLES,BACKEND,SUB-EVENT,_MatMul_1:OpId_39 (cycles)
807875532,EXECUTE,0,CYCLES,BACKEND,SUB-EVENT,_MatMul_1_post_reshape:OpId_41 (cycles)
807875532,EXECUTE,0,CYCLES,BACKEND,SUB-EVENT,_MatMul_2:OpId_44 (cycles)
807875532,EXECUTE,0,CYCLES,BACKEND,SUB-EVENT,_MatMul_2_post_reshape:OpId_46 (cycles)
807875532,EXECUTE,32334,CYCLES,BACKEND,SUB-EVENT,_Transpose:OpId_48 (cycles)
807875532,EXECUTE,8596,CYCLES,BACKEND,SUB-EVENT,_Transpose_1:OpId_50 (cycles)
807875532,EXECUTE,18993,CYCLES,BACKEND,SUB-EVENT,_Transpose_2:OpId_52 (cycles)
807875532,EXECUTE,22156,CYCLES,BACKEND,SUB-EVENT,_Slice:OpId_54 (cycles)
807875532,EXECUTE,7552,CYCLES,BACKEND,SUB-EVENT,_Slice_1:OpId_60 (cycles)
807875532,EXECUTE,7150,CYCLES,BACKEND,SUB-EVENT,_Mul_2:OpId_66 (cycles)
807875532,EXECUTE,4712,CYCLES,BACKEND,SUB-EVENT,_Mul_3:OpId_69 (cycles)
807875532,EXECUTE,1749,CYCLES,BACKEND,SUB-EVENT,_Sub:OpId_71 (cycles)
807875532,EXECUTE,6825,CYCLES,BACKEND,SUB-EVENT,_Mul_4:OpId_73 (cycles)
807875532,EXECUTE,4595,CYCLES,BACKEND,SUB-EVENT,_Mul_5:OpId_75 (cycles)
807875532,EXECUTE,3635,CYCLES,BACKEND,SUB-EVENT,_Add_4:OpId_77 (cycles)
807875532,EXECUTE,0,CYCLES,BACKEND,SUB-EVENT,_Unsqueeze:OpId_79 (cycles)
807875532,EXECUTE,0,CYCLES,BACKEND,SUB-EVENT,_Unsqueeze_1:OpId_80 (cycles)
807875532,EXECUTE,3497,CYCLES,BACKEND,SUB-EVENT,_Concat:OpId_81 (cycles)
807875532,EXECUTE,0,CYCLES,BACKEND,SUB-EVENT,_Reshape_3:OpId_83 (cycles)
807875532,EXECUTE,69791,CYCLES,BACKEND,SUB-EVENT,_Slice_3:OpId_85 (cycles)
807875532,EXECUTE,9160,CYCLES,BACKEND,SUB-EVENT,_Slice_4:OpId_91 (cycles)
807875532,EXECUTE,13524,CYCLES,BACKEND,SUB-EVENT,_Mul_6:OpId_96 (cycles)
807875532,EXECUTE,10605,CYCLES,BACKEND,SUB-EVENT,_Mul_7:OpId_98 (cycles)
807875532,EXECUTE,1279,CYCLES,BACKEND,SUB-EVENT,_Sub_1:OpId_100 (cycles)
807875532,EXECUTE,13468,CYCLES,BACKEND,SUB-EVENT,_Mul_8:OpId_102 (cycles)
807875532,EXECUTE,10205,CYCLES,BACKEND,SUB-EVENT,_Mul_9:OpId_104 (cycles)
807875532,EXECUTE,1399,CYCLES,BACKEND,SUB-EVENT,_Add_5:OpId_106 (cycles)
807875532,EXECUTE,0,CYCLES,BACKEND,SUB-EVENT,_Unsqueeze_2:OpId_108 (cycles)
807875532,EXECUTE,0,CYCLES,BACKEND,SUB-EVENT,_Unsqueeze_3:OpId_109 (cycles)
807875532,EXECUTE,2124,CYCLES,BACKEND,SUB-EVENT,_Concat_2:OpId_110 (cycles)
807875532,EXECUTE,3265,CYCLES,BACKEND,SUB-EVENT,_Reshape_4:OpId_112 (cycles)
807875532,EXECUTE,0,CYCLES,BACKEND,SUB-EVENT,_Unsqueeze_4:OpId_113 (cycles)
807875532,EXECUTE,2722,CYCLES,BACKEND,SUB-EVENT,_Tile:OpId_115 (cycles)
807875532,EXECUTE,0,CYCLES,BACKEND,SUB-EVENT,_Reshape_5:OpId_116 (cycles)
807875532,EXECUTE,0,CYCLES,BACKEND,SUB-EVENT,_Unsqueeze_5:OpId_117 (cycles)
807875532,EXECUTE,7906,CYCLES,BACKEND,SUB-EVENT,_Tile_1:OpId_119 (cycles)
807875532,EXECUTE,0,CYCLES,BACKEND,SUB-EVENT,_Reshape_6:OpId_120 (cycles)
807875532,EXECUTE,0,CYCLES,BACKEND,SUB-EVENT,_Transpose_3:OpId_122 (cycles)
807875532,EXECUTE,137319,CYCLES,BACKEND,SUB-EVENT,_MatMul_3:OpId_123 (cycles)
807875532,EXECUTE,13849,CYCLES,BACKEND,SUB-EVENT,_Div_1:OpId_128 (cycles)
807875532,EXECUTE,12908,CYCLES,BACKEND,SUB-EVENT,_Add_6:OpId_131 (cycles)
807875532,EXECUTE,64114,CYCLES,BACKEND,SUB-EVENT,_Softmax:OpId_133 (cycles)
807875532,EXECUTE,49883,CYCLES,BACKEND,SUB-EVENT,_MatMul_4:OpId_136 (cycles)
807875532,EXECUTE,0,CYCLES,BACKEND,SUB-EVENT,_Transpose_4:OpId_141 (cycles)
807875532,EXECUTE,0,CYCLES,BACKEND,SUB-EVENT,_Reshape_7:OpId_142 (cycles)
807875532,EXECUTE,22565,CYCLES,BACKEND,SUB-EVENT,_MatMul_5:OpId_144 (cycles)
807875532,EXECUTE,0,CYCLES,BACKEND,SUB-EVENT,_MatMul_5_post_reshape:OpId_147 (cycles)
807875532,EXECUTE,0,CYCLES,BACKEND,SUB-EVENT,_MatMul_5_output_0_nfc:OpId_149 (cycles)
807875532,EXECUTE,2663,CYCLES,BACKEND,SUB-EVENT,_Add_7:OpId_151 (cycles)
807875532,EXECUTE,0,CYCLES,BACKEND,SUB-EVENT,_Add_7_output_0_ncf:OpId_154 (cycles)
807875532,EXECUTE,12106,CYCLES,BACKEND,SUB-EVENT,rms_norm__Mul_11_output_0:OpId_159 (cycles)
807875532,EXECUTE,0,CYCLES,BACKEND,SUB-EVENT,_MatMul_7_pre_reshape:OpId_162 (cycles)
807875532,EXECUTE,0,CYCLES,BACKEND,SUB-EVENT,_MatMul_6_pre_reshape:OpId_163 (cycles)
807875532,EXECUTE,231876,CYCLES,BACKEND,SUB-EVENT,_MatMul_6:OpId_165 (cycles)
807875532,EXECUTE,0,CYCLES,BACKEND,SUB-EVENT,_MatMul_6_post_reshape:OpId_168 (cycles)
807875532,EXECUTE,359303,CYCLES,BACKEND,SUB-EVENT,_MatMul_7:OpId_170 (cycles)
807875532,EXECUTE,0,CYCLES,BACKEND,SUB-EVENT,_MatMul_7_post_reshape:OpId_173 (cycles)
807875532,EXECUTE,0,CYCLES,BACKEND,SUB-EVENT,_Sigmoid:OpId_174 (cycles)
807875532,EXECUTE,187822,CYCLES,BACKEND,SUB-EVENT,_Mul_12:OpId_181 (cycles)
807875532,EXECUTE,100287,CYCLES,BACKEND,SUB-EVENT,_Mul_13:OpId_183 (cycles)
807875532,EXECUTE,0,CYCLES,BACKEND,SUB-EVENT,_MatMul_8_pre_reshape:OpId_185 (cycles)
807875532,EXECUTE,387677,CYCLES,BACKEND,SUB-EVENT,_MatMul_8:OpId_187 (cycles)
807875532,EXECUTE,0,CYCLES,BACKEND,SUB-EVENT,_MatMul_8_post_reshape:OpId_190 (cycles)
807875532,EXECUTE,0,CYCLES,BACKEND,SUB-EVENT,_MatMul_8_output_0_nfc:OpId_192 (cycles)
807875532,EXECUTE,7192,CYCLES,BACKEND,SUB-EVENT,_Add_9:OpId_194 (cycles)
807875532,EXECUTE,38793,CYCLES,BACKEND,SUB-EVENT,hidden_out_ncf:OpId_197 (cycles)
807875532,EXECUTE,12311,CYCLES,BACKEND,SUB-EVENT,Output OpId_3 (cycles)
807875532,EXECUTE,4476,US,BACKEND,ROOT,Accelerator (execute) time
807875532,EXECUTE,4328,US,BACKEND,ROOT,Accelerator (execute excluding wait) time
807875532,EXECUTE,12906,US,BACKEND,ROOT,QNN (execute) time
807894827,EXECUTE,13005,US,NETRUN,ROOT,Graph 0: qwen2_0_5b_layer0_prefill_seq16
807894827,EXECUTE,4,COUNT,BACKEND,ROOT,Number of HVX threads used
807894827,EXECUTE,12577,US,BACKEND,ROOT,RPC (execute) time
807894827,EXECUTE,10342,US,BACKEND,ROOT,QNN accelerator (execute) time
807894827,EXECUTE,0,COUNT,BACKEND,ROOT,Num times yield occured
807894827,EXECUTE,966,US,BACKEND,ROOT,Time for initial VTCM acquire
807894827,EXECUTE,337,US,BACKEND,ROOT,Time for HVX + HMX power on and acquire
807894827,EXECUTE,3131207,CYCLES,BACKEND,ROOT,Accelerator (execute) time (cycles)
807894827,EXECUTE,3683,CYCLES,BACKEND,SUB-EVENT,Input OpId_2 (cycles)
807894827,EXECUTE,0,CYCLES,BACKEND,SUB-EVENT,hidden_states_nfc:OpId_17 (cycles)
807894827,EXECUTE,228305,CYCLES,BACKEND,SUB-EVENT,rms_norm__Mul_1_output_0:OpId_22 (cycles)
807894827,EXECUTE,0,CYCLES,BACKEND,SUB-EVENT,_MatMul_2_pre_reshape:OpId_25 (cycles)
807894827,EXECUTE,0,CYCLES,BACKEND,SUB-EVENT,_MatMul_1_pre_reshape:OpId_26 (cycles)
807894827,EXECUTE,0,CYCLES,BACKEND,SUB-EVENT,_MatMul_pre_reshape:OpId_27 (cycles)
807894827,EXECUTE,4428,CYCLES,BACKEND,SUB-EVENT,OpId_28 (cycles)
807894827,EXECUTE,0,CYCLES,BACKEND,SUB-EVENT,_MatMul_lhs_reshape:OpId_30 (cycles)
807894827,EXECUTE,0,CYCLES,BACKEND,SUB-EVENT,_MatMul_lhs_cast_fp16:OpId_31 (cycles)
807894827,EXECUTE,819590,CYCLES,BACKEND,SUB-EVENT,_MatMul:OpId_32 (cycles)
807894827,EXECUTE,0,CYCLES,BACKEND,SUB-EVENT,_MatMul_custom_output_reshape:OpId_33 (cycles)
807894827,EXECUTE,163750,CYCLES,BACKEND,SUB-EVENT,_MatMul_bias_add:OpId_34 (cycles)
807894827,EXECUTE,0,CYCLES,BACKEND,SUB-EVENT,_MatMul_post_reshape:OpId_36 (cycles)
807894827,EXECUTE,0,CYCLES,BACKEND,SUB-EVENT,_MatMul_1:OpId_39 (cycles)
807894827,EXECUTE,0,CYCLES,BACKEND,SUB-EVENT,_MatMul_1_post_reshape:OpId_41 (cycles)
807894827,EXECUTE,0,CYCLES,BACKEND,SUB-EVENT,_MatMul_2:OpId_44 (cycles)
807894827,EXECUTE,0,CYCLES,BACKEND,SUB-EVENT,_MatMul_2_post_reshape:OpId_46 (cycles)
807894827,EXECUTE,30987,CYCLES,BACKEND,SUB-EVENT,_Transpose:OpId_48 (cycles)
807894827,EXECUTE,20277,CYCLES,BACKEND,SUB-EVENT,_Transpose_1:OpId_50 (cycles)
807894827,EXECUTE,17925,CYCLES,BACKEND,SUB-EVENT,_Transpose_2:OpId_52 (cycles)
807894827,EXECUTE,22574,CYCLES,BACKEND,SUB-EVENT,_Slice:OpId_54 (cycles)
807894827,EXECUTE,7391,CYCLES,BACKEND,SUB-EVENT,_Slice_1:OpId_60 (cycles)
807894827,EXECUTE,7036,CYCLES,BACKEND,SUB-EVENT,_Mul_2:OpId_66 (cycles)
807894827,EXECUTE,4689,CYCLES,BACKEND,SUB-EVENT,_Mul_3:OpId_69 (cycles)
807894827,EXECUTE,1758,CYCLES,BACKEND,SUB-EVENT,_Sub:OpId_71 (cycles)
807894827,EXECUTE,6887,CYCLES,BACKEND,SUB-EVENT,_Mul_4:OpId_73 (cycles)
807894827,EXECUTE,4623,CYCLES,BACKEND,SUB-EVENT,_Mul_5:OpId_75 (cycles)
807894827,EXECUTE,10437,CYCLES,BACKEND,SUB-EVENT,_Add_4:OpId_77 (cycles)
807894827,EXECUTE,0,CYCLES,BACKEND,SUB-EVENT,_Unsqueeze:OpId_79 (cycles)
807894827,EXECUTE,0,CYCLES,BACKEND,SUB-EVENT,_Unsqueeze_1:OpId_80 (cycles)
807894827,EXECUTE,4108,CYCLES,BACKEND,SUB-EVENT,_Concat:OpId_81 (cycles)
807894827,EXECUTE,0,CYCLES,BACKEND,SUB-EVENT,_Reshape_3:OpId_83 (cycles)
807894827,EXECUTE,56819,CYCLES,BACKEND,SUB-EVENT,_Slice_3:OpId_85 (cycles)
807894827,EXECUTE,5420,CYCLES,BACKEND,SUB-EVENT,_Slice_4:OpId_91 (cycles)
807894827,EXECUTE,13372,CYCLES,BACKEND,SUB-EVENT,_Mul_6:OpId_96 (cycles)
807894827,EXECUTE,10345,CYCLES,BACKEND,SUB-EVENT,_Mul_7:OpId_98 (cycles)
807894827,EXECUTE,1330,CYCLES,BACKEND,SUB-EVENT,_Sub_1:OpId_100 (cycles)
807894827,EXECUTE,13325,CYCLES,BACKEND,SUB-EVENT,_Mul_8:OpId_102 (cycles)
807894827,EXECUTE,10162,CYCLES,BACKEND,SUB-EVENT,_Mul_9:OpId_104 (cycles)
807894827,EXECUTE,1605,CYCLES,BACKEND,SUB-EVENT,_Add_5:OpId_106 (cycles)
807894827,EXECUTE,0,CYCLES,BACKEND,SUB-EVENT,_Unsqueeze_2:OpId_108 (cycles)
807894827,EXECUTE,0,CYCLES,BACKEND,SUB-EVENT,_Unsqueeze_3:OpId_109 (cycles)
807894827,EXECUTE,3109,CYCLES,BACKEND,SUB-EVENT,_Concat_2:OpId_110 (cycles)
807894827,EXECUTE,3112,CYCLES,BACKEND,SUB-EVENT,_Reshape_4:OpId_112 (cycles)
807894827,EXECUTE,0,CYCLES,BACKEND,SUB-EVENT,_Unsqueeze_4:OpId_113 (cycles)
807894827,EXECUTE,7546,CYCLES,BACKEND,SUB-EVENT,_Tile:OpId_115 (cycles)
807894827,EXECUTE,0,CYCLES,BACKEND,SUB-EVENT,_Reshape_5:OpId_116 (cycles)
807894827,EXECUTE,0,CYCLES,BACKEND,SUB-EVENT,_Unsqueeze_5:OpId_117 (cycles)
807894827,EXECUTE,6585,CYCLES,BACKEND,SUB-EVENT,_Tile_1:OpId_119 (cycles)
807894827,EXECUTE,0,CYCLES,BACKEND,SUB-EVENT,_Reshape_6:OpId_120 (cycles)
807894827,EXECUTE,0,CYCLES,BACKEND,SUB-EVENT,_Transpose_3:OpId_122 (cycles)
807894827,EXECUTE,121280,CYCLES,BACKEND,SUB-EVENT,_MatMul_3:OpId_123 (cycles)
807894827,EXECUTE,13850,CYCLES,BACKEND,SUB-EVENT,_Div_1:OpId_128 (cycles)
807894827,EXECUTE,13763,CYCLES,BACKEND,SUB-EVENT,_Add_6:OpId_131 (cycles)
807894827,EXECUTE,65973,CYCLES,BACKEND,SUB-EVENT,_Softmax:OpId_133 (cycles)
807894827,EXECUTE,61012,CYCLES,BACKEND,SUB-EVENT,_MatMul_4:OpId_136 (cycles)
807894827,EXECUTE,0,CYCLES,BACKEND,SUB-EVENT,_Transpose_4:OpId_141 (cycles)
807894827,EXECUTE,0,CYCLES,BACKEND,SUB-EVENT,_Reshape_7:OpId_142 (cycles)
807894827,EXECUTE,24425,CYCLES,BACKEND,SUB-EVENT,_MatMul_5:OpId_144 (cycles)
807894827,EXECUTE,0,CYCLES,BACKEND,SUB-EVENT,_MatMul_5_post_reshape:OpId_147 (cycles)
807894827,EXECUTE,0,CYCLES,BACKEND,SUB-EVENT,_MatMul_5_output_0_nfc:OpId_149 (cycles)
807894827,EXECUTE,2665,CYCLES,BACKEND,SUB-EVENT,_Add_7:OpId_151 (cycles)
807894827,EXECUTE,0,CYCLES,BACKEND,SUB-EVENT,_Add_7_output_0_ncf:OpId_154 (cycles)
807894827,EXECUTE,12091,CYCLES,BACKEND,SUB-EVENT,rms_norm__Mul_11_output_0:OpId_159 (cycles)
807894827,EXECUTE,0,CYCLES,BACKEND,SUB-EVENT,_MatMul_7_pre_reshape:OpId_162 (cycles)
807894827,EXECUTE,0,CYCLES,BACKEND,SUB-EVENT,_MatMul_6_pre_reshape:OpId_163 (cycles)
807894827,EXECUTE,231936,CYCLES,BACKEND,SUB-EVENT,_MatMul_6:OpId_165 (cycles)
807894827,EXECUTE,0,CYCLES,BACKEND,SUB-EVENT,_MatMul_6_post_reshape:OpId_168 (cycles)
807894827,EXECUTE,359163,CYCLES,BACKEND,SUB-EVENT,_MatMul_7:OpId_170 (cycles)
807894827,EXECUTE,0,CYCLES,BACKEND,SUB-EVENT,_MatMul_7_post_reshape:OpId_173 (cycles)
807894827,EXECUTE,0,CYCLES,BACKEND,SUB-EVENT,_Sigmoid:OpId_174 (cycles)
807894827,EXECUTE,194110,CYCLES,BACKEND,SUB-EVENT,_Mul_12:OpId_181 (cycles)
807894827,EXECUTE,93864,CYCLES,BACKEND,SUB-EVENT,_Mul_13:OpId_183 (cycles)
807894827,EXECUTE,0,CYCLES,BACKEND,SUB-EVENT,_MatMul_8_pre_reshape:OpId_185 (cycles)
807894827,EXECUTE,388324,CYCLES,BACKEND,SUB-EVENT,_MatMul_8:OpId_187 (cycles)
807894827,EXECUTE,0,CYCLES,BACKEND,SUB-EVENT,_MatMul_8_post_reshape:OpId_190 (cycles)
807894827,EXECUTE,0,CYCLES,BACKEND,SUB-EVENT,_MatMul_8_output_0_nfc:OpId_192 (cycles)
807894827,EXECUTE,7082,CYCLES,BACKEND,SUB-EVENT,_Add_9:OpId_194 (cycles)
807894827,EXECUTE,38368,CYCLES,BACKEND,SUB-EVENT,hidden_out_ncf:OpId_197 (cycles)
807894827,EXECUTE,12123,CYCLES,BACKEND,SUB-EVENT,Output OpId_3 (cycles)
807894827,EXECUTE,4496,US,BACKEND,ROOT,Accelerator (execute) time
807894827,EXECUTE,4326,US,BACKEND,ROOT,Accelerator (execute excluding wait) time
807894827,EXECUTE,12978,US,BACKEND,ROOT,QNN (execute) time
807899958,EXECUTE IPS,52.790226,INF/SEC,NETRUN,ROOT,null
