input log file location, qwen_block_custom_qnn/device_output/fused_attention_hvx_value_layer0_decode_past128/qnn-profiling-data_0.log
qnn-profile-viewer version, v2.47.0.260601114230
qnn-net-run version, v2.47.0.260601114230
Backend version, v2.47.0.260601114230
Msg Timestamp, Message, Time, Unit of Measurement, Timing Source, Event Level, Event Identifier
5949692660,INIT,441637,US,NETRUN,ROOT,null
5949804366,COMPOSE GRAPHS,110209,US,NETRUN,ROOT,null
5950132139,FINALIZE,327429,US,NETRUN,ROOT,Graph 0: qwen2_0_5b_layer0_decode_past128_fused_attention
5950132139,FINALIZE,8142,US,BACKEND,ROOT,RPC (finalize) time
5950132139,FINALIZE,6243,US,BACKEND,ROOT,QNN accelerator (finalize) time
5950132139,FINALIZE,6103,US,BACKEND,ROOT,Accelerator (finalize) time
5950132139,FINALIZE,327379,US,BACKEND,ROOT,QNN (finalize) time
5950132139,FINALIZE,225,US,BACKEND,SUB-EVENT,Graph Preparation Initializing
5950132139,FINALIZE,253445,US,BACKEND,SUB-EVENT,Graph Optimizations
5950132139,FINALIZE,2717,US,BACKEND,SUB-EVENT,Post Graph Optimization
5950132139,FINALIZE,15112,US,BACKEND,SUB-EVENT,Graph Sequencing for Target
5950132139,FINALIZE,1988,US,BACKEND,SUB-EVENT,VTCM Allocation
5950132139,FINALIZE,1239,US,BACKEND,SUB-EVENT,Parallelization Optimization
5950132139,FINALIZE,1572,US,BACKEND,SUB-EVENT,Finalizing Graph Sequence
5950132139,FINALIZE,71,US,BACKEND,SUB-EVENT,Completion
5950446008,DE-INIT,87122,US,NETRUN,ROOT,null
5950446008,DE-INIT,10169,US,BACKEND,ROOT,RPC (deinit) time
5950446008,DE-INIT,7678,US,BACKEND,ROOT,QNN Accelerator (deinit) time
5950446008,DE-INIT,7531,US,BACKEND,ROOT,Accelerator (deinit) time
5950446008,DE-INIT,87104,US,BACKEND,ROOT,QNN (deinit) time
5950161157,EXECUTE,27763,US,NETRUN,ROOT,Graph 0: qwen2_0_5b_layer0_decode_past128_fused_attention
5950161157,EXECUTE,4,COUNT,BACKEND,ROOT,Number of HVX threads used
5950161157,EXECUTE,27421,US,BACKEND,ROOT,RPC (execute) time
5950161157,EXECUTE,24881,US,BACKEND,ROOT,QNN accelerator (execute) time
5950161157,EXECUTE,0,COUNT,BACKEND,ROOT,Num times yield occured
5950161157,EXECUTE,749,US,BACKEND,ROOT,Time for initial VTCM acquire
5950161157,EXECUTE,33631,US,BACKEND,ROOT,Time for HVX + HMX power on and acquire
5950161157,EXECUTE,12102093,CYCLES,BACKEND,ROOT,Accelerator (execute) time (cycles)
5950161157,EXECUTE,11423,CYCLES,BACKEND,SUB-EVENT,Input OpId_2 (cycles)
5950161157,EXECUTE,5153,CYCLES,BACKEND,SUB-EVENT,hidden_states_ncf:OpId_17 (cycles)
5950161157,EXECUTE,34924,CYCLES,BACKEND,SUB-EVENT,past_value_nchw:OpId_20 (cycles)
5950161157,EXECUTE,11675,CYCLES,BACKEND,SUB-EVENT,rms_norm__Mul_1_output_0:OpId_24 (cycles)
5950161157,EXECUTE,38728,CYCLES,BACKEND,SUB-EVENT,_MatMul:OpId_29 (cycles)
5950161157,EXECUTE,0,CYCLES,BACKEND,SUB-EVENT,_MatMul_post_reshape:OpId_31 (cycles)
5950161157,EXECUTE,1715,CYCLES,BACKEND,SUB-EVENT,_MatMul_1:OpId_34 (cycles)
5950161157,EXECUTE,1840,CYCLES,BACKEND,SUB-EVENT,_MatMul_1_post_reshape:OpId_36 (cycles)
5950161157,EXECUTE,3171,CYCLES,BACKEND,SUB-EVENT,_MatMul_2:OpId_39 (cycles)
5950161157,EXECUTE,4559,CYCLES,BACKEND,SUB-EVENT,_MatMul_2_post_reshape:OpId_41 (cycles)
5950161157,EXECUTE,479,CYCLES,BACKEND,SUB-EVENT,_Transpose:OpId_43 (cycles)
5950161157,EXECUTE,2639,CYCLES,BACKEND,SUB-EVENT,_Transpose_1:OpId_45 (cycles)
5950161157,EXECUTE,2336,CYCLES,BACKEND,SUB-EVENT,_Transpose_2:OpId_47 (cycles)
5950161157,EXECUTE,31420,CYCLES,BACKEND,SUB-EVENT,_Slice:OpId_49 (cycles)
5950161157,EXECUTE,13230,CYCLES,BACKEND,SUB-EVENT,_Slice_1:OpId_55 (cycles)
5950161157,EXECUTE,2013,CYCLES,BACKEND,SUB-EVENT,_Mul_2:OpId_61 (cycles)
5950161157,EXECUTE,1415,CYCLES,BACKEND,SUB-EVENT,_Mul_3:OpId_64 (cycles)
5950161157,EXECUTE,271,CYCLES,BACKEND,SUB-EVENT,_Sub:OpId_66 (cycles)
5950161157,EXECUTE,1976,CYCLES,BACKEND,SUB-EVENT,_Mul_4:OpId_68 (cycles)
5950161157,EXECUTE,1914,CYCLES,BACKEND,SUB-EVENT,_Mul_5:OpId_70 (cycles)
5950161157,EXECUTE,2592,CYCLES,BACKEND,SUB-EVENT,_Add_4:OpId_72 (cycles)
5950161157,EXECUTE,0,CYCLES,BACKEND,SUB-EVENT,_Unsqueeze:OpId_74 (cycles)
5950161157,EXECUTE,0,CYCLES,BACKEND,SUB-EVENT,_Unsqueeze_1:OpId_75 (cycles)
5950161157,EXECUTE,764,CYCLES,BACKEND,SUB-EVENT,_Concat:OpId_76 (cycles)
5950161157,EXECUTE,5045,CYCLES,BACKEND,SUB-EVENT,_Reshape_3:OpId_78 (cycles)
5950161157,EXECUTE,42215,CYCLES,BACKEND,SUB-EVENT,_Slice_3:OpId_80 (cycles)
5950161157,EXECUTE,8118,CYCLES,BACKEND,SUB-EVENT,_Slice_4:OpId_86 (cycles)
5950161157,EXECUTE,8310,CYCLES,BACKEND,SUB-EVENT,_Mul_6:OpId_91 (cycles)
5950161157,EXECUTE,2311,CYCLES,BACKEND,SUB-EVENT,_Mul_7:OpId_93 (cycles)
5950161157,EXECUTE,1078,CYCLES,BACKEND,SUB-EVENT,_Sub_1:OpId_95 (cycles)
5950161157,EXECUTE,2303,CYCLES,BACKEND,SUB-EVENT,_Mul_8:OpId_97 (cycles)
5950161157,EXECUTE,1337,CYCLES,BACKEND,SUB-EVENT,_Mul_9:OpId_99 (cycles)
5950161157,EXECUTE,2598,CYCLES,BACKEND,SUB-EVENT,_Add_5:OpId_101 (cycles)
5950161157,EXECUTE,0,CYCLES,BACKEND,SUB-EVENT,_Unsqueeze_2:OpId_103 (cycles)
5950161157,EXECUTE,0,CYCLES,BACKEND,SUB-EVENT,_Unsqueeze_3:OpId_104 (cycles)
5950161157,EXECUTE,3912,CYCLES,BACKEND,SUB-EVENT,_Concat_2:OpId_105 (cycles)
5950161157,EXECUTE,0,CYCLES,BACKEND,SUB-EVENT,_Reshape_4:OpId_107 (cycles)
5950161157,EXECUTE,2069,CYCLES,BACKEND,SUB-EVENT,current_key_nhwc:OpId_109 (cycles)
5950161157,EXECUTE,13850,CYCLES,BACKEND,SUB-EVENT,_Concat_4:OpId_110 (cycles)
5950161157,EXECUTE,26411,CYCLES,BACKEND,SUB-EVENT,_Concat_5:OpId_112 (cycles)
5950161157,EXECUTE,11324519,CYCLES,BACKEND,SUB-EVENT,_FusedDecodeAttentionPast128:OpId_114 (cycles)
5950161157,EXECUTE,4985,CYCLES,BACKEND,SUB-EVENT,_Transpose_4:OpId_116 (cycles)
5950161157,EXECUTE,12310,CYCLES,BACKEND,SUB-EVENT,_MatMul_5:OpId_118 (cycles)
5950161157,EXECUTE,0,CYCLES,BACKEND,SUB-EVENT,_MatMul_5_post_reshape:OpId_121 (cycles)
5950161157,EXECUTE,0,CYCLES,BACKEND,SUB-EVENT,_MatMul_5_output_0_nfc:OpId_123 (cycles)
5950161157,EXECUTE,62276,CYCLES,BACKEND,SUB-EVENT,_Add_7:OpId_125 (cycles)
5950161157,EXECUTE,301,CYCLES,BACKEND,SUB-EVENT,_Add_7_output_0_ncf:OpId_128 (cycles)
5950161157,EXECUTE,2020,CYCLES,BACKEND,SUB-EVENT,rms_norm__Mul_11_output_0:OpId_133 (cycles)
5950161157,EXECUTE,0,CYCLES,BACKEND,SUB-EVENT,_MatMul_6:OpId_137 (cycles)
5950161157,EXECUTE,0,CYCLES,BACKEND,SUB-EVENT,_MatMul_6_post_reshape:OpId_140 (cycles)
5950161157,EXECUTE,106908,CYCLES,BACKEND,SUB-EVENT,_MatMul_7:OpId_142 (cycles)
5950161157,EXECUTE,0,CYCLES,BACKEND,SUB-EVENT,_MatMul_7_post_reshape:OpId_145 (cycles)
5950161157,EXECUTE,0,CYCLES,BACKEND,SUB-EVENT,_Sigmoid:OpId_146 (cycles)
5950161157,EXECUTE,97288,CYCLES,BACKEND,SUB-EVENT,_Mul_12:OpId_153 (cycles)
5950161157,EXECUTE,18042,CYCLES,BACKEND,SUB-EVENT,_Mul_13:OpId_155 (cycles)
5950161157,EXECUTE,159434,CYCLES,BACKEND,SUB-EVENT,_MatMul_8:OpId_158 (cycles)
5950161157,EXECUTE,0,CYCLES,BACKEND,SUB-EVENT,_MatMul_8_post_reshape:OpId_161 (cycles)
5950161157,EXECUTE,0,CYCLES,BACKEND,SUB-EVENT,_MatMul_8_output_0_nfc:OpId_163 (cycles)
5950161157,EXECUTE,14406,CYCLES,BACKEND,SUB-EVENT,_Add_9:OpId_165 (cycles)
5950161157,EXECUTE,5810,CYCLES,BACKEND,SUB-EVENT,Output OpId_3 (cycles)
5950161157,EXECUTE,11682,US,BACKEND,ROOT,Accelerator (execute) time
5950161157,EXECUTE,9827,US,BACKEND,ROOT,Accelerator (execute excluding wait) time
5950161157,EXECUTE,27695,US,BACKEND,ROOT,QNN (execute) time
5950179030,EXECUTE,16847,US,NETRUN,ROOT,Graph 0: qwen2_0_5b_layer0_decode_past128_fused_attention
5950179030,EXECUTE,4,COUNT,BACKEND,ROOT,Number of HVX threads used
5950179030,EXECUTE,16434,US,BACKEND,ROOT,RPC (execute) time
5950179030,EXECUTE,14489,US,BACKEND,ROOT,QNN accelerator (execute) time
5950179030,EXECUTE,0,COUNT,BACKEND,ROOT,Num times yield occured
5950179030,EXECUTE,709,US,BACKEND,ROOT,Time for initial VTCM acquire
5950179030,EXECUTE,253,US,BACKEND,ROOT,Time for HVX + HMX power on and acquire
5950179030,EXECUTE,12130254,CYCLES,BACKEND,ROOT,Accelerator (execute) time (cycles)
5950179030,EXECUTE,19920,CYCLES,BACKEND,SUB-EVENT,Input OpId_2 (cycles)
5950179030,EXECUTE,17294,CYCLES,BACKEND,SUB-EVENT,hidden_states_ncf:OpId_17 (cycles)
5950179030,EXECUTE,63320,CYCLES,BACKEND,SUB-EVENT,past_value_nchw:OpId_20 (cycles)
5950179030,EXECUTE,15480,CYCLES,BACKEND,SUB-EVENT,rms_norm__Mul_1_output_0:OpId_24 (cycles)
5950179030,EXECUTE,44135,CYCLES,BACKEND,SUB-EVENT,_MatMul:OpId_29 (cycles)
5950179030,EXECUTE,0,CYCLES,BACKEND,SUB-EVENT,_MatMul_post_reshape:OpId_31 (cycles)
5950179030,EXECUTE,1995,CYCLES,BACKEND,SUB-EVENT,_MatMul_1:OpId_34 (cycles)
5950179030,EXECUTE,12289,CYCLES,BACKEND,SUB-EVENT,_MatMul_1_post_reshape:OpId_36 (cycles)
5950179030,EXECUTE,5119,CYCLES,BACKEND,SUB-EVENT,_MatMul_2:OpId_39 (cycles)
5950179030,EXECUTE,14934,CYCLES,BACKEND,SUB-EVENT,_MatMul_2_post_reshape:OpId_41 (cycles)
5950179030,EXECUTE,482,CYCLES,BACKEND,SUB-EVENT,_Transpose:OpId_43 (cycles)
5950179030,EXECUTE,4295,CYCLES,BACKEND,SUB-EVENT,_Transpose_1:OpId_45 (cycles)
5950179030,EXECUTE,3966,CYCLES,BACKEND,SUB-EVENT,_Transpose_2:OpId_47 (cycles)
5950179030,EXECUTE,38733,CYCLES,BACKEND,SUB-EVENT,_Slice:OpId_49 (cycles)
5950179030,EXECUTE,10861,CYCLES,BACKEND,SUB-EVENT,_Slice_1:OpId_55 (cycles)
5950179030,EXECUTE,1879,CYCLES,BACKEND,SUB-EVENT,_Mul_2:OpId_61 (cycles)
5950179030,EXECUTE,1798,CYCLES,BACKEND,SUB-EVENT,_Mul_3:OpId_64 (cycles)
5950179030,EXECUTE,273,CYCLES,BACKEND,SUB-EVENT,_Sub:OpId_66 (cycles)
5950179030,EXECUTE,1915,CYCLES,BACKEND,SUB-EVENT,_Mul_4:OpId_68 (cycles)
5950179030,EXECUTE,1868,CYCLES,BACKEND,SUB-EVENT,_Mul_5:OpId_70 (cycles)
5950179030,EXECUTE,3201,CYCLES,BACKEND,SUB-EVENT,_Add_4:OpId_72 (cycles)
5950179030,EXECUTE,0,CYCLES,BACKEND,SUB-EVENT,_Unsqueeze:OpId_74 (cycles)
5950179030,EXECUTE,0,CYCLES,BACKEND,SUB-EVENT,_Unsqueeze_1:OpId_75 (cycles)
5950179030,EXECUTE,748,CYCLES,BACKEND,SUB-EVENT,_Concat:OpId_76 (cycles)
5950179030,EXECUTE,2824,CYCLES,BACKEND,SUB-EVENT,_Reshape_3:OpId_78 (cycles)
5950179030,EXECUTE,35831,CYCLES,BACKEND,SUB-EVENT,_Slice_3:OpId_80 (cycles)
5950179030,EXECUTE,5807,CYCLES,BACKEND,SUB-EVENT,_Slice_4:OpId_86 (cycles)
5950179030,EXECUTE,6816,CYCLES,BACKEND,SUB-EVENT,_Mul_6:OpId_91 (cycles)
5950179030,EXECUTE,1644,CYCLES,BACKEND,SUB-EVENT,_Mul_7:OpId_93 (cycles)
5950179030,EXECUTE,578,CYCLES,BACKEND,SUB-EVENT,_Sub_1:OpId_95 (cycles)
5950179030,EXECUTE,1751,CYCLES,BACKEND,SUB-EVENT,_Mul_8:OpId_97 (cycles)
5950179030,EXECUTE,1157,CYCLES,BACKEND,SUB-EVENT,_Mul_9:OpId_99 (cycles)
5950179030,EXECUTE,2156,CYCLES,BACKEND,SUB-EVENT,_Add_5:OpId_101 (cycles)
5950179030,EXECUTE,0,CYCLES,BACKEND,SUB-EVENT,_Unsqueeze_2:OpId_103 (cycles)
5950179030,EXECUTE,0,CYCLES,BACKEND,SUB-EVENT,_Unsqueeze_3:OpId_104 (cycles)
5950179030,EXECUTE,2360,CYCLES,BACKEND,SUB-EVENT,_Concat_2:OpId_105 (cycles)
5950179030,EXECUTE,0,CYCLES,BACKEND,SUB-EVENT,_Reshape_4:OpId_107 (cycles)
5950179030,EXECUTE,904,CYCLES,BACKEND,SUB-EVENT,current_key_nhwc:OpId_109 (cycles)
5950179030,EXECUTE,14369,CYCLES,BACKEND,SUB-EVENT,_Concat_4:OpId_110 (cycles)
5950179030,EXECUTE,24918,CYCLES,BACKEND,SUB-EVENT,_Concat_5:OpId_112 (cycles)
5950179030,EXECUTE,11247741,CYCLES,BACKEND,SUB-EVENT,_FusedDecodeAttentionPast128:OpId_114 (cycles)
5950179030,EXECUTE,5277,CYCLES,BACKEND,SUB-EVENT,_Transpose_4:OpId_116 (cycles)
5950179030,EXECUTE,15688,CYCLES,BACKEND,SUB-EVENT,_MatMul_5:OpId_118 (cycles)
5950179030,EXECUTE,0,CYCLES,BACKEND,SUB-EVENT,_MatMul_5_post_reshape:OpId_121 (cycles)
5950179030,EXECUTE,0,CYCLES,BACKEND,SUB-EVENT,_MatMul_5_output_0_nfc:OpId_123 (cycles)
5950179030,EXECUTE,112155,CYCLES,BACKEND,SUB-EVENT,_Add_7:OpId_125 (cycles)
5950179030,EXECUTE,295,CYCLES,BACKEND,SUB-EVENT,_Add_7_output_0_ncf:OpId_128 (cycles)
5950179030,EXECUTE,2519,CYCLES,BACKEND,SUB-EVENT,rms_norm__Mul_11_output_0:OpId_133 (cycles)
5950179030,EXECUTE,0,CYCLES,BACKEND,SUB-EVENT,_MatMul_6:OpId_137 (cycles)
5950179030,EXECUTE,0,CYCLES,BACKEND,SUB-EVENT,_MatMul_6_post_reshape:OpId_140 (cycles)
5950179030,EXECUTE,92048,CYCLES,BACKEND,SUB-EVENT,_MatMul_7:OpId_142 (cycles)
5950179030,EXECUTE,0,CYCLES,BACKEND,SUB-EVENT,_MatMul_7_post_reshape:OpId_145 (cycles)
5950179030,EXECUTE,0,CYCLES,BACKEND,SUB-EVENT,_Sigmoid:OpId_146 (cycles)
5950179030,EXECUTE,91990,CYCLES,BACKEND,SUB-EVENT,_Mul_12:OpId_153 (cycles)
5950179030,EXECUTE,18472,CYCLES,BACKEND,SUB-EVENT,_Mul_13:OpId_155 (cycles)
5950179030,EXECUTE,156826,CYCLES,BACKEND,SUB-EVENT,_MatMul_8:OpId_158 (cycles)
5950179030,EXECUTE,0,CYCLES,BACKEND,SUB-EVENT,_MatMul_8_post_reshape:OpId_161 (cycles)
5950179030,EXECUTE,0,CYCLES,BACKEND,SUB-EVENT,_MatMul_8_output_0_nfc:OpId_163 (cycles)
5950179030,EXECUTE,14893,CYCLES,BACKEND,SUB-EVENT,_Add_9:OpId_165 (cycles)
5950179030,EXECUTE,6730,CYCLES,BACKEND,SUB-EVENT,Output OpId_3 (cycles)
5950179030,EXECUTE,9932,US,BACKEND,ROOT,Accelerator (execute) time
5950179030,EXECUTE,9789,US,BACKEND,ROOT,Accelerator (execute excluding wait) time
5950179030,EXECUTE,16815,US,BACKEND,ROOT,QNN (execute) time
5950200694,EXECUTE,19331,US,NETRUN,ROOT,Graph 0: qwen2_0_5b_layer0_decode_past128_fused_attention
5950200694,EXECUTE,4,COUNT,BACKEND,ROOT,Number of HVX threads used
5950200694,EXECUTE,18944,US,BACKEND,ROOT,RPC (execute) time
5950200694,EXECUTE,16746,US,BACKEND,ROOT,QNN accelerator (execute) time
5950200694,EXECUTE,0,COUNT,BACKEND,ROOT,Num times yield occured
5950200694,EXECUTE,570,US,BACKEND,ROOT,Time for initial VTCM acquire
5950200694,EXECUTE,221,US,BACKEND,ROOT,Time for HVX + HMX power on and acquire
5950200694,EXECUTE,13317229,CYCLES,BACKEND,ROOT,Accelerator (execute) time (cycles)
5950200694,EXECUTE,16242,CYCLES,BACKEND,SUB-EVENT,Input OpId_2 (cycles)
5950200694,EXECUTE,12505,CYCLES,BACKEND,SUB-EVENT,hidden_states_ncf:OpId_17 (cycles)
5950200694,EXECUTE,66376,CYCLES,BACKEND,SUB-EVENT,past_value_nchw:OpId_20 (cycles)
5950200694,EXECUTE,14904,CYCLES,BACKEND,SUB-EVENT,rms_norm__Mul_1_output_0:OpId_24 (cycles)
5950200694,EXECUTE,67576,CYCLES,BACKEND,SUB-EVENT,_MatMul:OpId_29 (cycles)
5950200694,EXECUTE,0,CYCLES,BACKEND,SUB-EVENT,_MatMul_post_reshape:OpId_31 (cycles)
5950200694,EXECUTE,2574,CYCLES,BACKEND,SUB-EVENT,_MatMul_1:OpId_34 (cycles)
5950200694,EXECUTE,29744,CYCLES,BACKEND,SUB-EVENT,_MatMul_1_post_reshape:OpId_36 (cycles)
5950200694,EXECUTE,6285,CYCLES,BACKEND,SUB-EVENT,_MatMul_2:OpId_39 (cycles)
5950200694,EXECUTE,32533,CYCLES,BACKEND,SUB-EVENT,_MatMul_2_post_reshape:OpId_41 (cycles)
5950200694,EXECUTE,471,CYCLES,BACKEND,SUB-EVENT,_Transpose:OpId_43 (cycles)
5950200694,EXECUTE,4815,CYCLES,BACKEND,SUB-EVENT,_Transpose_1:OpId_45 (cycles)
5950200694,EXECUTE,4579,CYCLES,BACKEND,SUB-EVENT,_Transpose_2:OpId_47 (cycles)
5950200694,EXECUTE,61614,CYCLES,BACKEND,SUB-EVENT,_Slice:OpId_49 (cycles)
5950200694,EXECUTE,20534,CYCLES,BACKEND,SUB-EVENT,_Slice_1:OpId_55 (cycles)
5950200694,EXECUTE,4357,CYCLES,BACKEND,SUB-EVENT,_Mul_2:OpId_61 (cycles)
5950200694,EXECUTE,1231,CYCLES,BACKEND,SUB-EVENT,_Mul_3:OpId_64 (cycles)
5950200694,EXECUTE,274,CYCLES,BACKEND,SUB-EVENT,_Sub:OpId_66 (cycles)
5950200694,EXECUTE,6620,CYCLES,BACKEND,SUB-EVENT,_Mul_4:OpId_68 (cycles)
5950200694,EXECUTE,1366,CYCLES,BACKEND,SUB-EVENT,_Mul_5:OpId_70 (cycles)
5950200694,EXECUTE,7855,CYCLES,BACKEND,SUB-EVENT,_Add_4:OpId_72 (cycles)
5950200694,EXECUTE,0,CYCLES,BACKEND,SUB-EVENT,_Unsqueeze:OpId_74 (cycles)
5950200694,EXECUTE,0,CYCLES,BACKEND,SUB-EVENT,_Unsqueeze_1:OpId_75 (cycles)
5950200694,EXECUTE,951,CYCLES,BACKEND,SUB-EVENT,_Concat:OpId_76 (cycles)
5950200694,EXECUTE,3261,CYCLES,BACKEND,SUB-EVENT,_Reshape_3:OpId_78 (cycles)
5950200694,EXECUTE,179763,CYCLES,BACKEND,SUB-EVENT,_Slice_3:OpId_80 (cycles)
5950200694,EXECUTE,22515,CYCLES,BACKEND,SUB-EVENT,_Slice_4:OpId_86 (cycles)
5950200694,EXECUTE,31996,CYCLES,BACKEND,SUB-EVENT,_Mul_6:OpId_91 (cycles)
5950200694,EXECUTE,21634,CYCLES,BACKEND,SUB-EVENT,_Mul_7:OpId_93 (cycles)
5950200694,EXECUTE,2687,CYCLES,BACKEND,SUB-EVENT,_Sub_1:OpId_95 (cycles)
5950200694,EXECUTE,28722,CYCLES,BACKEND,SUB-EVENT,_Mul_8:OpId_97 (cycles)
5950200694,EXECUTE,608,CYCLES,BACKEND,SUB-EVENT,_Mul_9:OpId_99 (cycles)
5950200694,EXECUTE,6968,CYCLES,BACKEND,SUB-EVENT,_Add_5:OpId_101 (cycles)
5950200694,EXECUTE,0,CYCLES,BACKEND,SUB-EVENT,_Unsqueeze_2:OpId_103 (cycles)
5950200694,EXECUTE,0,CYCLES,BACKEND,SUB-EVENT,_Unsqueeze_3:OpId_104 (cycles)
5950200694,EXECUTE,12784,CYCLES,BACKEND,SUB-EVENT,_Concat_2:OpId_105 (cycles)
5950200694,EXECUTE,0,CYCLES,BACKEND,SUB-EVENT,_Reshape_4:OpId_107 (cycles)
5950200694,EXECUTE,1920,CYCLES,BACKEND,SUB-EVENT,current_key_nhwc:OpId_109 (cycles)
5950200694,EXECUTE,13054,CYCLES,BACKEND,SUB-EVENT,_Concat_4:OpId_110 (cycles)
5950200694,EXECUTE,74179,CYCLES,BACKEND,SUB-EVENT,_Concat_5:OpId_112 (cycles)
5950200694,EXECUTE,11392207,CYCLES,BACKEND,SUB-EVENT,_FusedDecodeAttentionPast128:OpId_114 (cycles)
5950200694,EXECUTE,6382,CYCLES,BACKEND,SUB-EVENT,_Transpose_4:OpId_116 (cycles)
5950200694,EXECUTE,20691,CYCLES,BACKEND,SUB-EVENT,_MatMul_5:OpId_118 (cycles)
5950200694,EXECUTE,0,CYCLES,BACKEND,SUB-EVENT,_MatMul_5_post_reshape:OpId_121 (cycles)
5950200694,EXECUTE,0,CYCLES,BACKEND,SUB-EVENT,_MatMul_5_output_0_nfc:OpId_123 (cycles)
5950200694,EXECUTE,122044,CYCLES,BACKEND,SUB-EVENT,_Add_7:OpId_125 (cycles)
5950200694,EXECUTE,295,CYCLES,BACKEND,SUB-EVENT,_Add_7_output_0_ncf:OpId_128 (cycles)
5950200694,EXECUTE,3045,CYCLES,BACKEND,SUB-EVENT,rms_norm__Mul_11_output_0:OpId_133 (cycles)
5950200694,EXECUTE,0,CYCLES,BACKEND,SUB-EVENT,_MatMul_6:OpId_137 (cycles)
5950200694,EXECUTE,0,CYCLES,BACKEND,SUB-EVENT,_MatMul_6_post_reshape:OpId_140 (cycles)
5950200694,EXECUTE,279637,CYCLES,BACKEND,SUB-EVENT,_MatMul_7:OpId_142 (cycles)
5950200694,EXECUTE,0,CYCLES,BACKEND,SUB-EVENT,_MatMul_7_post_reshape:OpId_145 (cycles)
5950200694,EXECUTE,0,CYCLES,BACKEND,SUB-EVENT,_Sigmoid:OpId_146 (cycles)
5950200694,EXECUTE,246836,CYCLES,BACKEND,SUB-EVENT,_Mul_12:OpId_153 (cycles)
5950200694,EXECUTE,53283,CYCLES,BACKEND,SUB-EVENT,_Mul_13:OpId_155 (cycles)
5950200694,EXECUTE,402341,CYCLES,BACKEND,SUB-EVENT,_MatMul_8:OpId_158 (cycles)
5950200694,EXECUTE,0,CYCLES,BACKEND,SUB-EVENT,_MatMul_8_post_reshape:OpId_161 (cycles)
5950200694,EXECUTE,0,CYCLES,BACKEND,SUB-EVENT,_MatMul_8_output_0_nfc:OpId_163 (cycles)
5950200694,EXECUTE,14975,CYCLES,BACKEND,SUB-EVENT,_Add_9:OpId_165 (cycles)
5950200694,EXECUTE,11996,CYCLES,BACKEND,SUB-EVENT,Output OpId_3 (cycles)
5950200694,EXECUTE,11880,US,BACKEND,ROOT,Accelerator (execute) time
5950200694,EXECUTE,11757,US,BACKEND,ROOT,Accelerator (execute excluding wait) time
5950200694,EXECUTE,19305,US,BACKEND,ROOT,QNN (execute) time
5950221900,EXECUTE,19315,US,NETRUN,ROOT,Graph 0: qwen2_0_5b_layer0_decode_past128_fused_attention
5950221900,EXECUTE,4,COUNT,BACKEND,ROOT,Number of HVX threads used
5950221900,EXECUTE,18943,US,BACKEND,ROOT,RPC (execute) time
5950221900,EXECUTE,16883,US,BACKEND,ROOT,QNN accelerator (execute) time
5950221900,EXECUTE,0,COUNT,BACKEND,ROOT,Num times yield occured
5950221900,EXECUTE,831,US,BACKEND,ROOT,Time for initial VTCM acquire
5950221900,EXECUTE,185,US,BACKEND,ROOT,Time for HVX + HMX power on and acquire
5950221900,EXECUTE,13433543,CYCLES,BACKEND,ROOT,Accelerator (execute) time (cycles)
5950221900,EXECUTE,19490,CYCLES,BACKEND,SUB-EVENT,Input OpId_2 (cycles)
5950221900,EXECUTE,20223,CYCLES,BACKEND,SUB-EVENT,hidden_states_ncf:OpId_17 (cycles)
5950221900,EXECUTE,95214,CYCLES,BACKEND,SUB-EVENT,past_value_nchw:OpId_20 (cycles)
5950221900,EXECUTE,18583,CYCLES,BACKEND,SUB-EVENT,rms_norm__Mul_1_output_0:OpId_24 (cycles)
5950221900,EXECUTE,57858,CYCLES,BACKEND,SUB-EVENT,_MatMul:OpId_29 (cycles)
5950221900,EXECUTE,0,CYCLES,BACKEND,SUB-EVENT,_MatMul_post_reshape:OpId_31 (cycles)
5950221900,EXECUTE,3116,CYCLES,BACKEND,SUB-EVENT,_MatMul_1:OpId_34 (cycles)
5950221900,EXECUTE,32714,CYCLES,BACKEND,SUB-EVENT,_MatMul_1_post_reshape:OpId_36 (cycles)
5950221900,EXECUTE,10845,CYCLES,BACKEND,SUB-EVENT,_MatMul_2:OpId_39 (cycles)
5950221900,EXECUTE,35844,CYCLES,BACKEND,SUB-EVENT,_MatMul_2_post_reshape:OpId_41 (cycles)
5950221900,EXECUTE,456,CYCLES,BACKEND,SUB-EVENT,_Transpose:OpId_43 (cycles)
5950221900,EXECUTE,2002,CYCLES,BACKEND,SUB-EVENT,_Transpose_1:OpId_45 (cycles)
5950221900,EXECUTE,1802,CYCLES,BACKEND,SUB-EVENT,_Transpose_2:OpId_47 (cycles)
5950221900,EXECUTE,61914,CYCLES,BACKEND,SUB-EVENT,_Slice:OpId_49 (cycles)
5950221900,EXECUTE,18370,CYCLES,BACKEND,SUB-EVENT,_Slice_1:OpId_55 (cycles)
5950221900,EXECUTE,2990,CYCLES,BACKEND,SUB-EVENT,_Mul_2:OpId_61 (cycles)
5950221900,EXECUTE,2310,CYCLES,BACKEND,SUB-EVENT,_Mul_3:OpId_64 (cycles)
5950221900,EXECUTE,255,CYCLES,BACKEND,SUB-EVENT,_Sub:OpId_66 (cycles)
5950221900,EXECUTE,4606,CYCLES,BACKEND,SUB-EVENT,_Mul_4:OpId_68 (cycles)
5950221900,EXECUTE,3054,CYCLES,BACKEND,SUB-EVENT,_Mul_5:OpId_70 (cycles)
5950221900,EXECUTE,4778,CYCLES,BACKEND,SUB-EVENT,_Add_4:OpId_72 (cycles)
5950221900,EXECUTE,0,CYCLES,BACKEND,SUB-EVENT,_Unsqueeze:OpId_74 (cycles)
5950221900,EXECUTE,0,CYCLES,BACKEND,SUB-EVENT,_Unsqueeze_1:OpId_75 (cycles)
5950221900,EXECUTE,854,CYCLES,BACKEND,SUB-EVENT,_Concat:OpId_76 (cycles)
5950221900,EXECUTE,15925,CYCLES,BACKEND,SUB-EVENT,_Reshape_3:OpId_78 (cycles)
5950221900,EXECUTE,157334,CYCLES,BACKEND,SUB-EVENT,_Slice_3:OpId_80 (cycles)
5950221900,EXECUTE,13096,CYCLES,BACKEND,SUB-EVENT,_Slice_4:OpId_86 (cycles)
5950221900,EXECUTE,51725,CYCLES,BACKEND,SUB-EVENT,_Mul_6:OpId_91 (cycles)
5950221900,EXECUTE,44447,CYCLES,BACKEND,SUB-EVENT,_Mul_7:OpId_93 (cycles)
5950221900,EXECUTE,2653,CYCLES,BACKEND,SUB-EVENT,_Sub_1:OpId_95 (cycles)
5950221900,EXECUTE,44507,CYCLES,BACKEND,SUB-EVENT,_Mul_8:OpId_97 (cycles)
5950221900,EXECUTE,13420,CYCLES,BACKEND,SUB-EVENT,_Mul_9:OpId_99 (cycles)
5950221900,EXECUTE,8288,CYCLES,BACKEND,SUB-EVENT,_Add_5:OpId_101 (cycles)
5950221900,EXECUTE,0,CYCLES,BACKEND,SUB-EVENT,_Unsqueeze_2:OpId_103 (cycles)
5950221900,EXECUTE,0,CYCLES,BACKEND,SUB-EVENT,_Unsqueeze_3:OpId_104 (cycles)
5950221900,EXECUTE,11985,CYCLES,BACKEND,SUB-EVENT,_Concat_2:OpId_105 (cycles)
5950221900,EXECUTE,0,CYCLES,BACKEND,SUB-EVENT,_Reshape_4:OpId_107 (cycles)
5950221900,EXECUTE,2052,CYCLES,BACKEND,SUB-EVENT,current_key_nhwc:OpId_109 (cycles)
5950221900,EXECUTE,19817,CYCLES,BACKEND,SUB-EVENT,_Concat_4:OpId_110 (cycles)
5950221900,EXECUTE,55319,CYCLES,BACKEND,SUB-EVENT,_Concat_5:OpId_112 (cycles)
5950221900,EXECUTE,11453470,CYCLES,BACKEND,SUB-EVENT,_FusedDecodeAttentionPast128:OpId_114 (cycles)
5950221900,EXECUTE,6511,CYCLES,BACKEND,SUB-EVENT,_Transpose_4:OpId_116 (cycles)
5950221900,EXECUTE,15547,CYCLES,BACKEND,SUB-EVENT,_MatMul_5:OpId_118 (cycles)
5950221900,EXECUTE,0,CYCLES,BACKEND,SUB-EVENT,_MatMul_5_post_reshape:OpId_121 (cycles)
5950221900,EXECUTE,0,CYCLES,BACKEND,SUB-EVENT,_MatMul_5_output_0_nfc:OpId_123 (cycles)
5950221900,EXECUTE,116682,CYCLES,BACKEND,SUB-EVENT,_Add_7:OpId_125 (cycles)
5950221900,EXECUTE,309,CYCLES,BACKEND,SUB-EVENT,_Add_7_output_0_ncf:OpId_128 (cycles)
5950221900,EXECUTE,3285,CYCLES,BACKEND,SUB-EVENT,rms_norm__Mul_11_output_0:OpId_133 (cycles)
5950221900,EXECUTE,0,CYCLES,BACKEND,SUB-EVENT,_MatMul_6:OpId_137 (cycles)
5950221900,EXECUTE,0,CYCLES,BACKEND,SUB-EVENT,_MatMul_6_post_reshape:OpId_140 (cycles)
5950221900,EXECUTE,285100,CYCLES,BACKEND,SUB-EVENT,_MatMul_7:OpId_142 (cycles)
5950221900,EXECUTE,0,CYCLES,BACKEND,SUB-EVENT,_MatMul_7_post_reshape:OpId_145 (cycles)
5950221900,EXECUTE,0,CYCLES,BACKEND,SUB-EVENT,_Sigmoid:OpId_146 (cycles)
5950221900,EXECUTE,248749,CYCLES,BACKEND,SUB-EVENT,_Mul_12:OpId_153 (cycles)
5950221900,EXECUTE,39787,CYCLES,BACKEND,SUB-EVENT,_Mul_13:OpId_155 (cycles)
5950221900,EXECUTE,402187,CYCLES,BACKEND,SUB-EVENT,_MatMul_8:OpId_158 (cycles)
5950221900,EXECUTE,0,CYCLES,BACKEND,SUB-EVENT,_MatMul_8_post_reshape:OpId_161 (cycles)
5950221900,EXECUTE,0,CYCLES,BACKEND,SUB-EVENT,_MatMul_8_output_0_nfc:OpId_163 (cycles)
5950221900,EXECUTE,15380,CYCLES,BACKEND,SUB-EVENT,_Add_9:OpId_165 (cycles)
5950221900,EXECUTE,8690,CYCLES,BACKEND,SUB-EVENT,Output OpId_3 (cycles)
5950221900,EXECUTE,12032,US,BACKEND,ROOT,Accelerator (execute) time
5950221900,EXECUTE,11901,US,BACKEND,ROOT,Accelerator (execute excluding wait) time
5950221900,EXECUTE,19290,US,BACKEND,ROOT,QNN (execute) time
5950249154,EXECUTE,23861,US,NETRUN,ROOT,Graph 0: qwen2_0_5b_layer0_decode_past128_fused_attention
5950249154,EXECUTE,4,COUNT,BACKEND,ROOT,Number of HVX threads used
5950249154,EXECUTE,23349,US,BACKEND,ROOT,RPC (execute) time
5950249154,EXECUTE,16596,US,BACKEND,ROOT,QNN accelerator (execute) time
5950249154,EXECUTE,0,COUNT,BACKEND,ROOT,Num times yield occured
5950249154,EXECUTE,562,US,BACKEND,ROOT,Time for initial VTCM acquire
5950249154,EXECUTE,249,US,BACKEND,ROOT,Time for HVX + HMX power on and acquire
5950249154,EXECUTE,13467684,CYCLES,BACKEND,ROOT,Accelerator (execute) time (cycles)
5950249154,EXECUTE,18616,CYCLES,BACKEND,SUB-EVENT,Input OpId_2 (cycles)
5950249154,EXECUTE,19730,CYCLES,BACKEND,SUB-EVENT,hidden_states_ncf:OpId_17 (cycles)
5950249154,EXECUTE,77507,CYCLES,BACKEND,SUB-EVENT,past_value_nchw:OpId_20 (cycles)
5950249154,EXECUTE,12253,CYCLES,BACKEND,SUB-EVENT,rms_norm__Mul_1_output_0:OpId_24 (cycles)
5950249154,EXECUTE,88150,CYCLES,BACKEND,SUB-EVENT,_MatMul:OpId_29 (cycles)
5950249154,EXECUTE,0,CYCLES,BACKEND,SUB-EVENT,_MatMul_post_reshape:OpId_31 (cycles)
5950249154,EXECUTE,2943,CYCLES,BACKEND,SUB-EVENT,_MatMul_1:OpId_34 (cycles)
5950249154,EXECUTE,21758,CYCLES,BACKEND,SUB-EVENT,_MatMul_1_post_reshape:OpId_36 (cycles)
5950249154,EXECUTE,10052,CYCLES,BACKEND,SUB-EVENT,_MatMul_2:OpId_39 (cycles)
5950249154,EXECUTE,24331,CYCLES,BACKEND,SUB-EVENT,_MatMul_2_post_reshape:OpId_41 (cycles)
5950249154,EXECUTE,434,CYCLES,BACKEND,SUB-EVENT,_Transpose:OpId_43 (cycles)
5950249154,EXECUTE,5151,CYCLES,BACKEND,SUB-EVENT,_Transpose_1:OpId_45 (cycles)
5950249154,EXECUTE,4956,CYCLES,BACKEND,SUB-EVENT,_Transpose_2:OpId_47 (cycles)
5950249154,EXECUTE,61543,CYCLES,BACKEND,SUB-EVENT,_Slice:OpId_49 (cycles)
5950249154,EXECUTE,46819,CYCLES,BACKEND,SUB-EVENT,_Slice_1:OpId_55 (cycles)
5950249154,EXECUTE,5065,CYCLES,BACKEND,SUB-EVENT,_Mul_2:OpId_61 (cycles)
5950249154,EXECUTE,1265,CYCLES,BACKEND,SUB-EVENT,_Mul_3:OpId_64 (cycles)
5950249154,EXECUTE,260,CYCLES,BACKEND,SUB-EVENT,_Sub:OpId_66 (cycles)
5950249154,EXECUTE,3061,CYCLES,BACKEND,SUB-EVENT,_Mul_4:OpId_68 (cycles)
5950249154,EXECUTE,5073,CYCLES,BACKEND,SUB-EVENT,_Mul_5:OpId_70 (cycles)
5950249154,EXECUTE,7308,CYCLES,BACKEND,SUB-EVENT,_Add_4:OpId_72 (cycles)
5950249154,EXECUTE,0,CYCLES,BACKEND,SUB-EVENT,_Unsqueeze:OpId_74 (cycles)
5950249154,EXECUTE,0,CYCLES,BACKEND,SUB-EVENT,_Unsqueeze_1:OpId_75 (cycles)
5950249154,EXECUTE,750,CYCLES,BACKEND,SUB-EVENT,_Concat:OpId_76 (cycles)
5950249154,EXECUTE,10692,CYCLES,BACKEND,SUB-EVENT,_Reshape_3:OpId_78 (cycles)
5950249154,EXECUTE,207424,CYCLES,BACKEND,SUB-EVENT,_Slice_3:OpId_80 (cycles)
5950249154,EXECUTE,14833,CYCLES,BACKEND,SUB-EVENT,_Slice_4:OpId_86 (cycles)
5950249154,EXECUTE,51935,CYCLES,BACKEND,SUB-EVENT,_Mul_6:OpId_91 (cycles)
5950249154,EXECUTE,14664,CYCLES,BACKEND,SUB-EVENT,_Mul_7:OpId_93 (cycles)
5950249154,EXECUTE,2635,CYCLES,BACKEND,SUB-EVENT,_Sub_1:OpId_95 (cycles)
5950249154,EXECUTE,36181,CYCLES,BACKEND,SUB-EVENT,_Mul_8:OpId_97 (cycles)
5950249154,EXECUTE,14455,CYCLES,BACKEND,SUB-EVENT,_Mul_9:OpId_99 (cycles)
5950249154,EXECUTE,8034,CYCLES,BACKEND,SUB-EVENT,_Add_5:OpId_101 (cycles)
5950249154,EXECUTE,0,CYCLES,BACKEND,SUB-EVENT,_Unsqueeze_2:OpId_103 (cycles)
5950249154,EXECUTE,0,CYCLES,BACKEND,SUB-EVENT,_Unsqueeze_3:OpId_104 (cycles)
5950249154,EXECUTE,11891,CYCLES,BACKEND,SUB-EVENT,_Concat_2:OpId_105 (cycles)
5950249154,EXECUTE,0,CYCLES,BACKEND,SUB-EVENT,_Reshape_4:OpId_107 (cycles)
5950249154,EXECUTE,1849,CYCLES,BACKEND,SUB-EVENT,current_key_nhwc:OpId_109 (cycles)
5950249154,EXECUTE,14789,CYCLES,BACKEND,SUB-EVENT,_Concat_4:OpId_110 (cycles)
5950249154,EXECUTE,64988,CYCLES,BACKEND,SUB-EVENT,_Concat_5:OpId_112 (cycles)
5950249154,EXECUTE,11429752,CYCLES,BACKEND,SUB-EVENT,_FusedDecodeAttentionPast128:OpId_114 (cycles)
5950249154,EXECUTE,5705,CYCLES,BACKEND,SUB-EVENT,_Transpose_4:OpId_116 (cycles)
5950249154,EXECUTE,21232,CYCLES,BACKEND,SUB-EVENT,_MatMul_5:OpId_118 (cycles)
5950249154,EXECUTE,0,CYCLES,BACKEND,SUB-EVENT,_MatMul_5_post_reshape:OpId_121 (cycles)
5950249154,EXECUTE,0,CYCLES,BACKEND,SUB-EVENT,_MatMul_5_output_0_nfc:OpId_123 (cycles)
5950249154,EXECUTE,144329,CYCLES,BACKEND,SUB-EVENT,_Add_7:OpId_125 (cycles)
5950249154,EXECUTE,276,CYCLES,BACKEND,SUB-EVENT,_Add_7_output_0_ncf:OpId_128 (cycles)
5950249154,EXECUTE,3393,CYCLES,BACKEND,SUB-EVENT,rms_norm__Mul_11_output_0:OpId_133 (cycles)
5950249154,EXECUTE,0,CYCLES,BACKEND,SUB-EVENT,_MatMul_6:OpId_137 (cycles)
5950249154,EXECUTE,0,CYCLES,BACKEND,SUB-EVENT,_MatMul_6_post_reshape:OpId_140 (cycles)
5950249154,EXECUTE,271652,CYCLES,BACKEND,SUB-EVENT,_MatMul_7:OpId_142 (cycles)
5950249154,EXECUTE,0,CYCLES,BACKEND,SUB-EVENT,_MatMul_7_post_reshape:OpId_145 (cycles)
5950249154,EXECUTE,0,CYCLES,BACKEND,SUB-EVENT,_Sigmoid:OpId_146 (cycles)
5950249154,EXECUTE,252728,CYCLES,BACKEND,SUB-EVENT,_Mul_12:OpId_153 (cycles)
5950249154,EXECUTE,41647,CYCLES,BACKEND,SUB-EVENT,_Mul_13:OpId_155 (cycles)
5950249154,EXECUTE,398424,CYCLES,BACKEND,SUB-EVENT,_MatMul_8:OpId_158 (cycles)
5950249154,EXECUTE,0,CYCLES,BACKEND,SUB-EVENT,_MatMul_8_post_reshape:OpId_161 (cycles)
5950249154,EXECUTE,0,CYCLES,BACKEND,SUB-EVENT,_MatMul_8_output_0_nfc:OpId_163 (cycles)
5950249154,EXECUTE,15197,CYCLES,BACKEND,SUB-EVENT,_Add_9:OpId_165 (cycles)
5950249154,EXECUTE,11954,CYCLES,BACKEND,SUB-EVENT,Output OpId_3 (cycles)
5950249154,EXECUTE,11896,US,BACKEND,ROOT,Accelerator (execute) time
5950249154,EXECUTE,11784,US,BACKEND,ROOT,Accelerator (execute excluding wait) time
5950249154,EXECUTE,23807,US,BACKEND,ROOT,QNN (execute) time
5950271313,EXECUTE,19689,US,NETRUN,ROOT,Graph 0: qwen2_0_5b_layer0_decode_past128_fused_attention
5950271313,EXECUTE,4,COUNT,BACKEND,ROOT,Number of HVX threads used
5950271313,EXECUTE,19155,US,BACKEND,ROOT,RPC (execute) time
5950271313,EXECUTE,16968,US,BACKEND,ROOT,QNN accelerator (execute) time
5950271313,EXECUTE,0,COUNT,BACKEND,ROOT,Num times yield occured
5950271313,EXECUTE,588,US,BACKEND,ROOT,Time for initial VTCM acquire
5950271313,EXECUTE,199,US,BACKEND,ROOT,Time for HVX + HMX power on and acquire
5950271313,EXECUTE,13505236,CYCLES,BACKEND,ROOT,Accelerator (execute) time (cycles)
5950271313,EXECUTE,19241,CYCLES,BACKEND,SUB-EVENT,Input OpId_2 (cycles)
5950271313,EXECUTE,5202,CYCLES,BACKEND,SUB-EVENT,hidden_states_ncf:OpId_17 (cycles)
5950271313,EXECUTE,68616,CYCLES,BACKEND,SUB-EVENT,past_value_nchw:OpId_20 (cycles)
5950271313,EXECUTE,17649,CYCLES,BACKEND,SUB-EVENT,rms_norm__Mul_1_output_0:OpId_24 (cycles)
5950271313,EXECUTE,192985,CYCLES,BACKEND,SUB-EVENT,_MatMul:OpId_29 (cycles)
5950271313,EXECUTE,0,CYCLES,BACKEND,SUB-EVENT,_MatMul_post_reshape:OpId_31 (cycles)
5950271313,EXECUTE,1736,CYCLES,BACKEND,SUB-EVENT,_MatMul_1:OpId_34 (cycles)
5950271313,EXECUTE,17139,CYCLES,BACKEND,SUB-EVENT,_MatMul_1_post_reshape:OpId_36 (cycles)
5950271313,EXECUTE,17921,CYCLES,BACKEND,SUB-EVENT,_MatMul_2:OpId_39 (cycles)
5950271313,EXECUTE,20140,CYCLES,BACKEND,SUB-EVENT,_MatMul_2_post_reshape:OpId_41 (cycles)
5950271313,EXECUTE,528,CYCLES,BACKEND,SUB-EVENT,_Transpose:OpId_43 (cycles)
5950271313,EXECUTE,8088,CYCLES,BACKEND,SUB-EVENT,_Transpose_1:OpId_45 (cycles)
5950271313,EXECUTE,7804,CYCLES,BACKEND,SUB-EVENT,_Transpose_2:OpId_47 (cycles)
5950271313,EXECUTE,94421,CYCLES,BACKEND,SUB-EVENT,_Slice:OpId_49 (cycles)
5950271313,EXECUTE,22932,CYCLES,BACKEND,SUB-EVENT,_Slice_1:OpId_55 (cycles)
5950271313,EXECUTE,5503,CYCLES,BACKEND,SUB-EVENT,_Mul_2:OpId_61 (cycles)
5950271313,EXECUTE,1215,CYCLES,BACKEND,SUB-EVENT,_Mul_3:OpId_64 (cycles)
5950271313,EXECUTE,263,CYCLES,BACKEND,SUB-EVENT,_Sub:OpId_66 (cycles)
5950271313,EXECUTE,3060,CYCLES,BACKEND,SUB-EVENT,_Mul_4:OpId_68 (cycles)
5950271313,EXECUTE,5499,CYCLES,BACKEND,SUB-EVENT,_Mul_5:OpId_70 (cycles)
5950271313,EXECUTE,10695,CYCLES,BACKEND,SUB-EVENT,_Add_4:OpId_72 (cycles)
5950271313,EXECUTE,0,CYCLES,BACKEND,SUB-EVENT,_Unsqueeze:OpId_74 (cycles)
5950271313,EXECUTE,0,CYCLES,BACKEND,SUB-EVENT,_Unsqueeze_1:OpId_75 (cycles)
5950271313,EXECUTE,793,CYCLES,BACKEND,SUB-EVENT,_Concat:OpId_76 (cycles)
5950271313,EXECUTE,20510,CYCLES,BACKEND,SUB-EVENT,_Reshape_3:OpId_78 (cycles)
5950271313,EXECUTE,189123,CYCLES,BACKEND,SUB-EVENT,_Slice_3:OpId_80 (cycles)
5950271313,EXECUTE,16911,CYCLES,BACKEND,SUB-EVENT,_Slice_4:OpId_86 (cycles)
5950271313,EXECUTE,46443,CYCLES,BACKEND,SUB-EVENT,_Mul_6:OpId_91 (cycles)
5950271313,EXECUTE,35427,CYCLES,BACKEND,SUB-EVENT,_Mul_7:OpId_93 (cycles)
5950271313,EXECUTE,3123,CYCLES,BACKEND,SUB-EVENT,_Sub_1:OpId_95 (cycles)
5950271313,EXECUTE,35453,CYCLES,BACKEND,SUB-EVENT,_Mul_8:OpId_97 (cycles)
5950271313,EXECUTE,14520,CYCLES,BACKEND,SUB-EVENT,_Mul_9:OpId_99 (cycles)
5950271313,EXECUTE,9144,CYCLES,BACKEND,SUB-EVENT,_Add_5:OpId_101 (cycles)
5950271313,EXECUTE,0,CYCLES,BACKEND,SUB-EVENT,_Unsqueeze_2:OpId_103 (cycles)
5950271313,EXECUTE,0,CYCLES,BACKEND,SUB-EVENT,_Unsqueeze_3:OpId_104 (cycles)
5950271313,EXECUTE,18187,CYCLES,BACKEND,SUB-EVENT,_Concat_2:OpId_105 (cycles)
5950271313,EXECUTE,0,CYCLES,BACKEND,SUB-EVENT,_Reshape_4:OpId_107 (cycles)
5950271313,EXECUTE,1951,CYCLES,BACKEND,SUB-EVENT,current_key_nhwc:OpId_109 (cycles)
5950271313,EXECUTE,16450,CYCLES,BACKEND,SUB-EVENT,_Concat_4:OpId_110 (cycles)
5950271313,EXECUTE,48573,CYCLES,BACKEND,SUB-EVENT,_Concat_5:OpId_112 (cycles)
5950271313,EXECUTE,11442023,CYCLES,BACKEND,SUB-EVENT,_FusedDecodeAttentionPast128:OpId_114 (cycles)
5950271313,EXECUTE,4347,CYCLES,BACKEND,SUB-EVENT,_Transpose_4:OpId_116 (cycles)
5950271313,EXECUTE,12332,CYCLES,BACKEND,SUB-EVENT,_MatMul_5:OpId_118 (cycles)
5950271313,EXECUTE,0,CYCLES,BACKEND,SUB-EVENT,_MatMul_5_post_reshape:OpId_121 (cycles)
5950271313,EXECUTE,0,CYCLES,BACKEND,SUB-EVENT,_MatMul_5_output_0_nfc:OpId_123 (cycles)
5950271313,EXECUTE,59601,CYCLES,BACKEND,SUB-EVENT,_Add_7:OpId_125 (cycles)
5950271313,EXECUTE,238,CYCLES,BACKEND,SUB-EVENT,_Add_7_output_0_ncf:OpId_128 (cycles)
5950271313,EXECUTE,2444,CYCLES,BACKEND,SUB-EVENT,rms_norm__Mul_11_output_0:OpId_133 (cycles)
5950271313,EXECUTE,0,CYCLES,BACKEND,SUB-EVENT,_MatMul_6:OpId_137 (cycles)
5950271313,EXECUTE,0,CYCLES,BACKEND,SUB-EVENT,_MatMul_6_post_reshape:OpId_140 (cycles)
5950271313,EXECUTE,290582,CYCLES,BACKEND,SUB-EVENT,_MatMul_7:OpId_142 (cycles)
5950271313,EXECUTE,0,CYCLES,BACKEND,SUB-EVENT,_MatMul_7_post_reshape:OpId_145 (cycles)
5950271313,EXECUTE,0,CYCLES,BACKEND,SUB-EVENT,_Sigmoid:OpId_146 (cycles)
5950271313,EXECUTE,243051,CYCLES,BACKEND,SUB-EVENT,_Mul_12:OpId_153 (cycles)
5950271313,EXECUTE,46214,CYCLES,BACKEND,SUB-EVENT,_Mul_13:OpId_155 (cycles)
5950271313,EXECUTE,400595,CYCLES,BACKEND,SUB-EVENT,_MatMul_8:OpId_158 (cycles)
5950271313,EXECUTE,0,CYCLES,BACKEND,SUB-EVENT,_MatMul_8_post_reshape:OpId_161 (cycles)
5950271313,EXECUTE,0,CYCLES,BACKEND,SUB-EVENT,_MatMul_8_output_0_nfc:OpId_163 (cycles)
5950271313,EXECUTE,15192,CYCLES,BACKEND,SUB-EVENT,_Add_9:OpId_165 (cycles)
5950271313,EXECUTE,11372,CYCLES,BACKEND,SUB-EVENT,Output OpId_3 (cycles)
5950271313,EXECUTE,12132,US,BACKEND,ROOT,Accelerator (execute) time
5950271313,EXECUTE,12014,US,BACKEND,ROOT,Accelerator (execute excluding wait) time
5950271313,EXECUTE,19656,US,BACKEND,ROOT,QNN (execute) time
5950292651,EXECUTE,19512,US,NETRUN,ROOT,Graph 0: qwen2_0_5b_layer0_decode_past128_fused_attention
5950292651,EXECUTE,4,COUNT,BACKEND,ROOT,Number of HVX threads used
5950292651,EXECUTE,19022,US,BACKEND,ROOT,RPC (execute) time
5950292651,EXECUTE,16828,US,BACKEND,ROOT,QNN accelerator (execute) time
5950292651,EXECUTE,0,COUNT,BACKEND,ROOT,Num times yield occured
5950292651,EXECUTE,661,US,BACKEND,ROOT,Time for initial VTCM acquire
5950292651,EXECUTE,226,US,BACKEND,ROOT,Time for HVX + HMX power on and acquire
5950292651,EXECUTE,13572828,CYCLES,BACKEND,ROOT,Accelerator (execute) time (cycles)
5950292651,EXECUTE,18629,CYCLES,BACKEND,SUB-EVENT,Input OpId_2 (cycles)
5950292651,EXECUTE,20430,CYCLES,BACKEND,SUB-EVENT,hidden_states_ncf:OpId_17 (cycles)
5950292651,EXECUTE,89979,CYCLES,BACKEND,SUB-EVENT,past_value_nchw:OpId_20 (cycles)
5950292651,EXECUTE,15395,CYCLES,BACKEND,SUB-EVENT,rms_norm__Mul_1_output_0:OpId_24 (cycles)
5950292651,EXECUTE,106045,CYCLES,BACKEND,SUB-EVENT,_MatMul:OpId_29 (cycles)
5950292651,EXECUTE,0,CYCLES,BACKEND,SUB-EVENT,_MatMul_post_reshape:OpId_31 (cycles)
5950292651,EXECUTE,2922,CYCLES,BACKEND,SUB-EVENT,_MatMul_1:OpId_34 (cycles)
5950292651,EXECUTE,36165,CYCLES,BACKEND,SUB-EVENT,_MatMul_1_post_reshape:OpId_36 (cycles)
5950292651,EXECUTE,10890,CYCLES,BACKEND,SUB-EVENT,_MatMul_2:OpId_39 (cycles)
5950292651,EXECUTE,41159,CYCLES,BACKEND,SUB-EVENT,_MatMul_2_post_reshape:OpId_41 (cycles)
5950292651,EXECUTE,470,CYCLES,BACKEND,SUB-EVENT,_Transpose:OpId_43 (cycles)
5950292651,EXECUTE,6142,CYCLES,BACKEND,SUB-EVENT,_Transpose_1:OpId_45 (cycles)
5950292651,EXECUTE,5913,CYCLES,BACKEND,SUB-EVENT,_Transpose_2:OpId_47 (cycles)
5950292651,EXECUTE,59746,CYCLES,BACKEND,SUB-EVENT,_Slice:OpId_49 (cycles)
5950292651,EXECUTE,22818,CYCLES,BACKEND,SUB-EVENT,_Slice_1:OpId_55 (cycles)
5950292651,EXECUTE,4269,CYCLES,BACKEND,SUB-EVENT,_Mul_2:OpId_61 (cycles)
5950292651,EXECUTE,3586,CYCLES,BACKEND,SUB-EVENT,_Mul_3:OpId_64 (cycles)
5950292651,EXECUTE,261,CYCLES,BACKEND,SUB-EVENT,_Sub:OpId_66 (cycles)
5950292651,EXECUTE,3641,CYCLES,BACKEND,SUB-EVENT,_Mul_4:OpId_68 (cycles)
5950292651,EXECUTE,4305,CYCLES,BACKEND,SUB-EVENT,_Mul_5:OpId_70 (cycles)
5950292651,EXECUTE,4349,CYCLES,BACKEND,SUB-EVENT,_Add_4:OpId_72 (cycles)
5950292651,EXECUTE,0,CYCLES,BACKEND,SUB-EVENT,_Unsqueeze:OpId_74 (cycles)
5950292651,EXECUTE,0,CYCLES,BACKEND,SUB-EVENT,_Unsqueeze_1:OpId_75 (cycles)
5950292651,EXECUTE,958,CYCLES,BACKEND,SUB-EVENT,_Concat:OpId_76 (cycles)
5950292651,EXECUTE,18737,CYCLES,BACKEND,SUB-EVENT,_Reshape_3:OpId_78 (cycles)
5950292651,EXECUTE,188876,CYCLES,BACKEND,SUB-EVENT,_Slice_3:OpId_80 (cycles)
5950292651,EXECUTE,17153,CYCLES,BACKEND,SUB-EVENT,_Slice_4:OpId_86 (cycles)
5950292651,EXECUTE,49602,CYCLES,BACKEND,SUB-EVENT,_Mul_6:OpId_91 (cycles)
5950292651,EXECUTE,39730,CYCLES,BACKEND,SUB-EVENT,_Mul_7:OpId_93 (cycles)
5950292651,EXECUTE,162,CYCLES,BACKEND,SUB-EVENT,_Sub_1:OpId_95 (cycles)
5950292651,EXECUTE,39747,CYCLES,BACKEND,SUB-EVENT,_Mul_8:OpId_97 (cycles)
5950292651,EXECUTE,18792,CYCLES,BACKEND,SUB-EVENT,_Mul_9:OpId_99 (cycles)
5950292651,EXECUTE,9054,CYCLES,BACKEND,SUB-EVENT,_Add_5:OpId_101 (cycles)
5950292651,EXECUTE,0,CYCLES,BACKEND,SUB-EVENT,_Unsqueeze_2:OpId_103 (cycles)
5950292651,EXECUTE,0,CYCLES,BACKEND,SUB-EVENT,_Unsqueeze_3:OpId_104 (cycles)
5950292651,EXECUTE,9164,CYCLES,BACKEND,SUB-EVENT,_Concat_2:OpId_105 (cycles)
5950292651,EXECUTE,0,CYCLES,BACKEND,SUB-EVENT,_Reshape_4:OpId_107 (cycles)
5950292651,EXECUTE,3087,CYCLES,BACKEND,SUB-EVENT,current_key_nhwc:OpId_109 (cycles)
5950292651,EXECUTE,20933,CYCLES,BACKEND,SUB-EVENT,_Concat_4:OpId_110 (cycles)
5950292651,EXECUTE,50428,CYCLES,BACKEND,SUB-EVENT,_Concat_5:OpId_112 (cycles)
5950292651,EXECUTE,11473255,CYCLES,BACKEND,SUB-EVENT,_FusedDecodeAttentionPast128:OpId_114 (cycles)
5950292651,EXECUTE,5756,CYCLES,BACKEND,SUB-EVENT,_Transpose_4:OpId_116 (cycles)
5950292651,EXECUTE,14954,CYCLES,BACKEND,SUB-EVENT,_MatMul_5:OpId_118 (cycles)
5950292651,EXECUTE,0,CYCLES,BACKEND,SUB-EVENT,_MatMul_5_post_reshape:OpId_121 (cycles)
5950292651,EXECUTE,0,CYCLES,BACKEND,SUB-EVENT,_MatMul_5_output_0_nfc:OpId_123 (cycles)
5950292651,EXECUTE,119555,CYCLES,BACKEND,SUB-EVENT,_Add_7:OpId_125 (cycles)
5950292651,EXECUTE,295,CYCLES,BACKEND,SUB-EVENT,_Add_7_output_0_ncf:OpId_128 (cycles)
5950292651,EXECUTE,3300,CYCLES,BACKEND,SUB-EVENT,rms_norm__Mul_11_output_0:OpId_133 (cycles)
5950292651,EXECUTE,0,CYCLES,BACKEND,SUB-EVENT,_MatMul_6:OpId_137 (cycles)
5950292651,EXECUTE,0,CYCLES,BACKEND,SUB-EVENT,_MatMul_6_post_reshape:OpId_140 (cycles)
5950292651,EXECUTE,311426,CYCLES,BACKEND,SUB-EVENT,_MatMul_7:OpId_142 (cycles)
5950292651,EXECUTE,0,CYCLES,BACKEND,SUB-EVENT,_MatMul_7_post_reshape:OpId_145 (cycles)
5950292651,EXECUTE,0,CYCLES,BACKEND,SUB-EVENT,_Sigmoid:OpId_146 (cycles)
5950292651,EXECUTE,238058,CYCLES,BACKEND,SUB-EVENT,_Mul_12:OpId_153 (cycles)
5950292651,EXECUTE,38689,CYCLES,BACKEND,SUB-EVENT,_Mul_13:OpId_155 (cycles)
5950292651,EXECUTE,404827,CYCLES,BACKEND,SUB-EVENT,_MatMul_8:OpId_158 (cycles)
5950292651,EXECUTE,0,CYCLES,BACKEND,SUB-EVENT,_MatMul_8_post_reshape:OpId_161 (cycles)
5950292651,EXECUTE,0,CYCLES,BACKEND,SUB-EVENT,_MatMul_8_output_0_nfc:OpId_163 (cycles)
5950292651,EXECUTE,15217,CYCLES,BACKEND,SUB-EVENT,_Add_9:OpId_165 (cycles)
5950292651,EXECUTE,23959,CYCLES,BACKEND,SUB-EVENT,Output OpId_3 (cycles)
5950292651,EXECUTE,12112,US,BACKEND,ROOT,Accelerator (execute) time
5950292651,EXECUTE,11981,US,BACKEND,ROOT,Accelerator (execute excluding wait) time
5950292651,EXECUTE,19487,US,BACKEND,ROOT,QNN (execute) time
5950313921,EXECUTE,19432,US,NETRUN,ROOT,Graph 0: qwen2_0_5b_layer0_decode_past128_fused_attention
5950313921,EXECUTE,4,COUNT,BACKEND,ROOT,Number of HVX threads used
5950313921,EXECUTE,19058,US,BACKEND,ROOT,RPC (execute) time
5950313921,EXECUTE,16918,US,BACKEND,ROOT,QNN accelerator (execute) time
5950313921,EXECUTE,0,COUNT,BACKEND,ROOT,Num times yield occured
5950313921,EXECUTE,549,US,BACKEND,ROOT,Time for initial VTCM acquire
5950313921,EXECUTE,169,US,BACKEND,ROOT,Time for HVX + HMX power on and acquire
5950313921,EXECUTE,13531702,CYCLES,BACKEND,ROOT,Accelerator (execute) time (cycles)
5950313921,EXECUTE,17070,CYCLES,BACKEND,SUB-EVENT,Input OpId_2 (cycles)
5950313921,EXECUTE,18920,CYCLES,BACKEND,SUB-EVENT,hidden_states_ncf:OpId_17 (cycles)
5950313921,EXECUTE,85088,CYCLES,BACKEND,SUB-EVENT,past_value_nchw:OpId_20 (cycles)
5950313921,EXECUTE,19217,CYCLES,BACKEND,SUB-EVENT,rms_norm__Mul_1_output_0:OpId_24 (cycles)
5950313921,EXECUTE,69664,CYCLES,BACKEND,SUB-EVENT,_MatMul:OpId_29 (cycles)
5950313921,EXECUTE,0,CYCLES,BACKEND,SUB-EVENT,_MatMul_post_reshape:OpId_31 (cycles)
5950313921,EXECUTE,2986,CYCLES,BACKEND,SUB-EVENT,_MatMul_1:OpId_34 (cycles)
5950313921,EXECUTE,28959,CYCLES,BACKEND,SUB-EVENT,_MatMul_1_post_reshape:OpId_36 (cycles)
5950313921,EXECUTE,9365,CYCLES,BACKEND,SUB-EVENT,_MatMul_2:OpId_39 (cycles)
5950313921,EXECUTE,32289,CYCLES,BACKEND,SUB-EVENT,_MatMul_2_post_reshape:OpId_41 (cycles)
5950313921,EXECUTE,451,CYCLES,BACKEND,SUB-EVENT,_Transpose:OpId_43 (cycles)
5950313921,EXECUTE,6139,CYCLES,BACKEND,SUB-EVENT,_Transpose_1:OpId_45 (cycles)
5950313921,EXECUTE,5962,CYCLES,BACKEND,SUB-EVENT,_Transpose_2:OpId_47 (cycles)
5950313921,EXECUTE,89994,CYCLES,BACKEND,SUB-EVENT,_Slice:OpId_49 (cycles)
5950313921,EXECUTE,23928,CYCLES,BACKEND,SUB-EVENT,_Slice_1:OpId_55 (cycles)
5950313921,EXECUTE,5205,CYCLES,BACKEND,SUB-EVENT,_Mul_2:OpId_61 (cycles)
5950313921,EXECUTE,2200,CYCLES,BACKEND,SUB-EVENT,_Mul_3:OpId_64 (cycles)
5950313921,EXECUTE,269,CYCLES,BACKEND,SUB-EVENT,_Sub:OpId_66 (cycles)
5950313921,EXECUTE,3982,CYCLES,BACKEND,SUB-EVENT,_Mul_4:OpId_68 (cycles)
5950313921,EXECUTE,5201,CYCLES,BACKEND,SUB-EVENT,_Mul_5:OpId_70 (cycles)
5950313921,EXECUTE,12644,CYCLES,BACKEND,SUB-EVENT,_Add_4:OpId_72 (cycles)
5950313921,EXECUTE,0,CYCLES,BACKEND,SUB-EVENT,_Unsqueeze:OpId_74 (cycles)
5950313921,EXECUTE,0,CYCLES,BACKEND,SUB-EVENT,_Unsqueeze_1:OpId_75 (cycles)
5950313921,EXECUTE,814,CYCLES,BACKEND,SUB-EVENT,_Concat:OpId_76 (cycles)
5950313921,EXECUTE,14207,CYCLES,BACKEND,SUB-EVENT,_Reshape_3:OpId_78 (cycles)
5950313921,EXECUTE,172747,CYCLES,BACKEND,SUB-EVENT,_Slice_3:OpId_80 (cycles)
5950313921,EXECUTE,19042,CYCLES,BACKEND,SUB-EVENT,_Slice_4:OpId_86 (cycles)
5950313921,EXECUTE,87319,CYCLES,BACKEND,SUB-EVENT,_Mul_6:OpId_91 (cycles)
5950313921,EXECUTE,31682,CYCLES,BACKEND,SUB-EVENT,_Mul_7:OpId_93 (cycles)
5950313921,EXECUTE,1495,CYCLES,BACKEND,SUB-EVENT,_Sub_1:OpId_95 (cycles)
5950313921,EXECUTE,41421,CYCLES,BACKEND,SUB-EVENT,_Mul_8:OpId_97 (cycles)
5950313921,EXECUTE,22468,CYCLES,BACKEND,SUB-EVENT,_Mul_9:OpId_99 (cycles)
5950313921,EXECUTE,9682,CYCLES,BACKEND,SUB-EVENT,_Add_5:OpId_101 (cycles)
5950313921,EXECUTE,0,CYCLES,BACKEND,SUB-EVENT,_Unsqueeze_2:OpId_103 (cycles)
5950313921,EXECUTE,0,CYCLES,BACKEND,SUB-EVENT,_Unsqueeze_3:OpId_104 (cycles)
5950313921,EXECUTE,21042,CYCLES,BACKEND,SUB-EVENT,_Concat_2:OpId_105 (cycles)
5950313921,EXECUTE,0,CYCLES,BACKEND,SUB-EVENT,_Reshape_4:OpId_107 (cycles)
5950313921,EXECUTE,1828,CYCLES,BACKEND,SUB-EVENT,current_key_nhwc:OpId_109 (cycles)
5950313921,EXECUTE,21902,CYCLES,BACKEND,SUB-EVENT,_Concat_4:OpId_110 (cycles)
5950313921,EXECUTE,50129,CYCLES,BACKEND,SUB-EVENT,_Concat_5:OpId_112 (cycles)
5950313921,EXECUTE,11457135,CYCLES,BACKEND,SUB-EVENT,_FusedDecodeAttentionPast128:OpId_114 (cycles)
5950313921,EXECUTE,4812,CYCLES,BACKEND,SUB-EVENT,_Transpose_4:OpId_116 (cycles)
5950313921,EXECUTE,14487,CYCLES,BACKEND,SUB-EVENT,_MatMul_5:OpId_118 (cycles)
5950313921,EXECUTE,0,CYCLES,BACKEND,SUB-EVENT,_MatMul_5_post_reshape:OpId_121 (cycles)
5950313921,EXECUTE,0,CYCLES,BACKEND,SUB-EVENT,_MatMul_5_output_0_nfc:OpId_123 (cycles)
5950313921,EXECUTE,128781,CYCLES,BACKEND,SUB-EVENT,_Add_7:OpId_125 (cycles)
5950313921,EXECUTE,303,CYCLES,BACKEND,SUB-EVENT,_Add_7_output_0_ncf:OpId_128 (cycles)
5950313921,EXECUTE,3404,CYCLES,BACKEND,SUB-EVENT,rms_norm__Mul_11_output_0:OpId_133 (cycles)
5950313921,EXECUTE,0,CYCLES,BACKEND,SUB-EVENT,_MatMul_6:OpId_137 (cycles)
5950313921,EXECUTE,0,CYCLES,BACKEND,SUB-EVENT,_MatMul_6_post_reshape:OpId_140 (cycles)
5950313921,EXECUTE,280389,CYCLES,BACKEND,SUB-EVENT,_MatMul_7:OpId_142 (cycles)
5950313921,EXECUTE,0,CYCLES,BACKEND,SUB-EVENT,_MatMul_7_post_reshape:OpId_145 (cycles)
5950313921,EXECUTE,0,CYCLES,BACKEND,SUB-EVENT,_Sigmoid:OpId_146 (cycles)
5950313921,EXECUTE,240437,CYCLES,BACKEND,SUB-EVENT,_Mul_12:OpId_153 (cycles)
5950313921,EXECUTE,36610,CYCLES,BACKEND,SUB-EVENT,_Mul_13:OpId_155 (cycles)
5950313921,EXECUTE,402423,CYCLES,BACKEND,SUB-EVENT,_MatMul_8:OpId_158 (cycles)
5950313921,EXECUTE,0,CYCLES,BACKEND,SUB-EVENT,_MatMul_8_post_reshape:OpId_161 (cycles)
5950313921,EXECUTE,0,CYCLES,BACKEND,SUB-EVENT,_MatMul_8_output_0_nfc:OpId_163 (cycles)
5950313921,EXECUTE,15075,CYCLES,BACKEND,SUB-EVENT,_Add_9:OpId_165 (cycles)
5950313921,EXECUTE,12535,CYCLES,BACKEND,SUB-EVENT,Output OpId_3 (cycles)
5950313921,EXECUTE,12101,US,BACKEND,ROOT,Accelerator (execute) time
5950313921,EXECUTE,11988,US,BACKEND,ROOT,Accelerator (execute excluding wait) time
5950313921,EXECUTE,19408,US,BACKEND,ROOT,QNN (execute) time
5950335823,EXECUTE,19866,US,NETRUN,ROOT,Graph 0: qwen2_0_5b_layer0_decode_past128_fused_attention
5950335823,EXECUTE,4,COUNT,BACKEND,ROOT,Number of HVX threads used
5950335823,EXECUTE,19444,US,BACKEND,ROOT,RPC (execute) time
5950335823,EXECUTE,16848,US,BACKEND,ROOT,QNN accelerator (execute) time
5950335823,EXECUTE,0,COUNT,BACKEND,ROOT,Num times yield occured
5950335823,EXECUTE,595,US,BACKEND,ROOT,Time for initial VTCM acquire
5950335823,EXECUTE,221,US,BACKEND,ROOT,Time for HVX + HMX power on and acquire
5950335823,EXECUTE,13412171,CYCLES,BACKEND,ROOT,Accelerator (execute) time (cycles)
5950335823,EXECUTE,17630,CYCLES,BACKEND,SUB-EVENT,Input OpId_2 (cycles)
5950335823,EXECUTE,21237,CYCLES,BACKEND,SUB-EVENT,hidden_states_ncf:OpId_17 (cycles)
5950335823,EXECUTE,88833,CYCLES,BACKEND,SUB-EVENT,past_value_nchw:OpId_20 (cycles)
5950335823,EXECUTE,20456,CYCLES,BACKEND,SUB-EVENT,rms_norm__Mul_1_output_0:OpId_24 (cycles)
5950335823,EXECUTE,67897,CYCLES,BACKEND,SUB-EVENT,_MatMul:OpId_29 (cycles)
5950335823,EXECUTE,0,CYCLES,BACKEND,SUB-EVENT,_MatMul_post_reshape:OpId_31 (cycles)
5950335823,EXECUTE,2769,CYCLES,BACKEND,SUB-EVENT,_MatMul_1:OpId_34 (cycles)
5950335823,EXECUTE,33077,CYCLES,BACKEND,SUB-EVENT,_MatMul_1_post_reshape:OpId_36 (cycles)
5950335823,EXECUTE,9477,CYCLES,BACKEND,SUB-EVENT,_MatMul_2:OpId_39 (cycles)
5950335823,EXECUTE,35950,CYCLES,BACKEND,SUB-EVENT,_MatMul_2_post_reshape:OpId_41 (cycles)
5950335823,EXECUTE,451,CYCLES,BACKEND,SUB-EVENT,_Transpose:OpId_43 (cycles)
5950335823,EXECUTE,3325,CYCLES,BACKEND,SUB-EVENT,_Transpose_1:OpId_45 (cycles)
5950335823,EXECUTE,3131,CYCLES,BACKEND,SUB-EVENT,_Transpose_2:OpId_47 (cycles)
5950335823,EXECUTE,63460,CYCLES,BACKEND,SUB-EVENT,_Slice:OpId_49 (cycles)
5950335823,EXECUTE,23271,CYCLES,BACKEND,SUB-EVENT,_Slice_1:OpId_55 (cycles)
5950335823,EXECUTE,7852,CYCLES,BACKEND,SUB-EVENT,_Mul_2:OpId_61 (cycles)
5950335823,EXECUTE,6010,CYCLES,BACKEND,SUB-EVENT,_Mul_3:OpId_64 (cycles)
5950335823,EXECUTE,257,CYCLES,BACKEND,SUB-EVENT,_Sub:OpId_66 (cycles)
5950335823,EXECUTE,6141,CYCLES,BACKEND,SUB-EVENT,_Mul_4:OpId_68 (cycles)
5950335823,EXECUTE,7859,CYCLES,BACKEND,SUB-EVENT,_Mul_5:OpId_70 (cycles)
5950335823,EXECUTE,5339,CYCLES,BACKEND,SUB-EVENT,_Add_4:OpId_72 (cycles)
5950335823,EXECUTE,0,CYCLES,BACKEND,SUB-EVENT,_Unsqueeze:OpId_74 (cycles)
5950335823,EXECUTE,0,CYCLES,BACKEND,SUB-EVENT,_Unsqueeze_1:OpId_75 (cycles)
5950335823,EXECUTE,992,CYCLES,BACKEND,SUB-EVENT,_Concat:OpId_76 (cycles)
5950335823,EXECUTE,17385,CYCLES,BACKEND,SUB-EVENT,_Reshape_3:OpId_78 (cycles)
5950335823,EXECUTE,178574,CYCLES,BACKEND,SUB-EVENT,_Slice_3:OpId_80 (cycles)
5950335823,EXECUTE,16115,CYCLES,BACKEND,SUB-EVENT,_Slice_4:OpId_86 (cycles)
5950335823,EXECUTE,57705,CYCLES,BACKEND,SUB-EVENT,_Mul_6:OpId_91 (cycles)
5950335823,EXECUTE,50020,CYCLES,BACKEND,SUB-EVENT,_Mul_7:OpId_93 (cycles)
5950335823,EXECUTE,163,CYCLES,BACKEND,SUB-EVENT,_Sub_1:OpId_95 (cycles)
5950335823,EXECUTE,50058,CYCLES,BACKEND,SUB-EVENT,_Mul_8:OpId_97 (cycles)
5950335823,EXECUTE,33901,CYCLES,BACKEND,SUB-EVENT,_Mul_9:OpId_99 (cycles)
5950335823,EXECUTE,8744,CYCLES,BACKEND,SUB-EVENT,_Add_5:OpId_101 (cycles)
5950335823,EXECUTE,0,CYCLES,BACKEND,SUB-EVENT,_Unsqueeze_2:OpId_103 (cycles)
5950335823,EXECUTE,0,CYCLES,BACKEND,SUB-EVENT,_Unsqueeze_3:OpId_104 (cycles)
5950335823,EXECUTE,12524,CYCLES,BACKEND,SUB-EVENT,_Concat_2:OpId_105 (cycles)
5950335823,EXECUTE,0,CYCLES,BACKEND,SUB-EVENT,_Reshape_4:OpId_107 (cycles)
5950335823,EXECUTE,3084,CYCLES,BACKEND,SUB-EVENT,current_key_nhwc:OpId_109 (cycles)
5950335823,EXECUTE,26090,CYCLES,BACKEND,SUB-EVENT,_Concat_4:OpId_110 (cycles)
5950335823,EXECUTE,56825,CYCLES,BACKEND,SUB-EVENT,_Concat_5:OpId_112 (cycles)
5950335823,EXECUTE,11309769,CYCLES,BACKEND,SUB-EVENT,_FusedDecodeAttentionPast128:OpId_114 (cycles)
5950335823,EXECUTE,5762,CYCLES,BACKEND,SUB-EVENT,_Transpose_4:OpId_116 (cycles)
5950335823,EXECUTE,15290,CYCLES,BACKEND,SUB-EVENT,_MatMul_5:OpId_118 (cycles)
5950335823,EXECUTE,0,CYCLES,BACKEND,SUB-EVENT,_MatMul_5_post_reshape:OpId_121 (cycles)
5950335823,EXECUTE,0,CYCLES,BACKEND,SUB-EVENT,_MatMul_5_output_0_nfc:OpId_123 (cycles)
5950335823,EXECUTE,120511,CYCLES,BACKEND,SUB-EVENT,_Add_7:OpId_125 (cycles)
5950335823,EXECUTE,290,CYCLES,BACKEND,SUB-EVENT,_Add_7_output_0_ncf:OpId_128 (cycles)
5950335823,EXECUTE,3313,CYCLES,BACKEND,SUB-EVENT,rms_norm__Mul_11_output_0:OpId_133 (cycles)
5950335823,EXECUTE,0,CYCLES,BACKEND,SUB-EVENT,_MatMul_6:OpId_137 (cycles)
5950335823,EXECUTE,0,CYCLES,BACKEND,SUB-EVENT,_MatMul_6_post_reshape:OpId_140 (cycles)
5950335823,EXECUTE,297041,CYCLES,BACKEND,SUB-EVENT,_MatMul_7:OpId_142 (cycles)
5950335823,EXECUTE,0,CYCLES,BACKEND,SUB-EVENT,_MatMul_7_post_reshape:OpId_145 (cycles)
5950335823,EXECUTE,0,CYCLES,BACKEND,SUB-EVENT,_Sigmoid:OpId_146 (cycles)
5950335823,EXECUTE,246644,CYCLES,BACKEND,SUB-EVENT,_Mul_12:OpId_153 (cycles)
5950335823,EXECUTE,45802,CYCLES,BACKEND,SUB-EVENT,_Mul_13:OpId_155 (cycles)
5950335823,EXECUTE,400361,CYCLES,BACKEND,SUB-EVENT,_MatMul_8:OpId_158 (cycles)
5950335823,EXECUTE,0,CYCLES,BACKEND,SUB-EVENT,_MatMul_8_post_reshape:OpId_161 (cycles)
5950335823,EXECUTE,0,CYCLES,BACKEND,SUB-EVENT,_MatMul_8_output_0_nfc:OpId_163 (cycles)
5950335823,EXECUTE,15238,CYCLES,BACKEND,SUB-EVENT,_Add_9:OpId_165 (cycles)
5950335823,EXECUTE,15548,CYCLES,BACKEND,SUB-EVENT,Output OpId_3 (cycles)
5950335823,EXECUTE,11994,US,BACKEND,ROOT,Accelerator (execute) time
5950335823,EXECUTE,11872,US,BACKEND,ROOT,Accelerator (execute excluding wait) time
5950335823,EXECUTE,19835,US,BACKEND,ROOT,QNN (execute) time
5950356697,EXECUTE,19423,US,NETRUN,ROOT,Graph 0: qwen2_0_5b_layer0_decode_past128_fused_attention
5950356697,EXECUTE,4,COUNT,BACKEND,ROOT,Number of HVX threads used
5950356697,EXECUTE,19041,US,BACKEND,ROOT,RPC (execute) time
5950356697,EXECUTE,16929,US,BACKEND,ROOT,QNN accelerator (execute) time
5950356697,EXECUTE,0,COUNT,BACKEND,ROOT,Num times yield occured
5950356697,EXECUTE,917,US,BACKEND,ROOT,Time for initial VTCM acquire
5950356697,EXECUTE,185,US,BACKEND,ROOT,Time for HVX + HMX power on and acquire
5950356697,EXECUTE,13420233,CYCLES,BACKEND,ROOT,Accelerator (execute) time (cycles)
5950356697,EXECUTE,18275,CYCLES,BACKEND,SUB-EVENT,Input OpId_2 (cycles)
5950356697,EXECUTE,32876,CYCLES,BACKEND,SUB-EVENT,hidden_states_ncf:OpId_17 (cycles)
5950356697,EXECUTE,93698,CYCLES,BACKEND,SUB-EVENT,past_value_nchw:OpId_20 (cycles)
5950356697,EXECUTE,16930,CYCLES,BACKEND,SUB-EVENT,rms_norm__Mul_1_output_0:OpId_24 (cycles)
5950356697,EXECUTE,75565,CYCLES,BACKEND,SUB-EVENT,_MatMul:OpId_29 (cycles)
5950356697,EXECUTE,0,CYCLES,BACKEND,SUB-EVENT,_MatMul_post_reshape:OpId_31 (cycles)
5950356697,EXECUTE,2959,CYCLES,BACKEND,SUB-EVENT,_MatMul_1:OpId_34 (cycles)
5950356697,EXECUTE,26453,CYCLES,BACKEND,SUB-EVENT,_MatMul_1_post_reshape:OpId_36 (cycles)
5950356697,EXECUTE,8701,CYCLES,BACKEND,SUB-EVENT,_MatMul_2:OpId_39 (cycles)
5950356697,EXECUTE,30466,CYCLES,BACKEND,SUB-EVENT,_MatMul_2_post_reshape:OpId_41 (cycles)
5950356697,EXECUTE,437,CYCLES,BACKEND,SUB-EVENT,_Transpose:OpId_43 (cycles)
5950356697,EXECUTE,3389,CYCLES,BACKEND,SUB-EVENT,_Transpose_1:OpId_45 (cycles)
5950356697,EXECUTE,3184,CYCLES,BACKEND,SUB-EVENT,_Transpose_2:OpId_47 (cycles)
5950356697,EXECUTE,73849,CYCLES,BACKEND,SUB-EVENT,_Slice:OpId_49 (cycles)
5950356697,EXECUTE,23955,CYCLES,BACKEND,SUB-EVENT,_Slice_1:OpId_55 (cycles)
5950356697,EXECUTE,3634,CYCLES,BACKEND,SUB-EVENT,_Mul_2:OpId_61 (cycles)
5950356697,EXECUTE,2755,CYCLES,BACKEND,SUB-EVENT,_Mul_3:OpId_64 (cycles)
5950356697,EXECUTE,274,CYCLES,BACKEND,SUB-EVENT,_Sub:OpId_66 (cycles)
5950356697,EXECUTE,2831,CYCLES,BACKEND,SUB-EVENT,_Mul_4:OpId_68 (cycles)
5950356697,EXECUTE,3601,CYCLES,BACKEND,SUB-EVENT,_Mul_5:OpId_70 (cycles)
5950356697,EXECUTE,3520,CYCLES,BACKEND,SUB-EVENT,_Add_4:OpId_72 (cycles)
5950356697,EXECUTE,0,CYCLES,BACKEND,SUB-EVENT,_Unsqueeze:OpId_74 (cycles)
5950356697,EXECUTE,0,CYCLES,BACKEND,SUB-EVENT,_Unsqueeze_1:OpId_75 (cycles)
5950356697,EXECUTE,727,CYCLES,BACKEND,SUB-EVENT,_Concat:OpId_76 (cycles)
5950356697,EXECUTE,37829,CYCLES,BACKEND,SUB-EVENT,_Reshape_3:OpId_78 (cycles)
5950356697,EXECUTE,187831,CYCLES,BACKEND,SUB-EVENT,_Slice_3:OpId_80 (cycles)
5950356697,EXECUTE,10426,CYCLES,BACKEND,SUB-EVENT,_Slice_4:OpId_86 (cycles)
5950356697,EXECUTE,49212,CYCLES,BACKEND,SUB-EVENT,_Mul_6:OpId_91 (cycles)
5950356697,EXECUTE,35692,CYCLES,BACKEND,SUB-EVENT,_Mul_7:OpId_93 (cycles)
5950356697,EXECUTE,163,CYCLES,BACKEND,SUB-EVENT,_Sub_1:OpId_95 (cycles)
5950356697,EXECUTE,35771,CYCLES,BACKEND,SUB-EVENT,_Mul_8:OpId_97 (cycles)
5950356697,EXECUTE,31103,CYCLES,BACKEND,SUB-EVENT,_Mul_9:OpId_99 (cycles)
5950356697,EXECUTE,7821,CYCLES,BACKEND,SUB-EVENT,_Add_5:OpId_101 (cycles)
5950356697,EXECUTE,0,CYCLES,BACKEND,SUB-EVENT,_Unsqueeze_2:OpId_103 (cycles)
5950356697,EXECUTE,0,CYCLES,BACKEND,SUB-EVENT,_Unsqueeze_3:OpId_104 (cycles)
5950356697,EXECUTE,15367,CYCLES,BACKEND,SUB-EVENT,_Concat_2:OpId_105 (cycles)
5950356697,EXECUTE,0,CYCLES,BACKEND,SUB-EVENT,_Reshape_4:OpId_107 (cycles)
5950356697,EXECUTE,2516,CYCLES,BACKEND,SUB-EVENT,current_key_nhwc:OpId_109 (cycles)
5950356697,EXECUTE,34326,CYCLES,BACKEND,SUB-EVENT,_Concat_4:OpId_110 (cycles)
5950356697,EXECUTE,48898,CYCLES,BACKEND,SUB-EVENT,_Concat_5:OpId_112 (cycles)
5950356697,EXECUTE,11363419,CYCLES,BACKEND,SUB-EVENT,_FusedDecodeAttentionPast128:OpId_114 (cycles)
5950356697,EXECUTE,5757,CYCLES,BACKEND,SUB-EVENT,_Transpose_4:OpId_116 (cycles)
5950356697,EXECUTE,15410,CYCLES,BACKEND,SUB-EVENT,_MatMul_5:OpId_118 (cycles)
5950356697,EXECUTE,0,CYCLES,BACKEND,SUB-EVENT,_MatMul_5_post_reshape:OpId_121 (cycles)
5950356697,EXECUTE,0,CYCLES,BACKEND,SUB-EVENT,_MatMul_5_output_0_nfc:OpId_123 (cycles)
5950356697,EXECUTE,101298,CYCLES,BACKEND,SUB-EVENT,_Add_7:OpId_125 (cycles)
5950356697,EXECUTE,275,CYCLES,BACKEND,SUB-EVENT,_Add_7_output_0_ncf:OpId_128 (cycles)
5950356697,EXECUTE,3285,CYCLES,BACKEND,SUB-EVENT,rms_norm__Mul_11_output_0:OpId_133 (cycles)
5950356697,EXECUTE,0,CYCLES,BACKEND,SUB-EVENT,_MatMul_6:OpId_137 (cycles)
5950356697,EXECUTE,0,CYCLES,BACKEND,SUB-EVENT,_MatMul_6_post_reshape:OpId_140 (cycles)
5950356697,EXECUTE,298521,CYCLES,BACKEND,SUB-EVENT,_MatMul_7:OpId_142 (cycles)
5950356697,EXECUTE,0,CYCLES,BACKEND,SUB-EVENT,_MatMul_7_post_reshape:OpId_145 (cycles)
5950356697,EXECUTE,0,CYCLES,BACKEND,SUB-EVENT,_Sigmoid:OpId_146 (cycles)
5950356697,EXECUTE,239428,CYCLES,BACKEND,SUB-EVENT,_Mul_12:OpId_153 (cycles)
5950356697,EXECUTE,44125,CYCLES,BACKEND,SUB-EVENT,_Mul_13:OpId_155 (cycles)
5950356697,EXECUTE,400373,CYCLES,BACKEND,SUB-EVENT,_MatMul_8:OpId_158 (cycles)
5950356697,EXECUTE,0,CYCLES,BACKEND,SUB-EVENT,_MatMul_8_post_reshape:OpId_161 (cycles)
5950356697,EXECUTE,0,CYCLES,BACKEND,SUB-EVENT,_MatMul_8_output_0_nfc:OpId_163 (cycles)
5950356697,EXECUTE,15205,CYCLES,BACKEND,SUB-EVENT,_Add_9:OpId_165 (cycles)
5950356697,EXECUTE,8103,CYCLES,BACKEND,SUB-EVENT,Output OpId_3 (cycles)
5950356697,EXECUTE,12056,US,BACKEND,ROOT,Accelerator (execute) time
5950356697,EXECUTE,11921,US,BACKEND,ROOT,Accelerator (execute excluding wait) time
5950356697,EXECUTE,19395,US,BACKEND,ROOT,QNN (execute) time
5950357819,EXECUTE IPS,44.426277,INF/SEC,NETRUN,ROOT,null
