input log file location, qnn_custom_ops/17_qwen_flash_attention_hvx/device_output/past128_head_contiguous_reg_av/qnn-profiling-data_0.log
qnn-profile-viewer version, v2.47.0.260601114230
qnn-net-run version, v2.47.0.260601114230
Backend version, v2.47.0.260601114230
Msg Timestamp, Message, Time, Unit of Measurement, Timing Source, Event Level, Event Identifier
12739004836,INIT,455826,US,NETRUN,ROOT,null
12739129008,COMPOSE GRAPHS,123003,US,NETRUN,ROOT,null
12739457280,FINALIZE,327367,US,NETRUN,ROOT,Graph 0: qwen2_0_5b_layer0_decode_past128_flash_attention_head_contiguous
12739457280,FINALIZE,7838,US,BACKEND,ROOT,RPC (finalize) time
12739457280,FINALIZE,5648,US,BACKEND,ROOT,QNN accelerator (finalize) time
12739457280,FINALIZE,5500,US,BACKEND,ROOT,Accelerator (finalize) time
12739457280,FINALIZE,327313,US,BACKEND,ROOT,QNN (finalize) time
12739457280,FINALIZE,229,US,BACKEND,SUB-EVENT,Graph Preparation Initializing
12739457280,FINALIZE,247990,US,BACKEND,SUB-EVENT,Graph Optimizations
12739457280,FINALIZE,2647,US,BACKEND,SUB-EVENT,Post Graph Optimization
12739457280,FINALIZE,15938,US,BACKEND,SUB-EVENT,Graph Sequencing for Target
12739457280,FINALIZE,1994,US,BACKEND,SUB-EVENT,VTCM Allocation
12739457280,FINALIZE,1199,US,BACKEND,SUB-EVENT,Parallelization Optimization
12739457280,FINALIZE,1554,US,BACKEND,SUB-EVENT,Finalizing Graph Sequence
12739457280,FINALIZE,72,US,BACKEND,SUB-EVENT,Completion
12739640215,DE-INIT,45253,US,NETRUN,ROOT,null
12739640215,DE-INIT,10248,US,BACKEND,ROOT,RPC (deinit) time
12739640215,DE-INIT,7542,US,BACKEND,ROOT,QNN Accelerator (deinit) time
12739640215,DE-INIT,7386,US,BACKEND,ROOT,Accelerator (deinit) time
12739640215,DE-INIT,45238,US,BACKEND,ROOT,QNN (deinit) time
12739478427,EXECUTE,20553,US,NETRUN,ROOT,Graph 0: qwen2_0_5b_layer0_decode_past128_flash_attention_head_contiguous
12739478427,EXECUTE,4,COUNT,BACKEND,ROOT,Number of HVX threads used
12739478427,EXECUTE,20218,US,BACKEND,ROOT,RPC (execute) time
12739478427,EXECUTE,18328,US,BACKEND,ROOT,QNN accelerator (execute) time
12739478427,EXECUTE,0,COUNT,BACKEND,ROOT,Num times yield occured
12739478427,EXECUTE,771,US,BACKEND,ROOT,Time for initial VTCM acquire
12739478427,EXECUTE,35080,US,BACKEND,ROOT,Time for HVX + HMX power on and acquire
12739478427,EXECUTE,1659341,CYCLES,BACKEND,ROOT,Accelerator (execute) time (cycles)
12739478427,EXECUTE,10998,CYCLES,BACKEND,SUB-EVENT,Input OpId_2 (cycles)
12739478427,EXECUTE,4461,CYCLES,BACKEND,SUB-EVENT,hidden_states_ncf:OpId_17 (cycles)
12739478427,EXECUTE,23225,CYCLES,BACKEND,SUB-EVENT,past_value_nchw:OpId_20 (cycles)
12739478427,EXECUTE,9161,CYCLES,BACKEND,SUB-EVENT,rms_norm__Mul_1_output_0:OpId_24 (cycles)
12739478427,EXECUTE,44881,CYCLES,BACKEND,SUB-EVENT,_MatMul:OpId_29 (cycles)
12739478427,EXECUTE,0,CYCLES,BACKEND,SUB-EVENT,_MatMul_post_reshape:OpId_31 (cycles)
12739478427,EXECUTE,3269,CYCLES,BACKEND,SUB-EVENT,_MatMul_1:OpId_34 (cycles)
12739478427,EXECUTE,4043,CYCLES,BACKEND,SUB-EVENT,_MatMul_1_post_reshape:OpId_36 (cycles)
12739478427,EXECUTE,1531,CYCLES,BACKEND,SUB-EVENT,_MatMul_2:OpId_39 (cycles)
12739478427,EXECUTE,1338,CYCLES,BACKEND,SUB-EVENT,_MatMul_2_post_reshape:OpId_41 (cycles)
12739478427,EXECUTE,448,CYCLES,BACKEND,SUB-EVENT,_Transpose:OpId_43 (cycles)
12739478427,EXECUTE,2710,CYCLES,BACKEND,SUB-EVENT,_Transpose_1:OpId_45 (cycles)
12739478427,EXECUTE,2379,CYCLES,BACKEND,SUB-EVENT,_Transpose_2:OpId_47 (cycles)
12739478427,EXECUTE,26977,CYCLES,BACKEND,SUB-EVENT,_Slice:OpId_49 (cycles)
12739478427,EXECUTE,6611,CYCLES,BACKEND,SUB-EVENT,_Slice_1:OpId_55 (cycles)
12739478427,EXECUTE,1549,CYCLES,BACKEND,SUB-EVENT,_Mul_2:OpId_61 (cycles)
12739478427,EXECUTE,1375,CYCLES,BACKEND,SUB-EVENT,_Mul_3:OpId_64 (cycles)
12739478427,EXECUTE,246,CYCLES,BACKEND,SUB-EVENT,_Sub:OpId_66 (cycles)
12739478427,EXECUTE,1681,CYCLES,BACKEND,SUB-EVENT,_Mul_4:OpId_68 (cycles)
12739478427,EXECUTE,1599,CYCLES,BACKEND,SUB-EVENT,_Mul_5:OpId_70 (cycles)
12739478427,EXECUTE,1955,CYCLES,BACKEND,SUB-EVENT,_Add_4:OpId_72 (cycles)
12739478427,EXECUTE,0,CYCLES,BACKEND,SUB-EVENT,_Unsqueeze:OpId_74 (cycles)
12739478427,EXECUTE,0,CYCLES,BACKEND,SUB-EVENT,_Unsqueeze_1:OpId_75 (cycles)
12739478427,EXECUTE,784,CYCLES,BACKEND,SUB-EVENT,_Concat:OpId_76 (cycles)
12739478427,EXECUTE,2759,CYCLES,BACKEND,SUB-EVENT,_Reshape_3:OpId_78 (cycles)
12739478427,EXECUTE,25374,CYCLES,BACKEND,SUB-EVENT,_Slice_3:OpId_80 (cycles)
12739478427,EXECUTE,5193,CYCLES,BACKEND,SUB-EVENT,_Slice_4:OpId_86 (cycles)
12739478427,EXECUTE,4553,CYCLES,BACKEND,SUB-EVENT,_Mul_6:OpId_91 (cycles)
12739478427,EXECUTE,1272,CYCLES,BACKEND,SUB-EVENT,_Mul_7:OpId_93 (cycles)
12739478427,EXECUTE,532,CYCLES,BACKEND,SUB-EVENT,_Sub_1:OpId_95 (cycles)
12739478427,EXECUTE,4500,CYCLES,BACKEND,SUB-EVENT,_Mul_8:OpId_97 (cycles)
12739478427,EXECUTE,1178,CYCLES,BACKEND,SUB-EVENT,_Mul_9:OpId_99 (cycles)
12739478427,EXECUTE,856,CYCLES,BACKEND,SUB-EVENT,_Add_5:OpId_101 (cycles)
12739478427,EXECUTE,0,CYCLES,BACKEND,SUB-EVENT,_Unsqueeze_2:OpId_103 (cycles)
12739478427,EXECUTE,0,CYCLES,BACKEND,SUB-EVENT,_Unsqueeze_3:OpId_104 (cycles)
12739478427,EXECUTE,1696,CYCLES,BACKEND,SUB-EVENT,_Concat_2:OpId_105 (cycles)
12739478427,EXECUTE,0,CYCLES,BACKEND,SUB-EVENT,_Reshape_4:OpId_107 (cycles)
12739478427,EXECUTE,16820,CYCLES,BACKEND,SUB-EVENT,_Concat_4:OpId_108 (cycles)
12739478427,EXECUTE,16900,CYCLES,BACKEND,SUB-EVENT,_Concat_5:OpId_110 (cycles)
12739478427,EXECUTE,855918,CYCLES,BACKEND,SUB-EVENT,_QwenGqaFlashAttention:OpId_112 (cycles)
12739478427,EXECUTE,4962,CYCLES,BACKEND,SUB-EVENT,_Transpose_4:OpId_114 (cycles)
12739478427,EXECUTE,12322,CYCLES,BACKEND,SUB-EVENT,_MatMul_5:OpId_116 (cycles)
12739478427,EXECUTE,0,CYCLES,BACKEND,SUB-EVENT,_MatMul_5_post_reshape:OpId_119 (cycles)
12739478427,EXECUTE,0,CYCLES,BACKEND,SUB-EVENT,_MatMul_5_output_0_nfc:OpId_121 (cycles)
12739478427,EXECUTE,72597,CYCLES,BACKEND,SUB-EVENT,_Add_7:OpId_123 (cycles)
12739478427,EXECUTE,228,CYCLES,BACKEND,SUB-EVENT,_Add_7_output_0_ncf:OpId_126 (cycles)
12739478427,EXECUTE,1986,CYCLES,BACKEND,SUB-EVENT,rms_norm__Mul_11_output_0:OpId_131 (cycles)
12739478427,EXECUTE,0,CYCLES,BACKEND,SUB-EVENT,_MatMul_6:OpId_135 (cycles)
12739478427,EXECUTE,0,CYCLES,BACKEND,SUB-EVENT,_MatMul_6_post_reshape:OpId_138 (cycles)
12739478427,EXECUTE,156973,CYCLES,BACKEND,SUB-EVENT,_MatMul_7:OpId_140 (cycles)
12739478427,EXECUTE,0,CYCLES,BACKEND,SUB-EVENT,_MatMul_7_post_reshape:OpId_143 (cycles)
12739478427,EXECUTE,0,CYCLES,BACKEND,SUB-EVENT,_Sigmoid:OpId_144 (cycles)
12739478427,EXECUTE,126330,CYCLES,BACKEND,SUB-EVENT,_Mul_12:OpId_151 (cycles)
12739478427,EXECUTE,18626,CYCLES,BACKEND,SUB-EVENT,_Mul_13:OpId_153 (cycles)
12739478427,EXECUTE,156296,CYCLES,BACKEND,SUB-EVENT,_MatMul_8:OpId_156 (cycles)
12739478427,EXECUTE,0,CYCLES,BACKEND,SUB-EVENT,_MatMul_8_post_reshape:OpId_159 (cycles)
12739478427,EXECUTE,0,CYCLES,BACKEND,SUB-EVENT,_MatMul_8_output_0_nfc:OpId_161 (cycles)
12739478427,EXECUTE,14883,CYCLES,BACKEND,SUB-EVENT,_Add_9:OpId_163 (cycles)
12739478427,EXECUTE,5366,CYCLES,BACKEND,SUB-EVENT,Output OpId_3 (cycles)
12739478427,EXECUTE,4149,US,BACKEND,ROOT,Accelerator (execute) time
12739478427,EXECUTE,2208,US,BACKEND,ROOT,Accelerator (execute excluding wait) time
12739478427,EXECUTE,20527,US,BACKEND,ROOT,QNN (execute) time
12739488435,EXECUTE,7995,US,NETRUN,ROOT,Graph 0: qwen2_0_5b_layer0_decode_past128_flash_attention_head_contiguous
12739488435,EXECUTE,4,COUNT,BACKEND,ROOT,Number of HVX threads used
12739488435,EXECUTE,7630,US,BACKEND,ROOT,RPC (execute) time
12739488435,EXECUTE,6636,US,BACKEND,ROOT,QNN accelerator (execute) time
12739488435,EXECUTE,0,COUNT,BACKEND,ROOT,Num times yield occured
12739488435,EXECUTE,649,US,BACKEND,ROOT,Time for initial VTCM acquire
12739488435,EXECUTE,273,US,BACKEND,ROOT,Time for HVX + HMX power on and acquire
12739488435,EXECUTE,1693135,CYCLES,BACKEND,ROOT,Accelerator (execute) time (cycles)
12739488435,EXECUTE,25877,CYCLES,BACKEND,SUB-EVENT,Input OpId_2 (cycles)
12739488435,EXECUTE,12673,CYCLES,BACKEND,SUB-EVENT,hidden_states_ncf:OpId_17 (cycles)
12739488435,EXECUTE,39792,CYCLES,BACKEND,SUB-EVENT,past_value_nchw:OpId_20 (cycles)
12739488435,EXECUTE,9051,CYCLES,BACKEND,SUB-EVENT,rms_norm__Mul_1_output_0:OpId_24 (cycles)
12739488435,EXECUTE,40192,CYCLES,BACKEND,SUB-EVENT,_MatMul:OpId_29 (cycles)
12739488435,EXECUTE,0,CYCLES,BACKEND,SUB-EVENT,_MatMul_post_reshape:OpId_31 (cycles)
12739488435,EXECUTE,5525,CYCLES,BACKEND,SUB-EVENT,_MatMul_1:OpId_34 (cycles)
12739488435,EXECUTE,13434,CYCLES,BACKEND,SUB-EVENT,_MatMul_1_post_reshape:OpId_36 (cycles)
12739488435,EXECUTE,3658,CYCLES,BACKEND,SUB-EVENT,_MatMul_2:OpId_39 (cycles)
12739488435,EXECUTE,10603,CYCLES,BACKEND,SUB-EVENT,_MatMul_2_post_reshape:OpId_41 (cycles)
12739488435,EXECUTE,468,CYCLES,BACKEND,SUB-EVENT,_Transpose:OpId_43 (cycles)
12739488435,EXECUTE,3371,CYCLES,BACKEND,SUB-EVENT,_Transpose_1:OpId_45 (cycles)
12739488435,EXECUTE,3180,CYCLES,BACKEND,SUB-EVENT,_Transpose_2:OpId_47 (cycles)
12739488435,EXECUTE,33004,CYCLES,BACKEND,SUB-EVENT,_Slice:OpId_49 (cycles)
12739488435,EXECUTE,12358,CYCLES,BACKEND,SUB-EVENT,_Slice_1:OpId_55 (cycles)
12739488435,EXECUTE,1750,CYCLES,BACKEND,SUB-EVENT,_Mul_2:OpId_61 (cycles)
12739488435,EXECUTE,1416,CYCLES,BACKEND,SUB-EVENT,_Mul_3:OpId_64 (cycles)
12739488435,EXECUTE,260,CYCLES,BACKEND,SUB-EVENT,_Sub:OpId_66 (cycles)
12739488435,EXECUTE,1988,CYCLES,BACKEND,SUB-EVENT,_Mul_4:OpId_68 (cycles)
12739488435,EXECUTE,1686,CYCLES,BACKEND,SUB-EVENT,_Mul_5:OpId_70 (cycles)
12739488435,EXECUTE,4896,CYCLES,BACKEND,SUB-EVENT,_Add_4:OpId_72 (cycles)
12739488435,EXECUTE,0,CYCLES,BACKEND,SUB-EVENT,_Unsqueeze:OpId_74 (cycles)
12739488435,EXECUTE,0,CYCLES,BACKEND,SUB-EVENT,_Unsqueeze_1:OpId_75 (cycles)
12739488435,EXECUTE,849,CYCLES,BACKEND,SUB-EVENT,_Concat:OpId_76 (cycles)
12739488435,EXECUTE,3133,CYCLES,BACKEND,SUB-EVENT,_Reshape_3:OpId_78 (cycles)
12739488435,EXECUTE,30892,CYCLES,BACKEND,SUB-EVENT,_Slice_3:OpId_80 (cycles)
12739488435,EXECUTE,6360,CYCLES,BACKEND,SUB-EVENT,_Slice_4:OpId_86 (cycles)
12739488435,EXECUTE,9236,CYCLES,BACKEND,SUB-EVENT,_Mul_6:OpId_91 (cycles)
12739488435,EXECUTE,1158,CYCLES,BACKEND,SUB-EVENT,_Mul_7:OpId_93 (cycles)
12739488435,EXECUTE,750,CYCLES,BACKEND,SUB-EVENT,_Sub_1:OpId_95 (cycles)
12739488435,EXECUTE,9156,CYCLES,BACKEND,SUB-EVENT,_Mul_8:OpId_97 (cycles)
12739488435,EXECUTE,1102,CYCLES,BACKEND,SUB-EVENT,_Mul_9:OpId_99 (cycles)
12739488435,EXECUTE,1067,CYCLES,BACKEND,SUB-EVENT,_Add_5:OpId_101 (cycles)
12739488435,EXECUTE,0,CYCLES,BACKEND,SUB-EVENT,_Unsqueeze_2:OpId_103 (cycles)
12739488435,EXECUTE,0,CYCLES,BACKEND,SUB-EVENT,_Unsqueeze_3:OpId_104 (cycles)
12739488435,EXECUTE,2797,CYCLES,BACKEND,SUB-EVENT,_Concat_2:OpId_105 (cycles)
12739488435,EXECUTE,0,CYCLES,BACKEND,SUB-EVENT,_Reshape_4:OpId_107 (cycles)
12739488435,EXECUTE,22624,CYCLES,BACKEND,SUB-EVENT,_Concat_4:OpId_108 (cycles)
12739488435,EXECUTE,20461,CYCLES,BACKEND,SUB-EVENT,_Concat_5:OpId_110 (cycles)
12739488435,EXECUTE,858081,CYCLES,BACKEND,SUB-EVENT,_QwenGqaFlashAttention:OpId_112 (cycles)
12739488435,EXECUTE,4027,CYCLES,BACKEND,SUB-EVENT,_Transpose_4:OpId_114 (cycles)
12739488435,EXECUTE,18594,CYCLES,BACKEND,SUB-EVENT,_MatMul_5:OpId_116 (cycles)
12739488435,EXECUTE,0,CYCLES,BACKEND,SUB-EVENT,_MatMul_5_post_reshape:OpId_119 (cycles)
12739488435,EXECUTE,0,CYCLES,BACKEND,SUB-EVENT,_MatMul_5_output_0_nfc:OpId_121 (cycles)
12739488435,EXECUTE,77487,CYCLES,BACKEND,SUB-EVENT,_Add_7:OpId_123 (cycles)
12739488435,EXECUTE,254,CYCLES,BACKEND,SUB-EVENT,_Add_7_output_0_ncf:OpId_126 (cycles)
12739488435,EXECUTE,2912,CYCLES,BACKEND,SUB-EVENT,rms_norm__Mul_11_output_0:OpId_131 (cycles)
12739488435,EXECUTE,0,CYCLES,BACKEND,SUB-EVENT,_MatMul_6:OpId_135 (cycles)
12739488435,EXECUTE,0,CYCLES,BACKEND,SUB-EVENT,_MatMul_6_post_reshape:OpId_138 (cycles)
12739488435,EXECUTE,90604,CYCLES,BACKEND,SUB-EVENT,_MatMul_7:OpId_140 (cycles)
12739488435,EXECUTE,0,CYCLES,BACKEND,SUB-EVENT,_MatMul_7_post_reshape:OpId_143 (cycles)
12739488435,EXECUTE,0,CYCLES,BACKEND,SUB-EVENT,_Sigmoid:OpId_144 (cycles)
12739488435,EXECUTE,108791,CYCLES,BACKEND,SUB-EVENT,_Mul_12:OpId_151 (cycles)
12739488435,EXECUTE,19421,CYCLES,BACKEND,SUB-EVENT,_Mul_13:OpId_153 (cycles)
12739488435,EXECUTE,155796,CYCLES,BACKEND,SUB-EVENT,_MatMul_8:OpId_156 (cycles)
12739488435,EXECUTE,0,CYCLES,BACKEND,SUB-EVENT,_MatMul_8_post_reshape:OpId_159 (cycles)
12739488435,EXECUTE,0,CYCLES,BACKEND,SUB-EVENT,_MatMul_8_output_0_nfc:OpId_161 (cycles)
12739488435,EXECUTE,14566,CYCLES,BACKEND,SUB-EVENT,_Add_9:OpId_163 (cycles)
12739488435,EXECUTE,7835,CYCLES,BACKEND,SUB-EVENT,Output OpId_3 (cycles)
12739488435,EXECUTE,2238,US,BACKEND,ROOT,Accelerator (execute) time
12739488435,EXECUTE,2096,US,BACKEND,ROOT,Accelerator (execute excluding wait) time
12739488435,EXECUTE,7971,US,BACKEND,ROOT,QNN (execute) time
12739498757,EXECUTE,8750,US,NETRUN,ROOT,Graph 0: qwen2_0_5b_layer0_decode_past128_flash_attention_head_contiguous
12739498757,EXECUTE,4,COUNT,BACKEND,ROOT,Number of HVX threads used
12739498757,EXECUTE,8331,US,BACKEND,ROOT,RPC (execute) time
12739498757,EXECUTE,7430,US,BACKEND,ROOT,QNN accelerator (execute) time
12739498757,EXECUTE,0,COUNT,BACKEND,ROOT,Num times yield occured
12739498757,EXECUTE,592,US,BACKEND,ROOT,Time for initial VTCM acquire
12739498757,EXECUTE,170,US,BACKEND,ROOT,Time for HVX + HMX power on and acquire
12739498757,EXECUTE,2245778,CYCLES,BACKEND,ROOT,Accelerator (execute) time (cycles)
12739498757,EXECUTE,18277,CYCLES,BACKEND,SUB-EVENT,Input OpId_2 (cycles)
12739498757,EXECUTE,16150,CYCLES,BACKEND,SUB-EVENT,hidden_states_ncf:OpId_17 (cycles)
12739498757,EXECUTE,54043,CYCLES,BACKEND,SUB-EVENT,past_value_nchw:OpId_20 (cycles)
12739498757,EXECUTE,16887,CYCLES,BACKEND,SUB-EVENT,rms_norm__Mul_1_output_0:OpId_24 (cycles)
12739498757,EXECUTE,37271,CYCLES,BACKEND,SUB-EVENT,_MatMul:OpId_29 (cycles)
12739498757,EXECUTE,0,CYCLES,BACKEND,SUB-EVENT,_MatMul_post_reshape:OpId_31 (cycles)
12739498757,EXECUTE,11712,CYCLES,BACKEND,SUB-EVENT,_MatMul_1:OpId_34 (cycles)
12739498757,EXECUTE,25005,CYCLES,BACKEND,SUB-EVENT,_MatMul_1_post_reshape:OpId_36 (cycles)
12739498757,EXECUTE,2697,CYCLES,BACKEND,SUB-EVENT,_MatMul_2:OpId_39 (cycles)
12739498757,EXECUTE,21917,CYCLES,BACKEND,SUB-EVENT,_MatMul_2_post_reshape:OpId_41 (cycles)
12739498757,EXECUTE,524,CYCLES,BACKEND,SUB-EVENT,_Transpose:OpId_43 (cycles)
12739498757,EXECUTE,2036,CYCLES,BACKEND,SUB-EVENT,_Transpose_1:OpId_45 (cycles)
12739498757,EXECUTE,1796,CYCLES,BACKEND,SUB-EVENT,_Transpose_2:OpId_47 (cycles)
12739498757,EXECUTE,41667,CYCLES,BACKEND,SUB-EVENT,_Slice:OpId_49 (cycles)
12739498757,EXECUTE,17629,CYCLES,BACKEND,SUB-EVENT,_Slice_1:OpId_55 (cycles)
12739498757,EXECUTE,3633,CYCLES,BACKEND,SUB-EVENT,_Mul_2:OpId_61 (cycles)
12739498757,EXECUTE,1217,CYCLES,BACKEND,SUB-EVENT,_Mul_3:OpId_64 (cycles)
12739498757,EXECUTE,242,CYCLES,BACKEND,SUB-EVENT,_Sub:OpId_66 (cycles)
12739498757,EXECUTE,2674,CYCLES,BACKEND,SUB-EVENT,_Mul_4:OpId_68 (cycles)
12739498757,EXECUTE,3603,CYCLES,BACKEND,SUB-EVENT,_Mul_5:OpId_70 (cycles)
12739498757,EXECUTE,5155,CYCLES,BACKEND,SUB-EVENT,_Add_4:OpId_72 (cycles)
12739498757,EXECUTE,0,CYCLES,BACKEND,SUB-EVENT,_Unsqueeze:OpId_74 (cycles)
12739498757,EXECUTE,0,CYCLES,BACKEND,SUB-EVENT,_Unsqueeze_1:OpId_75 (cycles)
12739498757,EXECUTE,738,CYCLES,BACKEND,SUB-EVENT,_Concat:OpId_76 (cycles)
12739498757,EXECUTE,11919,CYCLES,BACKEND,SUB-EVENT,_Reshape_3:OpId_78 (cycles)
12739498757,EXECUTE,71004,CYCLES,BACKEND,SUB-EVENT,_Slice_3:OpId_80 (cycles)
12739498757,EXECUTE,13524,CYCLES,BACKEND,SUB-EVENT,_Slice_4:OpId_86 (cycles)
12739498757,EXECUTE,26471,CYCLES,BACKEND,SUB-EVENT,_Mul_6:OpId_91 (cycles)
12739498757,EXECUTE,14347,CYCLES,BACKEND,SUB-EVENT,_Mul_7:OpId_93 (cycles)
12739498757,EXECUTE,2468,CYCLES,BACKEND,SUB-EVENT,_Sub_1:OpId_95 (cycles)
12739498757,EXECUTE,26434,CYCLES,BACKEND,SUB-EVENT,_Mul_8:OpId_97 (cycles)
12739498757,EXECUTE,14280,CYCLES,BACKEND,SUB-EVENT,_Mul_9:OpId_99 (cycles)
12739498757,EXECUTE,3826,CYCLES,BACKEND,SUB-EVENT,_Add_5:OpId_101 (cycles)
12739498757,EXECUTE,0,CYCLES,BACKEND,SUB-EVENT,_Unsqueeze_2:OpId_103 (cycles)
12739498757,EXECUTE,0,CYCLES,BACKEND,SUB-EVENT,_Unsqueeze_3:OpId_104 (cycles)
12739498757,EXECUTE,5514,CYCLES,BACKEND,SUB-EVENT,_Concat_2:OpId_105 (cycles)
12739498757,EXECUTE,0,CYCLES,BACKEND,SUB-EVENT,_Reshape_4:OpId_107 (cycles)
12739498757,EXECUTE,20856,CYCLES,BACKEND,SUB-EVENT,_Concat_4:OpId_108 (cycles)
12739498757,EXECUTE,26523,CYCLES,BACKEND,SUB-EVENT,_Concat_5:OpId_110 (cycles)
12739498757,EXECUTE,891176,CYCLES,BACKEND,SUB-EVENT,_QwenGqaFlashAttention:OpId_112 (cycles)
12739498757,EXECUTE,4996,CYCLES,BACKEND,SUB-EVENT,_Transpose_4:OpId_114 (cycles)
12739498757,EXECUTE,16206,CYCLES,BACKEND,SUB-EVENT,_MatMul_5:OpId_116 (cycles)
12739498757,EXECUTE,0,CYCLES,BACKEND,SUB-EVENT,_MatMul_5_post_reshape:OpId_119 (cycles)
12739498757,EXECUTE,0,CYCLES,BACKEND,SUB-EVENT,_MatMul_5_output_0_nfc:OpId_121 (cycles)
12739498757,EXECUTE,68684,CYCLES,BACKEND,SUB-EVENT,_Add_7:OpId_123 (cycles)
12739498757,EXECUTE,239,CYCLES,BACKEND,SUB-EVENT,_Add_7_output_0_ncf:OpId_126 (cycles)
12739498757,EXECUTE,4065,CYCLES,BACKEND,SUB-EVENT,rms_norm__Mul_11_output_0:OpId_131 (cycles)
12739498757,EXECUTE,0,CYCLES,BACKEND,SUB-EVENT,_MatMul_6:OpId_135 (cycles)
12739498757,EXECUTE,0,CYCLES,BACKEND,SUB-EVENT,_MatMul_6_post_reshape:OpId_138 (cycles)
12739498757,EXECUTE,208720,CYCLES,BACKEND,SUB-EVENT,_MatMul_7:OpId_140 (cycles)
12739498757,EXECUTE,0,CYCLES,BACKEND,SUB-EVENT,_MatMul_7_post_reshape:OpId_143 (cycles)
12739498757,EXECUTE,0,CYCLES,BACKEND,SUB-EVENT,_Sigmoid:OpId_144 (cycles)
12739498757,EXECUTE,180072,CYCLES,BACKEND,SUB-EVENT,_Mul_12:OpId_151 (cycles)
12739498757,EXECUTE,23391,CYCLES,BACKEND,SUB-EVENT,_Mul_13:OpId_153 (cycles)
12739498757,EXECUTE,304681,CYCLES,BACKEND,SUB-EVENT,_MatMul_8:OpId_156 (cycles)
12739498757,EXECUTE,0,CYCLES,BACKEND,SUB-EVENT,_MatMul_8_post_reshape:OpId_159 (cycles)
12739498757,EXECUTE,0,CYCLES,BACKEND,SUB-EVENT,_MatMul_8_output_0_nfc:OpId_161 (cycles)
12739498757,EXECUTE,15039,CYCLES,BACKEND,SUB-EVENT,_Add_9:OpId_163 (cycles)
12739498757,EXECUTE,6470,CYCLES,BACKEND,SUB-EVENT,Output OpId_3 (cycles)
12739498757,EXECUTE,3246,US,BACKEND,ROOT,Accelerator (execute) time
12739498757,EXECUTE,3145,US,BACKEND,ROOT,Accelerator (execute excluding wait) time
12739498757,EXECUTE,8725,US,BACKEND,ROOT,QNN (execute) time
12739511698,EXECUTE,11249,US,NETRUN,ROOT,Graph 0: qwen2_0_5b_layer0_decode_past128_flash_attention_head_contiguous
12739511698,EXECUTE,4,COUNT,BACKEND,ROOT,Number of HVX threads used
12739511698,EXECUTE,10898,US,BACKEND,ROOT,RPC (execute) time
12739511698,EXECUTE,8698,US,BACKEND,ROOT,QNN accelerator (execute) time
12739511698,EXECUTE,0,COUNT,BACKEND,ROOT,Num times yield occured
12739511698,EXECUTE,744,US,BACKEND,ROOT,Time for initial VTCM acquire
12739511698,EXECUTE,160,US,BACKEND,ROOT,Time for HVX + HMX power on and acquire
12739511698,EXECUTE,2533726,CYCLES,BACKEND,ROOT,Accelerator (execute) time (cycles)
12739511698,EXECUTE,33353,CYCLES,BACKEND,SUB-EVENT,Input OpId_2 (cycles)
12739511698,EXECUTE,22874,CYCLES,BACKEND,SUB-EVENT,hidden_states_ncf:OpId_17 (cycles)
12739511698,EXECUTE,60366,CYCLES,BACKEND,SUB-EVENT,past_value_nchw:OpId_20 (cycles)
12739511698,EXECUTE,19350,CYCLES,BACKEND,SUB-EVENT,rms_norm__Mul_1_output_0:OpId_24 (cycles)
12739511698,EXECUTE,34940,CYCLES,BACKEND,SUB-EVENT,_MatMul:OpId_29 (cycles)
12739511698,EXECUTE,0,CYCLES,BACKEND,SUB-EVENT,_MatMul_post_reshape:OpId_31 (cycles)
12739511698,EXECUTE,10093,CYCLES,BACKEND,SUB-EVENT,_MatMul_1:OpId_34 (cycles)
12739511698,EXECUTE,17264,CYCLES,BACKEND,SUB-EVENT,_MatMul_1_post_reshape:OpId_36 (cycles)
12739511698,EXECUTE,1457,CYCLES,BACKEND,SUB-EVENT,_MatMul_2:OpId_39 (cycles)
12739511698,EXECUTE,14661,CYCLES,BACKEND,SUB-EVENT,_MatMul_2_post_reshape:OpId_41 (cycles)
12739511698,EXECUTE,463,CYCLES,BACKEND,SUB-EVENT,_Transpose:OpId_43 (cycles)
12739511698,EXECUTE,2547,CYCLES,BACKEND,SUB-EVENT,_Transpose_1:OpId_45 (cycles)
12739511698,EXECUTE,2259,CYCLES,BACKEND,SUB-EVENT,_Transpose_2:OpId_47 (cycles)
12739511698,EXECUTE,47944,CYCLES,BACKEND,SUB-EVENT,_Slice:OpId_49 (cycles)
12739511698,EXECUTE,12492,CYCLES,BACKEND,SUB-EVENT,_Slice_1:OpId_55 (cycles)
12739511698,EXECUTE,2512,CYCLES,BACKEND,SUB-EVENT,_Mul_2:OpId_61 (cycles)
12739511698,EXECUTE,1280,CYCLES,BACKEND,SUB-EVENT,_Mul_3:OpId_64 (cycles)
12739511698,EXECUTE,238,CYCLES,BACKEND,SUB-EVENT,_Sub:OpId_66 (cycles)
12739511698,EXECUTE,2693,CYCLES,BACKEND,SUB-EVENT,_Mul_4:OpId_68 (cycles)
12739511698,EXECUTE,2498,CYCLES,BACKEND,SUB-EVENT,_Mul_5:OpId_70 (cycles)
12739511698,EXECUTE,5484,CYCLES,BACKEND,SUB-EVENT,_Add_4:OpId_72 (cycles)
12739511698,EXECUTE,0,CYCLES,BACKEND,SUB-EVENT,_Unsqueeze:OpId_74 (cycles)
12739511698,EXECUTE,0,CYCLES,BACKEND,SUB-EVENT,_Unsqueeze_1:OpId_75 (cycles)
12739511698,EXECUTE,814,CYCLES,BACKEND,SUB-EVENT,_Concat:OpId_76 (cycles)
12739511698,EXECUTE,23373,CYCLES,BACKEND,SUB-EVENT,_Reshape_3:OpId_78 (cycles)
12739511698,EXECUTE,94965,CYCLES,BACKEND,SUB-EVENT,_Slice_3:OpId_80 (cycles)
12739511698,EXECUTE,6310,CYCLES,BACKEND,SUB-EVENT,_Slice_4:OpId_86 (cycles)
12739511698,EXECUTE,21780,CYCLES,BACKEND,SUB-EVENT,_Mul_6:OpId_91 (cycles)
12739511698,EXECUTE,12380,CYCLES,BACKEND,SUB-EVENT,_Mul_7:OpId_93 (cycles)
12739511698,EXECUTE,2866,CYCLES,BACKEND,SUB-EVENT,_Sub_1:OpId_95 (cycles)
12739511698,EXECUTE,21755,CYCLES,BACKEND,SUB-EVENT,_Mul_8:OpId_97 (cycles)
12739511698,EXECUTE,12337,CYCLES,BACKEND,SUB-EVENT,_Mul_9:OpId_99 (cycles)
12739511698,EXECUTE,3176,CYCLES,BACKEND,SUB-EVENT,_Add_5:OpId_101 (cycles)
12739511698,EXECUTE,0,CYCLES,BACKEND,SUB-EVENT,_Unsqueeze_2:OpId_103 (cycles)
12739511698,EXECUTE,0,CYCLES,BACKEND,SUB-EVENT,_Unsqueeze_3:OpId_104 (cycles)
12739511698,EXECUTE,3634,CYCLES,BACKEND,SUB-EVENT,_Concat_2:OpId_105 (cycles)
12739511698,EXECUTE,0,CYCLES,BACKEND,SUB-EVENT,_Reshape_4:OpId_107 (cycles)
12739511698,EXECUTE,20778,CYCLES,BACKEND,SUB-EVENT,_Concat_4:OpId_108 (cycles)
12739511698,EXECUTE,28365,CYCLES,BACKEND,SUB-EVENT,_Concat_5:OpId_110 (cycles)
12739511698,EXECUTE,882140,CYCLES,BACKEND,SUB-EVENT,_QwenGqaFlashAttention:OpId_112 (cycles)
12739511698,EXECUTE,5419,CYCLES,BACKEND,SUB-EVENT,_Transpose_4:OpId_114 (cycles)
12739511698,EXECUTE,19859,CYCLES,BACKEND,SUB-EVENT,_MatMul_5:OpId_116 (cycles)
12739511698,EXECUTE,0,CYCLES,BACKEND,SUB-EVENT,_MatMul_5_post_reshape:OpId_119 (cycles)
12739511698,EXECUTE,0,CYCLES,BACKEND,SUB-EVENT,_MatMul_5_output_0_nfc:OpId_121 (cycles)
12739511698,EXECUTE,87247,CYCLES,BACKEND,SUB-EVENT,_Add_7:OpId_123 (cycles)
12739511698,EXECUTE,313,CYCLES,BACKEND,SUB-EVENT,_Add_7_output_0_ncf:OpId_126 (cycles)
12739511698,EXECUTE,1988,CYCLES,BACKEND,SUB-EVENT,rms_norm__Mul_11_output_0:OpId_131 (cycles)
12739511698,EXECUTE,0,CYCLES,BACKEND,SUB-EVENT,_MatMul_6:OpId_135 (cycles)
12739511698,EXECUTE,0,CYCLES,BACKEND,SUB-EVENT,_MatMul_6_post_reshape:OpId_138 (cycles)
12739511698,EXECUTE,303639,CYCLES,BACKEND,SUB-EVENT,_MatMul_7:OpId_140 (cycles)
12739511698,EXECUTE,0,CYCLES,BACKEND,SUB-EVENT,_MatMul_7_post_reshape:OpId_143 (cycles)
12739511698,EXECUTE,0,CYCLES,BACKEND,SUB-EVENT,_Sigmoid:OpId_144 (cycles)
12739511698,EXECUTE,234685,CYCLES,BACKEND,SUB-EVENT,_Mul_12:OpId_151 (cycles)
12739511698,EXECUTE,31169,CYCLES,BACKEND,SUB-EVENT,_Mul_13:OpId_153 (cycles)
12739511698,EXECUTE,399173,CYCLES,BACKEND,SUB-EVENT,_MatMul_8:OpId_156 (cycles)
12739511698,EXECUTE,0,CYCLES,BACKEND,SUB-EVENT,_MatMul_8_post_reshape:OpId_159 (cycles)
12739511698,EXECUTE,0,CYCLES,BACKEND,SUB-EVENT,_MatMul_8_output_0_nfc:OpId_161 (cycles)
12739511698,EXECUTE,14880,CYCLES,BACKEND,SUB-EVENT,_Add_9:OpId_163 (cycles)
12739511698,EXECUTE,5913,CYCLES,BACKEND,SUB-EVENT,Output OpId_3 (cycles)
12739511698,EXECUTE,3932,US,BACKEND,ROOT,Accelerator (execute) time
12739511698,EXECUTE,3823,US,BACKEND,ROOT,Accelerator (execute excluding wait) time
12739511698,EXECUTE,11228,US,BACKEND,ROOT,QNN (execute) time
12739525288,EXECUTE,11381,US,NETRUN,ROOT,Graph 0: qwen2_0_5b_layer0_decode_past128_flash_attention_head_contiguous
12739525288,EXECUTE,4,COUNT,BACKEND,ROOT,Number of HVX threads used
12739525288,EXECUTE,11015,US,BACKEND,ROOT,RPC (execute) time
12739525288,EXECUTE,8867,US,BACKEND,ROOT,QNN accelerator (execute) time
12739525288,EXECUTE,0,COUNT,BACKEND,ROOT,Num times yield occured
12739525288,EXECUTE,567,US,BACKEND,ROOT,Time for initial VTCM acquire
12739525288,EXECUTE,225,US,BACKEND,ROOT,Time for HVX + HMX power on and acquire
12739525288,EXECUTE,2820991,CYCLES,BACKEND,ROOT,Accelerator (execute) time (cycles)
12739525288,EXECUTE,37984,CYCLES,BACKEND,SUB-EVENT,Input OpId_2 (cycles)
12739525288,EXECUTE,35485,CYCLES,BACKEND,SUB-EVENT,hidden_states_ncf:OpId_17 (cycles)
12739525288,EXECUTE,96779,CYCLES,BACKEND,SUB-EVENT,past_value_nchw:OpId_20 (cycles)
12739525288,EXECUTE,24398,CYCLES,BACKEND,SUB-EVENT,rms_norm__Mul_1_output_0:OpId_24 (cycles)
12739525288,EXECUTE,45222,CYCLES,BACKEND,SUB-EVENT,_MatMul:OpId_29 (cycles)
12739525288,EXECUTE,0,CYCLES,BACKEND,SUB-EVENT,_MatMul_post_reshape:OpId_31 (cycles)
12739525288,EXECUTE,15367,CYCLES,BACKEND,SUB-EVENT,_MatMul_1:OpId_34 (cycles)
12739525288,EXECUTE,34620,CYCLES,BACKEND,SUB-EVENT,_MatMul_1_post_reshape:OpId_36 (cycles)
12739525288,EXECUTE,1443,CYCLES,BACKEND,SUB-EVENT,_MatMul_2:OpId_39 (cycles)
12739525288,EXECUTE,30077,CYCLES,BACKEND,SUB-EVENT,_MatMul_2_post_reshape:OpId_41 (cycles)
12739525288,EXECUTE,456,CYCLES,BACKEND,SUB-EVENT,_Transpose:OpId_43 (cycles)
12739525288,EXECUTE,2694,CYCLES,BACKEND,SUB-EVENT,_Transpose_1:OpId_45 (cycles)
12739525288,EXECUTE,2434,CYCLES,BACKEND,SUB-EVENT,_Transpose_2:OpId_47 (cycles)
12739525288,EXECUTE,52624,CYCLES,BACKEND,SUB-EVENT,_Slice:OpId_49 (cycles)
12739525288,EXECUTE,15301,CYCLES,BACKEND,SUB-EVENT,_Slice_1:OpId_55 (cycles)
12739525288,EXECUTE,4150,CYCLES,BACKEND,SUB-EVENT,_Mul_2:OpId_61 (cycles)
12739525288,EXECUTE,1387,CYCLES,BACKEND,SUB-EVENT,_Mul_3:OpId_64 (cycles)
12739525288,EXECUTE,237,CYCLES,BACKEND,SUB-EVENT,_Sub:OpId_66 (cycles)
12739525288,EXECUTE,4322,CYCLES,BACKEND,SUB-EVENT,_Mul_4:OpId_68 (cycles)
12739525288,EXECUTE,4096,CYCLES,BACKEND,SUB-EVENT,_Mul_5:OpId_70 (cycles)
12739525288,EXECUTE,6739,CYCLES,BACKEND,SUB-EVENT,_Add_4:OpId_72 (cycles)
12739525288,EXECUTE,0,CYCLES,BACKEND,SUB-EVENT,_Unsqueeze:OpId_74 (cycles)
12739525288,EXECUTE,0,CYCLES,BACKEND,SUB-EVENT,_Unsqueeze_1:OpId_75 (cycles)
12739525288,EXECUTE,742,CYCLES,BACKEND,SUB-EVENT,_Concat:OpId_76 (cycles)
12739525288,EXECUTE,26377,CYCLES,BACKEND,SUB-EVENT,_Reshape_3:OpId_78 (cycles)
12739525288,EXECUTE,97884,CYCLES,BACKEND,SUB-EVENT,_Slice_3:OpId_80 (cycles)
12739525288,EXECUTE,15085,CYCLES,BACKEND,SUB-EVENT,_Slice_4:OpId_86 (cycles)
12739525288,EXECUTE,40908,CYCLES,BACKEND,SUB-EVENT,_Mul_6:OpId_91 (cycles)
12739525288,EXECUTE,29109,CYCLES,BACKEND,SUB-EVENT,_Mul_7:OpId_93 (cycles)
12739525288,EXECUTE,4340,CYCLES,BACKEND,SUB-EVENT,_Sub_1:OpId_95 (cycles)
12739525288,EXECUTE,40843,CYCLES,BACKEND,SUB-EVENT,_Mul_8:OpId_97 (cycles)
12739525288,EXECUTE,29050,CYCLES,BACKEND,SUB-EVENT,_Mul_9:OpId_99 (cycles)
12739525288,EXECUTE,4705,CYCLES,BACKEND,SUB-EVENT,_Add_5:OpId_101 (cycles)
12739525288,EXECUTE,0,CYCLES,BACKEND,SUB-EVENT,_Unsqueeze_2:OpId_103 (cycles)
12739525288,EXECUTE,0,CYCLES,BACKEND,SUB-EVENT,_Unsqueeze_3:OpId_104 (cycles)
12739525288,EXECUTE,6680,CYCLES,BACKEND,SUB-EVENT,_Concat_2:OpId_105 (cycles)
12739525288,EXECUTE,0,CYCLES,BACKEND,SUB-EVENT,_Reshape_4:OpId_107 (cycles)
12739525288,EXECUTE,21667,CYCLES,BACKEND,SUB-EVENT,_Concat_4:OpId_108 (cycles)
12739525288,EXECUTE,44042,CYCLES,BACKEND,SUB-EVENT,_Concat_5:OpId_110 (cycles)
12739525288,EXECUTE,913155,CYCLES,BACKEND,SUB-EVENT,_QwenGqaFlashAttention:OpId_112 (cycles)
12739525288,EXECUTE,4987,CYCLES,BACKEND,SUB-EVENT,_Transpose_4:OpId_114 (cycles)
12739525288,EXECUTE,17184,CYCLES,BACKEND,SUB-EVENT,_MatMul_5:OpId_116 (cycles)
12739525288,EXECUTE,0,CYCLES,BACKEND,SUB-EVENT,_MatMul_5_post_reshape:OpId_119 (cycles)
12739525288,EXECUTE,0,CYCLES,BACKEND,SUB-EVENT,_MatMul_5_output_0_nfc:OpId_121 (cycles)
12739525288,EXECUTE,110422,CYCLES,BACKEND,SUB-EVENT,_Add_7:OpId_123 (cycles)
12739525288,EXECUTE,319,CYCLES,BACKEND,SUB-EVENT,_Add_7_output_0_ncf:OpId_126 (cycles)
12739525288,EXECUTE,2072,CYCLES,BACKEND,SUB-EVENT,rms_norm__Mul_11_output_0:OpId_131 (cycles)
12739525288,EXECUTE,0,CYCLES,BACKEND,SUB-EVENT,_MatMul_6:OpId_135 (cycles)
12739525288,EXECUTE,0,CYCLES,BACKEND,SUB-EVENT,_MatMul_6_post_reshape:OpId_138 (cycles)
12739525288,EXECUTE,297210,CYCLES,BACKEND,SUB-EVENT,_MatMul_7:OpId_140 (cycles)
12739525288,EXECUTE,0,CYCLES,BACKEND,SUB-EVENT,_MatMul_7_post_reshape:OpId_143 (cycles)
12739525288,EXECUTE,0,CYCLES,BACKEND,SUB-EVENT,_Sigmoid:OpId_144 (cycles)
12739525288,EXECUTE,241101,CYCLES,BACKEND,SUB-EVENT,_Mul_12:OpId_151 (cycles)
12739525288,EXECUTE,30027,CYCLES,BACKEND,SUB-EVENT,_Mul_13:OpId_153 (cycles)
12739525288,EXECUTE,407401,CYCLES,BACKEND,SUB-EVENT,_MatMul_8:OpId_156 (cycles)
12739525288,EXECUTE,0,CYCLES,BACKEND,SUB-EVENT,_MatMul_8_post_reshape:OpId_159 (cycles)
12739525288,EXECUTE,0,CYCLES,BACKEND,SUB-EVENT,_MatMul_8_output_0_nfc:OpId_161 (cycles)
12739525288,EXECUTE,14817,CYCLES,BACKEND,SUB-EVENT,_Add_9:OpId_163 (cycles)
12739525288,EXECUTE,5049,CYCLES,BACKEND,SUB-EVENT,Output OpId_3 (cycles)
12739525288,EXECUTE,4233,US,BACKEND,ROOT,Accelerator (execute) time
12739525288,EXECUTE,4112,US,BACKEND,ROOT,Accelerator (execute excluding wait) time
12739525288,EXECUTE,11358,US,BACKEND,ROOT,QNN (execute) time
12739538708,EXECUTE,11676,US,NETRUN,ROOT,Graph 0: qwen2_0_5b_layer0_decode_past128_flash_attention_head_contiguous
12739538708,EXECUTE,4,COUNT,BACKEND,ROOT,Number of HVX threads used
12739538708,EXECUTE,11302,US,BACKEND,ROOT,RPC (execute) time
12739538708,EXECUTE,9241,US,BACKEND,ROOT,QNN accelerator (execute) time
12739538708,EXECUTE,0,COUNT,BACKEND,ROOT,Num times yield occured
12739538708,EXECUTE,570,US,BACKEND,ROOT,Time for initial VTCM acquire
12739538708,EXECUTE,232,US,BACKEND,ROOT,Time for HVX + HMX power on and acquire
12739538708,EXECUTE,2738656,CYCLES,BACKEND,ROOT,Accelerator (execute) time (cycles)
12739538708,EXECUTE,13265,CYCLES,BACKEND,SUB-EVENT,Input OpId_2 (cycles)
12739538708,EXECUTE,4627,CYCLES,BACKEND,SUB-EVENT,hidden_states_ncf:OpId_17 (cycles)
12739538708,EXECUTE,33734,CYCLES,BACKEND,SUB-EVENT,past_value_nchw:OpId_20 (cycles)
12739538708,EXECUTE,22895,CYCLES,BACKEND,SUB-EVENT,rms_norm__Mul_1_output_0:OpId_24 (cycles)
12739538708,EXECUTE,142414,CYCLES,BACKEND,SUB-EVENT,_MatMul:OpId_29 (cycles)
12739538708,EXECUTE,0,CYCLES,BACKEND,SUB-EVENT,_MatMul_post_reshape:OpId_31 (cycles)
12739538708,EXECUTE,6110,CYCLES,BACKEND,SUB-EVENT,_MatMul_1:OpId_34 (cycles)
12739538708,EXECUTE,7416,CYCLES,BACKEND,SUB-EVENT,_MatMul_1_post_reshape:OpId_36 (cycles)
12739538708,EXECUTE,1539,CYCLES,BACKEND,SUB-EVENT,_MatMul_2:OpId_39 (cycles)
12739538708,EXECUTE,4764,CYCLES,BACKEND,SUB-EVENT,_MatMul_2_post_reshape:OpId_41 (cycles)
12739538708,EXECUTE,458,CYCLES,BACKEND,SUB-EVENT,_Transpose:OpId_43 (cycles)
12739538708,EXECUTE,4640,CYCLES,BACKEND,SUB-EVENT,_Transpose_1:OpId_45 (cycles)
12739538708,EXECUTE,4420,CYCLES,BACKEND,SUB-EVENT,_Transpose_2:OpId_47 (cycles)
12739538708,EXECUTE,56644,CYCLES,BACKEND,SUB-EVENT,_Slice:OpId_49 (cycles)
12739538708,EXECUTE,21072,CYCLES,BACKEND,SUB-EVENT,_Slice_1:OpId_55 (cycles)
12739538708,EXECUTE,1996,CYCLES,BACKEND,SUB-EVENT,_Mul_2:OpId_61 (cycles)
12739538708,EXECUTE,1332,CYCLES,BACKEND,SUB-EVENT,_Mul_3:OpId_64 (cycles)
12739538708,EXECUTE,236,CYCLES,BACKEND,SUB-EVENT,_Sub:OpId_66 (cycles)
12739538708,EXECUTE,2078,CYCLES,BACKEND,SUB-EVENT,_Mul_4:OpId_68 (cycles)
12739538708,EXECUTE,1981,CYCLES,BACKEND,SUB-EVENT,_Mul_5:OpId_70 (cycles)
12739538708,EXECUTE,2371,CYCLES,BACKEND,SUB-EVENT,_Add_4:OpId_72 (cycles)
12739538708,EXECUTE,0,CYCLES,BACKEND,SUB-EVENT,_Unsqueeze:OpId_74 (cycles)
12739538708,EXECUTE,0,CYCLES,BACKEND,SUB-EVENT,_Unsqueeze_1:OpId_75 (cycles)
12739538708,EXECUTE,943,CYCLES,BACKEND,SUB-EVENT,_Concat:OpId_76 (cycles)
12739538708,EXECUTE,4421,CYCLES,BACKEND,SUB-EVENT,_Reshape_3:OpId_78 (cycles)
12739538708,EXECUTE,101793,CYCLES,BACKEND,SUB-EVENT,_Slice_3:OpId_80 (cycles)
12739538708,EXECUTE,15089,CYCLES,BACKEND,SUB-EVENT,_Slice_4:OpId_86 (cycles)
12739538708,EXECUTE,24070,CYCLES,BACKEND,SUB-EVENT,_Mul_6:OpId_91 (cycles)
12739538708,EXECUTE,7004,CYCLES,BACKEND,SUB-EVENT,_Mul_7:OpId_93 (cycles)
12739538708,EXECUTE,738,CYCLES,BACKEND,SUB-EVENT,_Sub_1:OpId_95 (cycles)
12739538708,EXECUTE,24021,CYCLES,BACKEND,SUB-EVENT,_Mul_8:OpId_97 (cycles)
12739538708,EXECUTE,6957,CYCLES,BACKEND,SUB-EVENT,_Mul_9:OpId_99 (cycles)
12739538708,EXECUTE,1707,CYCLES,BACKEND,SUB-EVENT,_Add_5:OpId_101 (cycles)
12739538708,EXECUTE,0,CYCLES,BACKEND,SUB-EVENT,_Unsqueeze_2:OpId_103 (cycles)
12739538708,EXECUTE,0,CYCLES,BACKEND,SUB-EVENT,_Unsqueeze_3:OpId_104 (cycles)
12739538708,EXECUTE,2427,CYCLES,BACKEND,SUB-EVENT,_Concat_2:OpId_105 (cycles)
12739538708,EXECUTE,0,CYCLES,BACKEND,SUB-EVENT,_Reshape_4:OpId_107 (cycles)
12739538708,EXECUTE,17540,CYCLES,BACKEND,SUB-EVENT,_Concat_4:OpId_108 (cycles)
12739538708,EXECUTE,22824,CYCLES,BACKEND,SUB-EVENT,_Concat_5:OpId_110 (cycles)
12739538708,EXECUTE,859634,CYCLES,BACKEND,SUB-EVENT,_QwenGqaFlashAttention:OpId_112 (cycles)
12739538708,EXECUTE,6090,CYCLES,BACKEND,SUB-EVENT,_Transpose_4:OpId_114 (cycles)
12739538708,EXECUTE,13133,CYCLES,BACKEND,SUB-EVENT,_MatMul_5:OpId_116 (cycles)
12739538708,EXECUTE,0,CYCLES,BACKEND,SUB-EVENT,_MatMul_5_post_reshape:OpId_119 (cycles)
12739538708,EXECUTE,0,CYCLES,BACKEND,SUB-EVENT,_MatMul_5_output_0_nfc:OpId_121 (cycles)
12739538708,EXECUTE,82009,CYCLES,BACKEND,SUB-EVENT,_Add_7:OpId_123 (cycles)
12739538708,EXECUTE,233,CYCLES,BACKEND,SUB-EVENT,_Add_7_output_0_ncf:OpId_126 (cycles)
12739538708,EXECUTE,2002,CYCLES,BACKEND,SUB-EVENT,rms_norm__Mul_11_output_0:OpId_131 (cycles)
12739538708,EXECUTE,0,CYCLES,BACKEND,SUB-EVENT,_MatMul_6:OpId_135 (cycles)
12739538708,EXECUTE,0,CYCLES,BACKEND,SUB-EVENT,_MatMul_6_post_reshape:OpId_138 (cycles)
12739538708,EXECUTE,434542,CYCLES,BACKEND,SUB-EVENT,_MatMul_7:OpId_140 (cycles)
12739538708,EXECUTE,0,CYCLES,BACKEND,SUB-EVENT,_MatMul_7_post_reshape:OpId_143 (cycles)
12739538708,EXECUTE,0,CYCLES,BACKEND,SUB-EVENT,_Sigmoid:OpId_144 (cycles)
12739538708,EXECUTE,309229,CYCLES,BACKEND,SUB-EVENT,_Mul_12:OpId_151 (cycles)
12739538708,EXECUTE,47971,CYCLES,BACKEND,SUB-EVENT,_Mul_13:OpId_153 (cycles)
12739538708,EXECUTE,399075,CYCLES,BACKEND,SUB-EVENT,_MatMul_8:OpId_156 (cycles)
12739538708,EXECUTE,0,CYCLES,BACKEND,SUB-EVENT,_MatMul_8_post_reshape:OpId_159 (cycles)
12739538708,EXECUTE,0,CYCLES,BACKEND,SUB-EVENT,_MatMul_8_output_0_nfc:OpId_161 (cycles)
12739538708,EXECUTE,14760,CYCLES,BACKEND,SUB-EVENT,_Add_9:OpId_163 (cycles)
12739538708,EXECUTE,6452,CYCLES,BACKEND,SUB-EVENT,Output OpId_3 (cycles)
12739538708,EXECUTE,4545,US,BACKEND,ROOT,Accelerator (execute) time
12739538708,EXECUTE,4422,US,BACKEND,ROOT,Accelerator (execute excluding wait) time
12739538708,EXECUTE,11649,US,BACKEND,ROOT,QNN (execute) time
12739552413,EXECUTE,11630,US,NETRUN,ROOT,Graph 0: qwen2_0_5b_layer0_decode_past128_flash_attention_head_contiguous
12739552413,EXECUTE,4,COUNT,BACKEND,ROOT,Number of HVX threads used
12739552413,EXECUTE,11126,US,BACKEND,ROOT,RPC (execute) time
12739552413,EXECUTE,8983,US,BACKEND,ROOT,QNN accelerator (execute) time
12739552413,EXECUTE,0,COUNT,BACKEND,ROOT,Num times yield occured
12739552413,EXECUTE,588,US,BACKEND,ROOT,Time for initial VTCM acquire
12739552413,EXECUTE,230,US,BACKEND,ROOT,Time for HVX + HMX power on and acquire
12739552413,EXECUTE,2797821,CYCLES,BACKEND,ROOT,Accelerator (execute) time (cycles)
12739552413,EXECUTE,38905,CYCLES,BACKEND,SUB-EVENT,Input OpId_2 (cycles)
12739552413,EXECUTE,21828,CYCLES,BACKEND,SUB-EVENT,hidden_states_ncf:OpId_17 (cycles)
12739552413,EXECUTE,65463,CYCLES,BACKEND,SUB-EVENT,past_value_nchw:OpId_20 (cycles)
12739552413,EXECUTE,23769,CYCLES,BACKEND,SUB-EVENT,rms_norm__Mul_1_output_0:OpId_24 (cycles)
12739552413,EXECUTE,36955,CYCLES,BACKEND,SUB-EVENT,_MatMul:OpId_29 (cycles)
12739552413,EXECUTE,0,CYCLES,BACKEND,SUB-EVENT,_MatMul_post_reshape:OpId_31 (cycles)
12739552413,EXECUTE,16422,CYCLES,BACKEND,SUB-EVENT,_MatMul_1:OpId_34 (cycles)
12739552413,EXECUTE,38442,CYCLES,BACKEND,SUB-EVENT,_MatMul_1_post_reshape:OpId_36 (cycles)
12739552413,EXECUTE,1475,CYCLES,BACKEND,SUB-EVENT,_MatMul_2:OpId_39 (cycles)
12739552413,EXECUTE,33843,CYCLES,BACKEND,SUB-EVENT,_MatMul_2_post_reshape:OpId_41 (cycles)
12739552413,EXECUTE,537,CYCLES,BACKEND,SUB-EVENT,_Transpose:OpId_43 (cycles)
12739552413,EXECUTE,2787,CYCLES,BACKEND,SUB-EVENT,_Transpose_1:OpId_45 (cycles)
12739552413,EXECUTE,2632,CYCLES,BACKEND,SUB-EVENT,_Transpose_2:OpId_47 (cycles)
12739552413,EXECUTE,44154,CYCLES,BACKEND,SUB-EVENT,_Slice:OpId_49 (cycles)
12739552413,EXECUTE,14947,CYCLES,BACKEND,SUB-EVENT,_Slice_1:OpId_55 (cycles)
12739552413,EXECUTE,4221,CYCLES,BACKEND,SUB-EVENT,_Mul_2:OpId_61 (cycles)
12739552413,EXECUTE,1223,CYCLES,BACKEND,SUB-EVENT,_Mul_3:OpId_64 (cycles)
12739552413,EXECUTE,251,CYCLES,BACKEND,SUB-EVENT,_Sub:OpId_66 (cycles)
12739552413,EXECUTE,3118,CYCLES,BACKEND,SUB-EVENT,_Mul_4:OpId_68 (cycles)
12739552413,EXECUTE,4211,CYCLES,BACKEND,SUB-EVENT,_Mul_5:OpId_70 (cycles)
12739552413,EXECUTE,9260,CYCLES,BACKEND,SUB-EVENT,_Add_4:OpId_72 (cycles)
12739552413,EXECUTE,0,CYCLES,BACKEND,SUB-EVENT,_Unsqueeze:OpId_74 (cycles)
12739552413,EXECUTE,0,CYCLES,BACKEND,SUB-EVENT,_Unsqueeze_1:OpId_75 (cycles)
12739552413,EXECUTE,822,CYCLES,BACKEND,SUB-EVENT,_Concat:OpId_76 (cycles)
12739552413,EXECUTE,28687,CYCLES,BACKEND,SUB-EVENT,_Reshape_3:OpId_78 (cycles)
12739552413,EXECUTE,108851,CYCLES,BACKEND,SUB-EVENT,_Slice_3:OpId_80 (cycles)
12739552413,EXECUTE,24801,CYCLES,BACKEND,SUB-EVENT,_Slice_4:OpId_86 (cycles)
12739552413,EXECUTE,34011,CYCLES,BACKEND,SUB-EVENT,_Mul_6:OpId_91 (cycles)
12739552413,EXECUTE,23011,CYCLES,BACKEND,SUB-EVENT,_Mul_7:OpId_93 (cycles)
12739552413,EXECUTE,3412,CYCLES,BACKEND,SUB-EVENT,_Sub_1:OpId_95 (cycles)
12739552413,EXECUTE,33982,CYCLES,BACKEND,SUB-EVENT,_Mul_8:OpId_97 (cycles)
12739552413,EXECUTE,22947,CYCLES,BACKEND,SUB-EVENT,_Mul_9:OpId_99 (cycles)
12739552413,EXECUTE,5376,CYCLES,BACKEND,SUB-EVENT,_Add_5:OpId_101 (cycles)
12739552413,EXECUTE,0,CYCLES,BACKEND,SUB-EVENT,_Unsqueeze_2:OpId_103 (cycles)
12739552413,EXECUTE,0,CYCLES,BACKEND,SUB-EVENT,_Unsqueeze_3:OpId_104 (cycles)
12739552413,EXECUTE,9875,CYCLES,BACKEND,SUB-EVENT,_Concat_2:OpId_105 (cycles)
12739552413,EXECUTE,0,CYCLES,BACKEND,SUB-EVENT,_Reshape_4:OpId_107 (cycles)
12739552413,EXECUTE,21192,CYCLES,BACKEND,SUB-EVENT,_Concat_4:OpId_108 (cycles)
12739552413,EXECUTE,28849,CYCLES,BACKEND,SUB-EVENT,_Concat_5:OpId_110 (cycles)
12739552413,EXECUTE,919270,CYCLES,BACKEND,SUB-EVENT,_QwenGqaFlashAttention:OpId_112 (cycles)
12739552413,EXECUTE,6129,CYCLES,BACKEND,SUB-EVENT,_Transpose_4:OpId_114 (cycles)
12739552413,EXECUTE,17032,CYCLES,BACKEND,SUB-EVENT,_MatMul_5:OpId_116 (cycles)
12739552413,EXECUTE,0,CYCLES,BACKEND,SUB-EVENT,_MatMul_5_post_reshape:OpId_119 (cycles)
12739552413,EXECUTE,0,CYCLES,BACKEND,SUB-EVENT,_MatMul_5_output_0_nfc:OpId_121 (cycles)
12739552413,EXECUTE,149645,CYCLES,BACKEND,SUB-EVENT,_Add_7:OpId_123 (cycles)
12739552413,EXECUTE,306,CYCLES,BACKEND,SUB-EVENT,_Add_7_output_0_ncf:OpId_126 (cycles)
12739552413,EXECUTE,2075,CYCLES,BACKEND,SUB-EVENT,rms_norm__Mul_11_output_0:OpId_131 (cycles)
12739552413,EXECUTE,0,CYCLES,BACKEND,SUB-EVENT,_MatMul_6:OpId_135 (cycles)
12739552413,EXECUTE,0,CYCLES,BACKEND,SUB-EVENT,_MatMul_6_post_reshape:OpId_138 (cycles)
12739552413,EXECUTE,298735,CYCLES,BACKEND,SUB-EVENT,_MatMul_7:OpId_140 (cycles)
12739552413,EXECUTE,0,CYCLES,BACKEND,SUB-EVENT,_MatMul_7_post_reshape:OpId_143 (cycles)
12739552413,EXECUTE,0,CYCLES,BACKEND,SUB-EVENT,_Sigmoid:OpId_144 (cycles)
12739552413,EXECUTE,242444,CYCLES,BACKEND,SUB-EVENT,_Mul_12:OpId_151 (cycles)
12739552413,EXECUTE,30455,CYCLES,BACKEND,SUB-EVENT,_Mul_13:OpId_153 (cycles)
12739552413,EXECUTE,401415,CYCLES,BACKEND,SUB-EVENT,_MatMul_8:OpId_156 (cycles)
12739552413,EXECUTE,0,CYCLES,BACKEND,SUB-EVENT,_MatMul_8_post_reshape:OpId_159 (cycles)
12739552413,EXECUTE,0,CYCLES,BACKEND,SUB-EVENT,_MatMul_8_output_0_nfc:OpId_161 (cycles)
12739552413,EXECUTE,15026,CYCLES,BACKEND,SUB-EVENT,_Add_9:OpId_163 (cycles)
12739552413,EXECUTE,5030,CYCLES,BACKEND,SUB-EVENT,Output OpId_3 (cycles)
12739552413,EXECUTE,4207,US,BACKEND,ROOT,Accelerator (execute) time
12739552413,EXECUTE,4081,US,BACKEND,ROOT,Accelerator (execute excluding wait) time
12739552413,EXECUTE,11603,US,BACKEND,ROOT,QNN (execute) time
12739565741,EXECUTE,11498,US,NETRUN,ROOT,Graph 0: qwen2_0_5b_layer0_decode_past128_flash_attention_head_contiguous
12739565741,EXECUTE,4,COUNT,BACKEND,ROOT,Number of HVX threads used
12739565741,EXECUTE,11124,US,BACKEND,ROOT,RPC (execute) time
12739565741,EXECUTE,9053,US,BACKEND,ROOT,QNN accelerator (execute) time
12739565741,EXECUTE,0,COUNT,BACKEND,ROOT,Num times yield occured
12739565741,EXECUTE,666,US,BACKEND,ROOT,Time for initial VTCM acquire
12739565741,EXECUTE,301,US,BACKEND,ROOT,Time for HVX + HMX power on and acquire
12739565741,EXECUTE,2895131,CYCLES,BACKEND,ROOT,Accelerator (execute) time (cycles)
12739565741,EXECUTE,46235,CYCLES,BACKEND,SUB-EVENT,Input OpId_2 (cycles)
12739565741,EXECUTE,24786,CYCLES,BACKEND,SUB-EVENT,hidden_states_ncf:OpId_17 (cycles)
12739565741,EXECUTE,77884,CYCLES,BACKEND,SUB-EVENT,past_value_nchw:OpId_20 (cycles)
12739565741,EXECUTE,27427,CYCLES,BACKEND,SUB-EVENT,rms_norm__Mul_1_output_0:OpId_24 (cycles)
12739565741,EXECUTE,48178,CYCLES,BACKEND,SUB-EVENT,_MatMul:OpId_29 (cycles)
12739565741,EXECUTE,0,CYCLES,BACKEND,SUB-EVENT,_MatMul_post_reshape:OpId_31 (cycles)
12739565741,EXECUTE,16095,CYCLES,BACKEND,SUB-EVENT,_MatMul_1:OpId_34 (cycles)
12739565741,EXECUTE,25388,CYCLES,BACKEND,SUB-EVENT,_MatMul_1_post_reshape:OpId_36 (cycles)
12739565741,EXECUTE,6022,CYCLES,BACKEND,SUB-EVENT,_MatMul_2:OpId_39 (cycles)
12739565741,EXECUTE,21144,CYCLES,BACKEND,SUB-EVENT,_MatMul_2_post_reshape:OpId_41 (cycles)
12739565741,EXECUTE,562,CYCLES,BACKEND,SUB-EVENT,_Transpose:OpId_43 (cycles)
12739565741,EXECUTE,2820,CYCLES,BACKEND,SUB-EVENT,_Transpose_1:OpId_45 (cycles)
12739565741,EXECUTE,2604,CYCLES,BACKEND,SUB-EVENT,_Transpose_2:OpId_47 (cycles)
12739565741,EXECUTE,60992,CYCLES,BACKEND,SUB-EVENT,_Slice:OpId_49 (cycles)
12739565741,EXECUTE,16509,CYCLES,BACKEND,SUB-EVENT,_Slice_1:OpId_55 (cycles)
12739565741,EXECUTE,5229,CYCLES,BACKEND,SUB-EVENT,_Mul_2:OpId_61 (cycles)
12739565741,EXECUTE,1176,CYCLES,BACKEND,SUB-EVENT,_Mul_3:OpId_64 (cycles)
12739565741,EXECUTE,250,CYCLES,BACKEND,SUB-EVENT,_Sub:OpId_66 (cycles)
12739565741,EXECUTE,3010,CYCLES,BACKEND,SUB-EVENT,_Mul_4:OpId_68 (cycles)
12739565741,EXECUTE,5237,CYCLES,BACKEND,SUB-EVENT,_Mul_5:OpId_70 (cycles)
12739565741,EXECUTE,12950,CYCLES,BACKEND,SUB-EVENT,_Add_4:OpId_72 (cycles)
12739565741,EXECUTE,0,CYCLES,BACKEND,SUB-EVENT,_Unsqueeze:OpId_74 (cycles)
12739565741,EXECUTE,0,CYCLES,BACKEND,SUB-EVENT,_Unsqueeze_1:OpId_75 (cycles)
12739565741,EXECUTE,817,CYCLES,BACKEND,SUB-EVENT,_Concat:OpId_76 (cycles)
12739565741,EXECUTE,26736,CYCLES,BACKEND,SUB-EVENT,_Reshape_3:OpId_78 (cycles)
12739565741,EXECUTE,116084,CYCLES,BACKEND,SUB-EVENT,_Slice_3:OpId_80 (cycles)
12739565741,EXECUTE,37156,CYCLES,BACKEND,SUB-EVENT,_Slice_4:OpId_86 (cycles)
12739565741,EXECUTE,41241,CYCLES,BACKEND,SUB-EVENT,_Mul_6:OpId_91 (cycles)
12739565741,EXECUTE,28785,CYCLES,BACKEND,SUB-EVENT,_Mul_7:OpId_93 (cycles)
12739565741,EXECUTE,3037,CYCLES,BACKEND,SUB-EVENT,_Sub_1:OpId_95 (cycles)
12739565741,EXECUTE,41229,CYCLES,BACKEND,SUB-EVENT,_Mul_8:OpId_97 (cycles)
12739565741,EXECUTE,28764,CYCLES,BACKEND,SUB-EVENT,_Mul_9:OpId_99 (cycles)
12739565741,EXECUTE,6602,CYCLES,BACKEND,SUB-EVENT,_Add_5:OpId_101 (cycles)
12739565741,EXECUTE,0,CYCLES,BACKEND,SUB-EVENT,_Unsqueeze_2:OpId_103 (cycles)
12739565741,EXECUTE,0,CYCLES,BACKEND,SUB-EVENT,_Unsqueeze_3:OpId_104 (cycles)
12739565741,EXECUTE,9900,CYCLES,BACKEND,SUB-EVENT,_Concat_2:OpId_105 (cycles)
12739565741,EXECUTE,0,CYCLES,BACKEND,SUB-EVENT,_Reshape_4:OpId_107 (cycles)
12739565741,EXECUTE,21724,CYCLES,BACKEND,SUB-EVENT,_Concat_4:OpId_108 (cycles)
12739565741,EXECUTE,38804,CYCLES,BACKEND,SUB-EVENT,_Concat_5:OpId_110 (cycles)
12739565741,EXECUTE,949746,CYCLES,BACKEND,SUB-EVENT,_QwenGqaFlashAttention:OpId_112 (cycles)
12739565741,EXECUTE,5520,CYCLES,BACKEND,SUB-EVENT,_Transpose_4:OpId_114 (cycles)
12739565741,EXECUTE,20381,CYCLES,BACKEND,SUB-EVENT,_MatMul_5:OpId_116 (cycles)
12739565741,EXECUTE,0,CYCLES,BACKEND,SUB-EVENT,_MatMul_5_post_reshape:OpId_119 (cycles)
12739565741,EXECUTE,0,CYCLES,BACKEND,SUB-EVENT,_MatMul_5_output_0_nfc:OpId_121 (cycles)
12739565741,EXECUTE,129238,CYCLES,BACKEND,SUB-EVENT,_Add_7:OpId_123 (cycles)
12739565741,EXECUTE,304,CYCLES,BACKEND,SUB-EVENT,_Add_7_output_0_ncf:OpId_126 (cycles)
12739565741,EXECUTE,2059,CYCLES,BACKEND,SUB-EVENT,rms_norm__Mul_11_output_0:OpId_131 (cycles)
12739565741,EXECUTE,0,CYCLES,BACKEND,SUB-EVENT,_MatMul_6:OpId_135 (cycles)
12739565741,EXECUTE,0,CYCLES,BACKEND,SUB-EVENT,_MatMul_6_post_reshape:OpId_138 (cycles)
12739565741,EXECUTE,282434,CYCLES,BACKEND,SUB-EVENT,_MatMul_7:OpId_140 (cycles)
12739565741,EXECUTE,0,CYCLES,BACKEND,SUB-EVENT,_MatMul_7_post_reshape:OpId_143 (cycles)
12739565741,EXECUTE,0,CYCLES,BACKEND,SUB-EVENT,_Sigmoid:OpId_144 (cycles)
12739565741,EXECUTE,243802,CYCLES,BACKEND,SUB-EVENT,_Mul_12:OpId_151 (cycles)
12739565741,EXECUTE,39019,CYCLES,BACKEND,SUB-EVENT,_Mul_13:OpId_153 (cycles)
12739565741,EXECUTE,397613,CYCLES,BACKEND,SUB-EVENT,_MatMul_8:OpId_156 (cycles)
12739565741,EXECUTE,0,CYCLES,BACKEND,SUB-EVENT,_MatMul_8_post_reshape:OpId_159 (cycles)
12739565741,EXECUTE,0,CYCLES,BACKEND,SUB-EVENT,_MatMul_8_output_0_nfc:OpId_161 (cycles)
12739565741,EXECUTE,14662,CYCLES,BACKEND,SUB-EVENT,_Add_9:OpId_163 (cycles)
12739565741,EXECUTE,4976,CYCLES,BACKEND,SUB-EVENT,Output OpId_3 (cycles)
12739565741,EXECUTE,4329,US,BACKEND,ROOT,Accelerator (execute) time
12739565741,EXECUTE,4195,US,BACKEND,ROOT,Accelerator (execute excluding wait) time
12739565741,EXECUTE,11472,US,BACKEND,ROOT,QNN (execute) time
12739579201,EXECUTE,11577,US,NETRUN,ROOT,Graph 0: qwen2_0_5b_layer0_decode_past128_flash_attention_head_contiguous
12739579201,EXECUTE,4,COUNT,BACKEND,ROOT,Number of HVX threads used
12739579201,EXECUTE,11090,US,BACKEND,ROOT,RPC (execute) time
12739579201,EXECUTE,8958,US,BACKEND,ROOT,QNN accelerator (execute) time
12739579201,EXECUTE,0,COUNT,BACKEND,ROOT,Num times yield occured
12739579201,EXECUTE,879,US,BACKEND,ROOT,Time for initial VTCM acquire
12739579201,EXECUTE,243,US,BACKEND,ROOT,Time for HVX + HMX power on and acquire
12739579201,EXECUTE,2768200,CYCLES,BACKEND,ROOT,Accelerator (execute) time (cycles)
12739579201,EXECUTE,48180,CYCLES,BACKEND,SUB-EVENT,Input OpId_2 (cycles)
12739579201,EXECUTE,33498,CYCLES,BACKEND,SUB-EVENT,hidden_states_ncf:OpId_17 (cycles)
12739579201,EXECUTE,84484,CYCLES,BACKEND,SUB-EVENT,past_value_nchw:OpId_20 (cycles)
12739579201,EXECUTE,24420,CYCLES,BACKEND,SUB-EVENT,rms_norm__Mul_1_output_0:OpId_24 (cycles)
12739579201,EXECUTE,40176,CYCLES,BACKEND,SUB-EVENT,_MatMul:OpId_29 (cycles)
12739579201,EXECUTE,0,CYCLES,BACKEND,SUB-EVENT,_MatMul_post_reshape:OpId_31 (cycles)
12739579201,EXECUTE,19688,CYCLES,BACKEND,SUB-EVENT,_MatMul_1:OpId_34 (cycles)
12739579201,EXECUTE,35222,CYCLES,BACKEND,SUB-EVENT,_MatMul_1_post_reshape:OpId_36 (cycles)
12739579201,EXECUTE,4250,CYCLES,BACKEND,SUB-EVENT,_MatMul_2:OpId_39 (cycles)
12739579201,EXECUTE,32244,CYCLES,BACKEND,SUB-EVENT,_MatMul_2_post_reshape:OpId_41 (cycles)
12739579201,EXECUTE,503,CYCLES,BACKEND,SUB-EVENT,_Transpose:OpId_43 (cycles)
12739579201,EXECUTE,3115,CYCLES,BACKEND,SUB-EVENT,_Transpose_1:OpId_45 (cycles)
12739579201,EXECUTE,2826,CYCLES,BACKEND,SUB-EVENT,_Transpose_2:OpId_47 (cycles)
12739579201,EXECUTE,58265,CYCLES,BACKEND,SUB-EVENT,_Slice:OpId_49 (cycles)
12739579201,EXECUTE,17751,CYCLES,BACKEND,SUB-EVENT,_Slice_1:OpId_55 (cycles)
12739579201,EXECUTE,4676,CYCLES,BACKEND,SUB-EVENT,_Mul_2:OpId_61 (cycles)
12739579201,EXECUTE,1178,CYCLES,BACKEND,SUB-EVENT,_Mul_3:OpId_64 (cycles)
12739579201,EXECUTE,253,CYCLES,BACKEND,SUB-EVENT,_Sub:OpId_66 (cycles)
12739579201,EXECUTE,3119,CYCLES,BACKEND,SUB-EVENT,_Mul_4:OpId_68 (cycles)
12739579201,EXECUTE,4660,CYCLES,BACKEND,SUB-EVENT,_Mul_5:OpId_70 (cycles)
12739579201,EXECUTE,9316,CYCLES,BACKEND,SUB-EVENT,_Add_4:OpId_72 (cycles)
12739579201,EXECUTE,0,CYCLES,BACKEND,SUB-EVENT,_Unsqueeze:OpId_74 (cycles)
12739579201,EXECUTE,0,CYCLES,BACKEND,SUB-EVENT,_Unsqueeze_1:OpId_75 (cycles)
12739579201,EXECUTE,737,CYCLES,BACKEND,SUB-EVENT,_Concat:OpId_76 (cycles)
12739579201,EXECUTE,12146,CYCLES,BACKEND,SUB-EVENT,_Reshape_3:OpId_78 (cycles)
12739579201,EXECUTE,136852,CYCLES,BACKEND,SUB-EVENT,_Slice_3:OpId_80 (cycles)
12739579201,EXECUTE,17380,CYCLES,BACKEND,SUB-EVENT,_Slice_4:OpId_86 (cycles)
12739579201,EXECUTE,27991,CYCLES,BACKEND,SUB-EVENT,_Mul_6:OpId_91 (cycles)
12739579201,EXECUTE,15026,CYCLES,BACKEND,SUB-EVENT,_Mul_7:OpId_93 (cycles)
12739579201,EXECUTE,3820,CYCLES,BACKEND,SUB-EVENT,_Sub_1:OpId_95 (cycles)
12739579201,EXECUTE,27872,CYCLES,BACKEND,SUB-EVENT,_Mul_8:OpId_97 (cycles)
12739579201,EXECUTE,14923,CYCLES,BACKEND,SUB-EVENT,_Mul_9:OpId_99 (cycles)
12739579201,EXECUTE,4539,CYCLES,BACKEND,SUB-EVENT,_Add_5:OpId_101 (cycles)
12739579201,EXECUTE,0,CYCLES,BACKEND,SUB-EVENT,_Unsqueeze_2:OpId_103 (cycles)
12739579201,EXECUTE,0,CYCLES,BACKEND,SUB-EVENT,_Unsqueeze_3:OpId_104 (cycles)
12739579201,EXECUTE,5181,CYCLES,BACKEND,SUB-EVENT,_Concat_2:OpId_105 (cycles)
12739579201,EXECUTE,0,CYCLES,BACKEND,SUB-EVENT,_Reshape_4:OpId_107 (cycles)
12739579201,EXECUTE,20374,CYCLES,BACKEND,SUB-EVENT,_Concat_4:OpId_108 (cycles)
12739579201,EXECUTE,26455,CYCLES,BACKEND,SUB-EVENT,_Concat_5:OpId_110 (cycles)
12739579201,EXECUTE,878112,CYCLES,BACKEND,SUB-EVENT,_QwenGqaFlashAttention:OpId_112 (cycles)
12739579201,EXECUTE,5699,CYCLES,BACKEND,SUB-EVENT,_Transpose_4:OpId_114 (cycles)
12739579201,EXECUTE,17737,CYCLES,BACKEND,SUB-EVENT,_MatMul_5:OpId_116 (cycles)
12739579201,EXECUTE,0,CYCLES,BACKEND,SUB-EVENT,_MatMul_5_post_reshape:OpId_119 (cycles)
12739579201,EXECUTE,0,CYCLES,BACKEND,SUB-EVENT,_MatMul_5_output_0_nfc:OpId_121 (cycles)
12739579201,EXECUTE,137157,CYCLES,BACKEND,SUB-EVENT,_Add_7:OpId_123 (cycles)
12739579201,EXECUTE,307,CYCLES,BACKEND,SUB-EVENT,_Add_7_output_0_ncf:OpId_126 (cycles)
12739579201,EXECUTE,5133,CYCLES,BACKEND,SUB-EVENT,rms_norm__Mul_11_output_0:OpId_131 (cycles)
12739579201,EXECUTE,0,CYCLES,BACKEND,SUB-EVENT,_MatMul_6:OpId_135 (cycles)
12739579201,EXECUTE,0,CYCLES,BACKEND,SUB-EVENT,_MatMul_6_post_reshape:OpId_138 (cycles)
12739579201,EXECUTE,297788,CYCLES,BACKEND,SUB-EVENT,_MatMul_7:OpId_140 (cycles)
12739579201,EXECUTE,0,CYCLES,BACKEND,SUB-EVENT,_MatMul_7_post_reshape:OpId_143 (cycles)
12739579201,EXECUTE,0,CYCLES,BACKEND,SUB-EVENT,_Sigmoid:OpId_144 (cycles)
12739579201,EXECUTE,238891,CYCLES,BACKEND,SUB-EVENT,_Mul_12:OpId_151 (cycles)
12739579201,EXECUTE,26821,CYCLES,BACKEND,SUB-EVENT,_Mul_13:OpId_153 (cycles)
12739579201,EXECUTE,397694,CYCLES,BACKEND,SUB-EVENT,_MatMul_8:OpId_156 (cycles)
12739579201,EXECUTE,0,CYCLES,BACKEND,SUB-EVENT,_MatMul_8_post_reshape:OpId_159 (cycles)
12739579201,EXECUTE,0,CYCLES,BACKEND,SUB-EVENT,_MatMul_8_output_0_nfc:OpId_161 (cycles)
12739579201,EXECUTE,15025,CYCLES,BACKEND,SUB-EVENT,_Add_9:OpId_163 (cycles)
12739579201,EXECUTE,6716,CYCLES,BACKEND,SUB-EVENT,Output OpId_3 (cycles)
12739579201,EXECUTE,4196,US,BACKEND,ROOT,Accelerator (execute) time
12739579201,EXECUTE,4058,US,BACKEND,ROOT,Accelerator (execute excluding wait) time
12739579201,EXECUTE,11551,US,BACKEND,ROOT,QNN (execute) time
12739592612,EXECUTE,11403,US,NETRUN,ROOT,Graph 0: qwen2_0_5b_layer0_decode_past128_flash_attention_head_contiguous
12739592612,EXECUTE,4,COUNT,BACKEND,ROOT,Number of HVX threads used
12739592612,EXECUTE,11034,US,BACKEND,ROOT,RPC (execute) time
12739592612,EXECUTE,8910,US,BACKEND,ROOT,QNN accelerator (execute) time
12739592612,EXECUTE,0,COUNT,BACKEND,ROOT,Num times yield occured
12739592612,EXECUTE,584,US,BACKEND,ROOT,Time for initial VTCM acquire
12739592612,EXECUTE,274,US,BACKEND,ROOT,Time for HVX + HMX power on and acquire
12739592612,EXECUTE,2797900,CYCLES,BACKEND,ROOT,Accelerator (execute) time (cycles)
12739592612,EXECUTE,48870,CYCLES,BACKEND,SUB-EVENT,Input OpId_2 (cycles)
12739592612,EXECUTE,39496,CYCLES,BACKEND,SUB-EVENT,hidden_states_ncf:OpId_17 (cycles)
12739592612,EXECUTE,90235,CYCLES,BACKEND,SUB-EVENT,past_value_nchw:OpId_20 (cycles)
12739592612,EXECUTE,21399,CYCLES,BACKEND,SUB-EVENT,rms_norm__Mul_1_output_0:OpId_24 (cycles)
12739592612,EXECUTE,30312,CYCLES,BACKEND,SUB-EVENT,_MatMul:OpId_29 (cycles)
12739592612,EXECUTE,0,CYCLES,BACKEND,SUB-EVENT,_MatMul_post_reshape:OpId_31 (cycles)
12739592612,EXECUTE,16028,CYCLES,BACKEND,SUB-EVENT,_MatMul_1:OpId_34 (cycles)
12739592612,EXECUTE,31351,CYCLES,BACKEND,SUB-EVENT,_MatMul_1_post_reshape:OpId_36 (cycles)
12739592612,EXECUTE,1437,CYCLES,BACKEND,SUB-EVENT,_MatMul_2:OpId_39 (cycles)
12739592612,EXECUTE,26777,CYCLES,BACKEND,SUB-EVENT,_MatMul_2_post_reshape:OpId_41 (cycles)
12739592612,EXECUTE,506,CYCLES,BACKEND,SUB-EVENT,_Transpose:OpId_43 (cycles)
12739592612,EXECUTE,8011,CYCLES,BACKEND,SUB-EVENT,_Transpose_1:OpId_45 (cycles)
12739592612,EXECUTE,7728,CYCLES,BACKEND,SUB-EVENT,_Transpose_2:OpId_47 (cycles)
12739592612,EXECUTE,49188,CYCLES,BACKEND,SUB-EVENT,_Slice:OpId_49 (cycles)
12739592612,EXECUTE,17556,CYCLES,BACKEND,SUB-EVENT,_Slice_1:OpId_55 (cycles)
12739592612,EXECUTE,5196,CYCLES,BACKEND,SUB-EVENT,_Mul_2:OpId_61 (cycles)
12739592612,EXECUTE,1316,CYCLES,BACKEND,SUB-EVENT,_Mul_3:OpId_64 (cycles)
12739592612,EXECUTE,250,CYCLES,BACKEND,SUB-EVENT,_Sub:OpId_66 (cycles)
12739592612,EXECUTE,3926,CYCLES,BACKEND,SUB-EVENT,_Mul_4:OpId_68 (cycles)
12739592612,EXECUTE,5211,CYCLES,BACKEND,SUB-EVENT,_Mul_5:OpId_70 (cycles)
12739592612,EXECUTE,6260,CYCLES,BACKEND,SUB-EVENT,_Add_4:OpId_72 (cycles)
12739592612,EXECUTE,0,CYCLES,BACKEND,SUB-EVENT,_Unsqueeze:OpId_74 (cycles)
12739592612,EXECUTE,0,CYCLES,BACKEND,SUB-EVENT,_Unsqueeze_1:OpId_75 (cycles)
12739592612,EXECUTE,806,CYCLES,BACKEND,SUB-EVENT,_Concat:OpId_76 (cycles)
12739592612,EXECUTE,13453,CYCLES,BACKEND,SUB-EVENT,_Reshape_3:OpId_78 (cycles)
12739592612,EXECUTE,115619,CYCLES,BACKEND,SUB-EVENT,_Slice_3:OpId_80 (cycles)
12739592612,EXECUTE,12966,CYCLES,BACKEND,SUB-EVENT,_Slice_4:OpId_86 (cycles)
12739592612,EXECUTE,38920,CYCLES,BACKEND,SUB-EVENT,_Mul_6:OpId_91 (cycles)
12739592612,EXECUTE,25948,CYCLES,BACKEND,SUB-EVENT,_Mul_7:OpId_93 (cycles)
12739592612,EXECUTE,3500,CYCLES,BACKEND,SUB-EVENT,_Sub_1:OpId_95 (cycles)
12739592612,EXECUTE,38889,CYCLES,BACKEND,SUB-EVENT,_Mul_8:OpId_97 (cycles)
12739592612,EXECUTE,25848,CYCLES,BACKEND,SUB-EVENT,_Mul_9:OpId_99 (cycles)
12739592612,EXECUTE,4926,CYCLES,BACKEND,SUB-EVENT,_Add_5:OpId_101 (cycles)
12739592612,EXECUTE,0,CYCLES,BACKEND,SUB-EVENT,_Unsqueeze_2:OpId_103 (cycles)
12739592612,EXECUTE,0,CYCLES,BACKEND,SUB-EVENT,_Unsqueeze_3:OpId_104 (cycles)
12739592612,EXECUTE,7967,CYCLES,BACKEND,SUB-EVENT,_Concat_2:OpId_105 (cycles)
12739592612,EXECUTE,0,CYCLES,BACKEND,SUB-EVENT,_Reshape_4:OpId_107 (cycles)
12739592612,EXECUTE,22835,CYCLES,BACKEND,SUB-EVENT,_Concat_4:OpId_108 (cycles)
12739592612,EXECUTE,32632,CYCLES,BACKEND,SUB-EVENT,_Concat_5:OpId_110 (cycles)
12739592612,EXECUTE,903411,CYCLES,BACKEND,SUB-EVENT,_QwenGqaFlashAttention:OpId_112 (cycles)
12739592612,EXECUTE,6175,CYCLES,BACKEND,SUB-EVENT,_Transpose_4:OpId_114 (cycles)
12739592612,EXECUTE,21246,CYCLES,BACKEND,SUB-EVENT,_MatMul_5:OpId_116 (cycles)
12739592612,EXECUTE,0,CYCLES,BACKEND,SUB-EVENT,_MatMul_5_post_reshape:OpId_119 (cycles)
12739592612,EXECUTE,0,CYCLES,BACKEND,SUB-EVENT,_MatMul_5_output_0_nfc:OpId_121 (cycles)
12739592612,EXECUTE,123885,CYCLES,BACKEND,SUB-EVENT,_Add_7:OpId_123 (cycles)
12739592612,EXECUTE,239,CYCLES,BACKEND,SUB-EVENT,_Add_7_output_0_ncf:OpId_126 (cycles)
12739592612,EXECUTE,4946,CYCLES,BACKEND,SUB-EVENT,rms_norm__Mul_11_output_0:OpId_131 (cycles)
12739592612,EXECUTE,0,CYCLES,BACKEND,SUB-EVENT,_MatMul_6:OpId_135 (cycles)
12739592612,EXECUTE,0,CYCLES,BACKEND,SUB-EVENT,_MatMul_6_post_reshape:OpId_138 (cycles)
12739592612,EXECUTE,293598,CYCLES,BACKEND,SUB-EVENT,_MatMul_7:OpId_140 (cycles)
12739592612,EXECUTE,0,CYCLES,BACKEND,SUB-EVENT,_MatMul_7_post_reshape:OpId_143 (cycles)
12739592612,EXECUTE,0,CYCLES,BACKEND,SUB-EVENT,_Sigmoid:OpId_144 (cycles)
12739592612,EXECUTE,243226,CYCLES,BACKEND,SUB-EVENT,_Mul_12:OpId_151 (cycles)
12739592612,EXECUTE,26980,CYCLES,BACKEND,SUB-EVENT,_Mul_13:OpId_153 (cycles)
12739592612,EXECUTE,397697,CYCLES,BACKEND,SUB-EVENT,_MatMul_8:OpId_156 (cycles)
12739592612,EXECUTE,0,CYCLES,BACKEND,SUB-EVENT,_MatMul_8_post_reshape:OpId_159 (cycles)
12739592612,EXECUTE,0,CYCLES,BACKEND,SUB-EVENT,_MatMul_8_output_0_nfc:OpId_161 (cycles)
12739592612,EXECUTE,15125,CYCLES,BACKEND,SUB-EVENT,_Add_9:OpId_163 (cycles)
12739592612,EXECUTE,6010,CYCLES,BACKEND,SUB-EVENT,Output OpId_3 (cycles)
12739592612,EXECUTE,4173,US,BACKEND,ROOT,Accelerator (execute) time
12739592612,EXECUTE,4047,US,BACKEND,ROOT,Accelerator (execute excluding wait) time
12739592612,EXECUTE,11376,US,BACKEND,ROOT,QNN (execute) time
12739593895,EXECUTE IPS,73.553749,INF/SEC,NETRUN,ROOT,null
