input log file location, qwen_block_custom_qnn/device_output/fused_attention_fast_exp_layer0_decode_past128/qnn-profiling-data_0.log
qnn-profile-viewer version, v2.47.0.260601114230
qnn-net-run version, v2.47.0.260601114230
Backend version, v2.47.0.260601114230
Msg Timestamp, Message, Time, Unit of Measurement, Timing Source, Event Level, Event Identifier
5865101779,INIT,448398,US,NETRUN,ROOT,null
5865217535,COMPOSE GRAPHS,115147,US,NETRUN,ROOT,null
5865545864,FINALIZE,327129,US,NETRUN,ROOT,Graph 0: qwen2_0_5b_layer0_decode_past128_fused_attention
5865545864,FINALIZE,6983,US,BACKEND,ROOT,RPC (finalize) time
5865545864,FINALIZE,5624,US,BACKEND,ROOT,QNN accelerator (finalize) time
5865545864,FINALIZE,5502,US,BACKEND,ROOT,Accelerator (finalize) time
5865545864,FINALIZE,327080,US,BACKEND,ROOT,QNN (finalize) time
5865545864,FINALIZE,219,US,BACKEND,SUB-EVENT,Graph Preparation Initializing
5865545864,FINALIZE,255676,US,BACKEND,SUB-EVENT,Graph Optimizations
5865545864,FINALIZE,2732,US,BACKEND,SUB-EVENT,Post Graph Optimization
5865545864,FINALIZE,15280,US,BACKEND,SUB-EVENT,Graph Sequencing for Target
5865545864,FINALIZE,1919,US,BACKEND,SUB-EVENT,VTCM Allocation
5865545864,FINALIZE,1244,US,BACKEND,SUB-EVENT,Parallelization Optimization
5865545864,FINALIZE,1611,US,BACKEND,SUB-EVENT,Finalizing Graph Sequence
5865545864,FINALIZE,72,US,BACKEND,SUB-EVENT,Completion
5865945793,DE-INIT,86164,US,NETRUN,ROOT,null
5865945793,DE-INIT,9328,US,BACKEND,ROOT,RPC (deinit) time
5865945793,DE-INIT,7604,US,BACKEND,ROOT,QNN Accelerator (deinit) time
5865945793,DE-INIT,7461,US,BACKEND,ROOT,Accelerator (deinit) time
5865945793,DE-INIT,86137,US,BACKEND,ROOT,QNN (deinit) time
5865582341,EXECUTE,35227,US,NETRUN,ROOT,Graph 0: qwen2_0_5b_layer0_decode_past128_fused_attention
5865582341,EXECUTE,4,COUNT,BACKEND,ROOT,Number of HVX threads used
5865582341,EXECUTE,34812,US,BACKEND,ROOT,RPC (execute) time
5865582341,EXECUTE,32603,US,BACKEND,ROOT,QNN accelerator (execute) time
5865582341,EXECUTE,0,COUNT,BACKEND,ROOT,Num times yield occured
5865582341,EXECUTE,762,US,BACKEND,ROOT,Time for initial VTCM acquire
5865582341,EXECUTE,35149,US,BACKEND,ROOT,Time for HVX + HMX power on and acquire
5865582341,EXECUTE,19119302,CYCLES,BACKEND,ROOT,Accelerator (execute) time (cycles)
5865582341,EXECUTE,12603,CYCLES,BACKEND,SUB-EVENT,Input OpId_2 (cycles)
5865582341,EXECUTE,4876,CYCLES,BACKEND,SUB-EVENT,hidden_states_ncf:OpId_17 (cycles)
5865582341,EXECUTE,33965,CYCLES,BACKEND,SUB-EVENT,past_value_nchw:OpId_20 (cycles)
5865582341,EXECUTE,13253,CYCLES,BACKEND,SUB-EVENT,rms_norm__Mul_1_output_0:OpId_24 (cycles)
5865582341,EXECUTE,38195,CYCLES,BACKEND,SUB-EVENT,_MatMul:OpId_29 (cycles)
5865582341,EXECUTE,0,CYCLES,BACKEND,SUB-EVENT,_MatMul_post_reshape:OpId_31 (cycles)
5865582341,EXECUTE,1629,CYCLES,BACKEND,SUB-EVENT,_MatMul_1:OpId_34 (cycles)
5865582341,EXECUTE,2394,CYCLES,BACKEND,SUB-EVENT,_MatMul_1_post_reshape:OpId_36 (cycles)
5865582341,EXECUTE,3311,CYCLES,BACKEND,SUB-EVENT,_MatMul_2:OpId_39 (cycles)
5865582341,EXECUTE,4903,CYCLES,BACKEND,SUB-EVENT,_MatMul_2_post_reshape:OpId_41 (cycles)
5865582341,EXECUTE,476,CYCLES,BACKEND,SUB-EVENT,_Transpose:OpId_43 (cycles)
5865582341,EXECUTE,2774,CYCLES,BACKEND,SUB-EVENT,_Transpose_1:OpId_45 (cycles)
5865582341,EXECUTE,2551,CYCLES,BACKEND,SUB-EVENT,_Transpose_2:OpId_47 (cycles)
5865582341,EXECUTE,31304,CYCLES,BACKEND,SUB-EVENT,_Slice:OpId_49 (cycles)
5865582341,EXECUTE,12754,CYCLES,BACKEND,SUB-EVENT,_Slice_1:OpId_55 (cycles)
5865582341,EXECUTE,1932,CYCLES,BACKEND,SUB-EVENT,_Mul_2:OpId_61 (cycles)
5865582341,EXECUTE,1592,CYCLES,BACKEND,SUB-EVENT,_Mul_3:OpId_64 (cycles)
5865582341,EXECUTE,274,CYCLES,BACKEND,SUB-EVENT,_Sub:OpId_66 (cycles)
5865582341,EXECUTE,1977,CYCLES,BACKEND,SUB-EVENT,_Mul_4:OpId_68 (cycles)
5865582341,EXECUTE,1644,CYCLES,BACKEND,SUB-EVENT,_Mul_5:OpId_70 (cycles)
5865582341,EXECUTE,2509,CYCLES,BACKEND,SUB-EVENT,_Add_4:OpId_72 (cycles)
5865582341,EXECUTE,0,CYCLES,BACKEND,SUB-EVENT,_Unsqueeze:OpId_74 (cycles)
5865582341,EXECUTE,0,CYCLES,BACKEND,SUB-EVENT,_Unsqueeze_1:OpId_75 (cycles)
5865582341,EXECUTE,808,CYCLES,BACKEND,SUB-EVENT,_Concat:OpId_76 (cycles)
5865582341,EXECUTE,4856,CYCLES,BACKEND,SUB-EVENT,_Reshape_3:OpId_78 (cycles)
5865582341,EXECUTE,43952,CYCLES,BACKEND,SUB-EVENT,_Slice_3:OpId_80 (cycles)
5865582341,EXECUTE,9342,CYCLES,BACKEND,SUB-EVENT,_Slice_4:OpId_86 (cycles)
5865582341,EXECUTE,8470,CYCLES,BACKEND,SUB-EVENT,_Mul_6:OpId_91 (cycles)
5865582341,EXECUTE,1738,CYCLES,BACKEND,SUB-EVENT,_Mul_7:OpId_93 (cycles)
5865582341,EXECUTE,870,CYCLES,BACKEND,SUB-EVENT,_Sub_1:OpId_95 (cycles)
5865582341,EXECUTE,1778,CYCLES,BACKEND,SUB-EVENT,_Mul_8:OpId_97 (cycles)
5865582341,EXECUTE,1355,CYCLES,BACKEND,SUB-EVENT,_Mul_9:OpId_99 (cycles)
5865582341,EXECUTE,1543,CYCLES,BACKEND,SUB-EVENT,_Add_5:OpId_101 (cycles)
5865582341,EXECUTE,0,CYCLES,BACKEND,SUB-EVENT,_Unsqueeze_2:OpId_103 (cycles)
5865582341,EXECUTE,0,CYCLES,BACKEND,SUB-EVENT,_Unsqueeze_3:OpId_104 (cycles)
5865582341,EXECUTE,3405,CYCLES,BACKEND,SUB-EVENT,_Concat_2:OpId_105 (cycles)
5865582341,EXECUTE,0,CYCLES,BACKEND,SUB-EVENT,_Reshape_4:OpId_107 (cycles)
5865582341,EXECUTE,2608,CYCLES,BACKEND,SUB-EVENT,current_key_nhwc:OpId_109 (cycles)
5865582341,EXECUTE,14109,CYCLES,BACKEND,SUB-EVENT,_Concat_4:OpId_110 (cycles)
5865582341,EXECUTE,25398,CYCLES,BACKEND,SUB-EVENT,_Concat_5:OpId_112 (cycles)
5865582341,EXECUTE,18054126,CYCLES,BACKEND,SUB-EVENT,_FusedDecodeAttentionPast128:OpId_114 (cycles)
5865582341,EXECUTE,9139,CYCLES,BACKEND,SUB-EVENT,_Transpose_4:OpId_116 (cycles)
5865582341,EXECUTE,12291,CYCLES,BACKEND,SUB-EVENT,_MatMul_5:OpId_118 (cycles)
5865582341,EXECUTE,0,CYCLES,BACKEND,SUB-EVENT,_MatMul_5_post_reshape:OpId_121 (cycles)
5865582341,EXECUTE,0,CYCLES,BACKEND,SUB-EVENT,_MatMul_5_output_0_nfc:OpId_123 (cycles)
5865582341,EXECUTE,62286,CYCLES,BACKEND,SUB-EVENT,_Add_7:OpId_125 (cycles)
5865582341,EXECUTE,260,CYCLES,BACKEND,SUB-EVENT,_Add_7_output_0_ncf:OpId_128 (cycles)
5865582341,EXECUTE,2056,CYCLES,BACKEND,SUB-EVENT,rms_norm__Mul_11_output_0:OpId_133 (cycles)
5865582341,EXECUTE,0,CYCLES,BACKEND,SUB-EVENT,_MatMul_6:OpId_137 (cycles)
5865582341,EXECUTE,0,CYCLES,BACKEND,SUB-EVENT,_MatMul_6_post_reshape:OpId_140 (cycles)
5865582341,EXECUTE,134641,CYCLES,BACKEND,SUB-EVENT,_MatMul_7:OpId_142 (cycles)
5865582341,EXECUTE,0,CYCLES,BACKEND,SUB-EVENT,_MatMul_7_post_reshape:OpId_145 (cycles)
5865582341,EXECUTE,0,CYCLES,BACKEND,SUB-EVENT,_Sigmoid:OpId_146 (cycles)
5865582341,EXECUTE,108585,CYCLES,BACKEND,SUB-EVENT,_Mul_12:OpId_153 (cycles)
5865582341,EXECUTE,19135,CYCLES,BACKEND,SUB-EVENT,_Mul_13:OpId_155 (cycles)
5865582341,EXECUTE,401215,CYCLES,BACKEND,SUB-EVENT,_MatMul_8:OpId_158 (cycles)
5865582341,EXECUTE,0,CYCLES,BACKEND,SUB-EVENT,_MatMul_8_post_reshape:OpId_161 (cycles)
5865582341,EXECUTE,0,CYCLES,BACKEND,SUB-EVENT,_MatMul_8_output_0_nfc:OpId_163 (cycles)
5865582341,EXECUTE,14789,CYCLES,BACKEND,SUB-EVENT,_Add_9:OpId_165 (cycles)
5865582341,EXECUTE,5631,CYCLES,BACKEND,SUB-EVENT,Output OpId_3 (cycles)
5865582341,EXECUTE,17489,US,BACKEND,ROOT,Accelerator (execute) time
5865582341,EXECUTE,15538,US,BACKEND,ROOT,Accelerator (execute excluding wait) time
5865582341,EXECUTE,35132,US,BACKEND,ROOT,QNN (execute) time
5865605488,EXECUTE,22231,US,NETRUN,ROOT,Graph 0: qwen2_0_5b_layer0_decode_past128_fused_attention
5865605488,EXECUTE,4,COUNT,BACKEND,ROOT,Number of HVX threads used
5865605488,EXECUTE,21768,US,BACKEND,ROOT,RPC (execute) time
5865605488,EXECUTE,20708,US,BACKEND,ROOT,QNN accelerator (execute) time
5865605488,EXECUTE,0,COUNT,BACKEND,ROOT,Num times yield occured
5865605488,EXECUTE,685,US,BACKEND,ROOT,Time for initial VTCM acquire
5865605488,EXECUTE,295,US,BACKEND,ROOT,Time for HVX + HMX power on and acquire
5865605488,EXECUTE,19476642,CYCLES,BACKEND,ROOT,Accelerator (execute) time (cycles)
5865605488,EXECUTE,23941,CYCLES,BACKEND,SUB-EVENT,Input OpId_2 (cycles)
5865605488,EXECUTE,21818,CYCLES,BACKEND,SUB-EVENT,hidden_states_ncf:OpId_17 (cycles)
5865605488,EXECUTE,89178,CYCLES,BACKEND,SUB-EVENT,past_value_nchw:OpId_20 (cycles)
5865605488,EXECUTE,32441,CYCLES,BACKEND,SUB-EVENT,rms_norm__Mul_1_output_0:OpId_24 (cycles)
5865605488,EXECUTE,56077,CYCLES,BACKEND,SUB-EVENT,_MatMul:OpId_29 (cycles)
5865605488,EXECUTE,0,CYCLES,BACKEND,SUB-EVENT,_MatMul_post_reshape:OpId_31 (cycles)
5865605488,EXECUTE,3449,CYCLES,BACKEND,SUB-EVENT,_MatMul_1:OpId_34 (cycles)
5865605488,EXECUTE,32561,CYCLES,BACKEND,SUB-EVENT,_MatMul_1_post_reshape:OpId_36 (cycles)
5865605488,EXECUTE,10966,CYCLES,BACKEND,SUB-EVENT,_MatMul_2:OpId_39 (cycles)
5865605488,EXECUTE,36416,CYCLES,BACKEND,SUB-EVENT,_MatMul_2_post_reshape:OpId_41 (cycles)
5865605488,EXECUTE,525,CYCLES,BACKEND,SUB-EVENT,_Transpose:OpId_43 (cycles)
5865605488,EXECUTE,4024,CYCLES,BACKEND,SUB-EVENT,_Transpose_1:OpId_45 (cycles)
5865605488,EXECUTE,3737,CYCLES,BACKEND,SUB-EVENT,_Transpose_2:OpId_47 (cycles)
5865605488,EXECUTE,61475,CYCLES,BACKEND,SUB-EVENT,_Slice:OpId_49 (cycles)
5865605488,EXECUTE,23329,CYCLES,BACKEND,SUB-EVENT,_Slice_1:OpId_55 (cycles)
5865605488,EXECUTE,2006,CYCLES,BACKEND,SUB-EVENT,_Mul_2:OpId_61 (cycles)
5865605488,EXECUTE,1301,CYCLES,BACKEND,SUB-EVENT,_Mul_3:OpId_64 (cycles)
5865605488,EXECUTE,269,CYCLES,BACKEND,SUB-EVENT,_Sub:OpId_66 (cycles)
5865605488,EXECUTE,1755,CYCLES,BACKEND,SUB-EVENT,_Mul_4:OpId_68 (cycles)
5865605488,EXECUTE,2004,CYCLES,BACKEND,SUB-EVENT,_Mul_5:OpId_70 (cycles)
5865605488,EXECUTE,4187,CYCLES,BACKEND,SUB-EVENT,_Add_4:OpId_72 (cycles)
5865605488,EXECUTE,0,CYCLES,BACKEND,SUB-EVENT,_Unsqueeze:OpId_74 (cycles)
5865605488,EXECUTE,0,CYCLES,BACKEND,SUB-EVENT,_Unsqueeze_1:OpId_75 (cycles)
5865605488,EXECUTE,839,CYCLES,BACKEND,SUB-EVENT,_Concat:OpId_76 (cycles)
5865605488,EXECUTE,2979,CYCLES,BACKEND,SUB-EVENT,_Reshape_3:OpId_78 (cycles)
5865605488,EXECUTE,106610,CYCLES,BACKEND,SUB-EVENT,_Slice_3:OpId_80 (cycles)
5865605488,EXECUTE,12807,CYCLES,BACKEND,SUB-EVENT,_Slice_4:OpId_86 (cycles)
5865605488,EXECUTE,31566,CYCLES,BACKEND,SUB-EVENT,_Mul_6:OpId_91 (cycles)
5865605488,EXECUTE,15668,CYCLES,BACKEND,SUB-EVENT,_Mul_7:OpId_93 (cycles)
5865605488,EXECUTE,970,CYCLES,BACKEND,SUB-EVENT,_Sub_1:OpId_95 (cycles)
5865605488,EXECUTE,15659,CYCLES,BACKEND,SUB-EVENT,_Mul_8:OpId_97 (cycles)
5865605488,EXECUTE,15618,CYCLES,BACKEND,SUB-EVENT,_Mul_9:OpId_99 (cycles)
5865605488,EXECUTE,4484,CYCLES,BACKEND,SUB-EVENT,_Add_5:OpId_101 (cycles)
5865605488,EXECUTE,0,CYCLES,BACKEND,SUB-EVENT,_Unsqueeze_2:OpId_103 (cycles)
5865605488,EXECUTE,0,CYCLES,BACKEND,SUB-EVENT,_Unsqueeze_3:OpId_104 (cycles)
5865605488,EXECUTE,2633,CYCLES,BACKEND,SUB-EVENT,_Concat_2:OpId_105 (cycles)
5865605488,EXECUTE,0,CYCLES,BACKEND,SUB-EVENT,_Reshape_4:OpId_107 (cycles)
5865605488,EXECUTE,1015,CYCLES,BACKEND,SUB-EVENT,current_key_nhwc:OpId_109 (cycles)
5865605488,EXECUTE,24256,CYCLES,BACKEND,SUB-EVENT,_Concat_4:OpId_110 (cycles)
5865605488,EXECUTE,41860,CYCLES,BACKEND,SUB-EVENT,_Concat_5:OpId_112 (cycles)
5865605488,EXECUTE,17903469,CYCLES,BACKEND,SUB-EVENT,_FusedDecodeAttentionPast128:OpId_114 (cycles)
5865605488,EXECUTE,5886,CYCLES,BACKEND,SUB-EVENT,_Transpose_4:OpId_116 (cycles)
5865605488,EXECUTE,20133,CYCLES,BACKEND,SUB-EVENT,_MatMul_5:OpId_118 (cycles)
5865605488,EXECUTE,0,CYCLES,BACKEND,SUB-EVENT,_MatMul_5_post_reshape:OpId_121 (cycles)
5865605488,EXECUTE,0,CYCLES,BACKEND,SUB-EVENT,_MatMul_5_output_0_nfc:OpId_123 (cycles)
5865605488,EXECUTE,116955,CYCLES,BACKEND,SUB-EVENT,_Add_7:OpId_125 (cycles)
5865605488,EXECUTE,245,CYCLES,BACKEND,SUB-EVENT,_Add_7_output_0_ncf:OpId_128 (cycles)
5865605488,EXECUTE,2920,CYCLES,BACKEND,SUB-EVENT,rms_norm__Mul_11_output_0:OpId_133 (cycles)
5865605488,EXECUTE,0,CYCLES,BACKEND,SUB-EVENT,_MatMul_6:OpId_137 (cycles)
5865605488,EXECUTE,0,CYCLES,BACKEND,SUB-EVENT,_MatMul_6_post_reshape:OpId_140 (cycles)
5865605488,EXECUTE,197707,CYCLES,BACKEND,SUB-EVENT,_MatMul_7:OpId_142 (cycles)
5865605488,EXECUTE,0,CYCLES,BACKEND,SUB-EVENT,_MatMul_7_post_reshape:OpId_145 (cycles)
5865605488,EXECUTE,0,CYCLES,BACKEND,SUB-EVENT,_Sigmoid:OpId_146 (cycles)
5865605488,EXECUTE,190770,CYCLES,BACKEND,SUB-EVENT,_Mul_12:OpId_153 (cycles)
5865605488,EXECUTE,30634,CYCLES,BACKEND,SUB-EVENT,_Mul_13:OpId_155 (cycles)
5865605488,EXECUTE,292022,CYCLES,BACKEND,SUB-EVENT,_MatMul_8:OpId_158 (cycles)
5865605488,EXECUTE,0,CYCLES,BACKEND,SUB-EVENT,_MatMul_8_post_reshape:OpId_161 (cycles)
5865605488,EXECUTE,0,CYCLES,BACKEND,SUB-EVENT,_MatMul_8_output_0_nfc:OpId_163 (cycles)
5865605488,EXECUTE,14908,CYCLES,BACKEND,SUB-EVENT,_Add_9:OpId_165 (cycles)
5865605488,EXECUTE,12570,CYCLES,BACKEND,SUB-EVENT,Output OpId_3 (cycles)
5865605488,EXECUTE,16014,US,BACKEND,ROOT,Accelerator (execute) time
5865605488,EXECUTE,15867,US,BACKEND,ROOT,Accelerator (execute excluding wait) time
5865605488,EXECUTE,22197,US,BACKEND,ROOT,QNN (execute) time
5865637164,EXECUTE,27963,US,NETRUN,ROOT,Graph 0: qwen2_0_5b_layer0_decode_past128_fused_attention
5865637164,EXECUTE,4,COUNT,BACKEND,ROOT,Number of HVX threads used
5865637164,EXECUTE,27395,US,BACKEND,ROOT,RPC (execute) time
5865637164,EXECUTE,21598,US,BACKEND,ROOT,QNN accelerator (execute) time
5865637164,EXECUTE,0,COUNT,BACKEND,ROOT,Num times yield occured
5865637164,EXECUTE,588,US,BACKEND,ROOT,Time for initial VTCM acquire
5865637164,EXECUTE,219,US,BACKEND,ROOT,Time for HVX + HMX power on and acquire
5865637164,EXECUTE,19744790,CYCLES,BACKEND,ROOT,Accelerator (execute) time (cycles)
5865637164,EXECUTE,17774,CYCLES,BACKEND,SUB-EVENT,Input OpId_2 (cycles)
5865637164,EXECUTE,28108,CYCLES,BACKEND,SUB-EVENT,hidden_states_ncf:OpId_17 (cycles)
5865637164,EXECUTE,108985,CYCLES,BACKEND,SUB-EVENT,past_value_nchw:OpId_20 (cycles)
5865637164,EXECUTE,33232,CYCLES,BACKEND,SUB-EVENT,rms_norm__Mul_1_output_0:OpId_24 (cycles)
5865637164,EXECUTE,35344,CYCLES,BACKEND,SUB-EVENT,_MatMul:OpId_29 (cycles)
5865637164,EXECUTE,0,CYCLES,BACKEND,SUB-EVENT,_MatMul_post_reshape:OpId_31 (cycles)
5865637164,EXECUTE,2842,CYCLES,BACKEND,SUB-EVENT,_MatMul_1:OpId_34 (cycles)
5865637164,EXECUTE,29292,CYCLES,BACKEND,SUB-EVENT,_MatMul_1_post_reshape:OpId_36 (cycles)
5865637164,EXECUTE,8963,CYCLES,BACKEND,SUB-EVENT,_MatMul_2:OpId_39 (cycles)
5865637164,EXECUTE,32449,CYCLES,BACKEND,SUB-EVENT,_MatMul_2_post_reshape:OpId_41 (cycles)
5865637164,EXECUTE,457,CYCLES,BACKEND,SUB-EVENT,_Transpose:OpId_43 (cycles)
5865637164,EXECUTE,4920,CYCLES,BACKEND,SUB-EVENT,_Transpose_1:OpId_45 (cycles)
5865637164,EXECUTE,4703,CYCLES,BACKEND,SUB-EVENT,_Transpose_2:OpId_47 (cycles)
5865637164,EXECUTE,59713,CYCLES,BACKEND,SUB-EVENT,_Slice:OpId_49 (cycles)
5865637164,EXECUTE,18746,CYCLES,BACKEND,SUB-EVENT,_Slice_1:OpId_55 (cycles)
5865637164,EXECUTE,2977,CYCLES,BACKEND,SUB-EVENT,_Mul_2:OpId_61 (cycles)
5865637164,EXECUTE,5445,CYCLES,BACKEND,SUB-EVENT,_Mul_3:OpId_64 (cycles)
5865637164,EXECUTE,268,CYCLES,BACKEND,SUB-EVENT,_Sub:OpId_66 (cycles)
5865637164,EXECUTE,8610,CYCLES,BACKEND,SUB-EVENT,_Mul_4:OpId_68 (cycles)
5865637164,EXECUTE,2967,CYCLES,BACKEND,SUB-EVENT,_Mul_5:OpId_70 (cycles)
5865637164,EXECUTE,4558,CYCLES,BACKEND,SUB-EVENT,_Add_4:OpId_72 (cycles)
5865637164,EXECUTE,0,CYCLES,BACKEND,SUB-EVENT,_Unsqueeze:OpId_74 (cycles)
5865637164,EXECUTE,0,CYCLES,BACKEND,SUB-EVENT,_Unsqueeze_1:OpId_75 (cycles)
5865637164,EXECUTE,903,CYCLES,BACKEND,SUB-EVENT,_Concat:OpId_76 (cycles)
5865637164,EXECUTE,26216,CYCLES,BACKEND,SUB-EVENT,_Reshape_3:OpId_78 (cycles)
5865637164,EXECUTE,121832,CYCLES,BACKEND,SUB-EVENT,_Slice_3:OpId_80 (cycles)
5865637164,EXECUTE,18335,CYCLES,BACKEND,SUB-EVENT,_Slice_4:OpId_86 (cycles)
5865637164,EXECUTE,36002,CYCLES,BACKEND,SUB-EVENT,_Mul_6:OpId_91 (cycles)
5865637164,EXECUTE,25433,CYCLES,BACKEND,SUB-EVENT,_Mul_7:OpId_93 (cycles)
5865637164,EXECUTE,5960,CYCLES,BACKEND,SUB-EVENT,_Sub_1:OpId_95 (cycles)
5865637164,EXECUTE,25432,CYCLES,BACKEND,SUB-EVENT,_Mul_8:OpId_97 (cycles)
5865637164,EXECUTE,17749,CYCLES,BACKEND,SUB-EVENT,_Mul_9:OpId_99 (cycles)
5865637164,EXECUTE,5542,CYCLES,BACKEND,SUB-EVENT,_Add_5:OpId_101 (cycles)
5865637164,EXECUTE,0,CYCLES,BACKEND,SUB-EVENT,_Unsqueeze_2:OpId_103 (cycles)
5865637164,EXECUTE,0,CYCLES,BACKEND,SUB-EVENT,_Unsqueeze_3:OpId_104 (cycles)
5865637164,EXECUTE,8799,CYCLES,BACKEND,SUB-EVENT,_Concat_2:OpId_105 (cycles)
5865637164,EXECUTE,0,CYCLES,BACKEND,SUB-EVENT,_Reshape_4:OpId_107 (cycles)
5865637164,EXECUTE,996,CYCLES,BACKEND,SUB-EVENT,current_key_nhwc:OpId_109 (cycles)
5865637164,EXECUTE,18336,CYCLES,BACKEND,SUB-EVENT,_Concat_4:OpId_110 (cycles)
5865637164,EXECUTE,37385,CYCLES,BACKEND,SUB-EVENT,_Concat_5:OpId_112 (cycles)
5865637164,EXECUTE,17855243,CYCLES,BACKEND,SUB-EVENT,_FusedDecodeAttentionPast128:OpId_114 (cycles)
5865637164,EXECUTE,5386,CYCLES,BACKEND,SUB-EVENT,_Transpose_4:OpId_116 (cycles)
5865637164,EXECUTE,18611,CYCLES,BACKEND,SUB-EVENT,_MatMul_5:OpId_118 (cycles)
5865637164,EXECUTE,0,CYCLES,BACKEND,SUB-EVENT,_MatMul_5_post_reshape:OpId_121 (cycles)
5865637164,EXECUTE,0,CYCLES,BACKEND,SUB-EVENT,_MatMul_5_output_0_nfc:OpId_123 (cycles)
5865637164,EXECUTE,94893,CYCLES,BACKEND,SUB-EVENT,_Add_7:OpId_125 (cycles)
5865637164,EXECUTE,256,CYCLES,BACKEND,SUB-EVENT,_Add_7_output_0_ncf:OpId_128 (cycles)
5865637164,EXECUTE,3354,CYCLES,BACKEND,SUB-EVENT,rms_norm__Mul_11_output_0:OpId_133 (cycles)
5865637164,EXECUTE,0,CYCLES,BACKEND,SUB-EVENT,_MatMul_6:OpId_137 (cycles)
5865637164,EXECUTE,0,CYCLES,BACKEND,SUB-EVENT,_MatMul_6_post_reshape:OpId_140 (cycles)
5865637164,EXECUTE,302322,CYCLES,BACKEND,SUB-EVENT,_MatMul_7:OpId_142 (cycles)
5865637164,EXECUTE,0,CYCLES,BACKEND,SUB-EVENT,_MatMul_7_post_reshape:OpId_145 (cycles)
5865637164,EXECUTE,0,CYCLES,BACKEND,SUB-EVENT,_Sigmoid:OpId_146 (cycles)
5865637164,EXECUTE,247904,CYCLES,BACKEND,SUB-EVENT,_Mul_12:OpId_153 (cycles)
5865637164,EXECUTE,32053,CYCLES,BACKEND,SUB-EVENT,_Mul_13:OpId_155 (cycles)
5865637164,EXECUTE,402693,CYCLES,BACKEND,SUB-EVENT,_MatMul_8:OpId_158 (cycles)
5865637164,EXECUTE,0,CYCLES,BACKEND,SUB-EVENT,_MatMul_8_post_reshape:OpId_161 (cycles)
5865637164,EXECUTE,0,CYCLES,BACKEND,SUB-EVENT,_MatMul_8_output_0_nfc:OpId_163 (cycles)
5865637164,EXECUTE,14823,CYCLES,BACKEND,SUB-EVENT,_Add_9:OpId_165 (cycles)
5865637164,EXECUTE,7979,CYCLES,BACKEND,SUB-EVENT,Output OpId_3 (cycles)
5865637164,EXECUTE,16759,US,BACKEND,ROOT,Accelerator (execute) time
5865637164,EXECUTE,16626,US,BACKEND,ROOT,Accelerator (execute excluding wait) time
5865637164,EXECUTE,27913,US,BACKEND,ROOT,QNN (execute) time
5865662603,EXECUTE,24085,US,NETRUN,ROOT,Graph 0: qwen2_0_5b_layer0_decode_past128_fused_attention
5865662603,EXECUTE,4,COUNT,BACKEND,ROOT,Number of HVX threads used
5865662603,EXECUTE,23671,US,BACKEND,ROOT,RPC (execute) time
5865662603,EXECUTE,21570,US,BACKEND,ROOT,QNN accelerator (execute) time
5865662603,EXECUTE,0,COUNT,BACKEND,ROOT,Num times yield occured
5865662603,EXECUTE,861,US,BACKEND,ROOT,Time for initial VTCM acquire
5865662603,EXECUTE,255,US,BACKEND,ROOT,Time for HVX + HMX power on and acquire
5865662603,EXECUTE,19717729,CYCLES,BACKEND,ROOT,Accelerator (execute) time (cycles)
5865662603,EXECUTE,16981,CYCLES,BACKEND,SUB-EVENT,Input OpId_2 (cycles)
5865662603,EXECUTE,19450,CYCLES,BACKEND,SUB-EVENT,hidden_states_ncf:OpId_17 (cycles)
5865662603,EXECUTE,85595,CYCLES,BACKEND,SUB-EVENT,past_value_nchw:OpId_20 (cycles)
5865662603,EXECUTE,39823,CYCLES,BACKEND,SUB-EVENT,rms_norm__Mul_1_output_0:OpId_24 (cycles)
5865662603,EXECUTE,40757,CYCLES,BACKEND,SUB-EVENT,_MatMul:OpId_29 (cycles)
5865662603,EXECUTE,0,CYCLES,BACKEND,SUB-EVENT,_MatMul_post_reshape:OpId_31 (cycles)
5865662603,EXECUTE,2893,CYCLES,BACKEND,SUB-EVENT,_MatMul_1:OpId_34 (cycles)
5865662603,EXECUTE,18436,CYCLES,BACKEND,SUB-EVENT,_MatMul_1_post_reshape:OpId_36 (cycles)
5865662603,EXECUTE,11511,CYCLES,BACKEND,SUB-EVENT,_MatMul_2:OpId_39 (cycles)
5865662603,EXECUTE,21651,CYCLES,BACKEND,SUB-EVENT,_MatMul_2_post_reshape:OpId_41 (cycles)
5865662603,EXECUTE,461,CYCLES,BACKEND,SUB-EVENT,_Transpose:OpId_43 (cycles)
5865662603,EXECUTE,8183,CYCLES,BACKEND,SUB-EVENT,_Transpose_1:OpId_45 (cycles)
5865662603,EXECUTE,7947,CYCLES,BACKEND,SUB-EVENT,_Transpose_2:OpId_47 (cycles)
5865662603,EXECUTE,55640,CYCLES,BACKEND,SUB-EVENT,_Slice:OpId_49 (cycles)
5865662603,EXECUTE,14160,CYCLES,BACKEND,SUB-EVENT,_Slice_1:OpId_55 (cycles)
5865662603,EXECUTE,2998,CYCLES,BACKEND,SUB-EVENT,_Mul_2:OpId_61 (cycles)
5865662603,EXECUTE,1325,CYCLES,BACKEND,SUB-EVENT,_Mul_3:OpId_64 (cycles)
5865662603,EXECUTE,261,CYCLES,BACKEND,SUB-EVENT,_Sub:OpId_66 (cycles)
5865662603,EXECUTE,3231,CYCLES,BACKEND,SUB-EVENT,_Mul_4:OpId_68 (cycles)
5865662603,EXECUTE,3059,CYCLES,BACKEND,SUB-EVENT,_Mul_5:OpId_70 (cycles)
5865662603,EXECUTE,10822,CYCLES,BACKEND,SUB-EVENT,_Add_4:OpId_72 (cycles)
5865662603,EXECUTE,0,CYCLES,BACKEND,SUB-EVENT,_Unsqueeze:OpId_74 (cycles)
5865662603,EXECUTE,0,CYCLES,BACKEND,SUB-EVENT,_Unsqueeze_1:OpId_75 (cycles)
5865662603,EXECUTE,815,CYCLES,BACKEND,SUB-EVENT,_Concat:OpId_76 (cycles)
5865662603,EXECUTE,29739,CYCLES,BACKEND,SUB-EVENT,_Reshape_3:OpId_78 (cycles)
5865662603,EXECUTE,124874,CYCLES,BACKEND,SUB-EVENT,_Slice_3:OpId_80 (cycles)
5865662603,EXECUTE,20633,CYCLES,BACKEND,SUB-EVENT,_Slice_4:OpId_86 (cycles)
5865662603,EXECUTE,24819,CYCLES,BACKEND,SUB-EVENT,_Mul_6:OpId_91 (cycles)
5865662603,EXECUTE,18423,CYCLES,BACKEND,SUB-EVENT,_Mul_7:OpId_93 (cycles)
5865662603,EXECUTE,1574,CYCLES,BACKEND,SUB-EVENT,_Sub_1:OpId_95 (cycles)
5865662603,EXECUTE,18421,CYCLES,BACKEND,SUB-EVENT,_Mul_8:OpId_97 (cycles)
5865662603,EXECUTE,4958,CYCLES,BACKEND,SUB-EVENT,_Mul_9:OpId_99 (cycles)
5865662603,EXECUTE,10306,CYCLES,BACKEND,SUB-EVENT,_Add_5:OpId_101 (cycles)
5865662603,EXECUTE,0,CYCLES,BACKEND,SUB-EVENT,_Unsqueeze_2:OpId_103 (cycles)
5865662603,EXECUTE,0,CYCLES,BACKEND,SUB-EVENT,_Unsqueeze_3:OpId_104 (cycles)
5865662603,EXECUTE,13917,CYCLES,BACKEND,SUB-EVENT,_Concat_2:OpId_105 (cycles)
5865662603,EXECUTE,0,CYCLES,BACKEND,SUB-EVENT,_Reshape_4:OpId_107 (cycles)
5865662603,EXECUTE,416,CYCLES,BACKEND,SUB-EVENT,current_key_nhwc:OpId_109 (cycles)
5865662603,EXECUTE,40879,CYCLES,BACKEND,SUB-EVENT,_Concat_4:OpId_110 (cycles)
5865662603,EXECUTE,38112,CYCLES,BACKEND,SUB-EVENT,_Concat_5:OpId_112 (cycles)
5865662603,EXECUTE,17887112,CYCLES,BACKEND,SUB-EVENT,_FusedDecodeAttentionPast128:OpId_114 (cycles)
5865662603,EXECUTE,6060,CYCLES,BACKEND,SUB-EVENT,_Transpose_4:OpId_116 (cycles)
5865662603,EXECUTE,15622,CYCLES,BACKEND,SUB-EVENT,_MatMul_5:OpId_118 (cycles)
5865662603,EXECUTE,0,CYCLES,BACKEND,SUB-EVENT,_MatMul_5_post_reshape:OpId_121 (cycles)
5865662603,EXECUTE,0,CYCLES,BACKEND,SUB-EVENT,_MatMul_5_output_0_nfc:OpId_123 (cycles)
5865662603,EXECUTE,82581,CYCLES,BACKEND,SUB-EVENT,_Add_7:OpId_125 (cycles)
5865662603,EXECUTE,304,CYCLES,BACKEND,SUB-EVENT,_Add_7_output_0_ncf:OpId_128 (cycles)
5865662603,EXECUTE,3264,CYCLES,BACKEND,SUB-EVENT,rms_norm__Mul_11_output_0:OpId_133 (cycles)
5865662603,EXECUTE,0,CYCLES,BACKEND,SUB-EVENT,_MatMul_6:OpId_137 (cycles)
5865662603,EXECUTE,0,CYCLES,BACKEND,SUB-EVENT,_MatMul_6_post_reshape:OpId_140 (cycles)
5865662603,EXECUTE,301181,CYCLES,BACKEND,SUB-EVENT,_MatMul_7:OpId_142 (cycles)
5865662603,EXECUTE,0,CYCLES,BACKEND,SUB-EVENT,_MatMul_7_post_reshape:OpId_145 (cycles)
5865662603,EXECUTE,0,CYCLES,BACKEND,SUB-EVENT,_Sigmoid:OpId_146 (cycles)
5865662603,EXECUTE,244480,CYCLES,BACKEND,SUB-EVENT,_Mul_12:OpId_153 (cycles)
5865662603,EXECUTE,32528,CYCLES,BACKEND,SUB-EVENT,_Mul_13:OpId_155 (cycles)
5865662603,EXECUTE,402354,CYCLES,BACKEND,SUB-EVENT,_MatMul_8:OpId_158 (cycles)
5865662603,EXECUTE,0,CYCLES,BACKEND,SUB-EVENT,_MatMul_8_post_reshape:OpId_161 (cycles)
5865662603,EXECUTE,0,CYCLES,BACKEND,SUB-EVENT,_MatMul_8_output_0_nfc:OpId_163 (cycles)
5865662603,EXECUTE,21319,CYCLES,BACKEND,SUB-EVENT,_Add_9:OpId_165 (cycles)
5865662603,EXECUTE,7854,CYCLES,BACKEND,SUB-EVENT,Output OpId_3 (cycles)
5865662603,EXECUTE,16808,US,BACKEND,ROOT,Accelerator (execute) time
5865662603,EXECUTE,16666,US,BACKEND,ROOT,Accelerator (execute excluding wait) time
5865662603,EXECUTE,24054,US,BACKEND,ROOT,QNN (execute) time
5865687802,EXECUTE,22452,US,NETRUN,ROOT,Graph 0: qwen2_0_5b_layer0_decode_past128_fused_attention
5865687802,EXECUTE,4,COUNT,BACKEND,ROOT,Number of HVX threads used
5865687802,EXECUTE,21674,US,BACKEND,ROOT,RPC (execute) time
5865687802,EXECUTE,20334,US,BACKEND,ROOT,QNN accelerator (execute) time
5865687802,EXECUTE,0,COUNT,BACKEND,ROOT,Num times yield occured
5865687802,EXECUTE,511,US,BACKEND,ROOT,Time for initial VTCM acquire
5865687802,EXECUTE,146,US,BACKEND,ROOT,Time for HVX + HMX power on and acquire
5865687802,EXECUTE,19414190,CYCLES,BACKEND,ROOT,Accelerator (execute) time (cycles)
5865687802,EXECUTE,14410,CYCLES,BACKEND,SUB-EVENT,Input OpId_2 (cycles)
5865687802,EXECUTE,4499,CYCLES,BACKEND,SUB-EVENT,hidden_states_ncf:OpId_17 (cycles)
5865687802,EXECUTE,39312,CYCLES,BACKEND,SUB-EVENT,past_value_nchw:OpId_20 (cycles)
5865687802,EXECUTE,20225,CYCLES,BACKEND,SUB-EVENT,rms_norm__Mul_1_output_0:OpId_24 (cycles)
5865687802,EXECUTE,62589,CYCLES,BACKEND,SUB-EVENT,_MatMul:OpId_29 (cycles)
5865687802,EXECUTE,0,CYCLES,BACKEND,SUB-EVENT,_MatMul_post_reshape:OpId_31 (cycles)
5865687802,EXECUTE,1637,CYCLES,BACKEND,SUB-EVENT,_MatMul_1:OpId_34 (cycles)
5865687802,EXECUTE,2368,CYCLES,BACKEND,SUB-EVENT,_MatMul_1_post_reshape:OpId_36 (cycles)
5865687802,EXECUTE,12263,CYCLES,BACKEND,SUB-EVENT,_MatMul_2:OpId_39 (cycles)
5865687802,EXECUTE,5069,CYCLES,BACKEND,SUB-EVENT,_MatMul_2_post_reshape:OpId_41 (cycles)
5865687802,EXECUTE,520,CYCLES,BACKEND,SUB-EVENT,_Transpose:OpId_43 (cycles)
5865687802,EXECUTE,4025,CYCLES,BACKEND,SUB-EVENT,_Transpose_1:OpId_45 (cycles)
5865687802,EXECUTE,3704,CYCLES,BACKEND,SUB-EVENT,_Transpose_2:OpId_47 (cycles)
5865687802,EXECUTE,44128,CYCLES,BACKEND,SUB-EVENT,_Slice:OpId_49 (cycles)
5865687802,EXECUTE,17037,CYCLES,BACKEND,SUB-EVENT,_Slice_1:OpId_55 (cycles)
5865687802,EXECUTE,4234,CYCLES,BACKEND,SUB-EVENT,_Mul_2:OpId_61 (cycles)
5865687802,EXECUTE,1183,CYCLES,BACKEND,SUB-EVENT,_Mul_3:OpId_64 (cycles)
5865687802,EXECUTE,257,CYCLES,BACKEND,SUB-EVENT,_Sub:OpId_66 (cycles)
5865687802,EXECUTE,3112,CYCLES,BACKEND,SUB-EVENT,_Mul_4:OpId_68 (cycles)
5865687802,EXECUTE,4197,CYCLES,BACKEND,SUB-EVENT,_Mul_5:OpId_70 (cycles)
5865687802,EXECUTE,5023,CYCLES,BACKEND,SUB-EVENT,_Add_4:OpId_72 (cycles)
5865687802,EXECUTE,0,CYCLES,BACKEND,SUB-EVENT,_Unsqueeze:OpId_74 (cycles)
5865687802,EXECUTE,0,CYCLES,BACKEND,SUB-EVENT,_Unsqueeze_1:OpId_75 (cycles)
5865687802,EXECUTE,850,CYCLES,BACKEND,SUB-EVENT,_Concat:OpId_76 (cycles)
5865687802,EXECUTE,8052,CYCLES,BACKEND,SUB-EVENT,_Reshape_3:OpId_78 (cycles)
5865687802,EXECUTE,110838,CYCLES,BACKEND,SUB-EVENT,_Slice_3:OpId_80 (cycles)
5865687802,EXECUTE,17678,CYCLES,BACKEND,SUB-EVENT,_Slice_4:OpId_86 (cycles)
5865687802,EXECUTE,24647,CYCLES,BACKEND,SUB-EVENT,_Mul_6:OpId_91 (cycles)
5865687802,EXECUTE,16205,CYCLES,BACKEND,SUB-EVENT,_Mul_7:OpId_93 (cycles)
5865687802,EXECUTE,3954,CYCLES,BACKEND,SUB-EVENT,_Sub_1:OpId_95 (cycles)
5865687802,EXECUTE,16184,CYCLES,BACKEND,SUB-EVENT,_Mul_8:OpId_97 (cycles)
5865687802,EXECUTE,8711,CYCLES,BACKEND,SUB-EVENT,_Mul_9:OpId_99 (cycles)
5865687802,EXECUTE,4088,CYCLES,BACKEND,SUB-EVENT,_Add_5:OpId_101 (cycles)
5865687802,EXECUTE,0,CYCLES,BACKEND,SUB-EVENT,_Unsqueeze_2:OpId_103 (cycles)
5865687802,EXECUTE,0,CYCLES,BACKEND,SUB-EVENT,_Unsqueeze_3:OpId_104 (cycles)
5865687802,EXECUTE,8702,CYCLES,BACKEND,SUB-EVENT,_Concat_2:OpId_105 (cycles)
5865687802,EXECUTE,0,CYCLES,BACKEND,SUB-EVENT,_Reshape_4:OpId_107 (cycles)
5865687802,EXECUTE,369,CYCLES,BACKEND,SUB-EVENT,current_key_nhwc:OpId_109 (cycles)
5865687802,EXECUTE,20197,CYCLES,BACKEND,SUB-EVENT,_Concat_4:OpId_110 (cycles)
5865687802,EXECUTE,32000,CYCLES,BACKEND,SUB-EVENT,_Concat_5:OpId_112 (cycles)
5865687802,EXECUTE,17957409,CYCLES,BACKEND,SUB-EVENT,_FusedDecodeAttentionPast128:OpId_114 (cycles)
5865687802,EXECUTE,4283,CYCLES,BACKEND,SUB-EVENT,_Transpose_4:OpId_116 (cycles)
5865687802,EXECUTE,12232,CYCLES,BACKEND,SUB-EVENT,_MatMul_5:OpId_118 (cycles)
5865687802,EXECUTE,0,CYCLES,BACKEND,SUB-EVENT,_MatMul_5_post_reshape:OpId_121 (cycles)
5865687802,EXECUTE,0,CYCLES,BACKEND,SUB-EVENT,_MatMul_5_output_0_nfc:OpId_123 (cycles)
5865687802,EXECUTE,57902,CYCLES,BACKEND,SUB-EVENT,_Add_7:OpId_125 (cycles)
5865687802,EXECUTE,274,CYCLES,BACKEND,SUB-EVENT,_Add_7_output_0_ncf:OpId_128 (cycles)
5865687802,EXECUTE,2185,CYCLES,BACKEND,SUB-EVENT,rms_norm__Mul_11_output_0:OpId_133 (cycles)
5865687802,EXECUTE,0,CYCLES,BACKEND,SUB-EVENT,_MatMul_6:OpId_137 (cycles)
5865687802,EXECUTE,0,CYCLES,BACKEND,SUB-EVENT,_MatMul_6_post_reshape:OpId_140 (cycles)
5865687802,EXECUTE,225179,CYCLES,BACKEND,SUB-EVENT,_MatMul_7:OpId_142 (cycles)
5865687802,EXECUTE,0,CYCLES,BACKEND,SUB-EVENT,_MatMul_7_post_reshape:OpId_145 (cycles)
5865687802,EXECUTE,0,CYCLES,BACKEND,SUB-EVENT,_Sigmoid:OpId_146 (cycles)
5865687802,EXECUTE,190496,CYCLES,BACKEND,SUB-EVENT,_Mul_12:OpId_153 (cycles)
5865687802,EXECUTE,29048,CYCLES,BACKEND,SUB-EVENT,_Mul_13:OpId_155 (cycles)
5865687802,EXECUTE,385787,CYCLES,BACKEND,SUB-EVENT,_MatMul_8:OpId_158 (cycles)
5865687802,EXECUTE,0,CYCLES,BACKEND,SUB-EVENT,_MatMul_8_post_reshape:OpId_161 (cycles)
5865687802,EXECUTE,0,CYCLES,BACKEND,SUB-EVENT,_MatMul_8_output_0_nfc:OpId_163 (cycles)
5865687802,EXECUTE,14839,CYCLES,BACKEND,SUB-EVENT,_Add_9:OpId_165 (cycles)
5865687802,EXECUTE,12289,CYCLES,BACKEND,SUB-EVENT,Output OpId_3 (cycles)
5865687802,EXECUTE,16158,US,BACKEND,ROOT,Accelerator (execute) time
5865687802,EXECUTE,16061,US,BACKEND,ROOT,Accelerator (execute excluding wait) time
5865687802,EXECUTE,22416,US,BACKEND,ROOT,QNN (execute) time
5865721176,EXECUTE,25601,US,NETRUN,ROOT,Graph 0: qwen2_0_5b_layer0_decode_past128_fused_attention
5865721176,EXECUTE,4,COUNT,BACKEND,ROOT,Number of HVX threads used
5865721176,EXECUTE,24463,US,BACKEND,ROOT,RPC (execute) time
5865721176,EXECUTE,21570,US,BACKEND,ROOT,QNN accelerator (execute) time
5865721176,EXECUTE,0,COUNT,BACKEND,ROOT,Num times yield occured
5865721176,EXECUTE,576,US,BACKEND,ROOT,Time for initial VTCM acquire
5865721176,EXECUTE,220,US,BACKEND,ROOT,Time for HVX + HMX power on and acquire
5865721176,EXECUTE,19830488,CYCLES,BACKEND,ROOT,Accelerator (execute) time (cycles)
5865721176,EXECUTE,17579,CYCLES,BACKEND,SUB-EVENT,Input OpId_2 (cycles)
5865721176,EXECUTE,23658,CYCLES,BACKEND,SUB-EVENT,hidden_states_ncf:OpId_17 (cycles)
5865721176,EXECUTE,87574,CYCLES,BACKEND,SUB-EVENT,past_value_nchw:OpId_20 (cycles)
5865721176,EXECUTE,23573,CYCLES,BACKEND,SUB-EVENT,rms_norm__Mul_1_output_0:OpId_24 (cycles)
5865721176,EXECUTE,49187,CYCLES,BACKEND,SUB-EVENT,_MatMul:OpId_29 (cycles)
5865721176,EXECUTE,0,CYCLES,BACKEND,SUB-EVENT,_MatMul_post_reshape:OpId_31 (cycles)
5865721176,EXECUTE,2811,CYCLES,BACKEND,SUB-EVENT,_MatMul_1:OpId_34 (cycles)
5865721176,EXECUTE,17102,CYCLES,BACKEND,SUB-EVENT,_MatMul_1_post_reshape:OpId_36 (cycles)
5865721176,EXECUTE,11372,CYCLES,BACKEND,SUB-EVENT,_MatMul_2:OpId_39 (cycles)
5865721176,EXECUTE,19858,CYCLES,BACKEND,SUB-EVENT,_MatMul_2_post_reshape:OpId_41 (cycles)
5865721176,EXECUTE,451,CYCLES,BACKEND,SUB-EVENT,_Transpose:OpId_43 (cycles)
5865721176,EXECUTE,8809,CYCLES,BACKEND,SUB-EVENT,_Transpose_1:OpId_45 (cycles)
5865721176,EXECUTE,8572,CYCLES,BACKEND,SUB-EVENT,_Transpose_2:OpId_47 (cycles)
5865721176,EXECUTE,67991,CYCLES,BACKEND,SUB-EVENT,_Slice:OpId_49 (cycles)
5865721176,EXECUTE,33829,CYCLES,BACKEND,SUB-EVENT,_Slice_1:OpId_55 (cycles)
5865721176,EXECUTE,4277,CYCLES,BACKEND,SUB-EVENT,_Mul_2:OpId_61 (cycles)
5865721176,EXECUTE,2776,CYCLES,BACKEND,SUB-EVENT,_Mul_3:OpId_64 (cycles)
5865721176,EXECUTE,261,CYCLES,BACKEND,SUB-EVENT,_Sub:OpId_66 (cycles)
5865721176,EXECUTE,4425,CYCLES,BACKEND,SUB-EVENT,_Mul_4:OpId_68 (cycles)
5865721176,EXECUTE,1577,CYCLES,BACKEND,SUB-EVENT,_Mul_5:OpId_70 (cycles)
5865721176,EXECUTE,6005,CYCLES,BACKEND,SUB-EVENT,_Add_4:OpId_72 (cycles)
5865721176,EXECUTE,0,CYCLES,BACKEND,SUB-EVENT,_Unsqueeze:OpId_74 (cycles)
5865721176,EXECUTE,0,CYCLES,BACKEND,SUB-EVENT,_Unsqueeze_1:OpId_75 (cycles)
5865721176,EXECUTE,935,CYCLES,BACKEND,SUB-EVENT,_Concat:OpId_76 (cycles)
5865721176,EXECUTE,15415,CYCLES,BACKEND,SUB-EVENT,_Reshape_3:OpId_78 (cycles)
5865721176,EXECUTE,112028,CYCLES,BACKEND,SUB-EVENT,_Slice_3:OpId_80 (cycles)
5865721176,EXECUTE,27233,CYCLES,BACKEND,SUB-EVENT,_Slice_4:OpId_86 (cycles)
5865721176,EXECUTE,36781,CYCLES,BACKEND,SUB-EVENT,_Mul_6:OpId_91 (cycles)
5865721176,EXECUTE,15590,CYCLES,BACKEND,SUB-EVENT,_Mul_7:OpId_93 (cycles)
5865721176,EXECUTE,3768,CYCLES,BACKEND,SUB-EVENT,_Sub_1:OpId_95 (cycles)
5865721176,EXECUTE,15595,CYCLES,BACKEND,SUB-EVENT,_Mul_8:OpId_97 (cycles)
5865721176,EXECUTE,736,CYCLES,BACKEND,SUB-EVENT,_Mul_9:OpId_99 (cycles)
5865721176,EXECUTE,3549,CYCLES,BACKEND,SUB-EVENT,_Add_5:OpId_101 (cycles)
5865721176,EXECUTE,0,CYCLES,BACKEND,SUB-EVENT,_Unsqueeze_2:OpId_103 (cycles)
5865721176,EXECUTE,0,CYCLES,BACKEND,SUB-EVENT,_Unsqueeze_3:OpId_104 (cycles)
5865721176,EXECUTE,12246,CYCLES,BACKEND,SUB-EVENT,_Concat_2:OpId_105 (cycles)
5865721176,EXECUTE,0,CYCLES,BACKEND,SUB-EVENT,_Reshape_4:OpId_107 (cycles)
5865721176,EXECUTE,498,CYCLES,BACKEND,SUB-EVENT,current_key_nhwc:OpId_109 (cycles)
5865721176,EXECUTE,35217,CYCLES,BACKEND,SUB-EVENT,_Concat_4:OpId_110 (cycles)
5865721176,EXECUTE,58692,CYCLES,BACKEND,SUB-EVENT,_Concat_5:OpId_112 (cycles)
5865721176,EXECUTE,17979366,CYCLES,BACKEND,SUB-EVENT,_FusedDecodeAttentionPast128:OpId_114 (cycles)
5865721176,EXECUTE,5802,CYCLES,BACKEND,SUB-EVENT,_Transpose_4:OpId_116 (cycles)
5865721176,EXECUTE,13369,CYCLES,BACKEND,SUB-EVENT,_MatMul_5:OpId_118 (cycles)
5865721176,EXECUTE,0,CYCLES,BACKEND,SUB-EVENT,_MatMul_5_post_reshape:OpId_121 (cycles)
5865721176,EXECUTE,0,CYCLES,BACKEND,SUB-EVENT,_MatMul_5_output_0_nfc:OpId_123 (cycles)
5865721176,EXECUTE,85957,CYCLES,BACKEND,SUB-EVENT,_Add_7:OpId_125 (cycles)
5865721176,EXECUTE,256,CYCLES,BACKEND,SUB-EVENT,_Add_7_output_0_ncf:OpId_128 (cycles)
5865721176,EXECUTE,3313,CYCLES,BACKEND,SUB-EVENT,rms_norm__Mul_11_output_0:OpId_133 (cycles)
5865721176,EXECUTE,0,CYCLES,BACKEND,SUB-EVENT,_MatMul_6:OpId_137 (cycles)
5865721176,EXECUTE,0,CYCLES,BACKEND,SUB-EVENT,_MatMul_6_post_reshape:OpId_140 (cycles)
5865721176,EXECUTE,303525,CYCLES,BACKEND,SUB-EVENT,_MatMul_7:OpId_142 (cycles)
5865721176,EXECUTE,0,CYCLES,BACKEND,SUB-EVENT,_MatMul_7_post_reshape:OpId_145 (cycles)
5865721176,EXECUTE,0,CYCLES,BACKEND,SUB-EVENT,_Sigmoid:OpId_146 (cycles)
5865721176,EXECUTE,238783,CYCLES,BACKEND,SUB-EVENT,_Mul_12:OpId_153 (cycles)
5865721176,EXECUTE,36232,CYCLES,BACKEND,SUB-EVENT,_Mul_13:OpId_155 (cycles)
5865721176,EXECUTE,400581,CYCLES,BACKEND,SUB-EVENT,_MatMul_8:OpId_158 (cycles)
5865721176,EXECUTE,0,CYCLES,BACKEND,SUB-EVENT,_MatMul_8_post_reshape:OpId_161 (cycles)
5865721176,EXECUTE,0,CYCLES,BACKEND,SUB-EVENT,_MatMul_8_output_0_nfc:OpId_163 (cycles)
5865721176,EXECUTE,14861,CYCLES,BACKEND,SUB-EVENT,_Add_9:OpId_165 (cycles)
5865721176,EXECUTE,18473,CYCLES,BACKEND,SUB-EVENT,Output OpId_3 (cycles)
5865721176,EXECUTE,16688,US,BACKEND,ROOT,Accelerator (execute) time
5865721176,EXECUTE,16569,US,BACKEND,ROOT,Accelerator (execute excluding wait) time
5865721176,EXECUTE,25554,US,BACKEND,ROOT,QNN (execute) time
5865755785,EXECUTE,28997,US,NETRUN,ROOT,Graph 0: qwen2_0_5b_layer0_decode_past128_fused_attention
5865755785,EXECUTE,4,COUNT,BACKEND,ROOT,Number of HVX threads used
5865755785,EXECUTE,27365,US,BACKEND,ROOT,RPC (execute) time
5865755785,EXECUTE,21730,US,BACKEND,ROOT,QNN accelerator (execute) time
5865755785,EXECUTE,0,COUNT,BACKEND,ROOT,Num times yield occured
5865755785,EXECUTE,566,US,BACKEND,ROOT,Time for initial VTCM acquire
5865755785,EXECUTE,206,US,BACKEND,ROOT,Time for HVX + HMX power on and acquire
5865755785,EXECUTE,19917803,CYCLES,BACKEND,ROOT,Accelerator (execute) time (cycles)
5865755785,EXECUTE,16806,CYCLES,BACKEND,SUB-EVENT,Input OpId_2 (cycles)
5865755785,EXECUTE,20738,CYCLES,BACKEND,SUB-EVENT,hidden_states_ncf:OpId_17 (cycles)
5865755785,EXECUTE,82123,CYCLES,BACKEND,SUB-EVENT,past_value_nchw:OpId_20 (cycles)
5865755785,EXECUTE,32804,CYCLES,BACKEND,SUB-EVENT,rms_norm__Mul_1_output_0:OpId_24 (cycles)
5865755785,EXECUTE,39825,CYCLES,BACKEND,SUB-EVENT,_MatMul:OpId_29 (cycles)
5865755785,EXECUTE,0,CYCLES,BACKEND,SUB-EVENT,_MatMul_post_reshape:OpId_31 (cycles)
5865755785,EXECUTE,2845,CYCLES,BACKEND,SUB-EVENT,_MatMul_1:OpId_34 (cycles)
5865755785,EXECUTE,21376,CYCLES,BACKEND,SUB-EVENT,_MatMul_1_post_reshape:OpId_36 (cycles)
5865755785,EXECUTE,9119,CYCLES,BACKEND,SUB-EVENT,_MatMul_2:OpId_39 (cycles)
5865755785,EXECUTE,24818,CYCLES,BACKEND,SUB-EVENT,_MatMul_2_post_reshape:OpId_41 (cycles)
5865755785,EXECUTE,466,CYCLES,BACKEND,SUB-EVENT,_Transpose:OpId_43 (cycles)
5865755785,EXECUTE,4403,CYCLES,BACKEND,SUB-EVENT,_Transpose_1:OpId_45 (cycles)
5865755785,EXECUTE,4195,CYCLES,BACKEND,SUB-EVENT,_Transpose_2:OpId_47 (cycles)
5865755785,EXECUTE,68722,CYCLES,BACKEND,SUB-EVENT,_Slice:OpId_49 (cycles)
5865755785,EXECUTE,19364,CYCLES,BACKEND,SUB-EVENT,_Slice_1:OpId_55 (cycles)
5865755785,EXECUTE,5014,CYCLES,BACKEND,SUB-EVENT,_Mul_2:OpId_61 (cycles)
5865755785,EXECUTE,1332,CYCLES,BACKEND,SUB-EVENT,_Mul_3:OpId_64 (cycles)
5865755785,EXECUTE,262,CYCLES,BACKEND,SUB-EVENT,_Sub:OpId_66 (cycles)
5865755785,EXECUTE,4707,CYCLES,BACKEND,SUB-EVENT,_Mul_4:OpId_68 (cycles)
5865755785,EXECUTE,5032,CYCLES,BACKEND,SUB-EVENT,_Mul_5:OpId_70 (cycles)
5865755785,EXECUTE,3926,CYCLES,BACKEND,SUB-EVENT,_Add_4:OpId_72 (cycles)
5865755785,EXECUTE,0,CYCLES,BACKEND,SUB-EVENT,_Unsqueeze:OpId_74 (cycles)
5865755785,EXECUTE,0,CYCLES,BACKEND,SUB-EVENT,_Unsqueeze_1:OpId_75 (cycles)
5865755785,EXECUTE,897,CYCLES,BACKEND,SUB-EVENT,_Concat:OpId_76 (cycles)
5865755785,EXECUTE,25163,CYCLES,BACKEND,SUB-EVENT,_Reshape_3:OpId_78 (cycles)
5865755785,EXECUTE,149717,CYCLES,BACKEND,SUB-EVENT,_Slice_3:OpId_80 (cycles)
5865755785,EXECUTE,28440,CYCLES,BACKEND,SUB-EVENT,_Slice_4:OpId_86 (cycles)
5865755785,EXECUTE,41147,CYCLES,BACKEND,SUB-EVENT,_Mul_6:OpId_91 (cycles)
5865755785,EXECUTE,33239,CYCLES,BACKEND,SUB-EVENT,_Mul_7:OpId_93 (cycles)
5865755785,EXECUTE,4147,CYCLES,BACKEND,SUB-EVENT,_Sub_1:OpId_95 (cycles)
5865755785,EXECUTE,33245,CYCLES,BACKEND,SUB-EVENT,_Mul_8:OpId_97 (cycles)
5865755785,EXECUTE,16452,CYCLES,BACKEND,SUB-EVENT,_Mul_9:OpId_99 (cycles)
5865755785,EXECUTE,5070,CYCLES,BACKEND,SUB-EVENT,_Add_5:OpId_101 (cycles)
5865755785,EXECUTE,0,CYCLES,BACKEND,SUB-EVENT,_Unsqueeze_2:OpId_103 (cycles)
5865755785,EXECUTE,0,CYCLES,BACKEND,SUB-EVENT,_Unsqueeze_3:OpId_104 (cycles)
5865755785,EXECUTE,7954,CYCLES,BACKEND,SUB-EVENT,_Concat_2:OpId_105 (cycles)
5865755785,EXECUTE,0,CYCLES,BACKEND,SUB-EVENT,_Reshape_4:OpId_107 (cycles)
5865755785,EXECUTE,1954,CYCLES,BACKEND,SUB-EVENT,current_key_nhwc:OpId_109 (cycles)
5865755785,EXECUTE,35421,CYCLES,BACKEND,SUB-EVENT,_Concat_4:OpId_110 (cycles)
5865755785,EXECUTE,41792,CYCLES,BACKEND,SUB-EVENT,_Concat_5:OpId_112 (cycles)
5865755785,EXECUTE,17965566,CYCLES,BACKEND,SUB-EVENT,_FusedDecodeAttentionPast128:OpId_114 (cycles)
5865755785,EXECUTE,5304,CYCLES,BACKEND,SUB-EVENT,_Transpose_4:OpId_116 (cycles)
5865755785,EXECUTE,15418,CYCLES,BACKEND,SUB-EVENT,_MatMul_5:OpId_118 (cycles)
5865755785,EXECUTE,0,CYCLES,BACKEND,SUB-EVENT,_MatMul_5_post_reshape:OpId_121 (cycles)
5865755785,EXECUTE,0,CYCLES,BACKEND,SUB-EVENT,_MatMul_5_output_0_nfc:OpId_123 (cycles)
5865755785,EXECUTE,96897,CYCLES,BACKEND,SUB-EVENT,_Add_7:OpId_125 (cycles)
5865755785,EXECUTE,314,CYCLES,BACKEND,SUB-EVENT,_Add_7_output_0_ncf:OpId_128 (cycles)
5865755785,EXECUTE,3206,CYCLES,BACKEND,SUB-EVENT,rms_norm__Mul_11_output_0:OpId_133 (cycles)
5865755785,EXECUTE,0,CYCLES,BACKEND,SUB-EVENT,_MatMul_6:OpId_137 (cycles)
5865755785,EXECUTE,0,CYCLES,BACKEND,SUB-EVENT,_MatMul_6_post_reshape:OpId_140 (cycles)
5865755785,EXECUTE,292147,CYCLES,BACKEND,SUB-EVENT,_MatMul_7:OpId_142 (cycles)
5865755785,EXECUTE,0,CYCLES,BACKEND,SUB-EVENT,_MatMul_7_post_reshape:OpId_145 (cycles)
5865755785,EXECUTE,0,CYCLES,BACKEND,SUB-EVENT,_Sigmoid:OpId_146 (cycles)
5865755785,EXECUTE,245691,CYCLES,BACKEND,SUB-EVENT,_Mul_12:OpId_153 (cycles)
5865755785,EXECUTE,31037,CYCLES,BACKEND,SUB-EVENT,_Mul_13:OpId_155 (cycles)
5865755785,EXECUTE,438469,CYCLES,BACKEND,SUB-EVENT,_MatMul_8:OpId_158 (cycles)
5865755785,EXECUTE,0,CYCLES,BACKEND,SUB-EVENT,_MatMul_8_post_reshape:OpId_161 (cycles)
5865755785,EXECUTE,0,CYCLES,BACKEND,SUB-EVENT,_MatMul_8_output_0_nfc:OpId_163 (cycles)
5865755785,EXECUTE,15125,CYCLES,BACKEND,SUB-EVENT,_Add_9:OpId_165 (cycles)
5865755785,EXECUTE,16114,CYCLES,BACKEND,SUB-EVENT,Output OpId_3 (cycles)
5865755785,EXECUTE,16886,US,BACKEND,ROOT,Accelerator (execute) time
5865755785,EXECUTE,16766,US,BACKEND,ROOT,Accelerator (execute excluding wait) time
5865755785,EXECUTE,28905,US,BACKEND,ROOT,QNN (execute) time
5865786857,EXECUTE,24026,US,NETRUN,ROOT,Graph 0: qwen2_0_5b_layer0_decode_past128_fused_attention
5865786857,EXECUTE,4,COUNT,BACKEND,ROOT,Number of HVX threads used
5865786857,EXECUTE,22582,US,BACKEND,ROOT,RPC (execute) time
5865786857,EXECUTE,21429,US,BACKEND,ROOT,QNN accelerator (execute) time
5865786857,EXECUTE,0,COUNT,BACKEND,ROOT,Num times yield occured
5865786857,EXECUTE,559,US,BACKEND,ROOT,Time for initial VTCM acquire
5865786857,EXECUTE,170,US,BACKEND,ROOT,Time for HVX + HMX power on and acquire
5865786857,EXECUTE,19721087,CYCLES,BACKEND,ROOT,Accelerator (execute) time (cycles)
5865786857,EXECUTE,17249,CYCLES,BACKEND,SUB-EVENT,Input OpId_2 (cycles)
5865786857,EXECUTE,25844,CYCLES,BACKEND,SUB-EVENT,hidden_states_ncf:OpId_17 (cycles)
5865786857,EXECUTE,100360,CYCLES,BACKEND,SUB-EVENT,past_value_nchw:OpId_20 (cycles)
5865786857,EXECUTE,37041,CYCLES,BACKEND,SUB-EVENT,rms_norm__Mul_1_output_0:OpId_24 (cycles)
5865786857,EXECUTE,30737,CYCLES,BACKEND,SUB-EVENT,_MatMul:OpId_29 (cycles)
5865786857,EXECUTE,0,CYCLES,BACKEND,SUB-EVENT,_MatMul_post_reshape:OpId_31 (cycles)
5865786857,EXECUTE,2852,CYCLES,BACKEND,SUB-EVENT,_MatMul_1:OpId_34 (cycles)
5865786857,EXECUTE,20102,CYCLES,BACKEND,SUB-EVENT,_MatMul_1_post_reshape:OpId_36 (cycles)
5865786857,EXECUTE,8980,CYCLES,BACKEND,SUB-EVENT,_MatMul_2:OpId_39 (cycles)
5865786857,EXECUTE,23283,CYCLES,BACKEND,SUB-EVENT,_MatMul_2_post_reshape:OpId_41 (cycles)
5865786857,EXECUTE,465,CYCLES,BACKEND,SUB-EVENT,_Transpose:OpId_43 (cycles)
5865786857,EXECUTE,3222,CYCLES,BACKEND,SUB-EVENT,_Transpose_1:OpId_45 (cycles)
5865786857,EXECUTE,3032,CYCLES,BACKEND,SUB-EVENT,_Transpose_2:OpId_47 (cycles)
5865786857,EXECUTE,61516,CYCLES,BACKEND,SUB-EVENT,_Slice:OpId_49 (cycles)
5865786857,EXECUTE,17667,CYCLES,BACKEND,SUB-EVENT,_Slice_1:OpId_55 (cycles)
5865786857,EXECUTE,3181,CYCLES,BACKEND,SUB-EVENT,_Mul_2:OpId_61 (cycles)
5865786857,EXECUTE,1165,CYCLES,BACKEND,SUB-EVENT,_Mul_3:OpId_64 (cycles)
5865786857,EXECUTE,264,CYCLES,BACKEND,SUB-EVENT,_Sub:OpId_66 (cycles)
5865786857,EXECUTE,3233,CYCLES,BACKEND,SUB-EVENT,_Mul_4:OpId_68 (cycles)
5865786857,EXECUTE,3148,CYCLES,BACKEND,SUB-EVENT,_Mul_5:OpId_70 (cycles)
5865786857,EXECUTE,4049,CYCLES,BACKEND,SUB-EVENT,_Add_4:OpId_72 (cycles)
5865786857,EXECUTE,0,CYCLES,BACKEND,SUB-EVENT,_Unsqueeze:OpId_74 (cycles)
5865786857,EXECUTE,0,CYCLES,BACKEND,SUB-EVENT,_Unsqueeze_1:OpId_75 (cycles)
5865786857,EXECUTE,834,CYCLES,BACKEND,SUB-EVENT,_Concat:OpId_76 (cycles)
5865786857,EXECUTE,15288,CYCLES,BACKEND,SUB-EVENT,_Reshape_3:OpId_78 (cycles)
5865786857,EXECUTE,117562,CYCLES,BACKEND,SUB-EVENT,_Slice_3:OpId_80 (cycles)
5865786857,EXECUTE,21648,CYCLES,BACKEND,SUB-EVENT,_Slice_4:OpId_86 (cycles)
5865786857,EXECUTE,23677,CYCLES,BACKEND,SUB-EVENT,_Mul_6:OpId_91 (cycles)
5865786857,EXECUTE,15101,CYCLES,BACKEND,SUB-EVENT,_Mul_7:OpId_93 (cycles)
5865786857,EXECUTE,5721,CYCLES,BACKEND,SUB-EVENT,_Sub_1:OpId_95 (cycles)
5865786857,EXECUTE,15099,CYCLES,BACKEND,SUB-EVENT,_Mul_8:OpId_97 (cycles)
5865786857,EXECUTE,3713,CYCLES,BACKEND,SUB-EVENT,_Mul_9:OpId_99 (cycles)
5865786857,EXECUTE,3478,CYCLES,BACKEND,SUB-EVENT,_Add_5:OpId_101 (cycles)
5865786857,EXECUTE,0,CYCLES,BACKEND,SUB-EVENT,_Unsqueeze_2:OpId_103 (cycles)
5865786857,EXECUTE,0,CYCLES,BACKEND,SUB-EVENT,_Unsqueeze_3:OpId_104 (cycles)
5865786857,EXECUTE,5101,CYCLES,BACKEND,SUB-EVENT,_Concat_2:OpId_105 (cycles)
5865786857,EXECUTE,0,CYCLES,BACKEND,SUB-EVENT,_Reshape_4:OpId_107 (cycles)
5865786857,EXECUTE,1986,CYCLES,BACKEND,SUB-EVENT,current_key_nhwc:OpId_109 (cycles)
5865786857,EXECUTE,42475,CYCLES,BACKEND,SUB-EVENT,_Concat_4:OpId_110 (cycles)
5865786857,EXECUTE,44703,CYCLES,BACKEND,SUB-EVENT,_Concat_5:OpId_112 (cycles)
5865786857,EXECUTE,17906624,CYCLES,BACKEND,SUB-EVENT,_FusedDecodeAttentionPast128:OpId_114 (cycles)
5865786857,EXECUTE,4320,CYCLES,BACKEND,SUB-EVENT,_Transpose_4:OpId_116 (cycles)
5865786857,EXECUTE,15482,CYCLES,BACKEND,SUB-EVENT,_MatMul_5:OpId_118 (cycles)
5865786857,EXECUTE,0,CYCLES,BACKEND,SUB-EVENT,_MatMul_5_post_reshape:OpId_121 (cycles)
5865786857,EXECUTE,0,CYCLES,BACKEND,SUB-EVENT,_MatMul_5_output_0_nfc:OpId_123 (cycles)
5865786857,EXECUTE,101551,CYCLES,BACKEND,SUB-EVENT,_Add_7:OpId_125 (cycles)
5865786857,EXECUTE,285,CYCLES,BACKEND,SUB-EVENT,_Add_7_output_0_ncf:OpId_128 (cycles)
5865786857,EXECUTE,3430,CYCLES,BACKEND,SUB-EVENT,rms_norm__Mul_11_output_0:OpId_133 (cycles)
5865786857,EXECUTE,0,CYCLES,BACKEND,SUB-EVENT,_MatMul_6:OpId_137 (cycles)
5865786857,EXECUTE,0,CYCLES,BACKEND,SUB-EVENT,_MatMul_6_post_reshape:OpId_140 (cycles)
5865786857,EXECUTE,307583,CYCLES,BACKEND,SUB-EVENT,_MatMul_7:OpId_142 (cycles)
5865786857,EXECUTE,0,CYCLES,BACKEND,SUB-EVENT,_MatMul_7_post_reshape:OpId_145 (cycles)
5865786857,EXECUTE,0,CYCLES,BACKEND,SUB-EVENT,_Sigmoid:OpId_146 (cycles)
5865786857,EXECUTE,238438,CYCLES,BACKEND,SUB-EVENT,_Mul_12:OpId_153 (cycles)
5865786857,EXECUTE,33260,CYCLES,BACKEND,SUB-EVENT,_Mul_13:OpId_155 (cycles)
5865786857,EXECUTE,402598,CYCLES,BACKEND,SUB-EVENT,_MatMul_8:OpId_158 (cycles)
5865786857,EXECUTE,0,CYCLES,BACKEND,SUB-EVENT,_MatMul_8_post_reshape:OpId_161 (cycles)
5865786857,EXECUTE,0,CYCLES,BACKEND,SUB-EVENT,_MatMul_8_output_0_nfc:OpId_163 (cycles)
5865786857,EXECUTE,15163,CYCLES,BACKEND,SUB-EVENT,_Add_9:OpId_165 (cycles)
5865786857,EXECUTE,8577,CYCLES,BACKEND,SUB-EVENT,Output OpId_3 (cycles)
5865786857,EXECUTE,16638,US,BACKEND,ROOT,Accelerator (execute) time
5865786857,EXECUTE,16509,US,BACKEND,ROOT,Accelerator (execute excluding wait) time
5865786857,EXECUTE,23970,US,BACKEND,ROOT,QNN (execute) time
5865822927,EXECUTE,28284,US,NETRUN,ROOT,Graph 0: qwen2_0_5b_layer0_decode_past128_fused_attention
5865822927,EXECUTE,4,COUNT,BACKEND,ROOT,Number of HVX threads used
5865822927,EXECUTE,26908,US,BACKEND,ROOT,RPC (execute) time
5865822927,EXECUTE,21521,US,BACKEND,ROOT,QNN accelerator (execute) time
5865822927,EXECUTE,0,COUNT,BACKEND,ROOT,Num times yield occured
5865822927,EXECUTE,854,US,BACKEND,ROOT,Time for initial VTCM acquire
5865822927,EXECUTE,205,US,BACKEND,ROOT,Time for HVX + HMX power on and acquire
5865822927,EXECUTE,19671435,CYCLES,BACKEND,ROOT,Accelerator (execute) time (cycles)
5865822927,EXECUTE,17274,CYCLES,BACKEND,SUB-EVENT,Input OpId_2 (cycles)
5865822927,EXECUTE,23606,CYCLES,BACKEND,SUB-EVENT,hidden_states_ncf:OpId_17 (cycles)
5865822927,EXECUTE,88617,CYCLES,BACKEND,SUB-EVENT,past_value_nchw:OpId_20 (cycles)
5865822927,EXECUTE,30897,CYCLES,BACKEND,SUB-EVENT,rms_norm__Mul_1_output_0:OpId_24 (cycles)
5865822927,EXECUTE,41350,CYCLES,BACKEND,SUB-EVENT,_MatMul:OpId_29 (cycles)
5865822927,EXECUTE,0,CYCLES,BACKEND,SUB-EVENT,_MatMul_post_reshape:OpId_31 (cycles)
5865822927,EXECUTE,2810,CYCLES,BACKEND,SUB-EVENT,_MatMul_1:OpId_34 (cycles)
5865822927,EXECUTE,15139,CYCLES,BACKEND,SUB-EVENT,_MatMul_1_post_reshape:OpId_36 (cycles)
5865822927,EXECUTE,10609,CYCLES,BACKEND,SUB-EVENT,_MatMul_2:OpId_39 (cycles)
5865822927,EXECUTE,18596,CYCLES,BACKEND,SUB-EVENT,_MatMul_2_post_reshape:OpId_41 (cycles)
5865822927,EXECUTE,521,CYCLES,BACKEND,SUB-EVENT,_Transpose:OpId_43 (cycles)
5865822927,EXECUTE,4525,CYCLES,BACKEND,SUB-EVENT,_Transpose_1:OpId_45 (cycles)
5865822927,EXECUTE,4209,CYCLES,BACKEND,SUB-EVENT,_Transpose_2:OpId_47 (cycles)
5865822927,EXECUTE,71252,CYCLES,BACKEND,SUB-EVENT,_Slice:OpId_49 (cycles)
5865822927,EXECUTE,18557,CYCLES,BACKEND,SUB-EVENT,_Slice_1:OpId_55 (cycles)
5865822927,EXECUTE,2896,CYCLES,BACKEND,SUB-EVENT,_Mul_2:OpId_61 (cycles)
5865822927,EXECUTE,1171,CYCLES,BACKEND,SUB-EVENT,_Mul_3:OpId_64 (cycles)
5865822927,EXECUTE,271,CYCLES,BACKEND,SUB-EVENT,_Sub:OpId_66 (cycles)
5865822927,EXECUTE,2918,CYCLES,BACKEND,SUB-EVENT,_Mul_4:OpId_68 (cycles)
5865822927,EXECUTE,2915,CYCLES,BACKEND,SUB-EVENT,_Mul_5:OpId_70 (cycles)
5865822927,EXECUTE,3402,CYCLES,BACKEND,SUB-EVENT,_Add_4:OpId_72 (cycles)
5865822927,EXECUTE,0,CYCLES,BACKEND,SUB-EVENT,_Unsqueeze:OpId_74 (cycles)
5865822927,EXECUTE,0,CYCLES,BACKEND,SUB-EVENT,_Unsqueeze_1:OpId_75 (cycles)
5865822927,EXECUTE,777,CYCLES,BACKEND,SUB-EVENT,_Concat:OpId_76 (cycles)
5865822927,EXECUTE,27263,CYCLES,BACKEND,SUB-EVENT,_Reshape_3:OpId_78 (cycles)
5865822927,EXECUTE,136702,CYCLES,BACKEND,SUB-EVENT,_Slice_3:OpId_80 (cycles)
5865822927,EXECUTE,29370,CYCLES,BACKEND,SUB-EVENT,_Slice_4:OpId_86 (cycles)
5865822927,EXECUTE,29034,CYCLES,BACKEND,SUB-EVENT,_Mul_6:OpId_91 (cycles)
5865822927,EXECUTE,21086,CYCLES,BACKEND,SUB-EVENT,_Mul_7:OpId_93 (cycles)
5865822927,EXECUTE,9313,CYCLES,BACKEND,SUB-EVENT,_Sub_1:OpId_95 (cycles)
5865822927,EXECUTE,21133,CYCLES,BACKEND,SUB-EVENT,_Mul_8:OpId_97 (cycles)
5865822927,EXECUTE,7312,CYCLES,BACKEND,SUB-EVENT,_Mul_9:OpId_99 (cycles)
5865822927,EXECUTE,9817,CYCLES,BACKEND,SUB-EVENT,_Add_5:OpId_101 (cycles)
5865822927,EXECUTE,0,CYCLES,BACKEND,SUB-EVENT,_Unsqueeze_2:OpId_103 (cycles)
5865822927,EXECUTE,0,CYCLES,BACKEND,SUB-EVENT,_Unsqueeze_3:OpId_104 (cycles)
5865822927,EXECUTE,8431,CYCLES,BACKEND,SUB-EVENT,_Concat_2:OpId_105 (cycles)
5865822927,EXECUTE,0,CYCLES,BACKEND,SUB-EVENT,_Reshape_4:OpId_107 (cycles)
5865822927,EXECUTE,1637,CYCLES,BACKEND,SUB-EVENT,current_key_nhwc:OpId_109 (cycles)
5865822927,EXECUTE,26788,CYCLES,BACKEND,SUB-EVENT,_Concat_4:OpId_110 (cycles)
5865822927,EXECUTE,38769,CYCLES,BACKEND,SUB-EVENT,_Concat_5:OpId_112 (cycles)
5865822927,EXECUTE,17814629,CYCLES,BACKEND,SUB-EVENT,_FusedDecodeAttentionPast128:OpId_114 (cycles)
5865822927,EXECUTE,5724,CYCLES,BACKEND,SUB-EVENT,_Transpose_4:OpId_116 (cycles)
5865822927,EXECUTE,13972,CYCLES,BACKEND,SUB-EVENT,_MatMul_5:OpId_118 (cycles)
5865822927,EXECUTE,0,CYCLES,BACKEND,SUB-EVENT,_MatMul_5_post_reshape:OpId_121 (cycles)
5865822927,EXECUTE,0,CYCLES,BACKEND,SUB-EVENT,_MatMul_5_output_0_nfc:OpId_123 (cycles)
5865822927,EXECUTE,95171,CYCLES,BACKEND,SUB-EVENT,_Add_7:OpId_125 (cycles)
5865822927,EXECUTE,227,CYCLES,BACKEND,SUB-EVENT,_Add_7_output_0_ncf:OpId_128 (cycles)
5865822927,EXECUTE,3493,CYCLES,BACKEND,SUB-EVENT,rms_norm__Mul_11_output_0:OpId_133 (cycles)
5865822927,EXECUTE,0,CYCLES,BACKEND,SUB-EVENT,_MatMul_6:OpId_137 (cycles)
5865822927,EXECUTE,0,CYCLES,BACKEND,SUB-EVENT,_MatMul_6_post_reshape:OpId_140 (cycles)
5865822927,EXECUTE,290820,CYCLES,BACKEND,SUB-EVENT,_MatMul_7:OpId_142 (cycles)
5865822927,EXECUTE,0,CYCLES,BACKEND,SUB-EVENT,_MatMul_7_post_reshape:OpId_145 (cycles)
5865822927,EXECUTE,0,CYCLES,BACKEND,SUB-EVENT,_Sigmoid:OpId_146 (cycles)
5865822927,EXECUTE,247203,CYCLES,BACKEND,SUB-EVENT,_Mul_12:OpId_153 (cycles)
5865822927,EXECUTE,39703,CYCLES,BACKEND,SUB-EVENT,_Mul_13:OpId_155 (cycles)
5865822927,EXECUTE,404671,CYCLES,BACKEND,SUB-EVENT,_MatMul_8:OpId_158 (cycles)
5865822927,EXECUTE,0,CYCLES,BACKEND,SUB-EVENT,_MatMul_8_post_reshape:OpId_161 (cycles)
5865822927,EXECUTE,0,CYCLES,BACKEND,SUB-EVENT,_MatMul_8_output_0_nfc:OpId_163 (cycles)
5865822927,EXECUTE,15044,CYCLES,BACKEND,SUB-EVENT,_Add_9:OpId_165 (cycles)
5865822927,EXECUTE,11811,CYCLES,BACKEND,SUB-EVENT,Output OpId_3 (cycles)
5865822927,EXECUTE,16735,US,BACKEND,ROOT,Accelerator (execute) time
5865822927,EXECUTE,16591,US,BACKEND,ROOT,Accelerator (execute excluding wait) time
5865822927,EXECUTE,28193,US,BACKEND,ROOT,QNN (execute) time
5865853488,EXECUTE,24158,US,NETRUN,ROOT,Graph 0: qwen2_0_5b_layer0_decode_past128_fused_attention
5865853488,EXECUTE,4,COUNT,BACKEND,ROOT,Number of HVX threads used
5865853488,EXECUTE,23002,US,BACKEND,ROOT,RPC (execute) time
5865853488,EXECUTE,21649,US,BACKEND,ROOT,QNN accelerator (execute) time
5865853488,EXECUTE,0,COUNT,BACKEND,ROOT,Num times yield occured
5865853488,EXECUTE,629,US,BACKEND,ROOT,Time for initial VTCM acquire
5865853488,EXECUTE,217,US,BACKEND,ROOT,Time for HVX + HMX power on and acquire
5865853488,EXECUTE,19837673,CYCLES,BACKEND,ROOT,Accelerator (execute) time (cycles)
5865853488,EXECUTE,17656,CYCLES,BACKEND,SUB-EVENT,Input OpId_2 (cycles)
5865853488,EXECUTE,6669,CYCLES,BACKEND,SUB-EVENT,hidden_states_ncf:OpId_17 (cycles)
5865853488,EXECUTE,57889,CYCLES,BACKEND,SUB-EVENT,past_value_nchw:OpId_20 (cycles)
5865853488,EXECUTE,32570,CYCLES,BACKEND,SUB-EVENT,rms_norm__Mul_1_output_0:OpId_24 (cycles)
5865853488,EXECUTE,64119,CYCLES,BACKEND,SUB-EVENT,_MatMul:OpId_29 (cycles)
5865853488,EXECUTE,0,CYCLES,BACKEND,SUB-EVENT,_MatMul_post_reshape:OpId_31 (cycles)
5865853488,EXECUTE,1748,CYCLES,BACKEND,SUB-EVENT,_MatMul_1:OpId_34 (cycles)
5865853488,EXECUTE,2857,CYCLES,BACKEND,SUB-EVENT,_MatMul_1_post_reshape:OpId_36 (cycles)
5865853488,EXECUTE,13823,CYCLES,BACKEND,SUB-EVENT,_MatMul_2:OpId_39 (cycles)
5865853488,EXECUTE,5461,CYCLES,BACKEND,SUB-EVENT,_MatMul_2_post_reshape:OpId_41 (cycles)
5865853488,EXECUTE,493,CYCLES,BACKEND,SUB-EVENT,_Transpose:OpId_43 (cycles)
5865853488,EXECUTE,9257,CYCLES,BACKEND,SUB-EVENT,_Transpose_1:OpId_45 (cycles)
5865853488,EXECUTE,9004,CYCLES,BACKEND,SUB-EVENT,_Transpose_2:OpId_47 (cycles)
5865853488,EXECUTE,62240,CYCLES,BACKEND,SUB-EVENT,_Slice:OpId_49 (cycles)
5865853488,EXECUTE,24823,CYCLES,BACKEND,SUB-EVENT,_Slice_1:OpId_55 (cycles)
5865853488,EXECUTE,4231,CYCLES,BACKEND,SUB-EVENT,_Mul_2:OpId_61 (cycles)
5865853488,EXECUTE,1214,CYCLES,BACKEND,SUB-EVENT,_Mul_3:OpId_64 (cycles)
5865853488,EXECUTE,273,CYCLES,BACKEND,SUB-EVENT,_Sub:OpId_66 (cycles)
5865853488,EXECUTE,2890,CYCLES,BACKEND,SUB-EVENT,_Mul_4:OpId_68 (cycles)
5865853488,EXECUTE,4236,CYCLES,BACKEND,SUB-EVENT,_Mul_5:OpId_70 (cycles)
5865853488,EXECUTE,3237,CYCLES,BACKEND,SUB-EVENT,_Add_4:OpId_72 (cycles)
5865853488,EXECUTE,0,CYCLES,BACKEND,SUB-EVENT,_Unsqueeze:OpId_74 (cycles)
5865853488,EXECUTE,0,CYCLES,BACKEND,SUB-EVENT,_Unsqueeze_1:OpId_75 (cycles)
5865853488,EXECUTE,818,CYCLES,BACKEND,SUB-EVENT,_Concat:OpId_76 (cycles)
5865853488,EXECUTE,15320,CYCLES,BACKEND,SUB-EVENT,_Reshape_3:OpId_78 (cycles)
5865853488,EXECUTE,134159,CYCLES,BACKEND,SUB-EVENT,_Slice_3:OpId_80 (cycles)
5865853488,EXECUTE,22056,CYCLES,BACKEND,SUB-EVENT,_Slice_4:OpId_86 (cycles)
5865853488,EXECUTE,49073,CYCLES,BACKEND,SUB-EVENT,_Mul_6:OpId_91 (cycles)
5865853488,EXECUTE,34241,CYCLES,BACKEND,SUB-EVENT,_Mul_7:OpId_93 (cycles)
5865853488,EXECUTE,5947,CYCLES,BACKEND,SUB-EVENT,_Sub_1:OpId_95 (cycles)
5865853488,EXECUTE,34320,CYCLES,BACKEND,SUB-EVENT,_Mul_8:OpId_97 (cycles)
5865853488,EXECUTE,27151,CYCLES,BACKEND,SUB-EVENT,_Mul_9:OpId_99 (cycles)
5865853488,EXECUTE,4939,CYCLES,BACKEND,SUB-EVENT,_Add_5:OpId_101 (cycles)
5865853488,EXECUTE,0,CYCLES,BACKEND,SUB-EVENT,_Unsqueeze_2:OpId_103 (cycles)
5865853488,EXECUTE,0,CYCLES,BACKEND,SUB-EVENT,_Unsqueeze_3:OpId_104 (cycles)
5865853488,EXECUTE,6705,CYCLES,BACKEND,SUB-EVENT,_Concat_2:OpId_105 (cycles)
5865853488,EXECUTE,0,CYCLES,BACKEND,SUB-EVENT,_Reshape_4:OpId_107 (cycles)
5865853488,EXECUTE,1241,CYCLES,BACKEND,SUB-EVENT,current_key_nhwc:OpId_109 (cycles)
5865853488,EXECUTE,27291,CYCLES,BACKEND,SUB-EVENT,_Concat_4:OpId_110 (cycles)
5865853488,EXECUTE,39206,CYCLES,BACKEND,SUB-EVENT,_Concat_5:OpId_112 (cycles)
5865853488,EXECUTE,18003020,CYCLES,BACKEND,SUB-EVENT,_FusedDecodeAttentionPast128:OpId_114 (cycles)
5865853488,EXECUTE,6302,CYCLES,BACKEND,SUB-EVENT,_Transpose_4:OpId_116 (cycles)
5865853488,EXECUTE,12981,CYCLES,BACKEND,SUB-EVENT,_MatMul_5:OpId_118 (cycles)
5865853488,EXECUTE,0,CYCLES,BACKEND,SUB-EVENT,_MatMul_5_post_reshape:OpId_121 (cycles)
5865853488,EXECUTE,0,CYCLES,BACKEND,SUB-EVENT,_MatMul_5_output_0_nfc:OpId_123 (cycles)
5865853488,EXECUTE,70247,CYCLES,BACKEND,SUB-EVENT,_Add_7:OpId_125 (cycles)
5865853488,EXECUTE,256,CYCLES,BACKEND,SUB-EVENT,_Add_7_output_0_ncf:OpId_128 (cycles)
5865853488,EXECUTE,2499,CYCLES,BACKEND,SUB-EVENT,rms_norm__Mul_11_output_0:OpId_133 (cycles)
5865853488,EXECUTE,0,CYCLES,BACKEND,SUB-EVENT,_MatMul_6:OpId_137 (cycles)
5865853488,EXECUTE,0,CYCLES,BACKEND,SUB-EVENT,_MatMul_6_post_reshape:OpId_140 (cycles)
5865853488,EXECUTE,295594,CYCLES,BACKEND,SUB-EVENT,_MatMul_7:OpId_142 (cycles)
5865853488,EXECUTE,0,CYCLES,BACKEND,SUB-EVENT,_MatMul_7_post_reshape:OpId_145 (cycles)
5865853488,EXECUTE,0,CYCLES,BACKEND,SUB-EVENT,_Sigmoid:OpId_146 (cycles)
5865853488,EXECUTE,242513,CYCLES,BACKEND,SUB-EVENT,_Mul_12:OpId_153 (cycles)
5865853488,EXECUTE,36182,CYCLES,BACKEND,SUB-EVENT,_Mul_13:OpId_155 (cycles)
5865853488,EXECUTE,406198,CYCLES,BACKEND,SUB-EVENT,_MatMul_8:OpId_158 (cycles)
5865853488,EXECUTE,0,CYCLES,BACKEND,SUB-EVENT,_MatMul_8_post_reshape:OpId_161 (cycles)
5865853488,EXECUTE,0,CYCLES,BACKEND,SUB-EVENT,_MatMul_8_output_0_nfc:OpId_163 (cycles)
5865853488,EXECUTE,15110,CYCLES,BACKEND,SUB-EVENT,_Add_9:OpId_165 (cycles)
5865853488,EXECUTE,19614,CYCLES,BACKEND,SUB-EVENT,Output OpId_3 (cycles)
5865853488,EXECUTE,16870,US,BACKEND,ROOT,Accelerator (execute) time
5865853488,EXECUTE,16740,US,BACKEND,ROOT,Accelerator (execute excluding wait) time
5865853488,EXECUTE,24098,US,BACKEND,ROOT,QNN (execute) time
5865856713,EXECUTE IPS,32.430153,INF/SEC,NETRUN,ROOT,null
