input log file location, qwen_block_custom_qnn/device_output/builtin_layer0_decode_past128_grouped_gqa/qnn-profiling-data_0.log
qnn-profile-viewer version, v2.47.0.260601114230
qnn-net-run version, v2.47.0.260601114230
Backend version, v2.47.0.260601114230
Msg Timestamp, Message, Time, Unit of Measurement, Timing Source, Event Level, Event Identifier
3990600540,INIT,519188,US,NETRUN,ROOT,null
3990793393,COMPOSE GRAPHS,191269,US,NETRUN,ROOT,null
3991121407,FINALIZE,327809,US,NETRUN,ROOT,Graph 0: qwen2_0_5b_layer0_decode_past128_grouped_gqa
3991121407,FINALIZE,5339,US,BACKEND,ROOT,RPC (finalize) time
3991121407,FINALIZE,4941,US,BACKEND,ROOT,QNN accelerator (finalize) time
3991121407,FINALIZE,4827,US,BACKEND,ROOT,Accelerator (finalize) time
3991121407,FINALIZE,327757,US,BACKEND,ROOT,QNN (finalize) time
3991121407,FINALIZE,165,US,BACKEND,SUB-EVENT,Graph Preparation Initializing
3991121407,FINALIZE,247021,US,BACKEND,SUB-EVENT,Graph Optimizations
3991121407,FINALIZE,3037,US,BACKEND,SUB-EVENT,Post Graph Optimization
3991121407,FINALIZE,17248,US,BACKEND,SUB-EVENT,Graph Sequencing for Target
3991121407,FINALIZE,2105,US,BACKEND,SUB-EVENT,VTCM Allocation
3991121407,FINALIZE,1330,US,BACKEND,SUB-EVENT,Parallelization Optimization
3991121407,FINALIZE,2097,US,BACKEND,SUB-EVENT,Finalizing Graph Sequence
3991121407,FINALIZE,79,US,BACKEND,SUB-EVENT,Completion
3991484371,DE-INIT,66065,US,NETRUN,ROOT,null
3991484371,DE-INIT,9089,US,BACKEND,ROOT,RPC (deinit) time
3991484371,DE-INIT,7872,US,BACKEND,ROOT,QNN Accelerator (deinit) time
3991484371,DE-INIT,7721,US,BACKEND,ROOT,Accelerator (deinit) time
3991484371,DE-INIT,66041,US,BACKEND,ROOT,QNN (deinit) time
3991142682,EXECUTE,20069,US,NETRUN,ROOT,Graph 0: qwen2_0_5b_layer0_decode_past128_grouped_gqa
3991142682,EXECUTE,4,COUNT,BACKEND,ROOT,Number of HVX threads used
3991142682,EXECUTE,19592,US,BACKEND,ROOT,RPC (execute) time
3991142682,EXECUTE,18790,US,BACKEND,ROOT,QNN accelerator (execute) time
3991142682,EXECUTE,0,COUNT,BACKEND,ROOT,Num times yield occured
3991142682,EXECUTE,797,US,BACKEND,ROOT,Time for initial VTCM acquire
3991142682,EXECUTE,38051,US,BACKEND,ROOT,Time for HVX + HMX power on and acquire
3991142682,EXECUTE,1206715,CYCLES,BACKEND,ROOT,Accelerator (execute) time (cycles)
3991142682,EXECUTE,26798,CYCLES,BACKEND,SUB-EVENT,Input OpId_2 (cycles)
3991142682,EXECUTE,1378,CYCLES,BACKEND,SUB-EVENT,hidden_states_ncf:OpId_17 (cycles)
3991142682,EXECUTE,16816,CYCLES,BACKEND,SUB-EVENT,past_value_nchw:OpId_20 (cycles)
3991142682,EXECUTE,4368,CYCLES,BACKEND,SUB-EVENT,rms_norm__Mul_1_output_0:OpId_24 (cycles)
3991142682,EXECUTE,32451,CYCLES,BACKEND,SUB-EVENT,_MatMul:OpId_29 (cycles)
3991142682,EXECUTE,0,CYCLES,BACKEND,SUB-EVENT,_MatMul_post_reshape:OpId_31 (cycles)
3991142682,EXECUTE,1483,CYCLES,BACKEND,SUB-EVENT,_MatMul_1:OpId_34 (cycles)
3991142682,EXECUTE,9639,CYCLES,BACKEND,SUB-EVENT,_MatMul_1_post_reshape:OpId_36 (cycles)
3991142682,EXECUTE,4412,CYCLES,BACKEND,SUB-EVENT,_MatMul_2:OpId_39 (cycles)
3991142682,EXECUTE,10884,CYCLES,BACKEND,SUB-EVENT,_MatMul_2_post_reshape:OpId_41 (cycles)
3991142682,EXECUTE,484,CYCLES,BACKEND,SUB-EVENT,_Transpose:OpId_43 (cycles)
3991142682,EXECUTE,1450,CYCLES,BACKEND,SUB-EVENT,_Transpose_1:OpId_45 (cycles)
3991142682,EXECUTE,1210,CYCLES,BACKEND,SUB-EVENT,_Transpose_2:OpId_47 (cycles)
3991142682,EXECUTE,21381,CYCLES,BACKEND,SUB-EVENT,_Slice:OpId_49 (cycles)
3991142682,EXECUTE,5622,CYCLES,BACKEND,SUB-EVENT,_Slice_1:OpId_55 (cycles)
3991142682,EXECUTE,1886,CYCLES,BACKEND,SUB-EVENT,_Mul_2:OpId_61 (cycles)
3991142682,EXECUTE,1899,CYCLES,BACKEND,SUB-EVENT,_Mul_3:OpId_64 (cycles)
3991142682,EXECUTE,228,CYCLES,BACKEND,SUB-EVENT,_Sub:OpId_66 (cycles)
3991142682,EXECUTE,1832,CYCLES,BACKEND,SUB-EVENT,_Mul_4:OpId_68 (cycles)
3991142682,EXECUTE,1719,CYCLES,BACKEND,SUB-EVENT,_Mul_5:OpId_70 (cycles)
3991142682,EXECUTE,2089,CYCLES,BACKEND,SUB-EVENT,_Add_4:OpId_72 (cycles)
3991142682,EXECUTE,0,CYCLES,BACKEND,SUB-EVENT,_Unsqueeze:OpId_74 (cycles)
3991142682,EXECUTE,0,CYCLES,BACKEND,SUB-EVENT,_Unsqueeze_1:OpId_75 (cycles)
3991142682,EXECUTE,906,CYCLES,BACKEND,SUB-EVENT,_Concat:OpId_76 (cycles)
3991142682,EXECUTE,620,CYCLES,BACKEND,SUB-EVENT,_Reshape_3:OpId_78 (cycles)
3991142682,EXECUTE,16816,CYCLES,BACKEND,SUB-EVENT,_Slice_3:OpId_80 (cycles)
3991142682,EXECUTE,4883,CYCLES,BACKEND,SUB-EVENT,_Slice_4:OpId_86 (cycles)
3991142682,EXECUTE,4764,CYCLES,BACKEND,SUB-EVENT,_Mul_6:OpId_91 (cycles)
3991142682,EXECUTE,4733,CYCLES,BACKEND,SUB-EVENT,_Mul_7:OpId_93 (cycles)
3991142682,EXECUTE,534,CYCLES,BACKEND,SUB-EVENT,_Sub_1:OpId_95 (cycles)
3991142682,EXECUTE,4708,CYCLES,BACKEND,SUB-EVENT,_Mul_8:OpId_97 (cycles)
3991142682,EXECUTE,4667,CYCLES,BACKEND,SUB-EVENT,_Mul_9:OpId_99 (cycles)
3991142682,EXECUTE,1019,CYCLES,BACKEND,SUB-EVENT,_Add_5:OpId_101 (cycles)
3991142682,EXECUTE,0,CYCLES,BACKEND,SUB-EVENT,_Unsqueeze_2:OpId_103 (cycles)
3991142682,EXECUTE,0,CYCLES,BACKEND,SUB-EVENT,_Unsqueeze_3:OpId_104 (cycles)
3991142682,EXECUTE,2488,CYCLES,BACKEND,SUB-EVENT,_Concat_2:OpId_105 (cycles)
3991142682,EXECUTE,0,CYCLES,BACKEND,SUB-EVENT,_Reshape_4:OpId_107 (cycles)
3991142682,EXECUTE,832,CYCLES,BACKEND,SUB-EVENT,_Reshape_4_output_0_nhwc:OpId_109 (cycles)
3991142682,EXECUTE,3323,CYCLES,BACKEND,SUB-EVENT,_Concat_4:OpId_110 (cycles)
3991142682,EXECUTE,351388,CYCLES,BACKEND,SUB-EVENT,present_key_nchw:OpId_113 (cycles)
3991142682,EXECUTE,14172,CYCLES,BACKEND,SUB-EVENT,_Concat_5:OpId_114 (cycles)
3991142682,EXECUTE,0,CYCLES,BACKEND,SUB-EVENT,_Unsqueeze_4:OpId_116 (cycles)
3991142682,EXECUTE,32280,CYCLES,BACKEND,SUB-EVENT,_MatMul_3:OpId_117 (cycles)
3991142682,EXECUTE,5953,CYCLES,BACKEND,SUB-EVENT,_Div_1:OpId_122 (cycles)
3991142682,EXECUTE,0,CYCLES,BACKEND,SUB-EVENT,_Add_6:OpId_125 (cycles)
3991142682,EXECUTE,20884,CYCLES,BACKEND,SUB-EVENT,_Softmax:OpId_127 (cycles)
3991142682,EXECUTE,0,CYCLES,BACKEND,SUB-EVENT,_Unsqueeze_5:OpId_130 (cycles)
3991142682,EXECUTE,29809,CYCLES,BACKEND,SUB-EVENT,_MatMul_4:OpId_131 (cycles)
3991142682,EXECUTE,0,CYCLES,BACKEND,SUB-EVENT,_Reshape_6:OpId_135 (cycles)
3991142682,EXECUTE,0,CYCLES,BACKEND,SUB-EVENT,_Transpose_4:OpId_137 (cycles)
3991142682,EXECUTE,24690,CYCLES,BACKEND,SUB-EVENT,_MatMul_5:OpId_139 (cycles)
3991142682,EXECUTE,0,CYCLES,BACKEND,SUB-EVENT,_MatMul_5_post_reshape:OpId_142 (cycles)
3991142682,EXECUTE,0,CYCLES,BACKEND,SUB-EVENT,_MatMul_5_output_0_nfc:OpId_144 (cycles)
3991142682,EXECUTE,42271,CYCLES,BACKEND,SUB-EVENT,_Add_7:OpId_146 (cycles)
3991142682,EXECUTE,239,CYCLES,BACKEND,SUB-EVENT,_Add_7_output_0_ncf:OpId_149 (cycles)
3991142682,EXECUTE,2033,CYCLES,BACKEND,SUB-EVENT,rms_norm__Mul_11_output_0:OpId_154 (cycles)
3991142682,EXECUTE,0,CYCLES,BACKEND,SUB-EVENT,_MatMul_6:OpId_158 (cycles)
3991142682,EXECUTE,0,CYCLES,BACKEND,SUB-EVENT,_MatMul_6_post_reshape:OpId_161 (cycles)
3991142682,EXECUTE,154806,CYCLES,BACKEND,SUB-EVENT,_MatMul_7:OpId_163 (cycles)
3991142682,EXECUTE,0,CYCLES,BACKEND,SUB-EVENT,_MatMul_7_post_reshape:OpId_166 (cycles)
3991142682,EXECUTE,0,CYCLES,BACKEND,SUB-EVENT,_Sigmoid:OpId_167 (cycles)
3991142682,EXECUTE,123080,CYCLES,BACKEND,SUB-EVENT,_Mul_12:OpId_174 (cycles)
3991142682,EXECUTE,17084,CYCLES,BACKEND,SUB-EVENT,_Mul_13:OpId_176 (cycles)
3991142682,EXECUTE,156112,CYCLES,BACKEND,SUB-EVENT,_MatMul_8:OpId_179 (cycles)
3991142682,EXECUTE,0,CYCLES,BACKEND,SUB-EVENT,_MatMul_8_post_reshape:OpId_182 (cycles)
3991142682,EXECUTE,0,CYCLES,BACKEND,SUB-EVENT,_MatMul_8_output_0_nfc:OpId_184 (cycles)
3991142682,EXECUTE,14843,CYCLES,BACKEND,SUB-EVENT,_Add_9:OpId_186 (cycles)
3991142682,EXECUTE,18749,CYCLES,BACKEND,SUB-EVENT,Output OpId_3 (cycles)
3991142682,EXECUTE,4706,US,BACKEND,ROOT,Accelerator (execute) time
3991142682,EXECUTE,2603,US,BACKEND,ROOT,Accelerator (execute excluding wait) time
3991142682,EXECUTE,20048,US,BACKEND,ROOT,QNN (execute) time
3991160958,EXECUTE,9127,US,NETRUN,ROOT,Graph 0: qwen2_0_5b_layer0_decode_past128_grouped_gqa
3991160958,EXECUTE,4,COUNT,BACKEND,ROOT,Number of HVX threads used
3991160958,EXECUTE,8550,US,BACKEND,ROOT,RPC (execute) time
3991160958,EXECUTE,7579,US,BACKEND,ROOT,QNN accelerator (execute) time
3991160958,EXECUTE,0,COUNT,BACKEND,ROOT,Num times yield occured
3991160958,EXECUTE,723,US,BACKEND,ROOT,Time for initial VTCM acquire
3991160958,EXECUTE,245,US,BACKEND,ROOT,Time for HVX + HMX power on and acquire
3991160958,EXECUTE,1178892,CYCLES,BACKEND,ROOT,Accelerator (execute) time (cycles)
3991160958,EXECUTE,47560,CYCLES,BACKEND,SUB-EVENT,Input OpId_2 (cycles)
3991160958,EXECUTE,1435,CYCLES,BACKEND,SUB-EVENT,hidden_states_ncf:OpId_17 (cycles)
3991160958,EXECUTE,20912,CYCLES,BACKEND,SUB-EVENT,past_value_nchw:OpId_20 (cycles)
3991160958,EXECUTE,5106,CYCLES,BACKEND,SUB-EVENT,rms_norm__Mul_1_output_0:OpId_24 (cycles)
3991160958,EXECUTE,22412,CYCLES,BACKEND,SUB-EVENT,_MatMul:OpId_29 (cycles)
3991160958,EXECUTE,0,CYCLES,BACKEND,SUB-EVENT,_MatMul_post_reshape:OpId_31 (cycles)
3991160958,EXECUTE,1879,CYCLES,BACKEND,SUB-EVENT,_MatMul_1:OpId_34 (cycles)
3991160958,EXECUTE,3594,CYCLES,BACKEND,SUB-EVENT,_MatMul_1_post_reshape:OpId_36 (cycles)
3991160958,EXECUTE,3426,CYCLES,BACKEND,SUB-EVENT,_MatMul_2:OpId_39 (cycles)
3991160958,EXECUTE,4702,CYCLES,BACKEND,SUB-EVENT,_MatMul_2_post_reshape:OpId_41 (cycles)
3991160958,EXECUTE,556,CYCLES,BACKEND,SUB-EVENT,_Transpose:OpId_43 (cycles)
3991160958,EXECUTE,1335,CYCLES,BACKEND,SUB-EVENT,_Transpose_1:OpId_45 (cycles)
3991160958,EXECUTE,1161,CYCLES,BACKEND,SUB-EVENT,_Transpose_2:OpId_47 (cycles)
3991160958,EXECUTE,23594,CYCLES,BACKEND,SUB-EVENT,_Slice:OpId_49 (cycles)
3991160958,EXECUTE,6281,CYCLES,BACKEND,SUB-EVENT,_Slice_1:OpId_55 (cycles)
3991160958,EXECUTE,2022,CYCLES,BACKEND,SUB-EVENT,_Mul_2:OpId_61 (cycles)
3991160958,EXECUTE,2066,CYCLES,BACKEND,SUB-EVENT,_Mul_3:OpId_64 (cycles)
3991160958,EXECUTE,239,CYCLES,BACKEND,SUB-EVENT,_Sub:OpId_66 (cycles)
3991160958,EXECUTE,2130,CYCLES,BACKEND,SUB-EVENT,_Mul_4:OpId_68 (cycles)
3991160958,EXECUTE,1263,CYCLES,BACKEND,SUB-EVENT,_Mul_5:OpId_70 (cycles)
3991160958,EXECUTE,2999,CYCLES,BACKEND,SUB-EVENT,_Add_4:OpId_72 (cycles)
3991160958,EXECUTE,0,CYCLES,BACKEND,SUB-EVENT,_Unsqueeze:OpId_74 (cycles)
3991160958,EXECUTE,0,CYCLES,BACKEND,SUB-EVENT,_Unsqueeze_1:OpId_75 (cycles)
3991160958,EXECUTE,855,CYCLES,BACKEND,SUB-EVENT,_Concat:OpId_76 (cycles)
3991160958,EXECUTE,611,CYCLES,BACKEND,SUB-EVENT,_Reshape_3:OpId_78 (cycles)
3991160958,EXECUTE,29006,CYCLES,BACKEND,SUB-EVENT,_Slice_3:OpId_80 (cycles)
3991160958,EXECUTE,7881,CYCLES,BACKEND,SUB-EVENT,_Slice_4:OpId_86 (cycles)
3991160958,EXECUTE,11460,CYCLES,BACKEND,SUB-EVENT,_Mul_6:OpId_91 (cycles)
3991160958,EXECUTE,11210,CYCLES,BACKEND,SUB-EVENT,_Mul_7:OpId_93 (cycles)
3991160958,EXECUTE,1903,CYCLES,BACKEND,SUB-EVENT,_Sub_1:OpId_95 (cycles)
3991160958,EXECUTE,11411,CYCLES,BACKEND,SUB-EVENT,_Mul_8:OpId_97 (cycles)
3991160958,EXECUTE,11141,CYCLES,BACKEND,SUB-EVENT,_Mul_9:OpId_99 (cycles)
3991160958,EXECUTE,2882,CYCLES,BACKEND,SUB-EVENT,_Add_5:OpId_101 (cycles)
3991160958,EXECUTE,0,CYCLES,BACKEND,SUB-EVENT,_Unsqueeze_2:OpId_103 (cycles)
3991160958,EXECUTE,0,CYCLES,BACKEND,SUB-EVENT,_Unsqueeze_3:OpId_104 (cycles)
3991160958,EXECUTE,4492,CYCLES,BACKEND,SUB-EVENT,_Concat_2:OpId_105 (cycles)
3991160958,EXECUTE,0,CYCLES,BACKEND,SUB-EVENT,_Reshape_4:OpId_107 (cycles)
3991160958,EXECUTE,1882,CYCLES,BACKEND,SUB-EVENT,_Reshape_4_output_0_nhwc:OpId_109 (cycles)
3991160958,EXECUTE,3539,CYCLES,BACKEND,SUB-EVENT,_Concat_4:OpId_110 (cycles)
3991160958,EXECUTE,348395,CYCLES,BACKEND,SUB-EVENT,present_key_nchw:OpId_113 (cycles)
3991160958,EXECUTE,14951,CYCLES,BACKEND,SUB-EVENT,_Concat_5:OpId_114 (cycles)
3991160958,EXECUTE,0,CYCLES,BACKEND,SUB-EVENT,_Unsqueeze_4:OpId_116 (cycles)
3991160958,EXECUTE,33533,CYCLES,BACKEND,SUB-EVENT,_MatMul_3:OpId_117 (cycles)
3991160958,EXECUTE,7497,CYCLES,BACKEND,SUB-EVENT,_Div_1:OpId_122 (cycles)
3991160958,EXECUTE,0,CYCLES,BACKEND,SUB-EVENT,_Add_6:OpId_125 (cycles)
3991160958,EXECUTE,22848,CYCLES,BACKEND,SUB-EVENT,_Softmax:OpId_127 (cycles)
3991160958,EXECUTE,0,CYCLES,BACKEND,SUB-EVENT,_Unsqueeze_5:OpId_130 (cycles)
3991160958,EXECUTE,39059,CYCLES,BACKEND,SUB-EVENT,_MatMul_4:OpId_131 (cycles)
3991160958,EXECUTE,0,CYCLES,BACKEND,SUB-EVENT,_Reshape_6:OpId_135 (cycles)
3991160958,EXECUTE,0,CYCLES,BACKEND,SUB-EVENT,_Transpose_4:OpId_137 (cycles)
3991160958,EXECUTE,13492,CYCLES,BACKEND,SUB-EVENT,_MatMul_5:OpId_139 (cycles)
3991160958,EXECUTE,0,CYCLES,BACKEND,SUB-EVENT,_MatMul_5_post_reshape:OpId_142 (cycles)
3991160958,EXECUTE,0,CYCLES,BACKEND,SUB-EVENT,_MatMul_5_output_0_nfc:OpId_144 (cycles)
3991160958,EXECUTE,44673,CYCLES,BACKEND,SUB-EVENT,_Add_7:OpId_146 (cycles)
3991160958,EXECUTE,265,CYCLES,BACKEND,SUB-EVENT,_Add_7_output_0_ncf:OpId_149 (cycles)
3991160958,EXECUTE,2003,CYCLES,BACKEND,SUB-EVENT,rms_norm__Mul_11_output_0:OpId_154 (cycles)
3991160958,EXECUTE,0,CYCLES,BACKEND,SUB-EVENT,_MatMul_6:OpId_158 (cycles)
3991160958,EXECUTE,0,CYCLES,BACKEND,SUB-EVENT,_MatMul_6_post_reshape:OpId_161 (cycles)
3991160958,EXECUTE,91418,CYCLES,BACKEND,SUB-EVENT,_MatMul_7:OpId_163 (cycles)
3991160958,EXECUTE,0,CYCLES,BACKEND,SUB-EVENT,_MatMul_7_post_reshape:OpId_166 (cycles)
3991160958,EXECUTE,0,CYCLES,BACKEND,SUB-EVENT,_Sigmoid:OpId_167 (cycles)
3991160958,EXECUTE,90542,CYCLES,BACKEND,SUB-EVENT,_Mul_12:OpId_174 (cycles)
3991160958,EXECUTE,16951,CYCLES,BACKEND,SUB-EVENT,_Mul_13:OpId_176 (cycles)
3991160958,EXECUTE,156400,CYCLES,BACKEND,SUB-EVENT,_MatMul_8:OpId_179 (cycles)
3991160958,EXECUTE,0,CYCLES,BACKEND,SUB-EVENT,_MatMul_8_post_reshape:OpId_182 (cycles)
3991160958,EXECUTE,0,CYCLES,BACKEND,SUB-EVENT,_MatMul_8_output_0_nfc:OpId_184 (cycles)
3991160958,EXECUTE,14894,CYCLES,BACKEND,SUB-EVENT,_Add_9:OpId_186 (cycles)
3991160958,EXECUTE,29026,CYCLES,BACKEND,SUB-EVENT,Output OpId_3 (cycles)
3991160958,EXECUTE,2553,US,BACKEND,ROOT,Accelerator (execute) time
3991160958,EXECUTE,2404,US,BACKEND,ROOT,Accelerator (execute excluding wait) time
3991160958,EXECUTE,9098,US,BACKEND,ROOT,QNN (execute) time
3991181053,EXECUTE,10303,US,NETRUN,ROOT,Graph 0: qwen2_0_5b_layer0_decode_past128_grouped_gqa
3991181053,EXECUTE,4,COUNT,BACKEND,ROOT,Number of HVX threads used
3991181053,EXECUTE,9712,US,BACKEND,ROOT,RPC (execute) time
3991181053,EXECUTE,8679,US,BACKEND,ROOT,QNN accelerator (execute) time
3991181053,EXECUTE,0,COUNT,BACKEND,ROOT,Num times yield occured
3991181053,EXECUTE,588,US,BACKEND,ROOT,Time for initial VTCM acquire
3991181053,EXECUTE,196,US,BACKEND,ROOT,Time for HVX + HMX power on and acquire
3991181053,EXECUTE,1631276,CYCLES,BACKEND,ROOT,Accelerator (execute) time (cycles)
3991181053,EXECUTE,61901,CYCLES,BACKEND,SUB-EVENT,Input OpId_2 (cycles)
3991181053,EXECUTE,4427,CYCLES,BACKEND,SUB-EVENT,hidden_states_ncf:OpId_17 (cycles)
3991181053,EXECUTE,21773,CYCLES,BACKEND,SUB-EVENT,past_value_nchw:OpId_20 (cycles)
3991181053,EXECUTE,4557,CYCLES,BACKEND,SUB-EVENT,rms_norm__Mul_1_output_0:OpId_24 (cycles)
3991181053,EXECUTE,24913,CYCLES,BACKEND,SUB-EVENT,_MatMul:OpId_29 (cycles)
3991181053,EXECUTE,0,CYCLES,BACKEND,SUB-EVENT,_MatMul_post_reshape:OpId_31 (cycles)
3991181053,EXECUTE,3585,CYCLES,BACKEND,SUB-EVENT,_MatMul_1:OpId_34 (cycles)
3991181053,EXECUTE,2838,CYCLES,BACKEND,SUB-EVENT,_MatMul_1_post_reshape:OpId_36 (cycles)
3991181053,EXECUTE,3293,CYCLES,BACKEND,SUB-EVENT,_MatMul_2:OpId_39 (cycles)
3991181053,EXECUTE,4121,CYCLES,BACKEND,SUB-EVENT,_MatMul_2_post_reshape:OpId_41 (cycles)
3991181053,EXECUTE,475,CYCLES,BACKEND,SUB-EVENT,_Transpose:OpId_43 (cycles)
3991181053,EXECUTE,1618,CYCLES,BACKEND,SUB-EVENT,_Transpose_1:OpId_45 (cycles)
3991181053,EXECUTE,1378,CYCLES,BACKEND,SUB-EVENT,_Transpose_2:OpId_47 (cycles)
3991181053,EXECUTE,26270,CYCLES,BACKEND,SUB-EVENT,_Slice:OpId_49 (cycles)
3991181053,EXECUTE,9854,CYCLES,BACKEND,SUB-EVENT,_Slice_1:OpId_55 (cycles)
3991181053,EXECUTE,2411,CYCLES,BACKEND,SUB-EVENT,_Mul_2:OpId_61 (cycles)
3991181053,EXECUTE,2509,CYCLES,BACKEND,SUB-EVENT,_Mul_3:OpId_64 (cycles)
3991181053,EXECUTE,247,CYCLES,BACKEND,SUB-EVENT,_Sub:OpId_66 (cycles)
3991181053,EXECUTE,2447,CYCLES,BACKEND,SUB-EVENT,_Mul_4:OpId_68 (cycles)
3991181053,EXECUTE,1267,CYCLES,BACKEND,SUB-EVENT,_Mul_5:OpId_70 (cycles)
3991181053,EXECUTE,3785,CYCLES,BACKEND,SUB-EVENT,_Add_4:OpId_72 (cycles)
3991181053,EXECUTE,0,CYCLES,BACKEND,SUB-EVENT,_Unsqueeze:OpId_74 (cycles)
3991181053,EXECUTE,0,CYCLES,BACKEND,SUB-EVENT,_Unsqueeze_1:OpId_75 (cycles)
3991181053,EXECUTE,806,CYCLES,BACKEND,SUB-EVENT,_Concat:OpId_76 (cycles)
3991181053,EXECUTE,601,CYCLES,BACKEND,SUB-EVENT,_Reshape_3:OpId_78 (cycles)
3991181053,EXECUTE,35859,CYCLES,BACKEND,SUB-EVENT,_Slice_3:OpId_80 (cycles)
3991181053,EXECUTE,12808,CYCLES,BACKEND,SUB-EVENT,_Slice_4:OpId_86 (cycles)
3991181053,EXECUTE,15687,CYCLES,BACKEND,SUB-EVENT,_Mul_6:OpId_91 (cycles)
3991181053,EXECUTE,15667,CYCLES,BACKEND,SUB-EVENT,_Mul_7:OpId_93 (cycles)
3991181053,EXECUTE,2395,CYCLES,BACKEND,SUB-EVENT,_Sub_1:OpId_95 (cycles)
3991181053,EXECUTE,15657,CYCLES,BACKEND,SUB-EVENT,_Mul_8:OpId_97 (cycles)
3991181053,EXECUTE,15592,CYCLES,BACKEND,SUB-EVENT,_Mul_9:OpId_99 (cycles)
3991181053,EXECUTE,3681,CYCLES,BACKEND,SUB-EVENT,_Add_5:OpId_101 (cycles)
3991181053,EXECUTE,0,CYCLES,BACKEND,SUB-EVENT,_Unsqueeze_2:OpId_103 (cycles)
3991181053,EXECUTE,0,CYCLES,BACKEND,SUB-EVENT,_Unsqueeze_3:OpId_104 (cycles)
3991181053,EXECUTE,6179,CYCLES,BACKEND,SUB-EVENT,_Concat_2:OpId_105 (cycles)
3991181053,EXECUTE,0,CYCLES,BACKEND,SUB-EVENT,_Reshape_4:OpId_107 (cycles)
3991181053,EXECUTE,2492,CYCLES,BACKEND,SUB-EVENT,_Reshape_4_output_0_nhwc:OpId_109 (cycles)
3991181053,EXECUTE,4251,CYCLES,BACKEND,SUB-EVENT,_Concat_4:OpId_110 (cycles)
3991181053,EXECUTE,371579,CYCLES,BACKEND,SUB-EVENT,present_key_nchw:OpId_113 (cycles)
3991181053,EXECUTE,24547,CYCLES,BACKEND,SUB-EVENT,_Concat_5:OpId_114 (cycles)
3991181053,EXECUTE,0,CYCLES,BACKEND,SUB-EVENT,_Unsqueeze_4:OpId_116 (cycles)
3991181053,EXECUTE,34549,CYCLES,BACKEND,SUB-EVENT,_MatMul_3:OpId_117 (cycles)
3991181053,EXECUTE,8271,CYCLES,BACKEND,SUB-EVENT,_Div_1:OpId_122 (cycles)
3991181053,EXECUTE,0,CYCLES,BACKEND,SUB-EVENT,_Add_6:OpId_125 (cycles)
3991181053,EXECUTE,21776,CYCLES,BACKEND,SUB-EVENT,_Softmax:OpId_127 (cycles)
3991181053,EXECUTE,0,CYCLES,BACKEND,SUB-EVENT,_Unsqueeze_5:OpId_130 (cycles)
3991181053,EXECUTE,39746,CYCLES,BACKEND,SUB-EVENT,_MatMul_4:OpId_131 (cycles)
3991181053,EXECUTE,0,CYCLES,BACKEND,SUB-EVENT,_Reshape_6:OpId_135 (cycles)
3991181053,EXECUTE,0,CYCLES,BACKEND,SUB-EVENT,_Transpose_4:OpId_137 (cycles)
3991181053,EXECUTE,13069,CYCLES,BACKEND,SUB-EVENT,_MatMul_5:OpId_139 (cycles)
3991181053,EXECUTE,0,CYCLES,BACKEND,SUB-EVENT,_MatMul_5_post_reshape:OpId_142 (cycles)
3991181053,EXECUTE,0,CYCLES,BACKEND,SUB-EVENT,_MatMul_5_output_0_nfc:OpId_144 (cycles)
3991181053,EXECUTE,64915,CYCLES,BACKEND,SUB-EVENT,_Add_7:OpId_146 (cycles)
3991181053,EXECUTE,228,CYCLES,BACKEND,SUB-EVENT,_Add_7_output_0_ncf:OpId_149 (cycles)
3991181053,EXECUTE,2049,CYCLES,BACKEND,SUB-EVENT,rms_norm__Mul_11_output_0:OpId_154 (cycles)
3991181053,EXECUTE,0,CYCLES,BACKEND,SUB-EVENT,_MatMul_6:OpId_158 (cycles)
3991181053,EXECUTE,0,CYCLES,BACKEND,SUB-EVENT,_MatMul_6_post_reshape:OpId_161 (cycles)
3991181053,EXECUTE,198691,CYCLES,BACKEND,SUB-EVENT,_MatMul_7:OpId_163 (cycles)
3991181053,EXECUTE,0,CYCLES,BACKEND,SUB-EVENT,_MatMul_7_post_reshape:OpId_166 (cycles)
3991181053,EXECUTE,0,CYCLES,BACKEND,SUB-EVENT,_Sigmoid:OpId_167 (cycles)
3991181053,EXECUTE,178411,CYCLES,BACKEND,SUB-EVENT,_Mul_12:OpId_174 (cycles)
3991181053,EXECUTE,22134,CYCLES,BACKEND,SUB-EVENT,_Mul_13:OpId_176 (cycles)
3991181053,EXECUTE,290180,CYCLES,BACKEND,SUB-EVENT,_MatMul_8:OpId_179 (cycles)
3991181053,EXECUTE,0,CYCLES,BACKEND,SUB-EVENT,_MatMul_8_post_reshape:OpId_182 (cycles)
3991181053,EXECUTE,0,CYCLES,BACKEND,SUB-EVENT,_MatMul_8_output_0_nfc:OpId_184 (cycles)
3991181053,EXECUTE,15263,CYCLES,BACKEND,SUB-EVENT,_Add_9:OpId_186 (cycles)
3991181053,EXECUTE,30524,CYCLES,BACKEND,SUB-EVENT,Output OpId_3 (cycles)
3991181053,EXECUTE,3513,US,BACKEND,ROOT,Accelerator (execute) time
3991181053,EXECUTE,3398,US,BACKEND,ROOT,Accelerator (execute excluding wait) time
3991181053,EXECUTE,10272,US,BACKEND,ROOT,QNN (execute) time
3991202966,EXECUTE,11991,US,NETRUN,ROOT,Graph 0: qwen2_0_5b_layer0_decode_past128_grouped_gqa
3991202966,EXECUTE,4,COUNT,BACKEND,ROOT,Number of HVX threads used
3991202966,EXECUTE,11032,US,BACKEND,ROOT,RPC (execute) time
3991202966,EXECUTE,9540,US,BACKEND,ROOT,QNN accelerator (execute) time
3991202966,EXECUTE,0,COUNT,BACKEND,ROOT,Num times yield occured
3991202966,EXECUTE,591,US,BACKEND,ROOT,Time for initial VTCM acquire
3991202966,EXECUTE,210,US,BACKEND,ROOT,Time for HVX + HMX power on and acquire
3991202966,EXECUTE,2056938,CYCLES,BACKEND,ROOT,Accelerator (execute) time (cycles)
3991202966,EXECUTE,65256,CYCLES,BACKEND,SUB-EVENT,Input OpId_2 (cycles)
3991202966,EXECUTE,9131,CYCLES,BACKEND,SUB-EVENT,hidden_states_ncf:OpId_17 (cycles)
3991202966,EXECUTE,31437,CYCLES,BACKEND,SUB-EVENT,past_value_nchw:OpId_20 (cycles)
3991202966,EXECUTE,14702,CYCLES,BACKEND,SUB-EVENT,rms_norm__Mul_1_output_0:OpId_24 (cycles)
3991202966,EXECUTE,24629,CYCLES,BACKEND,SUB-EVENT,_MatMul:OpId_29 (cycles)
3991202966,EXECUTE,0,CYCLES,BACKEND,SUB-EVENT,_MatMul_post_reshape:OpId_31 (cycles)
3991202966,EXECUTE,4215,CYCLES,BACKEND,SUB-EVENT,_MatMul_1:OpId_34 (cycles)
3991202966,EXECUTE,3638,CYCLES,BACKEND,SUB-EVENT,_MatMul_1_post_reshape:OpId_36 (cycles)
3991202966,EXECUTE,4256,CYCLES,BACKEND,SUB-EVENT,_MatMul_2:OpId_39 (cycles)
3991202966,EXECUTE,4836,CYCLES,BACKEND,SUB-EVENT,_MatMul_2_post_reshape:OpId_41 (cycles)
3991202966,EXECUTE,515,CYCLES,BACKEND,SUB-EVENT,_Transpose:OpId_43 (cycles)
3991202966,EXECUTE,1491,CYCLES,BACKEND,SUB-EVENT,_Transpose_1:OpId_45 (cycles)
3991202966,EXECUTE,1277,CYCLES,BACKEND,SUB-EVENT,_Transpose_2:OpId_47 (cycles)
3991202966,EXECUTE,26517,CYCLES,BACKEND,SUB-EVENT,_Slice:OpId_49 (cycles)
3991202966,EXECUTE,11574,CYCLES,BACKEND,SUB-EVENT,_Slice_1:OpId_55 (cycles)
3991202966,EXECUTE,3006,CYCLES,BACKEND,SUB-EVENT,_Mul_2:OpId_61 (cycles)
3991202966,EXECUTE,2984,CYCLES,BACKEND,SUB-EVENT,_Mul_3:OpId_64 (cycles)
3991202966,EXECUTE,254,CYCLES,BACKEND,SUB-EVENT,_Sub:OpId_66 (cycles)
3991202966,EXECUTE,2963,CYCLES,BACKEND,SUB-EVENT,_Mul_4:OpId_68 (cycles)
3991202966,EXECUTE,1162,CYCLES,BACKEND,SUB-EVENT,_Mul_5:OpId_70 (cycles)
3991202966,EXECUTE,8942,CYCLES,BACKEND,SUB-EVENT,_Add_4:OpId_72 (cycles)
3991202966,EXECUTE,0,CYCLES,BACKEND,SUB-EVENT,_Unsqueeze:OpId_74 (cycles)
3991202966,EXECUTE,0,CYCLES,BACKEND,SUB-EVENT,_Unsqueeze_1:OpId_75 (cycles)
3991202966,EXECUTE,728,CYCLES,BACKEND,SUB-EVENT,_Concat:OpId_76 (cycles)
3991202966,EXECUTE,616,CYCLES,BACKEND,SUB-EVENT,_Reshape_3:OpId_78 (cycles)
3991202966,EXECUTE,47012,CYCLES,BACKEND,SUB-EVENT,_Slice_3:OpId_80 (cycles)
3991202966,EXECUTE,8870,CYCLES,BACKEND,SUB-EVENT,_Slice_4:OpId_86 (cycles)
3991202966,EXECUTE,25137,CYCLES,BACKEND,SUB-EVENT,_Mul_6:OpId_91 (cycles)
3991202966,EXECUTE,25108,CYCLES,BACKEND,SUB-EVENT,_Mul_7:OpId_93 (cycles)
3991202966,EXECUTE,3581,CYCLES,BACKEND,SUB-EVENT,_Sub_1:OpId_95 (cycles)
3991202966,EXECUTE,25082,CYCLES,BACKEND,SUB-EVENT,_Mul_8:OpId_97 (cycles)
3991202966,EXECUTE,25053,CYCLES,BACKEND,SUB-EVENT,_Mul_9:OpId_99 (cycles)
3991202966,EXECUTE,4674,CYCLES,BACKEND,SUB-EVENT,_Add_5:OpId_101 (cycles)
3991202966,EXECUTE,0,CYCLES,BACKEND,SUB-EVENT,_Unsqueeze_2:OpId_103 (cycles)
3991202966,EXECUTE,0,CYCLES,BACKEND,SUB-EVENT,_Unsqueeze_3:OpId_104 (cycles)
3991202966,EXECUTE,6647,CYCLES,BACKEND,SUB-EVENT,_Concat_2:OpId_105 (cycles)
3991202966,EXECUTE,0,CYCLES,BACKEND,SUB-EVENT,_Reshape_4:OpId_107 (cycles)
3991202966,EXECUTE,4616,CYCLES,BACKEND,SUB-EVENT,_Reshape_4_output_0_nhwc:OpId_109 (cycles)
3991202966,EXECUTE,4794,CYCLES,BACKEND,SUB-EVENT,_Concat_4:OpId_110 (cycles)
3991202966,EXECUTE,346454,CYCLES,BACKEND,SUB-EVENT,present_key_nchw:OpId_113 (cycles)
3991202966,EXECUTE,27175,CYCLES,BACKEND,SUB-EVENT,_Concat_5:OpId_114 (cycles)
3991202966,EXECUTE,0,CYCLES,BACKEND,SUB-EVENT,_Unsqueeze_4:OpId_116 (cycles)
3991202966,EXECUTE,34346,CYCLES,BACKEND,SUB-EVENT,_MatMul_3:OpId_117 (cycles)
3991202966,EXECUTE,9335,CYCLES,BACKEND,SUB-EVENT,_Div_1:OpId_122 (cycles)
3991202966,EXECUTE,0,CYCLES,BACKEND,SUB-EVENT,_Add_6:OpId_125 (cycles)
3991202966,EXECUTE,33691,CYCLES,BACKEND,SUB-EVENT,_Softmax:OpId_127 (cycles)
3991202966,EXECUTE,0,CYCLES,BACKEND,SUB-EVENT,_Unsqueeze_5:OpId_130 (cycles)
3991202966,EXECUTE,51123,CYCLES,BACKEND,SUB-EVENT,_MatMul_4:OpId_131 (cycles)
3991202966,EXECUTE,0,CYCLES,BACKEND,SUB-EVENT,_Reshape_6:OpId_135 (cycles)
3991202966,EXECUTE,0,CYCLES,BACKEND,SUB-EVENT,_Transpose_4:OpId_137 (cycles)
3991202966,EXECUTE,16651,CYCLES,BACKEND,SUB-EVENT,_MatMul_5:OpId_139 (cycles)
3991202966,EXECUTE,0,CYCLES,BACKEND,SUB-EVENT,_MatMul_5_post_reshape:OpId_142 (cycles)
3991202966,EXECUTE,0,CYCLES,BACKEND,SUB-EVENT,_MatMul_5_output_0_nfc:OpId_144 (cycles)
3991202966,EXECUTE,76005,CYCLES,BACKEND,SUB-EVENT,_Add_7:OpId_146 (cycles)
3991202966,EXECUTE,223,CYCLES,BACKEND,SUB-EVENT,_Add_7_output_0_ncf:OpId_149 (cycles)
3991202966,EXECUTE,2037,CYCLES,BACKEND,SUB-EVENT,rms_norm__Mul_11_output_0:OpId_154 (cycles)
3991202966,EXECUTE,0,CYCLES,BACKEND,SUB-EVENT,_MatMul_6:OpId_158 (cycles)
3991202966,EXECUTE,0,CYCLES,BACKEND,SUB-EVENT,_MatMul_6_post_reshape:OpId_161 (cycles)
3991202966,EXECUTE,311010,CYCLES,BACKEND,SUB-EVENT,_MatMul_7:OpId_163 (cycles)
3991202966,EXECUTE,0,CYCLES,BACKEND,SUB-EVENT,_MatMul_7_post_reshape:OpId_166 (cycles)
3991202966,EXECUTE,0,CYCLES,BACKEND,SUB-EVENT,_Sigmoid:OpId_167 (cycles)
3991202966,EXECUTE,252323,CYCLES,BACKEND,SUB-EVENT,_Mul_12:OpId_174 (cycles)
3991202966,EXECUTE,25667,CYCLES,BACKEND,SUB-EVENT,_Mul_13:OpId_176 (cycles)
3991202966,EXECUTE,410332,CYCLES,BACKEND,SUB-EVENT,_MatMul_8:OpId_179 (cycles)
3991202966,EXECUTE,0,CYCLES,BACKEND,SUB-EVENT,_MatMul_8_post_reshape:OpId_182 (cycles)
3991202966,EXECUTE,0,CYCLES,BACKEND,SUB-EVENT,_MatMul_8_output_0_nfc:OpId_184 (cycles)
3991202966,EXECUTE,14856,CYCLES,BACKEND,SUB-EVENT,_Add_9:OpId_186 (cycles)
3991202966,EXECUTE,41007,CYCLES,BACKEND,SUB-EVENT,Output OpId_3 (cycles)
3991202966,EXECUTE,4401,US,BACKEND,ROOT,Accelerator (execute) time
3991202966,EXECUTE,4275,US,BACKEND,ROOT,Accelerator (execute excluding wait) time
3991202966,EXECUTE,11942,US,BACKEND,ROOT,QNN (execute) time
3991235709,EXECUTE,11812,US,NETRUN,ROOT,Graph 0: qwen2_0_5b_layer0_decode_past128_grouped_gqa
3991235709,EXECUTE,4,COUNT,BACKEND,ROOT,Number of HVX threads used
3991235709,EXECUTE,10698,US,BACKEND,ROOT,RPC (execute) time
3991235709,EXECUTE,9619,US,BACKEND,ROOT,QNN accelerator (execute) time
3991235709,EXECUTE,0,COUNT,BACKEND,ROOT,Num times yield occured
3991235709,EXECUTE,900,US,BACKEND,ROOT,Time for initial VTCM acquire
3991235709,EXECUTE,276,US,BACKEND,ROOT,Time for HVX + HMX power on and acquire
3991235709,EXECUTE,2016412,CYCLES,BACKEND,ROOT,Accelerator (execute) time (cycles)
3991235709,EXECUTE,74015,CYCLES,BACKEND,SUB-EVENT,Input OpId_2 (cycles)
3991235709,EXECUTE,9191,CYCLES,BACKEND,SUB-EVENT,hidden_states_ncf:OpId_17 (cycles)
3991235709,EXECUTE,34501,CYCLES,BACKEND,SUB-EVENT,past_value_nchw:OpId_20 (cycles)
3991235709,EXECUTE,6732,CYCLES,BACKEND,SUB-EVENT,rms_norm__Mul_1_output_0:OpId_24 (cycles)
3991235709,EXECUTE,27107,CYCLES,BACKEND,SUB-EVENT,_MatMul:OpId_29 (cycles)
3991235709,EXECUTE,0,CYCLES,BACKEND,SUB-EVENT,_MatMul_post_reshape:OpId_31 (cycles)
3991235709,EXECUTE,4231,CYCLES,BACKEND,SUB-EVENT,_MatMul_1:OpId_34 (cycles)
3991235709,EXECUTE,3956,CYCLES,BACKEND,SUB-EVENT,_MatMul_1_post_reshape:OpId_36 (cycles)
3991235709,EXECUTE,3953,CYCLES,BACKEND,SUB-EVENT,_MatMul_2:OpId_39 (cycles)
3991235709,EXECUTE,5270,CYCLES,BACKEND,SUB-EVENT,_MatMul_2_post_reshape:OpId_41 (cycles)
3991235709,EXECUTE,537,CYCLES,BACKEND,SUB-EVENT,_Transpose:OpId_43 (cycles)
3991235709,EXECUTE,959,CYCLES,BACKEND,SUB-EVENT,_Transpose_1:OpId_45 (cycles)
3991235709,EXECUTE,764,CYCLES,BACKEND,SUB-EVENT,_Transpose_2:OpId_47 (cycles)
3991235709,EXECUTE,24991,CYCLES,BACKEND,SUB-EVENT,_Slice:OpId_49 (cycles)
3991235709,EXECUTE,7393,CYCLES,BACKEND,SUB-EVENT,_Slice_1:OpId_55 (cycles)
3991235709,EXECUTE,2987,CYCLES,BACKEND,SUB-EVENT,_Mul_2:OpId_61 (cycles)
3991235709,EXECUTE,1488,CYCLES,BACKEND,SUB-EVENT,_Mul_3:OpId_64 (cycles)
3991235709,EXECUTE,253,CYCLES,BACKEND,SUB-EVENT,_Sub:OpId_66 (cycles)
3991235709,EXECUTE,3659,CYCLES,BACKEND,SUB-EVENT,_Mul_4:OpId_68 (cycles)
3991235709,EXECUTE,1473,CYCLES,BACKEND,SUB-EVENT,_Mul_5:OpId_70 (cycles)
3991235709,EXECUTE,3674,CYCLES,BACKEND,SUB-EVENT,_Add_4:OpId_72 (cycles)
3991235709,EXECUTE,0,CYCLES,BACKEND,SUB-EVENT,_Unsqueeze:OpId_74 (cycles)
3991235709,EXECUTE,0,CYCLES,BACKEND,SUB-EVENT,_Unsqueeze_1:OpId_75 (cycles)
3991235709,EXECUTE,884,CYCLES,BACKEND,SUB-EVENT,_Concat:OpId_76 (cycles)
3991235709,EXECUTE,590,CYCLES,BACKEND,SUB-EVENT,_Reshape_3:OpId_78 (cycles)
3991235709,EXECUTE,60774,CYCLES,BACKEND,SUB-EVENT,_Slice_3:OpId_80 (cycles)
3991235709,EXECUTE,7988,CYCLES,BACKEND,SUB-EVENT,_Slice_4:OpId_86 (cycles)
3991235709,EXECUTE,21639,CYCLES,BACKEND,SUB-EVENT,_Mul_6:OpId_91 (cycles)
3991235709,EXECUTE,21572,CYCLES,BACKEND,SUB-EVENT,_Mul_7:OpId_93 (cycles)
3991235709,EXECUTE,3540,CYCLES,BACKEND,SUB-EVENT,_Sub_1:OpId_95 (cycles)
3991235709,EXECUTE,21569,CYCLES,BACKEND,SUB-EVENT,_Mul_8:OpId_97 (cycles)
3991235709,EXECUTE,29521,CYCLES,BACKEND,SUB-EVENT,_Mul_9:OpId_99 (cycles)
3991235709,EXECUTE,2359,CYCLES,BACKEND,SUB-EVENT,_Add_5:OpId_101 (cycles)
3991235709,EXECUTE,0,CYCLES,BACKEND,SUB-EVENT,_Unsqueeze_2:OpId_103 (cycles)
3991235709,EXECUTE,0,CYCLES,BACKEND,SUB-EVENT,_Unsqueeze_3:OpId_104 (cycles)
3991235709,EXECUTE,5758,CYCLES,BACKEND,SUB-EVENT,_Concat_2:OpId_105 (cycles)
3991235709,EXECUTE,0,CYCLES,BACKEND,SUB-EVENT,_Reshape_4:OpId_107 (cycles)
3991235709,EXECUTE,3889,CYCLES,BACKEND,SUB-EVENT,_Reshape_4_output_0_nhwc:OpId_109 (cycles)
3991235709,EXECUTE,4928,CYCLES,BACKEND,SUB-EVENT,_Concat_4:OpId_110 (cycles)
3991235709,EXECUTE,344135,CYCLES,BACKEND,SUB-EVENT,present_key_nchw:OpId_113 (cycles)
3991235709,EXECUTE,29580,CYCLES,BACKEND,SUB-EVENT,_Concat_5:OpId_114 (cycles)
3991235709,EXECUTE,0,CYCLES,BACKEND,SUB-EVENT,_Unsqueeze_4:OpId_116 (cycles)
3991235709,EXECUTE,34838,CYCLES,BACKEND,SUB-EVENT,_MatMul_3:OpId_117 (cycles)
3991235709,EXECUTE,10111,CYCLES,BACKEND,SUB-EVENT,_Div_1:OpId_122 (cycles)
3991235709,EXECUTE,0,CYCLES,BACKEND,SUB-EVENT,_Add_6:OpId_125 (cycles)
3991235709,EXECUTE,30053,CYCLES,BACKEND,SUB-EVENT,_Softmax:OpId_127 (cycles)
3991235709,EXECUTE,0,CYCLES,BACKEND,SUB-EVENT,_Unsqueeze_5:OpId_130 (cycles)
3991235709,EXECUTE,40502,CYCLES,BACKEND,SUB-EVENT,_MatMul_4:OpId_131 (cycles)
3991235709,EXECUTE,0,CYCLES,BACKEND,SUB-EVENT,_Reshape_6:OpId_135 (cycles)
3991235709,EXECUTE,0,CYCLES,BACKEND,SUB-EVENT,_Transpose_4:OpId_137 (cycles)
3991235709,EXECUTE,17940,CYCLES,BACKEND,SUB-EVENT,_MatMul_5:OpId_139 (cycles)
3991235709,EXECUTE,0,CYCLES,BACKEND,SUB-EVENT,_MatMul_5_post_reshape:OpId_142 (cycles)
3991235709,EXECUTE,0,CYCLES,BACKEND,SUB-EVENT,_MatMul_5_output_0_nfc:OpId_144 (cycles)
3991235709,EXECUTE,82491,CYCLES,BACKEND,SUB-EVENT,_Add_7:OpId_146 (cycles)
3991235709,EXECUTE,228,CYCLES,BACKEND,SUB-EVENT,_Add_7_output_0_ncf:OpId_149 (cycles)
3991235709,EXECUTE,2001,CYCLES,BACKEND,SUB-EVENT,rms_norm__Mul_11_output_0:OpId_154 (cycles)
3991235709,EXECUTE,0,CYCLES,BACKEND,SUB-EVENT,_MatMul_6:OpId_158 (cycles)
3991235709,EXECUTE,0,CYCLES,BACKEND,SUB-EVENT,_MatMul_6_post_reshape:OpId_161 (cycles)
3991235709,EXECUTE,298830,CYCLES,BACKEND,SUB-EVENT,_MatMul_7:OpId_163 (cycles)
3991235709,EXECUTE,0,CYCLES,BACKEND,SUB-EVENT,_MatMul_7_post_reshape:OpId_166 (cycles)
3991235709,EXECUTE,0,CYCLES,BACKEND,SUB-EVENT,_Sigmoid:OpId_167 (cycles)
3991235709,EXECUTE,243718,CYCLES,BACKEND,SUB-EVENT,_Mul_12:OpId_174 (cycles)
3991235709,EXECUTE,25590,CYCLES,BACKEND,SUB-EVENT,_Mul_13:OpId_176 (cycles)
3991235709,EXECUTE,397509,CYCLES,BACKEND,SUB-EVENT,_MatMul_8:OpId_179 (cycles)
3991235709,EXECUTE,0,CYCLES,BACKEND,SUB-EVENT,_MatMul_8_post_reshape:OpId_182 (cycles)
3991235709,EXECUTE,0,CYCLES,BACKEND,SUB-EVENT,_MatMul_8_output_0_nfc:OpId_184 (cycles)
3991235709,EXECUTE,15294,CYCLES,BACKEND,SUB-EVENT,_Add_9:OpId_186 (cycles)
3991235709,EXECUTE,41447,CYCLES,BACKEND,SUB-EVENT,Output OpId_3 (cycles)
3991235709,EXECUTE,4374,US,BACKEND,ROOT,Accelerator (execute) time
3991235709,EXECUTE,4211,US,BACKEND,ROOT,Accelerator (execute excluding wait) time
3991235709,EXECUTE,11761,US,BACKEND,ROOT,QNN (execute) time
3991269180,EXECUTE,12278,US,NETRUN,ROOT,Graph 0: qwen2_0_5b_layer0_decode_past128_grouped_gqa
3991269180,EXECUTE,4,COUNT,BACKEND,ROOT,Number of HVX threads used
3991269180,EXECUTE,11318,US,BACKEND,ROOT,RPC (execute) time
3991269180,EXECUTE,10257,US,BACKEND,ROOT,QNN accelerator (execute) time
3991269180,EXECUTE,0,COUNT,BACKEND,ROOT,Num times yield occured
3991269180,EXECUTE,603,US,BACKEND,ROOT,Time for initial VTCM acquire
3991269180,EXECUTE,223,US,BACKEND,ROOT,Time for HVX + HMX power on and acquire
3991269180,EXECUTE,2143265,CYCLES,BACKEND,ROOT,Accelerator (execute) time (cycles)
3991269180,EXECUTE,33091,CYCLES,BACKEND,SUB-EVENT,Input OpId_2 (cycles)
3991269180,EXECUTE,1581,CYCLES,BACKEND,SUB-EVENT,hidden_states_ncf:OpId_17 (cycles)
3991269180,EXECUTE,27424,CYCLES,BACKEND,SUB-EVENT,past_value_nchw:OpId_20 (cycles)
3991269180,EXECUTE,5544,CYCLES,BACKEND,SUB-EVENT,rms_norm__Mul_1_output_0:OpId_24 (cycles)
3991269180,EXECUTE,80020,CYCLES,BACKEND,SUB-EVENT,_MatMul:OpId_29 (cycles)
3991269180,EXECUTE,0,CYCLES,BACKEND,SUB-EVENT,_MatMul_post_reshape:OpId_31 (cycles)
3991269180,EXECUTE,2012,CYCLES,BACKEND,SUB-EVENT,_MatMul_1:OpId_34 (cycles)
3991269180,EXECUTE,22168,CYCLES,BACKEND,SUB-EVENT,_MatMul_1_post_reshape:OpId_36 (cycles)
3991269180,EXECUTE,7200,CYCLES,BACKEND,SUB-EVENT,_MatMul_2:OpId_39 (cycles)
3991269180,EXECUTE,23304,CYCLES,BACKEND,SUB-EVENT,_MatMul_2_post_reshape:OpId_41 (cycles)
3991269180,EXECUTE,454,CYCLES,BACKEND,SUB-EVENT,_Transpose:OpId_43 (cycles)
3991269180,EXECUTE,1666,CYCLES,BACKEND,SUB-EVENT,_Transpose_1:OpId_45 (cycles)
3991269180,EXECUTE,1500,CYCLES,BACKEND,SUB-EVENT,_Transpose_2:OpId_47 (cycles)
3991269180,EXECUTE,23756,CYCLES,BACKEND,SUB-EVENT,_Slice:OpId_49 (cycles)
3991269180,EXECUTE,5063,CYCLES,BACKEND,SUB-EVENT,_Slice_1:OpId_55 (cycles)
3991269180,EXECUTE,1976,CYCLES,BACKEND,SUB-EVENT,_Mul_2:OpId_61 (cycles)
3991269180,EXECUTE,2026,CYCLES,BACKEND,SUB-EVENT,_Mul_3:OpId_64 (cycles)
3991269180,EXECUTE,227,CYCLES,BACKEND,SUB-EVENT,_Sub:OpId_66 (cycles)
3991269180,EXECUTE,1956,CYCLES,BACKEND,SUB-EVENT,_Mul_4:OpId_68 (cycles)
3991269180,EXECUTE,1939,CYCLES,BACKEND,SUB-EVENT,_Mul_5:OpId_70 (cycles)
3991269180,EXECUTE,2720,CYCLES,BACKEND,SUB-EVENT,_Add_4:OpId_72 (cycles)
3991269180,EXECUTE,0,CYCLES,BACKEND,SUB-EVENT,_Unsqueeze:OpId_74 (cycles)
3991269180,EXECUTE,0,CYCLES,BACKEND,SUB-EVENT,_Unsqueeze_1:OpId_75 (cycles)
3991269180,EXECUTE,814,CYCLES,BACKEND,SUB-EVENT,_Concat:OpId_76 (cycles)
3991269180,EXECUTE,597,CYCLES,BACKEND,SUB-EVENT,_Reshape_3:OpId_78 (cycles)
3991269180,EXECUTE,23459,CYCLES,BACKEND,SUB-EVENT,_Slice_3:OpId_80 (cycles)
3991269180,EXECUTE,4852,CYCLES,BACKEND,SUB-EVENT,_Slice_4:OpId_86 (cycles)
3991269180,EXECUTE,5619,CYCLES,BACKEND,SUB-EVENT,_Mul_6:OpId_91 (cycles)
3991269180,EXECUTE,5566,CYCLES,BACKEND,SUB-EVENT,_Mul_7:OpId_93 (cycles)
3991269180,EXECUTE,449,CYCLES,BACKEND,SUB-EVENT,_Sub_1:OpId_95 (cycles)
3991269180,EXECUTE,5549,CYCLES,BACKEND,SUB-EVENT,_Mul_8:OpId_97 (cycles)
3991269180,EXECUTE,5513,CYCLES,BACKEND,SUB-EVENT,_Mul_9:OpId_99 (cycles)
3991269180,EXECUTE,1466,CYCLES,BACKEND,SUB-EVENT,_Add_5:OpId_101 (cycles)
3991269180,EXECUTE,0,CYCLES,BACKEND,SUB-EVENT,_Unsqueeze_2:OpId_103 (cycles)
3991269180,EXECUTE,0,CYCLES,BACKEND,SUB-EVENT,_Unsqueeze_3:OpId_104 (cycles)
3991269180,EXECUTE,2026,CYCLES,BACKEND,SUB-EVENT,_Concat_2:OpId_105 (cycles)
3991269180,EXECUTE,0,CYCLES,BACKEND,SUB-EVENT,_Reshape_4:OpId_107 (cycles)
3991269180,EXECUTE,903,CYCLES,BACKEND,SUB-EVENT,_Reshape_4_output_0_nhwc:OpId_109 (cycles)
3991269180,EXECUTE,3078,CYCLES,BACKEND,SUB-EVENT,_Concat_4:OpId_110 (cycles)
3991269180,EXECUTE,371508,CYCLES,BACKEND,SUB-EVENT,present_key_nchw:OpId_113 (cycles)
3991269180,EXECUTE,15815,CYCLES,BACKEND,SUB-EVENT,_Concat_5:OpId_114 (cycles)
3991269180,EXECUTE,0,CYCLES,BACKEND,SUB-EVENT,_Unsqueeze_4:OpId_116 (cycles)
3991269180,EXECUTE,35069,CYCLES,BACKEND,SUB-EVENT,_MatMul_3:OpId_117 (cycles)
3991269180,EXECUTE,7235,CYCLES,BACKEND,SUB-EVENT,_Div_1:OpId_122 (cycles)
3991269180,EXECUTE,0,CYCLES,BACKEND,SUB-EVENT,_Add_6:OpId_125 (cycles)
3991269180,EXECUTE,24294,CYCLES,BACKEND,SUB-EVENT,_Softmax:OpId_127 (cycles)
3991269180,EXECUTE,0,CYCLES,BACKEND,SUB-EVENT,_Unsqueeze_5:OpId_130 (cycles)
3991269180,EXECUTE,30708,CYCLES,BACKEND,SUB-EVENT,_MatMul_4:OpId_131 (cycles)
3991269180,EXECUTE,0,CYCLES,BACKEND,SUB-EVENT,_Reshape_6:OpId_135 (cycles)
3991269180,EXECUTE,0,CYCLES,BACKEND,SUB-EVENT,_Transpose_4:OpId_137 (cycles)
3991269180,EXECUTE,53977,CYCLES,BACKEND,SUB-EVENT,_MatMul_5:OpId_139 (cycles)
3991269180,EXECUTE,0,CYCLES,BACKEND,SUB-EVENT,_MatMul_5_post_reshape:OpId_142 (cycles)
3991269180,EXECUTE,0,CYCLES,BACKEND,SUB-EVENT,_MatMul_5_output_0_nfc:OpId_144 (cycles)
3991269180,EXECUTE,53075,CYCLES,BACKEND,SUB-EVENT,_Add_7:OpId_146 (cycles)
3991269180,EXECUTE,303,CYCLES,BACKEND,SUB-EVENT,_Add_7_output_0_ncf:OpId_149 (cycles)
3991269180,EXECUTE,2034,CYCLES,BACKEND,SUB-EVENT,rms_norm__Mul_11_output_0:OpId_154 (cycles)
3991269180,EXECUTE,0,CYCLES,BACKEND,SUB-EVENT,_MatMul_6:OpId_158 (cycles)
3991269180,EXECUTE,0,CYCLES,BACKEND,SUB-EVENT,_MatMul_6_post_reshape:OpId_161 (cycles)
3991269180,EXECUTE,429568,CYCLES,BACKEND,SUB-EVENT,_MatMul_7:OpId_163 (cycles)
3991269180,EXECUTE,0,CYCLES,BACKEND,SUB-EVENT,_MatMul_7_post_reshape:OpId_166 (cycles)
3991269180,EXECUTE,0,CYCLES,BACKEND,SUB-EVENT,_Sigmoid:OpId_167 (cycles)
3991269180,EXECUTE,352742,CYCLES,BACKEND,SUB-EVENT,_Mul_12:OpId_174 (cycles)
3991269180,EXECUTE,24806,CYCLES,BACKEND,SUB-EVENT,_Mul_13:OpId_176 (cycles)
3991269180,EXECUTE,402639,CYCLES,BACKEND,SUB-EVENT,_MatMul_8:OpId_179 (cycles)
3991269180,EXECUTE,0,CYCLES,BACKEND,SUB-EVENT,_MatMul_8_post_reshape:OpId_182 (cycles)
3991269180,EXECUTE,0,CYCLES,BACKEND,SUB-EVENT,_MatMul_8_output_0_nfc:OpId_184 (cycles)
3991269180,EXECUTE,14912,CYCLES,BACKEND,SUB-EVENT,_Add_9:OpId_186 (cycles)
3991269180,EXECUTE,19062,CYCLES,BACKEND,SUB-EVENT,Output OpId_3 (cycles)
3991269180,EXECUTE,5000,US,BACKEND,ROOT,Accelerator (execute) time
3991269180,EXECUTE,4864,US,BACKEND,ROOT,Accelerator (execute excluding wait) time
3991269180,EXECUTE,12230,US,BACKEND,ROOT,QNN (execute) time
3991301275,EXECUTE,11822,US,NETRUN,ROOT,Graph 0: qwen2_0_5b_layer0_decode_past128_grouped_gqa
3991301275,EXECUTE,4,COUNT,BACKEND,ROOT,Number of HVX threads used
3991301275,EXECUTE,10788,US,BACKEND,ROOT,RPC (execute) time
3991301275,EXECUTE,9702,US,BACKEND,ROOT,QNN accelerator (execute) time
3991301275,EXECUTE,0,COUNT,BACKEND,ROOT,Num times yield occured
3991301275,EXECUTE,878,US,BACKEND,ROOT,Time for initial VTCM acquire
3991301275,EXECUTE,262,US,BACKEND,ROOT,Time for HVX + HMX power on and acquire
3991301275,EXECUTE,2060991,CYCLES,BACKEND,ROOT,Accelerator (execute) time (cycles)
3991301275,EXECUTE,66083,CYCLES,BACKEND,SUB-EVENT,Input OpId_2 (cycles)
3991301275,EXECUTE,6267,CYCLES,BACKEND,SUB-EVENT,hidden_states_ncf:OpId_17 (cycles)
3991301275,EXECUTE,33038,CYCLES,BACKEND,SUB-EVENT,past_value_nchw:OpId_20 (cycles)
3991301275,EXECUTE,7572,CYCLES,BACKEND,SUB-EVENT,rms_norm__Mul_1_output_0:OpId_24 (cycles)
3991301275,EXECUTE,31426,CYCLES,BACKEND,SUB-EVENT,_MatMul:OpId_29 (cycles)
3991301275,EXECUTE,0,CYCLES,BACKEND,SUB-EVENT,_MatMul_post_reshape:OpId_31 (cycles)
3991301275,EXECUTE,4175,CYCLES,BACKEND,SUB-EVENT,_MatMul_1:OpId_34 (cycles)
3991301275,EXECUTE,3942,CYCLES,BACKEND,SUB-EVENT,_MatMul_1_post_reshape:OpId_36 (cycles)
3991301275,EXECUTE,4748,CYCLES,BACKEND,SUB-EVENT,_MatMul_2:OpId_39 (cycles)
3991301275,EXECUTE,5065,CYCLES,BACKEND,SUB-EVENT,_MatMul_2_post_reshape:OpId_41 (cycles)
3991301275,EXECUTE,498,CYCLES,BACKEND,SUB-EVENT,_Transpose:OpId_43 (cycles)
3991301275,EXECUTE,1462,CYCLES,BACKEND,SUB-EVENT,_Transpose_1:OpId_45 (cycles)
3991301275,EXECUTE,1215,CYCLES,BACKEND,SUB-EVENT,_Transpose_2:OpId_47 (cycles)
3991301275,EXECUTE,33757,CYCLES,BACKEND,SUB-EVENT,_Slice:OpId_49 (cycles)
3991301275,EXECUTE,8229,CYCLES,BACKEND,SUB-EVENT,_Slice_1:OpId_55 (cycles)
3991301275,EXECUTE,3065,CYCLES,BACKEND,SUB-EVENT,_Mul_2:OpId_61 (cycles)
3991301275,EXECUTE,2719,CYCLES,BACKEND,SUB-EVENT,_Mul_3:OpId_64 (cycles)
3991301275,EXECUTE,258,CYCLES,BACKEND,SUB-EVENT,_Sub:OpId_66 (cycles)
3991301275,EXECUTE,3004,CYCLES,BACKEND,SUB-EVENT,_Mul_4:OpId_68 (cycles)
3991301275,EXECUTE,9664,CYCLES,BACKEND,SUB-EVENT,_Mul_5:OpId_70 (cycles)
3991301275,EXECUTE,3927,CYCLES,BACKEND,SUB-EVENT,_Add_4:OpId_72 (cycles)
3991301275,EXECUTE,0,CYCLES,BACKEND,SUB-EVENT,_Unsqueeze:OpId_74 (cycles)
3991301275,EXECUTE,0,CYCLES,BACKEND,SUB-EVENT,_Unsqueeze_1:OpId_75 (cycles)
3991301275,EXECUTE,945,CYCLES,BACKEND,SUB-EVENT,_Concat:OpId_76 (cycles)
3991301275,EXECUTE,647,CYCLES,BACKEND,SUB-EVENT,_Reshape_3:OpId_78 (cycles)
3991301275,EXECUTE,49004,CYCLES,BACKEND,SUB-EVENT,_Slice_3:OpId_80 (cycles)
3991301275,EXECUTE,8945,CYCLES,BACKEND,SUB-EVENT,_Slice_4:OpId_86 (cycles)
3991301275,EXECUTE,23425,CYCLES,BACKEND,SUB-EVENT,_Mul_6:OpId_91 (cycles)
3991301275,EXECUTE,23390,CYCLES,BACKEND,SUB-EVENT,_Mul_7:OpId_93 (cycles)
3991301275,EXECUTE,3683,CYCLES,BACKEND,SUB-EVENT,_Sub_1:OpId_95 (cycles)
3991301275,EXECUTE,23370,CYCLES,BACKEND,SUB-EVENT,_Mul_8:OpId_97 (cycles)
3991301275,EXECUTE,23356,CYCLES,BACKEND,SUB-EVENT,_Mul_9:OpId_99 (cycles)
3991301275,EXECUTE,4397,CYCLES,BACKEND,SUB-EVENT,_Add_5:OpId_101 (cycles)
3991301275,EXECUTE,0,CYCLES,BACKEND,SUB-EVENT,_Unsqueeze_2:OpId_103 (cycles)
3991301275,EXECUTE,0,CYCLES,BACKEND,SUB-EVENT,_Unsqueeze_3:OpId_104 (cycles)
3991301275,EXECUTE,5467,CYCLES,BACKEND,SUB-EVENT,_Concat_2:OpId_105 (cycles)
3991301275,EXECUTE,0,CYCLES,BACKEND,SUB-EVENT,_Reshape_4:OpId_107 (cycles)
3991301275,EXECUTE,4185,CYCLES,BACKEND,SUB-EVENT,_Reshape_4_output_0_nhwc:OpId_109 (cycles)
3991301275,EXECUTE,4407,CYCLES,BACKEND,SUB-EVENT,_Concat_4:OpId_110 (cycles)
3991301275,EXECUTE,374130,CYCLES,BACKEND,SUB-EVENT,present_key_nchw:OpId_113 (cycles)
3991301275,EXECUTE,27169,CYCLES,BACKEND,SUB-EVENT,_Concat_5:OpId_114 (cycles)
3991301275,EXECUTE,0,CYCLES,BACKEND,SUB-EVENT,_Unsqueeze_4:OpId_116 (cycles)
3991301275,EXECUTE,36698,CYCLES,BACKEND,SUB-EVENT,_MatMul_3:OpId_117 (cycles)
3991301275,EXECUTE,9890,CYCLES,BACKEND,SUB-EVENT,_Div_1:OpId_122 (cycles)
3991301275,EXECUTE,0,CYCLES,BACKEND,SUB-EVENT,_Add_6:OpId_125 (cycles)
3991301275,EXECUTE,27926,CYCLES,BACKEND,SUB-EVENT,_Softmax:OpId_127 (cycles)
3991301275,EXECUTE,0,CYCLES,BACKEND,SUB-EVENT,_Unsqueeze_5:OpId_130 (cycles)
3991301275,EXECUTE,48304,CYCLES,BACKEND,SUB-EVENT,_MatMul_4:OpId_131 (cycles)
3991301275,EXECUTE,0,CYCLES,BACKEND,SUB-EVENT,_Reshape_6:OpId_135 (cycles)
3991301275,EXECUTE,0,CYCLES,BACKEND,SUB-EVENT,_Transpose_4:OpId_137 (cycles)
3991301275,EXECUTE,15129,CYCLES,BACKEND,SUB-EVENT,_MatMul_5:OpId_139 (cycles)
3991301275,EXECUTE,0,CYCLES,BACKEND,SUB-EVENT,_MatMul_5_post_reshape:OpId_142 (cycles)
3991301275,EXECUTE,0,CYCLES,BACKEND,SUB-EVENT,_MatMul_5_output_0_nfc:OpId_144 (cycles)
3991301275,EXECUTE,88871,CYCLES,BACKEND,SUB-EVENT,_Add_7:OpId_146 (cycles)
3991301275,EXECUTE,247,CYCLES,BACKEND,SUB-EVENT,_Add_7_output_0_ncf:OpId_149 (cycles)
3991301275,EXECUTE,2029,CYCLES,BACKEND,SUB-EVENT,rms_norm__Mul_11_output_0:OpId_154 (cycles)
3991301275,EXECUTE,0,CYCLES,BACKEND,SUB-EVENT,_MatMul_6:OpId_158 (cycles)
3991301275,EXECUTE,0,CYCLES,BACKEND,SUB-EVENT,_MatMul_6_post_reshape:OpId_161 (cycles)
3991301275,EXECUTE,293413,CYCLES,BACKEND,SUB-EVENT,_MatMul_7:OpId_163 (cycles)
3991301275,EXECUTE,0,CYCLES,BACKEND,SUB-EVENT,_MatMul_7_post_reshape:OpId_166 (cycles)
3991301275,EXECUTE,0,CYCLES,BACKEND,SUB-EVENT,_Sigmoid:OpId_167 (cycles)
3991301275,EXECUTE,248094,CYCLES,BACKEND,SUB-EVENT,_Mul_12:OpId_174 (cycles)
3991301275,EXECUTE,24078,CYCLES,BACKEND,SUB-EVENT,_Mul_13:OpId_176 (cycles)
3991301275,EXECUTE,402144,CYCLES,BACKEND,SUB-EVENT,_MatMul_8:OpId_179 (cycles)
3991301275,EXECUTE,0,CYCLES,BACKEND,SUB-EVENT,_MatMul_8_post_reshape:OpId_182 (cycles)
3991301275,EXECUTE,0,CYCLES,BACKEND,SUB-EVENT,_MatMul_8_output_0_nfc:OpId_184 (cycles)
3991301275,EXECUTE,14968,CYCLES,BACKEND,SUB-EVENT,_Add_9:OpId_186 (cycles)
3991301275,EXECUTE,42566,CYCLES,BACKEND,SUB-EVENT,Output OpId_3 (cycles)
3991301275,EXECUTE,4441,US,BACKEND,ROOT,Accelerator (execute) time
3991301275,EXECUTE,4290,US,BACKEND,ROOT,Accelerator (execute excluding wait) time
3991301275,EXECUTE,11777,US,BACKEND,ROOT,QNN (execute) time
3991334391,EXECUTE,11955,US,NETRUN,ROOT,Graph 0: qwen2_0_5b_layer0_decode_past128_grouped_gqa
3991334391,EXECUTE,4,COUNT,BACKEND,ROOT,Number of HVX threads used
3991334391,EXECUTE,10579,US,BACKEND,ROOT,RPC (execute) time
3991334391,EXECUTE,9503,US,BACKEND,ROOT,QNN accelerator (execute) time
3991334391,EXECUTE,0,COUNT,BACKEND,ROOT,Num times yield occured
3991334391,EXECUTE,652,US,BACKEND,ROOT,Time for initial VTCM acquire
3991334391,EXECUTE,249,US,BACKEND,ROOT,Time for HVX + HMX power on and acquire
3991334391,EXECUTE,2039805,CYCLES,BACKEND,ROOT,Accelerator (execute) time (cycles)
3991334391,EXECUTE,70220,CYCLES,BACKEND,SUB-EVENT,Input OpId_2 (cycles)
3991334391,EXECUTE,6062,CYCLES,BACKEND,SUB-EVENT,hidden_states_ncf:OpId_17 (cycles)
3991334391,EXECUTE,35637,CYCLES,BACKEND,SUB-EVENT,past_value_nchw:OpId_20 (cycles)
3991334391,EXECUTE,5922,CYCLES,BACKEND,SUB-EVENT,rms_norm__Mul_1_output_0:OpId_24 (cycles)
3991334391,EXECUTE,31593,CYCLES,BACKEND,SUB-EVENT,_MatMul:OpId_29 (cycles)
3991334391,EXECUTE,0,CYCLES,BACKEND,SUB-EVENT,_MatMul_post_reshape:OpId_31 (cycles)
3991334391,EXECUTE,4422,CYCLES,BACKEND,SUB-EVENT,_MatMul_1:OpId_34 (cycles)
3991334391,EXECUTE,4578,CYCLES,BACKEND,SUB-EVENT,_MatMul_1_post_reshape:OpId_36 (cycles)
3991334391,EXECUTE,4814,CYCLES,BACKEND,SUB-EVENT,_MatMul_2:OpId_39 (cycles)
3991334391,EXECUTE,5819,CYCLES,BACKEND,SUB-EVENT,_MatMul_2_post_reshape:OpId_41 (cycles)
3991334391,EXECUTE,489,CYCLES,BACKEND,SUB-EVENT,_Transpose:OpId_43 (cycles)
3991334391,EXECUTE,1362,CYCLES,BACKEND,SUB-EVENT,_Transpose_1:OpId_45 (cycles)
3991334391,EXECUTE,1243,CYCLES,BACKEND,SUB-EVENT,_Transpose_2:OpId_47 (cycles)
3991334391,EXECUTE,27247,CYCLES,BACKEND,SUB-EVENT,_Slice:OpId_49 (cycles)
3991334391,EXECUTE,11245,CYCLES,BACKEND,SUB-EVENT,_Slice_1:OpId_55 (cycles)
3991334391,EXECUTE,2987,CYCLES,BACKEND,SUB-EVENT,_Mul_2:OpId_61 (cycles)
3991334391,EXECUTE,3036,CYCLES,BACKEND,SUB-EVENT,_Mul_3:OpId_64 (cycles)
3991334391,EXECUTE,248,CYCLES,BACKEND,SUB-EVENT,_Sub:OpId_66 (cycles)
3991334391,EXECUTE,3181,CYCLES,BACKEND,SUB-EVENT,_Mul_4:OpId_68 (cycles)
3991334391,EXECUTE,1333,CYCLES,BACKEND,SUB-EVENT,_Mul_5:OpId_70 (cycles)
3991334391,EXECUTE,4569,CYCLES,BACKEND,SUB-EVENT,_Add_4:OpId_72 (cycles)
3991334391,EXECUTE,0,CYCLES,BACKEND,SUB-EVENT,_Unsqueeze:OpId_74 (cycles)
3991334391,EXECUTE,0,CYCLES,BACKEND,SUB-EVENT,_Unsqueeze_1:OpId_75 (cycles)
3991334391,EXECUTE,869,CYCLES,BACKEND,SUB-EVENT,_Concat:OpId_76 (cycles)
3991334391,EXECUTE,574,CYCLES,BACKEND,SUB-EVENT,_Reshape_3:OpId_78 (cycles)
3991334391,EXECUTE,47260,CYCLES,BACKEND,SUB-EVENT,_Slice_3:OpId_80 (cycles)
3991334391,EXECUTE,9353,CYCLES,BACKEND,SUB-EVENT,_Slice_4:OpId_86 (cycles)
3991334391,EXECUTE,24728,CYCLES,BACKEND,SUB-EVENT,_Mul_6:OpId_91 (cycles)
3991334391,EXECUTE,24609,CYCLES,BACKEND,SUB-EVENT,_Mul_7:OpId_93 (cycles)
3991334391,EXECUTE,3779,CYCLES,BACKEND,SUB-EVENT,_Sub_1:OpId_95 (cycles)
3991334391,EXECUTE,24609,CYCLES,BACKEND,SUB-EVENT,_Mul_8:OpId_97 (cycles)
3991334391,EXECUTE,24703,CYCLES,BACKEND,SUB-EVENT,_Mul_9:OpId_99 (cycles)
3991334391,EXECUTE,4691,CYCLES,BACKEND,SUB-EVENT,_Add_5:OpId_101 (cycles)
3991334391,EXECUTE,0,CYCLES,BACKEND,SUB-EVENT,_Unsqueeze_2:OpId_103 (cycles)
3991334391,EXECUTE,0,CYCLES,BACKEND,SUB-EVENT,_Unsqueeze_3:OpId_104 (cycles)
3991334391,EXECUTE,8775,CYCLES,BACKEND,SUB-EVENT,_Concat_2:OpId_105 (cycles)
3991334391,EXECUTE,0,CYCLES,BACKEND,SUB-EVENT,_Reshape_4:OpId_107 (cycles)
3991334391,EXECUTE,4799,CYCLES,BACKEND,SUB-EVENT,_Reshape_4_output_0_nhwc:OpId_109 (cycles)
3991334391,EXECUTE,4564,CYCLES,BACKEND,SUB-EVENT,_Concat_4:OpId_110 (cycles)
3991334391,EXECUTE,344438,CYCLES,BACKEND,SUB-EVENT,present_key_nchw:OpId_113 (cycles)
3991334391,EXECUTE,28205,CYCLES,BACKEND,SUB-EVENT,_Concat_5:OpId_114 (cycles)
3991334391,EXECUTE,0,CYCLES,BACKEND,SUB-EVENT,_Unsqueeze_4:OpId_116 (cycles)
3991334391,EXECUTE,39275,CYCLES,BACKEND,SUB-EVENT,_MatMul_3:OpId_117 (cycles)
3991334391,EXECUTE,10462,CYCLES,BACKEND,SUB-EVENT,_Div_1:OpId_122 (cycles)
3991334391,EXECUTE,0,CYCLES,BACKEND,SUB-EVENT,_Add_6:OpId_125 (cycles)
3991334391,EXECUTE,26360,CYCLES,BACKEND,SUB-EVENT,_Softmax:OpId_127 (cycles)
3991334391,EXECUTE,0,CYCLES,BACKEND,SUB-EVENT,_Unsqueeze_5:OpId_130 (cycles)
3991334391,EXECUTE,48910,CYCLES,BACKEND,SUB-EVENT,_MatMul_4:OpId_131 (cycles)
3991334391,EXECUTE,0,CYCLES,BACKEND,SUB-EVENT,_Reshape_6:OpId_135 (cycles)
3991334391,EXECUTE,0,CYCLES,BACKEND,SUB-EVENT,_Transpose_4:OpId_137 (cycles)
3991334391,EXECUTE,13408,CYCLES,BACKEND,SUB-EVENT,_MatMul_5:OpId_139 (cycles)
3991334391,EXECUTE,0,CYCLES,BACKEND,SUB-EVENT,_MatMul_5_post_reshape:OpId_142 (cycles)
3991334391,EXECUTE,0,CYCLES,BACKEND,SUB-EVENT,_MatMul_5_output_0_nfc:OpId_144 (cycles)
3991334391,EXECUTE,87267,CYCLES,BACKEND,SUB-EVENT,_Add_7:OpId_146 (cycles)
3991334391,EXECUTE,253,CYCLES,BACKEND,SUB-EVENT,_Add_7_output_0_ncf:OpId_149 (cycles)
3991334391,EXECUTE,2025,CYCLES,BACKEND,SUB-EVENT,rms_norm__Mul_11_output_0:OpId_154 (cycles)
3991334391,EXECUTE,0,CYCLES,BACKEND,SUB-EVENT,_MatMul_6:OpId_158 (cycles)
3991334391,EXECUTE,0,CYCLES,BACKEND,SUB-EVENT,_MatMul_6_post_reshape:OpId_161 (cycles)
3991334391,EXECUTE,299794,CYCLES,BACKEND,SUB-EVENT,_MatMul_7:OpId_163 (cycles)
3991334391,EXECUTE,0,CYCLES,BACKEND,SUB-EVENT,_MatMul_7_post_reshape:OpId_166 (cycles)
3991334391,EXECUTE,0,CYCLES,BACKEND,SUB-EVENT,_Sigmoid:OpId_167 (cycles)
3991334391,EXECUTE,250878,CYCLES,BACKEND,SUB-EVENT,_Mul_12:OpId_174 (cycles)
3991334391,EXECUTE,23611,CYCLES,BACKEND,SUB-EVENT,_Mul_13:OpId_176 (cycles)
3991334391,EXECUTE,401625,CYCLES,BACKEND,SUB-EVENT,_MatMul_8:OpId_179 (cycles)
3991334391,EXECUTE,0,CYCLES,BACKEND,SUB-EVENT,_MatMul_8_post_reshape:OpId_182 (cycles)
3991334391,EXECUTE,0,CYCLES,BACKEND,SUB-EVENT,_MatMul_8_output_0_nfc:OpId_184 (cycles)
3991334391,EXECUTE,15135,CYCLES,BACKEND,SUB-EVENT,_Add_9:OpId_186 (cycles)
3991334391,EXECUTE,38839,CYCLES,BACKEND,SUB-EVENT,Output OpId_3 (cycles)
3991334391,EXECUTE,4364,US,BACKEND,ROOT,Accelerator (execute) time
3991334391,EXECUTE,4225,US,BACKEND,ROOT,Accelerator (execute excluding wait) time
3991334391,EXECUTE,11893,US,BACKEND,ROOT,QNN (execute) time
3991367000,EXECUTE,11862,US,NETRUN,ROOT,Graph 0: qwen2_0_5b_layer0_decode_past128_grouped_gqa
3991367000,EXECUTE,4,COUNT,BACKEND,ROOT,Number of HVX threads used
3991367000,EXECUTE,10804,US,BACKEND,ROOT,RPC (execute) time
3991367000,EXECUTE,9693,US,BACKEND,ROOT,QNN accelerator (execute) time
3991367000,EXECUTE,0,COUNT,BACKEND,ROOT,Num times yield occured
3991367000,EXECUTE,661,US,BACKEND,ROOT,Time for initial VTCM acquire
3991367000,EXECUTE,257,US,BACKEND,ROOT,Time for HVX + HMX power on and acquire
3991367000,EXECUTE,2068905,CYCLES,BACKEND,ROOT,Accelerator (execute) time (cycles)
3991367000,EXECUTE,73991,CYCLES,BACKEND,SUB-EVENT,Input OpId_2 (cycles)
3991367000,EXECUTE,6504,CYCLES,BACKEND,SUB-EVENT,hidden_states_ncf:OpId_17 (cycles)
3991367000,EXECUTE,37151,CYCLES,BACKEND,SUB-EVENT,past_value_nchw:OpId_20 (cycles)
3991367000,EXECUTE,5686,CYCLES,BACKEND,SUB-EVENT,rms_norm__Mul_1_output_0:OpId_24 (cycles)
3991367000,EXECUTE,26980,CYCLES,BACKEND,SUB-EVENT,_MatMul:OpId_29 (cycles)
3991367000,EXECUTE,0,CYCLES,BACKEND,SUB-EVENT,_MatMul_post_reshape:OpId_31 (cycles)
3991367000,EXECUTE,4344,CYCLES,BACKEND,SUB-EVENT,_MatMul_1:OpId_34 (cycles)
3991367000,EXECUTE,3790,CYCLES,BACKEND,SUB-EVENT,_MatMul_1_post_reshape:OpId_36 (cycles)
3991367000,EXECUTE,3991,CYCLES,BACKEND,SUB-EVENT,_MatMul_2:OpId_39 (cycles)
3991367000,EXECUTE,5031,CYCLES,BACKEND,SUB-EVENT,_MatMul_2_post_reshape:OpId_41 (cycles)
3991367000,EXECUTE,479,CYCLES,BACKEND,SUB-EVENT,_Transpose:OpId_43 (cycles)
3991367000,EXECUTE,1257,CYCLES,BACKEND,SUB-EVENT,_Transpose_1:OpId_45 (cycles)
3991367000,EXECUTE,1028,CYCLES,BACKEND,SUB-EVENT,_Transpose_2:OpId_47 (cycles)
3991367000,EXECUTE,28391,CYCLES,BACKEND,SUB-EVENT,_Slice:OpId_49 (cycles)
3991367000,EXECUTE,6960,CYCLES,BACKEND,SUB-EVENT,_Slice_1:OpId_55 (cycles)
3991367000,EXECUTE,3021,CYCLES,BACKEND,SUB-EVENT,_Mul_2:OpId_61 (cycles)
3991367000,EXECUTE,3010,CYCLES,BACKEND,SUB-EVENT,_Mul_3:OpId_64 (cycles)
3991367000,EXECUTE,237,CYCLES,BACKEND,SUB-EVENT,_Sub:OpId_66 (cycles)
3991367000,EXECUTE,2979,CYCLES,BACKEND,SUB-EVENT,_Mul_4:OpId_68 (cycles)
3991367000,EXECUTE,1186,CYCLES,BACKEND,SUB-EVENT,_Mul_5:OpId_70 (cycles)
3991367000,EXECUTE,5066,CYCLES,BACKEND,SUB-EVENT,_Add_4:OpId_72 (cycles)
3991367000,EXECUTE,0,CYCLES,BACKEND,SUB-EVENT,_Unsqueeze:OpId_74 (cycles)
3991367000,EXECUTE,0,CYCLES,BACKEND,SUB-EVENT,_Unsqueeze_1:OpId_75 (cycles)
3991367000,EXECUTE,874,CYCLES,BACKEND,SUB-EVENT,_Concat:OpId_76 (cycles)
3991367000,EXECUTE,626,CYCLES,BACKEND,SUB-EVENT,_Reshape_3:OpId_78 (cycles)
3991367000,EXECUTE,46289,CYCLES,BACKEND,SUB-EVENT,_Slice_3:OpId_80 (cycles)
3991367000,EXECUTE,7608,CYCLES,BACKEND,SUB-EVENT,_Slice_4:OpId_86 (cycles)
3991367000,EXECUTE,24410,CYCLES,BACKEND,SUB-EVENT,_Mul_6:OpId_91 (cycles)
3991367000,EXECUTE,24366,CYCLES,BACKEND,SUB-EVENT,_Mul_7:OpId_93 (cycles)
3991367000,EXECUTE,3739,CYCLES,BACKEND,SUB-EVENT,_Sub_1:OpId_95 (cycles)
3991367000,EXECUTE,24366,CYCLES,BACKEND,SUB-EVENT,_Mul_8:OpId_97 (cycles)
3991367000,EXECUTE,24295,CYCLES,BACKEND,SUB-EVENT,_Mul_9:OpId_99 (cycles)
3991367000,EXECUTE,4758,CYCLES,BACKEND,SUB-EVENT,_Add_5:OpId_101 (cycles)
3991367000,EXECUTE,0,CYCLES,BACKEND,SUB-EVENT,_Unsqueeze_2:OpId_103 (cycles)
3991367000,EXECUTE,0,CYCLES,BACKEND,SUB-EVENT,_Unsqueeze_3:OpId_104 (cycles)
3991367000,EXECUTE,15303,CYCLES,BACKEND,SUB-EVENT,_Concat_2:OpId_105 (cycles)
3991367000,EXECUTE,0,CYCLES,BACKEND,SUB-EVENT,_Reshape_4:OpId_107 (cycles)
3991367000,EXECUTE,4700,CYCLES,BACKEND,SUB-EVENT,_Reshape_4_output_0_nhwc:OpId_109 (cycles)
3991367000,EXECUTE,4332,CYCLES,BACKEND,SUB-EVENT,_Concat_4:OpId_110 (cycles)
3991367000,EXECUTE,376170,CYCLES,BACKEND,SUB-EVENT,present_key_nchw:OpId_113 (cycles)
3991367000,EXECUTE,29447,CYCLES,BACKEND,SUB-EVENT,_Concat_5:OpId_114 (cycles)
3991367000,EXECUTE,0,CYCLES,BACKEND,SUB-EVENT,_Unsqueeze_4:OpId_116 (cycles)
3991367000,EXECUTE,35119,CYCLES,BACKEND,SUB-EVENT,_MatMul_3:OpId_117 (cycles)
3991367000,EXECUTE,12427,CYCLES,BACKEND,SUB-EVENT,_Div_1:OpId_122 (cycles)
3991367000,EXECUTE,0,CYCLES,BACKEND,SUB-EVENT,_Add_6:OpId_125 (cycles)
3991367000,EXECUTE,23491,CYCLES,BACKEND,SUB-EVENT,_Softmax:OpId_127 (cycles)
3991367000,EXECUTE,0,CYCLES,BACKEND,SUB-EVENT,_Unsqueeze_5:OpId_130 (cycles)
3991367000,EXECUTE,55478,CYCLES,BACKEND,SUB-EVENT,_MatMul_4:OpId_131 (cycles)
3991367000,EXECUTE,0,CYCLES,BACKEND,SUB-EVENT,_Reshape_6:OpId_135 (cycles)
3991367000,EXECUTE,0,CYCLES,BACKEND,SUB-EVENT,_Transpose_4:OpId_137 (cycles)
3991367000,EXECUTE,15738,CYCLES,BACKEND,SUB-EVENT,_MatMul_5:OpId_139 (cycles)
3991367000,EXECUTE,0,CYCLES,BACKEND,SUB-EVENT,_MatMul_5_post_reshape:OpId_142 (cycles)
3991367000,EXECUTE,0,CYCLES,BACKEND,SUB-EVENT,_MatMul_5_output_0_nfc:OpId_144 (cycles)
3991367000,EXECUTE,80770,CYCLES,BACKEND,SUB-EVENT,_Add_7:OpId_146 (cycles)
3991367000,EXECUTE,213,CYCLES,BACKEND,SUB-EVENT,_Add_7_output_0_ncf:OpId_149 (cycles)
3991367000,EXECUTE,2027,CYCLES,BACKEND,SUB-EVENT,rms_norm__Mul_11_output_0:OpId_154 (cycles)
3991367000,EXECUTE,0,CYCLES,BACKEND,SUB-EVENT,_MatMul_6:OpId_158 (cycles)
3991367000,EXECUTE,0,CYCLES,BACKEND,SUB-EVENT,_MatMul_6_post_reshape:OpId_161 (cycles)
3991367000,EXECUTE,295714,CYCLES,BACKEND,SUB-EVENT,_MatMul_7:OpId_163 (cycles)
3991367000,EXECUTE,0,CYCLES,BACKEND,SUB-EVENT,_MatMul_7_post_reshape:OpId_166 (cycles)
3991367000,EXECUTE,0,CYCLES,BACKEND,SUB-EVENT,_Sigmoid:OpId_167 (cycles)
3991367000,EXECUTE,249496,CYCLES,BACKEND,SUB-EVENT,_Mul_12:OpId_174 (cycles)
3991367000,EXECUTE,26228,CYCLES,BACKEND,SUB-EVENT,_Mul_13:OpId_176 (cycles)
3991367000,EXECUTE,399976,CYCLES,BACKEND,SUB-EVENT,_MatMul_8:OpId_179 (cycles)
3991367000,EXECUTE,0,CYCLES,BACKEND,SUB-EVENT,_MatMul_8_post_reshape:OpId_182 (cycles)
3991367000,EXECUTE,0,CYCLES,BACKEND,SUB-EVENT,_MatMul_8_output_0_nfc:OpId_184 (cycles)
3991367000,EXECUTE,15185,CYCLES,BACKEND,SUB-EVENT,_Add_9:OpId_186 (cycles)
3991367000,EXECUTE,44678,CYCLES,BACKEND,SUB-EVENT,Output OpId_3 (cycles)
3991367000,EXECUTE,4426,US,BACKEND,ROOT,Accelerator (execute) time
3991367000,EXECUTE,4289,US,BACKEND,ROOT,Accelerator (execute excluding wait) time
3991367000,EXECUTE,11806,US,BACKEND,ROOT,QNN (execute) time
3991398243,EXECUTE,11900,US,NETRUN,ROOT,Graph 0: qwen2_0_5b_layer0_decode_past128_grouped_gqa
3991398243,EXECUTE,4,COUNT,BACKEND,ROOT,Number of HVX threads used
3991398243,EXECUTE,10653,US,BACKEND,ROOT,RPC (execute) time
3991398243,EXECUTE,9325,US,BACKEND,ROOT,QNN accelerator (execute) time
3991398243,EXECUTE,0,COUNT,BACKEND,ROOT,Num times yield occured
3991398243,EXECUTE,888,US,BACKEND,ROOT,Time for initial VTCM acquire
3991398243,EXECUTE,282,US,BACKEND,ROOT,Time for HVX + HMX power on and acquire
3991398243,EXECUTE,2054078,CYCLES,BACKEND,ROOT,Accelerator (execute) time (cycles)
3991398243,EXECUTE,79436,CYCLES,BACKEND,SUB-EVENT,Input OpId_2 (cycles)
3991398243,EXECUTE,6580,CYCLES,BACKEND,SUB-EVENT,hidden_states_ncf:OpId_17 (cycles)
3991398243,EXECUTE,33303,CYCLES,BACKEND,SUB-EVENT,past_value_nchw:OpId_20 (cycles)
3991398243,EXECUTE,6117,CYCLES,BACKEND,SUB-EVENT,rms_norm__Mul_1_output_0:OpId_24 (cycles)
3991398243,EXECUTE,29640,CYCLES,BACKEND,SUB-EVENT,_MatMul:OpId_29 (cycles)
3991398243,EXECUTE,0,CYCLES,BACKEND,SUB-EVENT,_MatMul_post_reshape:OpId_31 (cycles)
3991398243,EXECUTE,4392,CYCLES,BACKEND,SUB-EVENT,_MatMul_1:OpId_34 (cycles)
3991398243,EXECUTE,4520,CYCLES,BACKEND,SUB-EVENT,_MatMul_1_post_reshape:OpId_36 (cycles)
3991398243,EXECUTE,3971,CYCLES,BACKEND,SUB-EVENT,_MatMul_2:OpId_39 (cycles)
3991398243,EXECUTE,5840,CYCLES,BACKEND,SUB-EVENT,_MatMul_2_post_reshape:OpId_41 (cycles)
3991398243,EXECUTE,492,CYCLES,BACKEND,SUB-EVENT,_Transpose:OpId_43 (cycles)
3991398243,EXECUTE,1927,CYCLES,BACKEND,SUB-EVENT,_Transpose_1:OpId_45 (cycles)
3991398243,EXECUTE,1717,CYCLES,BACKEND,SUB-EVENT,_Transpose_2:OpId_47 (cycles)
3991398243,EXECUTE,27633,CYCLES,BACKEND,SUB-EVENT,_Slice:OpId_49 (cycles)
3991398243,EXECUTE,6874,CYCLES,BACKEND,SUB-EVENT,_Slice_1:OpId_55 (cycles)
3991398243,EXECUTE,3242,CYCLES,BACKEND,SUB-EVENT,_Mul_2:OpId_61 (cycles)
3991398243,EXECUTE,3197,CYCLES,BACKEND,SUB-EVENT,_Mul_3:OpId_64 (cycles)
3991398243,EXECUTE,275,CYCLES,BACKEND,SUB-EVENT,_Sub:OpId_66 (cycles)
3991398243,EXECUTE,3194,CYCLES,BACKEND,SUB-EVENT,_Mul_4:OpId_68 (cycles)
3991398243,EXECUTE,1176,CYCLES,BACKEND,SUB-EVENT,_Mul_5:OpId_70 (cycles)
3991398243,EXECUTE,4061,CYCLES,BACKEND,SUB-EVENT,_Add_4:OpId_72 (cycles)
3991398243,EXECUTE,0,CYCLES,BACKEND,SUB-EVENT,_Unsqueeze:OpId_74 (cycles)
3991398243,EXECUTE,0,CYCLES,BACKEND,SUB-EVENT,_Unsqueeze_1:OpId_75 (cycles)
3991398243,EXECUTE,816,CYCLES,BACKEND,SUB-EVENT,_Concat:OpId_76 (cycles)
3991398243,EXECUTE,600,CYCLES,BACKEND,SUB-EVENT,_Reshape_3:OpId_78 (cycles)
3991398243,EXECUTE,45693,CYCLES,BACKEND,SUB-EVENT,_Slice_3:OpId_80 (cycles)
3991398243,EXECUTE,7607,CYCLES,BACKEND,SUB-EVENT,_Slice_4:OpId_86 (cycles)
3991398243,EXECUTE,24952,CYCLES,BACKEND,SUB-EVENT,_Mul_6:OpId_91 (cycles)
3991398243,EXECUTE,24883,CYCLES,BACKEND,SUB-EVENT,_Mul_7:OpId_93 (cycles)
3991398243,EXECUTE,3486,CYCLES,BACKEND,SUB-EVENT,_Sub_1:OpId_95 (cycles)
3991398243,EXECUTE,24910,CYCLES,BACKEND,SUB-EVENT,_Mul_8:OpId_97 (cycles)
3991398243,EXECUTE,24852,CYCLES,BACKEND,SUB-EVENT,_Mul_9:OpId_99 (cycles)
3991398243,EXECUTE,4769,CYCLES,BACKEND,SUB-EVENT,_Add_5:OpId_101 (cycles)
3991398243,EXECUTE,0,CYCLES,BACKEND,SUB-EVENT,_Unsqueeze_2:OpId_103 (cycles)
3991398243,EXECUTE,0,CYCLES,BACKEND,SUB-EVENT,_Unsqueeze_3:OpId_104 (cycles)
3991398243,EXECUTE,4204,CYCLES,BACKEND,SUB-EVENT,_Concat_2:OpId_105 (cycles)
3991398243,EXECUTE,0,CYCLES,BACKEND,SUB-EVENT,_Reshape_4:OpId_107 (cycles)
3991398243,EXECUTE,4827,CYCLES,BACKEND,SUB-EVENT,_Reshape_4_output_0_nhwc:OpId_109 (cycles)
3991398243,EXECUTE,4384,CYCLES,BACKEND,SUB-EVENT,_Concat_4:OpId_110 (cycles)
3991398243,EXECUTE,344972,CYCLES,BACKEND,SUB-EVENT,present_key_nchw:OpId_113 (cycles)
3991398243,EXECUTE,28299,CYCLES,BACKEND,SUB-EVENT,_Concat_5:OpId_114 (cycles)
3991398243,EXECUTE,0,CYCLES,BACKEND,SUB-EVENT,_Unsqueeze_4:OpId_116 (cycles)
3991398243,EXECUTE,43801,CYCLES,BACKEND,SUB-EVENT,_MatMul_3:OpId_117 (cycles)
3991398243,EXECUTE,9856,CYCLES,BACKEND,SUB-EVENT,_Div_1:OpId_122 (cycles)
3991398243,EXECUTE,0,CYCLES,BACKEND,SUB-EVENT,_Add_6:OpId_125 (cycles)
3991398243,EXECUTE,27628,CYCLES,BACKEND,SUB-EVENT,_Softmax:OpId_127 (cycles)
3991398243,EXECUTE,0,CYCLES,BACKEND,SUB-EVENT,_Unsqueeze_5:OpId_130 (cycles)
3991398243,EXECUTE,49717,CYCLES,BACKEND,SUB-EVENT,_MatMul_4:OpId_131 (cycles)
3991398243,EXECUTE,0,CYCLES,BACKEND,SUB-EVENT,_Reshape_6:OpId_135 (cycles)
3991398243,EXECUTE,0,CYCLES,BACKEND,SUB-EVENT,_Transpose_4:OpId_137 (cycles)
3991398243,EXECUTE,15269,CYCLES,BACKEND,SUB-EVENT,_MatMul_5:OpId_139 (cycles)
3991398243,EXECUTE,0,CYCLES,BACKEND,SUB-EVENT,_MatMul_5_post_reshape:OpId_142 (cycles)
3991398243,EXECUTE,0,CYCLES,BACKEND,SUB-EVENT,_MatMul_5_output_0_nfc:OpId_144 (cycles)
3991398243,EXECUTE,81987,CYCLES,BACKEND,SUB-EVENT,_Add_7:OpId_146 (cycles)
3991398243,EXECUTE,302,CYCLES,BACKEND,SUB-EVENT,_Add_7_output_0_ncf:OpId_149 (cycles)
3991398243,EXECUTE,2029,CYCLES,BACKEND,SUB-EVENT,rms_norm__Mul_11_output_0:OpId_154 (cycles)
3991398243,EXECUTE,0,CYCLES,BACKEND,SUB-EVENT,_MatMul_6:OpId_158 (cycles)
3991398243,EXECUTE,0,CYCLES,BACKEND,SUB-EVENT,_MatMul_6_post_reshape:OpId_161 (cycles)
3991398243,EXECUTE,286160,CYCLES,BACKEND,SUB-EVENT,_MatMul_7:OpId_163 (cycles)
3991398243,EXECUTE,0,CYCLES,BACKEND,SUB-EVENT,_MatMul_7_post_reshape:OpId_166 (cycles)
3991398243,EXECUTE,0,CYCLES,BACKEND,SUB-EVENT,_Sigmoid:OpId_167 (cycles)
3991398243,EXECUTE,270990,CYCLES,BACKEND,SUB-EVENT,_Mul_12:OpId_174 (cycles)
3991398243,EXECUTE,25230,CYCLES,BACKEND,SUB-EVENT,_Mul_13:OpId_176 (cycles)
3991398243,EXECUTE,407518,CYCLES,BACKEND,SUB-EVENT,_MatMul_8:OpId_179 (cycles)
3991398243,EXECUTE,0,CYCLES,BACKEND,SUB-EVENT,_MatMul_8_post_reshape:OpId_182 (cycles)
3991398243,EXECUTE,0,CYCLES,BACKEND,SUB-EVENT,_MatMul_8_output_0_nfc:OpId_184 (cycles)
3991398243,EXECUTE,14529,CYCLES,BACKEND,SUB-EVENT,_Add_9:OpId_186 (cycles)
3991398243,EXECUTE,42221,CYCLES,BACKEND,SUB-EVENT,Output OpId_3 (cycles)
3991398243,EXECUTE,4413,US,BACKEND,ROOT,Accelerator (execute) time
3991398243,EXECUTE,4250,US,BACKEND,ROOT,Accelerator (execute excluding wait) time
3991398243,EXECUTE,11840,US,BACKEND,ROOT,QNN (execute) time
3991416795,EXECUTE IPS,36.158257,INF/SEC,NETRUN,ROOT,null
