input log file location, qwen_block_custom_qnn/device_output/q_proj_device_q13_4x128_slim_layer0_prefill_seq16/qnn-profiling-data_0.log
qnn-profile-viewer version, v2.47.0.260601114230
qnn-net-run version, v2.47.0.260601114230
Backend version, v2.47.0.260601114230
Msg Timestamp, Message, Time, Unit of Measurement, Timing Source, Event Level, Event Identifier
1973541719,INIT,458137,US,NETRUN,ROOT,null
1973631520,COMPOSE GRAPHS,88504,US,NETRUN,ROOT,null
1973995619,FINALIZE,363805,US,NETRUN,ROOT,Graph 0: qwen2_0_5b_layer0_prefill_seq16
1973995619,FINALIZE,6353,US,BACKEND,ROOT,RPC (finalize) time
1973995619,FINALIZE,5207,US,BACKEND,ROOT,QNN accelerator (finalize) time
1973995619,FINALIZE,5087,US,BACKEND,ROOT,Accelerator (finalize) time
1973995619,FINALIZE,363756,US,BACKEND,ROOT,QNN (finalize) time
1973995619,FINALIZE,163,US,BACKEND,SUB-EVENT,Graph Preparation Initializing
1973995619,FINALIZE,267219,US,BACKEND,SUB-EVENT,Graph Optimizations
1973995619,FINALIZE,3774,US,BACKEND,SUB-EVENT,Post Graph Optimization
1973995619,FINALIZE,19735,US,BACKEND,SUB-EVENT,Graph Sequencing for Target
1973995619,FINALIZE,4582,US,BACKEND,SUB-EVENT,VTCM Allocation
1973995619,FINALIZE,1942,US,BACKEND,SUB-EVENT,Parallelization Optimization
1973995619,FINALIZE,2408,US,BACKEND,SUB-EVENT,Finalizing Graph Sequence
1973995619,FINALIZE,85,US,BACKEND,SUB-EVENT,Completion
1974243763,DE-INIT,49583,US,NETRUN,ROOT,null
1974243763,DE-INIT,9663,US,BACKEND,ROOT,RPC (deinit) time
1974243763,DE-INIT,8213,US,BACKEND,ROOT,QNN Accelerator (deinit) time
1974243763,DE-INIT,8057,US,BACKEND,ROOT,Accelerator (deinit) time
1974243763,DE-INIT,49569,US,BACKEND,ROOT,QNN (deinit) time
1974018839,EXECUTE,22581,US,NETRUN,ROOT,Graph 0: qwen2_0_5b_layer0_prefill_seq16
1974018839,EXECUTE,4,COUNT,BACKEND,ROOT,Number of HVX threads used
1974018839,EXECUTE,22112,US,BACKEND,ROOT,RPC (execute) time
1974018839,EXECUTE,20291,US,BACKEND,ROOT,QNN accelerator (execute) time
1974018839,EXECUTE,0,COUNT,BACKEND,ROOT,Num times yield occured
1974018839,EXECUTE,735,US,BACKEND,ROOT,Time for initial VTCM acquire
1974018839,EXECUTE,34354,US,BACKEND,ROOT,Time for HVX + HMX power on and acquire
1974018839,EXECUTE,1875495,CYCLES,BACKEND,ROOT,Accelerator (execute) time (cycles)
1974018839,EXECUTE,6200,CYCLES,BACKEND,SUB-EVENT,Input OpId_2 (cycles)
1974018839,EXECUTE,0,CYCLES,BACKEND,SUB-EVENT,hidden_states_nfc:OpId_17 (cycles)
1974018839,EXECUTE,115784,CYCLES,BACKEND,SUB-EVENT,rms_norm__Mul_1_output_0:OpId_22 (cycles)
1974018839,EXECUTE,0,CYCLES,BACKEND,SUB-EVENT,_MatMul_2_pre_reshape:OpId_25 (cycles)
1974018839,EXECUTE,0,CYCLES,BACKEND,SUB-EVENT,_MatMul_1_pre_reshape:OpId_26 (cycles)
1974018839,EXECUTE,0,CYCLES,BACKEND,SUB-EVENT,_MatMul_pre_reshape:OpId_27 (cycles)
1974018839,EXECUTE,14402,CYCLES,BACKEND,SUB-EVENT,OpId_28 (cycles)
1974018839,EXECUTE,0,CYCLES,BACKEND,SUB-EVENT,_MatMul_lhs_reshape:OpId_30 (cycles)
1974018839,EXECUTE,0,CYCLES,BACKEND,SUB-EVENT,_MatMul_lhs_cast_fp16:OpId_31 (cycles)
1974018839,EXECUTE,573903,CYCLES,BACKEND,SUB-EVENT,_MatMul:OpId_32 (cycles)
1974018839,EXECUTE,0,CYCLES,BACKEND,SUB-EVENT,_MatMul_custom_output_reshape:OpId_33 (cycles)
1974018839,EXECUTE,109452,CYCLES,BACKEND,SUB-EVENT,_MatMul_bias_add:OpId_34 (cycles)
1974018839,EXECUTE,0,CYCLES,BACKEND,SUB-EVENT,_MatMul_post_reshape:OpId_36 (cycles)
1974018839,EXECUTE,0,CYCLES,BACKEND,SUB-EVENT,_MatMul_1:OpId_39 (cycles)
1974018839,EXECUTE,0,CYCLES,BACKEND,SUB-EVENT,_MatMul_1_post_reshape:OpId_41 (cycles)
1974018839,EXECUTE,0,CYCLES,BACKEND,SUB-EVENT,_MatMul_2:OpId_44 (cycles)
1974018839,EXECUTE,0,CYCLES,BACKEND,SUB-EVENT,_MatMul_2_post_reshape:OpId_46 (cycles)
1974018839,EXECUTE,30185,CYCLES,BACKEND,SUB-EVENT,_Transpose:OpId_48 (cycles)
1974018839,EXECUTE,5761,CYCLES,BACKEND,SUB-EVENT,_Transpose_1:OpId_50 (cycles)
1974018839,EXECUTE,11306,CYCLES,BACKEND,SUB-EVENT,_Transpose_2:OpId_52 (cycles)
1974018839,EXECUTE,22749,CYCLES,BACKEND,SUB-EVENT,_Slice:OpId_54 (cycles)
1974018839,EXECUTE,7653,CYCLES,BACKEND,SUB-EVENT,_Slice_1:OpId_60 (cycles)
1974018839,EXECUTE,5570,CYCLES,BACKEND,SUB-EVENT,_Mul_2:OpId_66 (cycles)
1974018839,EXECUTE,4674,CYCLES,BACKEND,SUB-EVENT,_Mul_3:OpId_69 (cycles)
1974018839,EXECUTE,904,CYCLES,BACKEND,SUB-EVENT,_Sub:OpId_71 (cycles)
1974018839,EXECUTE,5395,CYCLES,BACKEND,SUB-EVENT,_Mul_4:OpId_73 (cycles)
1974018839,EXECUTE,4635,CYCLES,BACKEND,SUB-EVENT,_Mul_5:OpId_75 (cycles)
1974018839,EXECUTE,736,CYCLES,BACKEND,SUB-EVENT,_Add_4:OpId_77 (cycles)
1974018839,EXECUTE,0,CYCLES,BACKEND,SUB-EVENT,_Unsqueeze:OpId_79 (cycles)
1974018839,EXECUTE,0,CYCLES,BACKEND,SUB-EVENT,_Unsqueeze_1:OpId_80 (cycles)
1974018839,EXECUTE,3766,CYCLES,BACKEND,SUB-EVENT,_Concat:OpId_81 (cycles)
1974018839,EXECUTE,0,CYCLES,BACKEND,SUB-EVENT,_Reshape_3:OpId_83 (cycles)
1974018839,EXECUTE,33368,CYCLES,BACKEND,SUB-EVENT,_Slice_3:OpId_85 (cycles)
1974018839,EXECUTE,5145,CYCLES,BACKEND,SUB-EVENT,_Slice_4:OpId_91 (cycles)
1974018839,EXECUTE,4285,CYCLES,BACKEND,SUB-EVENT,_Mul_6:OpId_96 (cycles)
1974018839,EXECUTE,1829,CYCLES,BACKEND,SUB-EVENT,_Mul_7:OpId_98 (cycles)
1974018839,EXECUTE,991,CYCLES,BACKEND,SUB-EVENT,_Sub_1:OpId_100 (cycles)
1974018839,EXECUTE,4257,CYCLES,BACKEND,SUB-EVENT,_Mul_8:OpId_102 (cycles)
1974018839,EXECUTE,1892,CYCLES,BACKEND,SUB-EVENT,_Mul_9:OpId_104 (cycles)
1974018839,EXECUTE,995,CYCLES,BACKEND,SUB-EVENT,_Add_5:OpId_106 (cycles)
1974018839,EXECUTE,0,CYCLES,BACKEND,SUB-EVENT,_Unsqueeze_2:OpId_108 (cycles)
1974018839,EXECUTE,0,CYCLES,BACKEND,SUB-EVENT,_Unsqueeze_3:OpId_109 (cycles)
1974018839,EXECUTE,2694,CYCLES,BACKEND,SUB-EVENT,_Concat_2:OpId_110 (cycles)
1974018839,EXECUTE,1975,CYCLES,BACKEND,SUB-EVENT,_Reshape_4:OpId_112 (cycles)
1974018839,EXECUTE,0,CYCLES,BACKEND,SUB-EVENT,_Unsqueeze_4:OpId_113 (cycles)
1974018839,EXECUTE,2187,CYCLES,BACKEND,SUB-EVENT,_Tile:OpId_115 (cycles)
1974018839,EXECUTE,0,CYCLES,BACKEND,SUB-EVENT,_Reshape_5:OpId_116 (cycles)
1974018839,EXECUTE,0,CYCLES,BACKEND,SUB-EVENT,_Unsqueeze_5:OpId_117 (cycles)
1974018839,EXECUTE,6481,CYCLES,BACKEND,SUB-EVENT,_Tile_1:OpId_119 (cycles)
1974018839,EXECUTE,0,CYCLES,BACKEND,SUB-EVENT,_Reshape_6:OpId_120 (cycles)
1974018839,EXECUTE,0,CYCLES,BACKEND,SUB-EVENT,_Transpose_3:OpId_122 (cycles)
1974018839,EXECUTE,69098,CYCLES,BACKEND,SUB-EVENT,_MatMul_3:OpId_123 (cycles)
1974018839,EXECUTE,12161,CYCLES,BACKEND,SUB-EVENT,_Div_1:OpId_128 (cycles)
1974018839,EXECUTE,2809,CYCLES,BACKEND,SUB-EVENT,_Add_6:OpId_131 (cycles)
1974018839,EXECUTE,58665,CYCLES,BACKEND,SUB-EVENT,_Softmax:OpId_133 (cycles)
1974018839,EXECUTE,15800,CYCLES,BACKEND,SUB-EVENT,_MatMul_4:OpId_136 (cycles)
1974018839,EXECUTE,0,CYCLES,BACKEND,SUB-EVENT,_Transpose_4:OpId_141 (cycles)
1974018839,EXECUTE,0,CYCLES,BACKEND,SUB-EVENT,_Reshape_7:OpId_142 (cycles)
1974018839,EXECUTE,9402,CYCLES,BACKEND,SUB-EVENT,_MatMul_5:OpId_144 (cycles)
1974018839,EXECUTE,0,CYCLES,BACKEND,SUB-EVENT,_MatMul_5_post_reshape:OpId_147 (cycles)
1974018839,EXECUTE,0,CYCLES,BACKEND,SUB-EVENT,_MatMul_5_output_0_nfc:OpId_149 (cycles)
1974018839,EXECUTE,2638,CYCLES,BACKEND,SUB-EVENT,_Add_7:OpId_151 (cycles)
1974018839,EXECUTE,0,CYCLES,BACKEND,SUB-EVENT,_Add_7_output_0_ncf:OpId_154 (cycles)
1974018839,EXECUTE,12159,CYCLES,BACKEND,SUB-EVENT,rms_norm__Mul_11_output_0:OpId_159 (cycles)
1974018839,EXECUTE,0,CYCLES,BACKEND,SUB-EVENT,_MatMul_7_pre_reshape:OpId_162 (cycles)
1974018839,EXECUTE,0,CYCLES,BACKEND,SUB-EVENT,_MatMul_6_pre_reshape:OpId_163 (cycles)
1974018839,EXECUTE,128999,CYCLES,BACKEND,SUB-EVENT,_MatMul_6:OpId_165 (cycles)
1974018839,EXECUTE,0,CYCLES,BACKEND,SUB-EVENT,_MatMul_6_post_reshape:OpId_168 (cycles)
1974018839,EXECUTE,122867,CYCLES,BACKEND,SUB-EVENT,_MatMul_7:OpId_170 (cycles)
1974018839,EXECUTE,0,CYCLES,BACKEND,SUB-EVENT,_MatMul_7_post_reshape:OpId_173 (cycles)
1974018839,EXECUTE,0,CYCLES,BACKEND,SUB-EVENT,_Sigmoid:OpId_174 (cycles)
1974018839,EXECUTE,178198,CYCLES,BACKEND,SUB-EVENT,_Mul_12:OpId_181 (cycles)
1974018839,EXECUTE,80814,CYCLES,BACKEND,SUB-EVENT,_Mul_13:OpId_183 (cycles)
1974018839,EXECUTE,0,CYCLES,BACKEND,SUB-EVENT,_MatMul_8_pre_reshape:OpId_185 (cycles)
1974018839,EXECUTE,139418,CYCLES,BACKEND,SUB-EVENT,_MatMul_8:OpId_187 (cycles)
1974018839,EXECUTE,0,CYCLES,BACKEND,SUB-EVENT,_MatMul_8_post_reshape:OpId_190 (cycles)
1974018839,EXECUTE,0,CYCLES,BACKEND,SUB-EVENT,_MatMul_8_output_0_nfc:OpId_192 (cycles)
1974018839,EXECUTE,7140,CYCLES,BACKEND,SUB-EVENT,_Add_9:OpId_194 (cycles)
1974018839,EXECUTE,35987,CYCLES,BACKEND,SUB-EVENT,hidden_out_ncf:OpId_197 (cycles)
1974018839,EXECUTE,10166,CYCLES,BACKEND,SUB-EVENT,Output OpId_3 (cycles)
1974018839,EXECUTE,4114,US,BACKEND,ROOT,Accelerator (execute) time
1974018839,EXECUTE,2214,US,BACKEND,ROOT,Accelerator (execute excluding wait) time
1974018839,EXECUTE,22553,US,BACKEND,ROOT,QNN (execute) time
1974035936,EXECUTE,10776,US,NETRUN,ROOT,Graph 0: qwen2_0_5b_layer0_prefill_seq16
1974035936,EXECUTE,4,COUNT,BACKEND,ROOT,Number of HVX threads used
1974035936,EXECUTE,10261,US,BACKEND,ROOT,RPC (execute) time
1974035936,EXECUTE,7894,US,BACKEND,ROOT,QNN accelerator (execute) time
1974035936,EXECUTE,0,COUNT,BACKEND,ROOT,Num times yield occured
1974035936,EXECUTE,706,US,BACKEND,ROOT,Time for initial VTCM acquire
1974035936,EXECUTE,298,US,BACKEND,ROOT,Time for HVX + HMX power on and acquire
1974035936,EXECUTE,1918032,CYCLES,BACKEND,ROOT,Accelerator (execute) time (cycles)
1974035936,EXECUTE,2468,CYCLES,BACKEND,SUB-EVENT,Input OpId_2 (cycles)
1974035936,EXECUTE,0,CYCLES,BACKEND,SUB-EVENT,hidden_states_nfc:OpId_17 (cycles)
1974035936,EXECUTE,110973,CYCLES,BACKEND,SUB-EVENT,rms_norm__Mul_1_output_0:OpId_22 (cycles)
1974035936,EXECUTE,0,CYCLES,BACKEND,SUB-EVENT,_MatMul_2_pre_reshape:OpId_25 (cycles)
1974035936,EXECUTE,0,CYCLES,BACKEND,SUB-EVENT,_MatMul_1_pre_reshape:OpId_26 (cycles)
1974035936,EXECUTE,0,CYCLES,BACKEND,SUB-EVENT,_MatMul_pre_reshape:OpId_27 (cycles)
1974035936,EXECUTE,1934,CYCLES,BACKEND,SUB-EVENT,OpId_28 (cycles)
1974035936,EXECUTE,0,CYCLES,BACKEND,SUB-EVENT,_MatMul_lhs_reshape:OpId_30 (cycles)
1974035936,EXECUTE,0,CYCLES,BACKEND,SUB-EVENT,_MatMul_lhs_cast_fp16:OpId_31 (cycles)
1974035936,EXECUTE,592664,CYCLES,BACKEND,SUB-EVENT,_MatMul:OpId_32 (cycles)
1974035936,EXECUTE,0,CYCLES,BACKEND,SUB-EVENT,_MatMul_custom_output_reshape:OpId_33 (cycles)
1974035936,EXECUTE,122762,CYCLES,BACKEND,SUB-EVENT,_MatMul_bias_add:OpId_34 (cycles)
1974035936,EXECUTE,0,CYCLES,BACKEND,SUB-EVENT,_MatMul_post_reshape:OpId_36 (cycles)
1974035936,EXECUTE,0,CYCLES,BACKEND,SUB-EVENT,_MatMul_1:OpId_39 (cycles)
1974035936,EXECUTE,0,CYCLES,BACKEND,SUB-EVENT,_MatMul_1_post_reshape:OpId_41 (cycles)
1974035936,EXECUTE,0,CYCLES,BACKEND,SUB-EVENT,_MatMul_2:OpId_44 (cycles)
1974035936,EXECUTE,0,CYCLES,BACKEND,SUB-EVENT,_MatMul_2_post_reshape:OpId_46 (cycles)
1974035936,EXECUTE,26364,CYCLES,BACKEND,SUB-EVENT,_Transpose:OpId_48 (cycles)
1974035936,EXECUTE,6906,CYCLES,BACKEND,SUB-EVENT,_Transpose_1:OpId_50 (cycles)
1974035936,EXECUTE,14499,CYCLES,BACKEND,SUB-EVENT,_Transpose_2:OpId_52 (cycles)
1974035936,EXECUTE,22034,CYCLES,BACKEND,SUB-EVENT,_Slice:OpId_54 (cycles)
1974035936,EXECUTE,7607,CYCLES,BACKEND,SUB-EVENT,_Slice_1:OpId_60 (cycles)
1974035936,EXECUTE,6157,CYCLES,BACKEND,SUB-EVENT,_Mul_2:OpId_66 (cycles)
1974035936,EXECUTE,4766,CYCLES,BACKEND,SUB-EVENT,_Mul_3:OpId_69 (cycles)
1974035936,EXECUTE,1266,CYCLES,BACKEND,SUB-EVENT,_Sub:OpId_71 (cycles)
1974035936,EXECUTE,5951,CYCLES,BACKEND,SUB-EVENT,_Mul_4:OpId_73 (cycles)
1974035936,EXECUTE,4604,CYCLES,BACKEND,SUB-EVENT,_Mul_5:OpId_75 (cycles)
1974035936,EXECUTE,5036,CYCLES,BACKEND,SUB-EVENT,_Add_4:OpId_77 (cycles)
1974035936,EXECUTE,0,CYCLES,BACKEND,SUB-EVENT,_Unsqueeze:OpId_79 (cycles)
1974035936,EXECUTE,0,CYCLES,BACKEND,SUB-EVENT,_Unsqueeze_1:OpId_80 (cycles)
1974035936,EXECUTE,3832,CYCLES,BACKEND,SUB-EVENT,_Concat:OpId_81 (cycles)
1974035936,EXECUTE,0,CYCLES,BACKEND,SUB-EVENT,_Reshape_3:OpId_83 (cycles)
1974035936,EXECUTE,44052,CYCLES,BACKEND,SUB-EVENT,_Slice_3:OpId_85 (cycles)
1974035936,EXECUTE,5583,CYCLES,BACKEND,SUB-EVENT,_Slice_4:OpId_91 (cycles)
1974035936,EXECUTE,7748,CYCLES,BACKEND,SUB-EVENT,_Mul_6:OpId_96 (cycles)
1974035936,EXECUTE,4908,CYCLES,BACKEND,SUB-EVENT,_Mul_7:OpId_98 (cycles)
1974035936,EXECUTE,1159,CYCLES,BACKEND,SUB-EVENT,_Sub_1:OpId_100 (cycles)
1974035936,EXECUTE,7676,CYCLES,BACKEND,SUB-EVENT,_Mul_8:OpId_102 (cycles)
1974035936,EXECUTE,4618,CYCLES,BACKEND,SUB-EVENT,_Mul_9:OpId_104 (cycles)
1974035936,EXECUTE,1382,CYCLES,BACKEND,SUB-EVENT,_Add_5:OpId_106 (cycles)
1974035936,EXECUTE,0,CYCLES,BACKEND,SUB-EVENT,_Unsqueeze_2:OpId_108 (cycles)
1974035936,EXECUTE,0,CYCLES,BACKEND,SUB-EVENT,_Unsqueeze_3:OpId_109 (cycles)
1974035936,EXECUTE,3153,CYCLES,BACKEND,SUB-EVENT,_Concat_2:OpId_110 (cycles)
1974035936,EXECUTE,1773,CYCLES,BACKEND,SUB-EVENT,_Reshape_4:OpId_112 (cycles)
1974035936,EXECUTE,0,CYCLES,BACKEND,SUB-EVENT,_Unsqueeze_4:OpId_113 (cycles)
1974035936,EXECUTE,2320,CYCLES,BACKEND,SUB-EVENT,_Tile:OpId_115 (cycles)
1974035936,EXECUTE,0,CYCLES,BACKEND,SUB-EVENT,_Reshape_5:OpId_116 (cycles)
1974035936,EXECUTE,0,CYCLES,BACKEND,SUB-EVENT,_Unsqueeze_5:OpId_117 (cycles)
1974035936,EXECUTE,8252,CYCLES,BACKEND,SUB-EVENT,_Tile_1:OpId_119 (cycles)
1974035936,EXECUTE,0,CYCLES,BACKEND,SUB-EVENT,_Reshape_6:OpId_120 (cycles)
1974035936,EXECUTE,0,CYCLES,BACKEND,SUB-EVENT,_Transpose_3:OpId_122 (cycles)
1974035936,EXECUTE,85100,CYCLES,BACKEND,SUB-EVENT,_MatMul_3:OpId_123 (cycles)
1974035936,EXECUTE,13400,CYCLES,BACKEND,SUB-EVENT,_Div_1:OpId_128 (cycles)
1974035936,EXECUTE,6051,CYCLES,BACKEND,SUB-EVENT,_Add_6:OpId_131 (cycles)
1974035936,EXECUTE,61370,CYCLES,BACKEND,SUB-EVENT,_Softmax:OpId_133 (cycles)
1974035936,EXECUTE,44510,CYCLES,BACKEND,SUB-EVENT,_MatMul_4:OpId_136 (cycles)
1974035936,EXECUTE,0,CYCLES,BACKEND,SUB-EVENT,_Transpose_4:OpId_141 (cycles)
1974035936,EXECUTE,0,CYCLES,BACKEND,SUB-EVENT,_Reshape_7:OpId_142 (cycles)
1974035936,EXECUTE,15170,CYCLES,BACKEND,SUB-EVENT,_MatMul_5:OpId_144 (cycles)
1974035936,EXECUTE,0,CYCLES,BACKEND,SUB-EVENT,_MatMul_5_post_reshape:OpId_147 (cycles)
1974035936,EXECUTE,0,CYCLES,BACKEND,SUB-EVENT,_MatMul_5_output_0_nfc:OpId_149 (cycles)
1974035936,EXECUTE,2664,CYCLES,BACKEND,SUB-EVENT,_Add_7:OpId_151 (cycles)
1974035936,EXECUTE,0,CYCLES,BACKEND,SUB-EVENT,_Add_7_output_0_ncf:OpId_154 (cycles)
1974035936,EXECUTE,13076,CYCLES,BACKEND,SUB-EVENT,rms_norm__Mul_11_output_0:OpId_159 (cycles)
1974035936,EXECUTE,0,CYCLES,BACKEND,SUB-EVENT,_MatMul_7_pre_reshape:OpId_162 (cycles)
1974035936,EXECUTE,0,CYCLES,BACKEND,SUB-EVENT,_MatMul_6_pre_reshape:OpId_163 (cycles)
1974035936,EXECUTE,111765,CYCLES,BACKEND,SUB-EVENT,_MatMul_6:OpId_165 (cycles)
1974035936,EXECUTE,0,CYCLES,BACKEND,SUB-EVENT,_MatMul_6_post_reshape:OpId_168 (cycles)
1974035936,EXECUTE,74079,CYCLES,BACKEND,SUB-EVENT,_MatMul_7:OpId_170 (cycles)
1974035936,EXECUTE,0,CYCLES,BACKEND,SUB-EVENT,_MatMul_7_post_reshape:OpId_173 (cycles)
1974035936,EXECUTE,0,CYCLES,BACKEND,SUB-EVENT,_Sigmoid:OpId_174 (cycles)
1974035936,EXECUTE,180379,CYCLES,BACKEND,SUB-EVENT,_Mul_12:OpId_181 (cycles)
1974035936,EXECUTE,86921,CYCLES,BACKEND,SUB-EVENT,_Mul_13:OpId_183 (cycles)
1974035936,EXECUTE,0,CYCLES,BACKEND,SUB-EVENT,_MatMul_8_pre_reshape:OpId_185 (cycles)
1974035936,EXECUTE,132542,CYCLES,BACKEND,SUB-EVENT,_MatMul_8:OpId_187 (cycles)
1974035936,EXECUTE,0,CYCLES,BACKEND,SUB-EVENT,_MatMul_8_post_reshape:OpId_190 (cycles)
1974035936,EXECUTE,0,CYCLES,BACKEND,SUB-EVENT,_MatMul_8_output_0_nfc:OpId_192 (cycles)
1974035936,EXECUTE,7182,CYCLES,BACKEND,SUB-EVENT,_Add_9:OpId_194 (cycles)
1974035936,EXECUTE,38824,CYCLES,BACKEND,SUB-EVENT,hidden_out_ncf:OpId_197 (cycles)
1974035936,EXECUTE,12552,CYCLES,BACKEND,SUB-EVENT,Output OpId_3 (cycles)
1974035936,EXECUTE,2294,US,BACKEND,ROOT,Accelerator (execute) time
1974035936,EXECUTE,2138,US,BACKEND,ROOT,Accelerator (execute excluding wait) time
1974035936,EXECUTE,10746,US,BACKEND,ROOT,QNN (execute) time
1974054755,EXECUTE,12859,US,NETRUN,ROOT,Graph 0: qwen2_0_5b_layer0_prefill_seq16
1974054755,EXECUTE,4,COUNT,BACKEND,ROOT,Number of HVX threads used
1974054755,EXECUTE,12403,US,BACKEND,ROOT,RPC (execute) time
1974054755,EXECUTE,10111,US,BACKEND,ROOT,QNN accelerator (execute) time
1974054755,EXECUTE,0,COUNT,BACKEND,ROOT,Num times yield occured
1974054755,EXECUTE,633,US,BACKEND,ROOT,Time for initial VTCM acquire
1974054755,EXECUTE,270,US,BACKEND,ROOT,Time for HVX + HMX power on and acquire
1974054755,EXECUTE,3040887,CYCLES,BACKEND,ROOT,Accelerator (execute) time (cycles)
1974054755,EXECUTE,3980,CYCLES,BACKEND,SUB-EVENT,Input OpId_2 (cycles)
1974054755,EXECUTE,0,CYCLES,BACKEND,SUB-EVENT,hidden_states_nfc:OpId_17 (cycles)
1974054755,EXECUTE,223919,CYCLES,BACKEND,SUB-EVENT,rms_norm__Mul_1_output_0:OpId_22 (cycles)
1974054755,EXECUTE,0,CYCLES,BACKEND,SUB-EVENT,_MatMul_2_pre_reshape:OpId_25 (cycles)
1974054755,EXECUTE,0,CYCLES,BACKEND,SUB-EVENT,_MatMul_1_pre_reshape:OpId_26 (cycles)
1974054755,EXECUTE,0,CYCLES,BACKEND,SUB-EVENT,_MatMul_pre_reshape:OpId_27 (cycles)
1974054755,EXECUTE,9362,CYCLES,BACKEND,SUB-EVENT,OpId_28 (cycles)
1974054755,EXECUTE,0,CYCLES,BACKEND,SUB-EVENT,_MatMul_lhs_reshape:OpId_30 (cycles)
1974054755,EXECUTE,0,CYCLES,BACKEND,SUB-EVENT,_MatMul_lhs_cast_fp16:OpId_31 (cycles)
1974054755,EXECUTE,577560,CYCLES,BACKEND,SUB-EVENT,_MatMul:OpId_32 (cycles)
1974054755,EXECUTE,0,CYCLES,BACKEND,SUB-EVENT,_MatMul_custom_output_reshape:OpId_33 (cycles)
1974054755,EXECUTE,262905,CYCLES,BACKEND,SUB-EVENT,_MatMul_bias_add:OpId_34 (cycles)
1974054755,EXECUTE,0,CYCLES,BACKEND,SUB-EVENT,_MatMul_post_reshape:OpId_36 (cycles)
1974054755,EXECUTE,0,CYCLES,BACKEND,SUB-EVENT,_MatMul_1:OpId_39 (cycles)
1974054755,EXECUTE,0,CYCLES,BACKEND,SUB-EVENT,_MatMul_1_post_reshape:OpId_41 (cycles)
1974054755,EXECUTE,0,CYCLES,BACKEND,SUB-EVENT,_MatMul_2:OpId_44 (cycles)
1974054755,EXECUTE,0,CYCLES,BACKEND,SUB-EVENT,_MatMul_2_post_reshape:OpId_46 (cycles)
1974054755,EXECUTE,37108,CYCLES,BACKEND,SUB-EVENT,_Transpose:OpId_48 (cycles)
1974054755,EXECUTE,15292,CYCLES,BACKEND,SUB-EVENT,_Transpose_1:OpId_50 (cycles)
1974054755,EXECUTE,15510,CYCLES,BACKEND,SUB-EVENT,_Transpose_2:OpId_52 (cycles)
1974054755,EXECUTE,22621,CYCLES,BACKEND,SUB-EVENT,_Slice:OpId_54 (cycles)
1974054755,EXECUTE,7578,CYCLES,BACKEND,SUB-EVENT,_Slice_1:OpId_60 (cycles)
1974054755,EXECUTE,6391,CYCLES,BACKEND,SUB-EVENT,_Mul_2:OpId_66 (cycles)
1974054755,EXECUTE,4676,CYCLES,BACKEND,SUB-EVENT,_Mul_3:OpId_69 (cycles)
1974054755,EXECUTE,1644,CYCLES,BACKEND,SUB-EVENT,_Sub:OpId_71 (cycles)
1974054755,EXECUTE,6367,CYCLES,BACKEND,SUB-EVENT,_Mul_4:OpId_73 (cycles)
1974054755,EXECUTE,4552,CYCLES,BACKEND,SUB-EVENT,_Mul_5:OpId_75 (cycles)
1974054755,EXECUTE,5245,CYCLES,BACKEND,SUB-EVENT,_Add_4:OpId_77 (cycles)
1974054755,EXECUTE,0,CYCLES,BACKEND,SUB-EVENT,_Unsqueeze:OpId_79 (cycles)
1974054755,EXECUTE,0,CYCLES,BACKEND,SUB-EVENT,_Unsqueeze_1:OpId_80 (cycles)
1974054755,EXECUTE,3600,CYCLES,BACKEND,SUB-EVENT,_Concat:OpId_81 (cycles)
1974054755,EXECUTE,0,CYCLES,BACKEND,SUB-EVENT,_Reshape_3:OpId_83 (cycles)
1974054755,EXECUTE,112631,CYCLES,BACKEND,SUB-EVENT,_Slice_3:OpId_85 (cycles)
1974054755,EXECUTE,5597,CYCLES,BACKEND,SUB-EVENT,_Slice_4:OpId_91 (cycles)
1974054755,EXECUTE,13729,CYCLES,BACKEND,SUB-EVENT,_Mul_6:OpId_96 (cycles)
1974054755,EXECUTE,10948,CYCLES,BACKEND,SUB-EVENT,_Mul_7:OpId_98 (cycles)
1974054755,EXECUTE,1185,CYCLES,BACKEND,SUB-EVENT,_Sub_1:OpId_100 (cycles)
1974054755,EXECUTE,13710,CYCLES,BACKEND,SUB-EVENT,_Mul_8:OpId_102 (cycles)
1974054755,EXECUTE,10411,CYCLES,BACKEND,SUB-EVENT,_Mul_9:OpId_104 (cycles)
1974054755,EXECUTE,1625,CYCLES,BACKEND,SUB-EVENT,_Add_5:OpId_106 (cycles)
1974054755,EXECUTE,0,CYCLES,BACKEND,SUB-EVENT,_Unsqueeze_2:OpId_108 (cycles)
1974054755,EXECUTE,0,CYCLES,BACKEND,SUB-EVENT,_Unsqueeze_3:OpId_109 (cycles)
1974054755,EXECUTE,2798,CYCLES,BACKEND,SUB-EVENT,_Concat_2:OpId_110 (cycles)
1974054755,EXECUTE,4912,CYCLES,BACKEND,SUB-EVENT,_Reshape_4:OpId_112 (cycles)
1974054755,EXECUTE,0,CYCLES,BACKEND,SUB-EVENT,_Unsqueeze_4:OpId_113 (cycles)
1974054755,EXECUTE,2588,CYCLES,BACKEND,SUB-EVENT,_Tile:OpId_115 (cycles)
1974054755,EXECUTE,0,CYCLES,BACKEND,SUB-EVENT,_Reshape_5:OpId_116 (cycles)
1974054755,EXECUTE,0,CYCLES,BACKEND,SUB-EVENT,_Unsqueeze_5:OpId_117 (cycles)
1974054755,EXECUTE,8631,CYCLES,BACKEND,SUB-EVENT,_Tile_1:OpId_119 (cycles)
1974054755,EXECUTE,0,CYCLES,BACKEND,SUB-EVENT,_Reshape_6:OpId_120 (cycles)
1974054755,EXECUTE,0,CYCLES,BACKEND,SUB-EVENT,_Transpose_3:OpId_122 (cycles)
1974054755,EXECUTE,151991,CYCLES,BACKEND,SUB-EVENT,_MatMul_3:OpId_123 (cycles)
1974054755,EXECUTE,14145,CYCLES,BACKEND,SUB-EVENT,_Div_1:OpId_128 (cycles)
1974054755,EXECUTE,9130,CYCLES,BACKEND,SUB-EVENT,_Add_6:OpId_131 (cycles)
1974054755,EXECUTE,61745,CYCLES,BACKEND,SUB-EVENT,_Softmax:OpId_133 (cycles)
1974054755,EXECUTE,30407,CYCLES,BACKEND,SUB-EVENT,_MatMul_4:OpId_136 (cycles)
1974054755,EXECUTE,0,CYCLES,BACKEND,SUB-EVENT,_Transpose_4:OpId_141 (cycles)
1974054755,EXECUTE,0,CYCLES,BACKEND,SUB-EVENT,_Reshape_7:OpId_142 (cycles)
1974054755,EXECUTE,30675,CYCLES,BACKEND,SUB-EVENT,_MatMul_5:OpId_144 (cycles)
1974054755,EXECUTE,0,CYCLES,BACKEND,SUB-EVENT,_MatMul_5_post_reshape:OpId_147 (cycles)
1974054755,EXECUTE,0,CYCLES,BACKEND,SUB-EVENT,_MatMul_5_output_0_nfc:OpId_149 (cycles)
1974054755,EXECUTE,2663,CYCLES,BACKEND,SUB-EVENT,_Add_7:OpId_151 (cycles)
1974054755,EXECUTE,0,CYCLES,BACKEND,SUB-EVENT,_Add_7_output_0_ncf:OpId_154 (cycles)
1974054755,EXECUTE,18234,CYCLES,BACKEND,SUB-EVENT,rms_norm__Mul_11_output_0:OpId_159 (cycles)
1974054755,EXECUTE,0,CYCLES,BACKEND,SUB-EVENT,_MatMul_7_pre_reshape:OpId_162 (cycles)
1974054755,EXECUTE,0,CYCLES,BACKEND,SUB-EVENT,_MatMul_6_pre_reshape:OpId_163 (cycles)
1974054755,EXECUTE,226250,CYCLES,BACKEND,SUB-EVENT,_MatMul_6:OpId_165 (cycles)
1974054755,EXECUTE,0,CYCLES,BACKEND,SUB-EVENT,_MatMul_6_post_reshape:OpId_168 (cycles)
1974054755,EXECUTE,350856,CYCLES,BACKEND,SUB-EVENT,_MatMul_7:OpId_170 (cycles)
1974054755,EXECUTE,0,CYCLES,BACKEND,SUB-EVENT,_MatMul_7_post_reshape:OpId_173 (cycles)
1974054755,EXECUTE,0,CYCLES,BACKEND,SUB-EVENT,_Sigmoid:OpId_174 (cycles)
1974054755,EXECUTE,211087,CYCLES,BACKEND,SUB-EVENT,_Mul_12:OpId_181 (cycles)
1974054755,EXECUTE,96119,CYCLES,BACKEND,SUB-EVENT,_Mul_13:OpId_183 (cycles)
1974054755,EXECUTE,0,CYCLES,BACKEND,SUB-EVENT,_MatMul_8_pre_reshape:OpId_185 (cycles)
1974054755,EXECUTE,379539,CYCLES,BACKEND,SUB-EVENT,_MatMul_8:OpId_187 (cycles)
1974054755,EXECUTE,0,CYCLES,BACKEND,SUB-EVENT,_MatMul_8_post_reshape:OpId_190 (cycles)
1974054755,EXECUTE,0,CYCLES,BACKEND,SUB-EVENT,_MatMul_8_output_0_nfc:OpId_192 (cycles)
1974054755,EXECUTE,7152,CYCLES,BACKEND,SUB-EVENT,_Add_9:OpId_194 (cycles)
1974054755,EXECUTE,36609,CYCLES,BACKEND,SUB-EVENT,hidden_out_ncf:OpId_197 (cycles)
1974054755,EXECUTE,17210,CYCLES,BACKEND,SUB-EVENT,Output OpId_3 (cycles)
1974054755,EXECUTE,4398,US,BACKEND,ROOT,Accelerator (execute) time
1974054755,EXECUTE,4269,US,BACKEND,ROOT,Accelerator (execute excluding wait) time
1974054755,EXECUTE,12831,US,BACKEND,ROOT,QNN (execute) time
1974072843,EXECUTE,12036,US,NETRUN,ROOT,Graph 0: qwen2_0_5b_layer0_prefill_seq16
1974072843,EXECUTE,4,COUNT,BACKEND,ROOT,Number of HVX threads used
1974072843,EXECUTE,11530,US,BACKEND,ROOT,RPC (execute) time
1974072843,EXECUTE,10434,US,BACKEND,ROOT,QNN accelerator (execute) time
1974072843,EXECUTE,0,COUNT,BACKEND,ROOT,Num times yield occured
1974072843,EXECUTE,669,US,BACKEND,ROOT,Time for initial VTCM acquire
1974072843,EXECUTE,344,US,BACKEND,ROOT,Time for HVX + HMX power on and acquire
1974072843,EXECUTE,3095986,CYCLES,BACKEND,ROOT,Accelerator (execute) time (cycles)
1974072843,EXECUTE,4518,CYCLES,BACKEND,SUB-EVENT,Input OpId_2 (cycles)
1974072843,EXECUTE,0,CYCLES,BACKEND,SUB-EVENT,hidden_states_nfc:OpId_17 (cycles)
1974072843,EXECUTE,251641,CYCLES,BACKEND,SUB-EVENT,rms_norm__Mul_1_output_0:OpId_22 (cycles)
1974072843,EXECUTE,0,CYCLES,BACKEND,SUB-EVENT,_MatMul_2_pre_reshape:OpId_25 (cycles)
1974072843,EXECUTE,0,CYCLES,BACKEND,SUB-EVENT,_MatMul_1_pre_reshape:OpId_26 (cycles)
1974072843,EXECUTE,0,CYCLES,BACKEND,SUB-EVENT,_MatMul_pre_reshape:OpId_27 (cycles)
1974072843,EXECUTE,4516,CYCLES,BACKEND,SUB-EVENT,OpId_28 (cycles)
1974072843,EXECUTE,0,CYCLES,BACKEND,SUB-EVENT,_MatMul_lhs_reshape:OpId_30 (cycles)
1974072843,EXECUTE,0,CYCLES,BACKEND,SUB-EVENT,_MatMul_lhs_cast_fp16:OpId_31 (cycles)
1974072843,EXECUTE,591303,CYCLES,BACKEND,SUB-EVENT,_MatMul:OpId_32 (cycles)
1974072843,EXECUTE,0,CYCLES,BACKEND,SUB-EVENT,_MatMul_custom_output_reshape:OpId_33 (cycles)
1974072843,EXECUTE,292530,CYCLES,BACKEND,SUB-EVENT,_MatMul_bias_add:OpId_34 (cycles)
1974072843,EXECUTE,0,CYCLES,BACKEND,SUB-EVENT,_MatMul_post_reshape:OpId_36 (cycles)
1974072843,EXECUTE,0,CYCLES,BACKEND,SUB-EVENT,_MatMul_1:OpId_39 (cycles)
1974072843,EXECUTE,0,CYCLES,BACKEND,SUB-EVENT,_MatMul_1_post_reshape:OpId_41 (cycles)
1974072843,EXECUTE,0,CYCLES,BACKEND,SUB-EVENT,_MatMul_2:OpId_44 (cycles)
1974072843,EXECUTE,0,CYCLES,BACKEND,SUB-EVENT,_MatMul_2_post_reshape:OpId_46 (cycles)
1974072843,EXECUTE,33841,CYCLES,BACKEND,SUB-EVENT,_Transpose:OpId_48 (cycles)
1974072843,EXECUTE,15222,CYCLES,BACKEND,SUB-EVENT,_Transpose_1:OpId_50 (cycles)
1974072843,EXECUTE,18160,CYCLES,BACKEND,SUB-EVENT,_Transpose_2:OpId_52 (cycles)
1974072843,EXECUTE,22491,CYCLES,BACKEND,SUB-EVENT,_Slice:OpId_54 (cycles)
1974072843,EXECUTE,7372,CYCLES,BACKEND,SUB-EVENT,_Slice_1:OpId_60 (cycles)
1974072843,EXECUTE,6764,CYCLES,BACKEND,SUB-EVENT,_Mul_2:OpId_66 (cycles)
1974072843,EXECUTE,4946,CYCLES,BACKEND,SUB-EVENT,_Mul_3:OpId_69 (cycles)
1974072843,EXECUTE,1926,CYCLES,BACKEND,SUB-EVENT,_Sub:OpId_71 (cycles)
1974072843,EXECUTE,6783,CYCLES,BACKEND,SUB-EVENT,_Mul_4:OpId_73 (cycles)
1974072843,EXECUTE,4805,CYCLES,BACKEND,SUB-EVENT,_Mul_5:OpId_75 (cycles)
1974072843,EXECUTE,9621,CYCLES,BACKEND,SUB-EVENT,_Add_4:OpId_77 (cycles)
1974072843,EXECUTE,0,CYCLES,BACKEND,SUB-EVENT,_Unsqueeze:OpId_79 (cycles)
1974072843,EXECUTE,0,CYCLES,BACKEND,SUB-EVENT,_Unsqueeze_1:OpId_80 (cycles)
1974072843,EXECUTE,4038,CYCLES,BACKEND,SUB-EVENT,_Concat:OpId_81 (cycles)
1974072843,EXECUTE,0,CYCLES,BACKEND,SUB-EVENT,_Reshape_3:OpId_83 (cycles)
1974072843,EXECUTE,88017,CYCLES,BACKEND,SUB-EVENT,_Slice_3:OpId_85 (cycles)
1974072843,EXECUTE,6328,CYCLES,BACKEND,SUB-EVENT,_Slice_4:OpId_91 (cycles)
1974072843,EXECUTE,14738,CYCLES,BACKEND,SUB-EVENT,_Mul_6:OpId_96 (cycles)
1974072843,EXECUTE,11697,CYCLES,BACKEND,SUB-EVENT,_Mul_7:OpId_98 (cycles)
1974072843,EXECUTE,1332,CYCLES,BACKEND,SUB-EVENT,_Sub_1:OpId_100 (cycles)
1974072843,EXECUTE,14610,CYCLES,BACKEND,SUB-EVENT,_Mul_8:OpId_102 (cycles)
1974072843,EXECUTE,11485,CYCLES,BACKEND,SUB-EVENT,_Mul_9:OpId_104 (cycles)
1974072843,EXECUTE,1569,CYCLES,BACKEND,SUB-EVENT,_Add_5:OpId_106 (cycles)
1974072843,EXECUTE,0,CYCLES,BACKEND,SUB-EVENT,_Unsqueeze_2:OpId_108 (cycles)
1974072843,EXECUTE,0,CYCLES,BACKEND,SUB-EVENT,_Unsqueeze_3:OpId_109 (cycles)
1974072843,EXECUTE,3391,CYCLES,BACKEND,SUB-EVENT,_Concat_2:OpId_110 (cycles)
1974072843,EXECUTE,3468,CYCLES,BACKEND,SUB-EVENT,_Reshape_4:OpId_112 (cycles)
1974072843,EXECUTE,0,CYCLES,BACKEND,SUB-EVENT,_Unsqueeze_4:OpId_113 (cycles)
1974072843,EXECUTE,2886,CYCLES,BACKEND,SUB-EVENT,_Tile:OpId_115 (cycles)
1974072843,EXECUTE,0,CYCLES,BACKEND,SUB-EVENT,_Reshape_5:OpId_116 (cycles)
1974072843,EXECUTE,0,CYCLES,BACKEND,SUB-EVENT,_Unsqueeze_5:OpId_117 (cycles)
1974072843,EXECUTE,18548,CYCLES,BACKEND,SUB-EVENT,_Tile_1:OpId_119 (cycles)
1974072843,EXECUTE,0,CYCLES,BACKEND,SUB-EVENT,_Reshape_6:OpId_120 (cycles)
1974072843,EXECUTE,0,CYCLES,BACKEND,SUB-EVENT,_Transpose_3:OpId_122 (cycles)
1974072843,EXECUTE,154753,CYCLES,BACKEND,SUB-EVENT,_MatMul_3:OpId_123 (cycles)
1974072843,EXECUTE,14931,CYCLES,BACKEND,SUB-EVENT,_Div_1:OpId_128 (cycles)
1974072843,EXECUTE,5503,CYCLES,BACKEND,SUB-EVENT,_Add_6:OpId_131 (cycles)
1974072843,EXECUTE,62296,CYCLES,BACKEND,SUB-EVENT,_Softmax:OpId_133 (cycles)
1974072843,EXECUTE,34895,CYCLES,BACKEND,SUB-EVENT,_MatMul_4:OpId_136 (cycles)
1974072843,EXECUTE,0,CYCLES,BACKEND,SUB-EVENT,_Transpose_4:OpId_141 (cycles)
1974072843,EXECUTE,0,CYCLES,BACKEND,SUB-EVENT,_Reshape_7:OpId_142 (cycles)
1974072843,EXECUTE,31091,CYCLES,BACKEND,SUB-EVENT,_MatMul_5:OpId_144 (cycles)
1974072843,EXECUTE,0,CYCLES,BACKEND,SUB-EVENT,_MatMul_5_post_reshape:OpId_147 (cycles)
1974072843,EXECUTE,0,CYCLES,BACKEND,SUB-EVENT,_MatMul_5_output_0_nfc:OpId_149 (cycles)
1974072843,EXECUTE,2628,CYCLES,BACKEND,SUB-EVENT,_Add_7:OpId_151 (cycles)
1974072843,EXECUTE,0,CYCLES,BACKEND,SUB-EVENT,_Add_7_output_0_ncf:OpId_154 (cycles)
1974072843,EXECUTE,14390,CYCLES,BACKEND,SUB-EVENT,rms_norm__Mul_11_output_0:OpId_159 (cycles)
1974072843,EXECUTE,0,CYCLES,BACKEND,SUB-EVENT,_MatMul_7_pre_reshape:OpId_162 (cycles)
1974072843,EXECUTE,0,CYCLES,BACKEND,SUB-EVENT,_MatMul_6_pre_reshape:OpId_163 (cycles)
1974072843,EXECUTE,215528,CYCLES,BACKEND,SUB-EVENT,_MatMul_6:OpId_165 (cycles)
1974072843,EXECUTE,0,CYCLES,BACKEND,SUB-EVENT,_MatMul_6_post_reshape:OpId_168 (cycles)
1974072843,EXECUTE,355751,CYCLES,BACKEND,SUB-EVENT,_MatMul_7:OpId_170 (cycles)
1974072843,EXECUTE,0,CYCLES,BACKEND,SUB-EVENT,_MatMul_7_post_reshape:OpId_173 (cycles)
1974072843,EXECUTE,0,CYCLES,BACKEND,SUB-EVENT,_Sigmoid:OpId_174 (cycles)
1974072843,EXECUTE,207717,CYCLES,BACKEND,SUB-EVENT,_Mul_12:OpId_181 (cycles)
1974072843,EXECUTE,90529,CYCLES,BACKEND,SUB-EVENT,_Mul_13:OpId_183 (cycles)
1974072843,EXECUTE,0,CYCLES,BACKEND,SUB-EVENT,_MatMul_8_pre_reshape:OpId_185 (cycles)
1974072843,EXECUTE,381672,CYCLES,BACKEND,SUB-EVENT,_MatMul_8:OpId_187 (cycles)
1974072843,EXECUTE,0,CYCLES,BACKEND,SUB-EVENT,_MatMul_8_post_reshape:OpId_190 (cycles)
1974072843,EXECUTE,0,CYCLES,BACKEND,SUB-EVENT,_MatMul_8_output_0_nfc:OpId_192 (cycles)
1974072843,EXECUTE,7126,CYCLES,BACKEND,SUB-EVENT,_Add_9:OpId_194 (cycles)
1974072843,EXECUTE,41798,CYCLES,BACKEND,SUB-EVENT,hidden_out_ncf:OpId_197 (cycles)
1974072843,EXECUTE,16832,CYCLES,BACKEND,SUB-EVENT,Output OpId_3 (cycles)
1974072843,EXECUTE,4463,US,BACKEND,ROOT,Accelerator (execute) time
1974072843,EXECUTE,4316,US,BACKEND,ROOT,Accelerator (execute excluding wait) time
1974072843,EXECUTE,12009,US,BACKEND,ROOT,QNN (execute) time
1974091965,EXECUTE,13105,US,NETRUN,ROOT,Graph 0: qwen2_0_5b_layer0_prefill_seq16
1974091965,EXECUTE,4,COUNT,BACKEND,ROOT,Number of HVX threads used
1974091965,EXECUTE,12635,US,BACKEND,ROOT,RPC (execute) time
1974091965,EXECUTE,10508,US,BACKEND,ROOT,QNN accelerator (execute) time
1974091965,EXECUTE,0,COUNT,BACKEND,ROOT,Num times yield occured
1974091965,EXECUTE,675,US,BACKEND,ROOT,Time for initial VTCM acquire
1974091965,EXECUTE,337,US,BACKEND,ROOT,Time for HVX + HMX power on and acquire
1974091965,EXECUTE,3183442,CYCLES,BACKEND,ROOT,Accelerator (execute) time (cycles)
1974091965,EXECUTE,8134,CYCLES,BACKEND,SUB-EVENT,Input OpId_2 (cycles)
1974091965,EXECUTE,0,CYCLES,BACKEND,SUB-EVENT,hidden_states_nfc:OpId_17 (cycles)
1974091965,EXECUTE,260016,CYCLES,BACKEND,SUB-EVENT,rms_norm__Mul_1_output_0:OpId_22 (cycles)
1974091965,EXECUTE,0,CYCLES,BACKEND,SUB-EVENT,_MatMul_2_pre_reshape:OpId_25 (cycles)
1974091965,EXECUTE,0,CYCLES,BACKEND,SUB-EVENT,_MatMul_1_pre_reshape:OpId_26 (cycles)
1974091965,EXECUTE,0,CYCLES,BACKEND,SUB-EVENT,_MatMul_pre_reshape:OpId_27 (cycles)
1974091965,EXECUTE,47830,CYCLES,BACKEND,SUB-EVENT,OpId_28 (cycles)
1974091965,EXECUTE,0,CYCLES,BACKEND,SUB-EVENT,_MatMul_lhs_reshape:OpId_30 (cycles)
1974091965,EXECUTE,0,CYCLES,BACKEND,SUB-EVENT,_MatMul_lhs_cast_fp16:OpId_31 (cycles)
1974091965,EXECUTE,612356,CYCLES,BACKEND,SUB-EVENT,_MatMul:OpId_32 (cycles)
1974091965,EXECUTE,0,CYCLES,BACKEND,SUB-EVENT,_MatMul_custom_output_reshape:OpId_33 (cycles)
1974091965,EXECUTE,319216,CYCLES,BACKEND,SUB-EVENT,_MatMul_bias_add:OpId_34 (cycles)
1974091965,EXECUTE,0,CYCLES,BACKEND,SUB-EVENT,_MatMul_post_reshape:OpId_36 (cycles)
1974091965,EXECUTE,0,CYCLES,BACKEND,SUB-EVENT,_MatMul_1:OpId_39 (cycles)
1974091965,EXECUTE,0,CYCLES,BACKEND,SUB-EVENT,_MatMul_1_post_reshape:OpId_41 (cycles)
1974091965,EXECUTE,0,CYCLES,BACKEND,SUB-EVENT,_MatMul_2:OpId_44 (cycles)
1974091965,EXECUTE,0,CYCLES,BACKEND,SUB-EVENT,_MatMul_2_post_reshape:OpId_46 (cycles)
1974091965,EXECUTE,29973,CYCLES,BACKEND,SUB-EVENT,_Transpose:OpId_48 (cycles)
1974091965,EXECUTE,19479,CYCLES,BACKEND,SUB-EVENT,_Transpose_1:OpId_50 (cycles)
1974091965,EXECUTE,32256,CYCLES,BACKEND,SUB-EVENT,_Transpose_2:OpId_52 (cycles)
1974091965,EXECUTE,22580,CYCLES,BACKEND,SUB-EVENT,_Slice:OpId_54 (cycles)
1974091965,EXECUTE,7201,CYCLES,BACKEND,SUB-EVENT,_Slice_1:OpId_60 (cycles)
1974091965,EXECUTE,6695,CYCLES,BACKEND,SUB-EVENT,_Mul_2:OpId_66 (cycles)
1974091965,EXECUTE,4645,CYCLES,BACKEND,SUB-EVENT,_Mul_3:OpId_69 (cycles)
1974091965,EXECUTE,1860,CYCLES,BACKEND,SUB-EVENT,_Sub:OpId_71 (cycles)
1974091965,EXECUTE,6714,CYCLES,BACKEND,SUB-EVENT,_Mul_4:OpId_73 (cycles)
1974091965,EXECUTE,4526,CYCLES,BACKEND,SUB-EVENT,_Mul_5:OpId_75 (cycles)
1974091965,EXECUTE,1407,CYCLES,BACKEND,SUB-EVENT,_Add_4:OpId_77 (cycles)
1974091965,EXECUTE,0,CYCLES,BACKEND,SUB-EVENT,_Unsqueeze:OpId_79 (cycles)
1974091965,EXECUTE,0,CYCLES,BACKEND,SUB-EVENT,_Unsqueeze_1:OpId_80 (cycles)
1974091965,EXECUTE,4076,CYCLES,BACKEND,SUB-EVENT,_Concat:OpId_81 (cycles)
1974091965,EXECUTE,0,CYCLES,BACKEND,SUB-EVENT,_Reshape_3:OpId_83 (cycles)
1974091965,EXECUTE,86309,CYCLES,BACKEND,SUB-EVENT,_Slice_3:OpId_85 (cycles)
1974091965,EXECUTE,6286,CYCLES,BACKEND,SUB-EVENT,_Slice_4:OpId_91 (cycles)
1974091965,EXECUTE,5695,CYCLES,BACKEND,SUB-EVENT,_Mul_6:OpId_96 (cycles)
1974091965,EXECUTE,2318,CYCLES,BACKEND,SUB-EVENT,_Mul_7:OpId_98 (cycles)
1974091965,EXECUTE,1325,CYCLES,BACKEND,SUB-EVENT,_Sub_1:OpId_100 (cycles)
1974091965,EXECUTE,5407,CYCLES,BACKEND,SUB-EVENT,_Mul_8:OpId_102 (cycles)
1974091965,EXECUTE,2277,CYCLES,BACKEND,SUB-EVENT,_Mul_9:OpId_104 (cycles)
1974091965,EXECUTE,1603,CYCLES,BACKEND,SUB-EVENT,_Add_5:OpId_106 (cycles)
1974091965,EXECUTE,0,CYCLES,BACKEND,SUB-EVENT,_Unsqueeze_2:OpId_108 (cycles)
1974091965,EXECUTE,0,CYCLES,BACKEND,SUB-EVENT,_Unsqueeze_3:OpId_109 (cycles)
1974091965,EXECUTE,2932,CYCLES,BACKEND,SUB-EVENT,_Concat_2:OpId_110 (cycles)
1974091965,EXECUTE,4672,CYCLES,BACKEND,SUB-EVENT,_Reshape_4:OpId_112 (cycles)
1974091965,EXECUTE,0,CYCLES,BACKEND,SUB-EVENT,_Unsqueeze_4:OpId_113 (cycles)
1974091965,EXECUTE,2659,CYCLES,BACKEND,SUB-EVENT,_Tile:OpId_115 (cycles)
1974091965,EXECUTE,0,CYCLES,BACKEND,SUB-EVENT,_Reshape_5:OpId_116 (cycles)
1974091965,EXECUTE,0,CYCLES,BACKEND,SUB-EVENT,_Unsqueeze_5:OpId_117 (cycles)
1974091965,EXECUTE,10302,CYCLES,BACKEND,SUB-EVENT,_Tile_1:OpId_119 (cycles)
1974091965,EXECUTE,0,CYCLES,BACKEND,SUB-EVENT,_Reshape_6:OpId_120 (cycles)
1974091965,EXECUTE,0,CYCLES,BACKEND,SUB-EVENT,_Transpose_3:OpId_122 (cycles)
1974091965,EXECUTE,77388,CYCLES,BACKEND,SUB-EVENT,_MatMul_3:OpId_123 (cycles)
1974091965,EXECUTE,14746,CYCLES,BACKEND,SUB-EVENT,_Div_1:OpId_128 (cycles)
1974091965,EXECUTE,3058,CYCLES,BACKEND,SUB-EVENT,_Add_6:OpId_131 (cycles)
1974091965,EXECUTE,69032,CYCLES,BACKEND,SUB-EVENT,_Softmax:OpId_133 (cycles)
1974091965,EXECUTE,37899,CYCLES,BACKEND,SUB-EVENT,_MatMul_4:OpId_136 (cycles)
1974091965,EXECUTE,0,CYCLES,BACKEND,SUB-EVENT,_Transpose_4:OpId_141 (cycles)
1974091965,EXECUTE,0,CYCLES,BACKEND,SUB-EVENT,_Reshape_7:OpId_142 (cycles)
1974091965,EXECUTE,11425,CYCLES,BACKEND,SUB-EVENT,_MatMul_5:OpId_144 (cycles)
1974091965,EXECUTE,0,CYCLES,BACKEND,SUB-EVENT,_MatMul_5_post_reshape:OpId_147 (cycles)
1974091965,EXECUTE,0,CYCLES,BACKEND,SUB-EVENT,_MatMul_5_output_0_nfc:OpId_149 (cycles)
1974091965,EXECUTE,2678,CYCLES,BACKEND,SUB-EVENT,_Add_7:OpId_151 (cycles)
1974091965,EXECUTE,0,CYCLES,BACKEND,SUB-EVENT,_Add_7_output_0_ncf:OpId_154 (cycles)
1974091965,EXECUTE,12356,CYCLES,BACKEND,SUB-EVENT,rms_norm__Mul_11_output_0:OpId_159 (cycles)
1974091965,EXECUTE,0,CYCLES,BACKEND,SUB-EVENT,_MatMul_7_pre_reshape:OpId_162 (cycles)
1974091965,EXECUTE,0,CYCLES,BACKEND,SUB-EVENT,_MatMul_6_pre_reshape:OpId_163 (cycles)
1974091965,EXECUTE,306808,CYCLES,BACKEND,SUB-EVENT,_MatMul_6:OpId_165 (cycles)
1974091965,EXECUTE,0,CYCLES,BACKEND,SUB-EVENT,_MatMul_6_post_reshape:OpId_168 (cycles)
1974091965,EXECUTE,346461,CYCLES,BACKEND,SUB-EVENT,_MatMul_7:OpId_170 (cycles)
1974091965,EXECUTE,0,CYCLES,BACKEND,SUB-EVENT,_MatMul_7_post_reshape:OpId_173 (cycles)
1974091965,EXECUTE,0,CYCLES,BACKEND,SUB-EVENT,_Sigmoid:OpId_174 (cycles)
1974091965,EXECUTE,223017,CYCLES,BACKEND,SUB-EVENT,_Mul_12:OpId_181 (cycles)
1974091965,EXECUTE,95502,CYCLES,BACKEND,SUB-EVENT,_Mul_13:OpId_183 (cycles)
1974091965,EXECUTE,0,CYCLES,BACKEND,SUB-EVENT,_MatMul_8_pre_reshape:OpId_185 (cycles)
1974091965,EXECUTE,386216,CYCLES,BACKEND,SUB-EVENT,_MatMul_8:OpId_187 (cycles)
1974091965,EXECUTE,0,CYCLES,BACKEND,SUB-EVENT,_MatMul_8_post_reshape:OpId_190 (cycles)
1974091965,EXECUTE,0,CYCLES,BACKEND,SUB-EVENT,_MatMul_8_output_0_nfc:OpId_192 (cycles)
1974091965,EXECUTE,7145,CYCLES,BACKEND,SUB-EVENT,_Add_9:OpId_194 (cycles)
1974091965,EXECUTE,41593,CYCLES,BACKEND,SUB-EVENT,hidden_out_ncf:OpId_197 (cycles)
1974091965,EXECUTE,27369,CYCLES,BACKEND,SUB-EVENT,Output OpId_3 (cycles)
1974091965,EXECUTE,4622,US,BACKEND,ROOT,Accelerator (execute) time
1974091965,EXECUTE,4470,US,BACKEND,ROOT,Accelerator (execute excluding wait) time
1974091965,EXECUTE,13079,US,BACKEND,ROOT,QNN (execute) time
1974110723,EXECUTE,12689,US,NETRUN,ROOT,Graph 0: qwen2_0_5b_layer0_prefill_seq16
1974110723,EXECUTE,4,COUNT,BACKEND,ROOT,Number of HVX threads used
1974110723,EXECUTE,12159,US,BACKEND,ROOT,RPC (execute) time
1974110723,EXECUTE,10202,US,BACKEND,ROOT,QNN accelerator (execute) time
1974110723,EXECUTE,0,COUNT,BACKEND,ROOT,Num times yield occured
1974110723,EXECUTE,658,US,BACKEND,ROOT,Time for initial VTCM acquire
1974110723,EXECUTE,308,US,BACKEND,ROOT,Time for HVX + HMX power on and acquire
1974110723,EXECUTE,3093616,CYCLES,BACKEND,ROOT,Accelerator (execute) time (cycles)
1974110723,EXECUTE,1862,CYCLES,BACKEND,SUB-EVENT,Input OpId_2 (cycles)
1974110723,EXECUTE,0,CYCLES,BACKEND,SUB-EVENT,hidden_states_nfc:OpId_17 (cycles)
1974110723,EXECUTE,193686,CYCLES,BACKEND,SUB-EVENT,rms_norm__Mul_1_output_0:OpId_22 (cycles)
1974110723,EXECUTE,0,CYCLES,BACKEND,SUB-EVENT,_MatMul_2_pre_reshape:OpId_25 (cycles)
1974110723,EXECUTE,0,CYCLES,BACKEND,SUB-EVENT,_MatMul_1_pre_reshape:OpId_26 (cycles)
1974110723,EXECUTE,0,CYCLES,BACKEND,SUB-EVENT,_MatMul_pre_reshape:OpId_27 (cycles)
1974110723,EXECUTE,6020,CYCLES,BACKEND,SUB-EVENT,OpId_28 (cycles)
1974110723,EXECUTE,0,CYCLES,BACKEND,SUB-EVENT,_MatMul_lhs_reshape:OpId_30 (cycles)
1974110723,EXECUTE,0,CYCLES,BACKEND,SUB-EVENT,_MatMul_lhs_cast_fp16:OpId_31 (cycles)
1974110723,EXECUTE,585990,CYCLES,BACKEND,SUB-EVENT,_MatMul:OpId_32 (cycles)
1974110723,EXECUTE,0,CYCLES,BACKEND,SUB-EVENT,_MatMul_custom_output_reshape:OpId_33 (cycles)
1974110723,EXECUTE,344920,CYCLES,BACKEND,SUB-EVENT,_MatMul_bias_add:OpId_34 (cycles)
1974110723,EXECUTE,0,CYCLES,BACKEND,SUB-EVENT,_MatMul_post_reshape:OpId_36 (cycles)
1974110723,EXECUTE,0,CYCLES,BACKEND,SUB-EVENT,_MatMul_1:OpId_39 (cycles)
1974110723,EXECUTE,0,CYCLES,BACKEND,SUB-EVENT,_MatMul_1_post_reshape:OpId_41 (cycles)
1974110723,EXECUTE,0,CYCLES,BACKEND,SUB-EVENT,_MatMul_2:OpId_44 (cycles)
1974110723,EXECUTE,0,CYCLES,BACKEND,SUB-EVENT,_MatMul_2_post_reshape:OpId_46 (cycles)
1974110723,EXECUTE,33345,CYCLES,BACKEND,SUB-EVENT,_Transpose:OpId_48 (cycles)
1974110723,EXECUTE,7167,CYCLES,BACKEND,SUB-EVENT,_Transpose_1:OpId_50 (cycles)
1974110723,EXECUTE,24674,CYCLES,BACKEND,SUB-EVENT,_Transpose_2:OpId_52 (cycles)
1974110723,EXECUTE,22469,CYCLES,BACKEND,SUB-EVENT,_Slice:OpId_54 (cycles)
1974110723,EXECUTE,7480,CYCLES,BACKEND,SUB-EVENT,_Slice_1:OpId_60 (cycles)
1974110723,EXECUTE,6711,CYCLES,BACKEND,SUB-EVENT,_Mul_2:OpId_66 (cycles)
1974110723,EXECUTE,4697,CYCLES,BACKEND,SUB-EVENT,_Mul_3:OpId_69 (cycles)
1974110723,EXECUTE,1443,CYCLES,BACKEND,SUB-EVENT,_Sub:OpId_71 (cycles)
1974110723,EXECUTE,6798,CYCLES,BACKEND,SUB-EVENT,_Mul_4:OpId_73 (cycles)
1974110723,EXECUTE,4659,CYCLES,BACKEND,SUB-EVENT,_Mul_5:OpId_75 (cycles)
1974110723,EXECUTE,6374,CYCLES,BACKEND,SUB-EVENT,_Add_4:OpId_77 (cycles)
1974110723,EXECUTE,0,CYCLES,BACKEND,SUB-EVENT,_Unsqueeze:OpId_79 (cycles)
1974110723,EXECUTE,0,CYCLES,BACKEND,SUB-EVENT,_Unsqueeze_1:OpId_80 (cycles)
1974110723,EXECUTE,4154,CYCLES,BACKEND,SUB-EVENT,_Concat:OpId_81 (cycles)
1974110723,EXECUTE,0,CYCLES,BACKEND,SUB-EVENT,_Reshape_3:OpId_83 (cycles)
1974110723,EXECUTE,108342,CYCLES,BACKEND,SUB-EVENT,_Slice_3:OpId_85 (cycles)
1974110723,EXECUTE,6569,CYCLES,BACKEND,SUB-EVENT,_Slice_4:OpId_91 (cycles)
1974110723,EXECUTE,15336,CYCLES,BACKEND,SUB-EVENT,_Mul_6:OpId_96 (cycles)
1974110723,EXECUTE,12696,CYCLES,BACKEND,SUB-EVENT,_Mul_7:OpId_98 (cycles)
1974110723,EXECUTE,1072,CYCLES,BACKEND,SUB-EVENT,_Sub_1:OpId_100 (cycles)
1974110723,EXECUTE,15321,CYCLES,BACKEND,SUB-EVENT,_Mul_8:OpId_102 (cycles)
1974110723,EXECUTE,12447,CYCLES,BACKEND,SUB-EVENT,_Mul_9:OpId_104 (cycles)
1974110723,EXECUTE,1770,CYCLES,BACKEND,SUB-EVENT,_Add_5:OpId_106 (cycles)
1974110723,EXECUTE,0,CYCLES,BACKEND,SUB-EVENT,_Unsqueeze_2:OpId_108 (cycles)
1974110723,EXECUTE,0,CYCLES,BACKEND,SUB-EVENT,_Unsqueeze_3:OpId_109 (cycles)
1974110723,EXECUTE,2879,CYCLES,BACKEND,SUB-EVENT,_Concat_2:OpId_110 (cycles)
1974110723,EXECUTE,4262,CYCLES,BACKEND,SUB-EVENT,_Reshape_4:OpId_112 (cycles)
1974110723,EXECUTE,0,CYCLES,BACKEND,SUB-EVENT,_Unsqueeze_4:OpId_113 (cycles)
1974110723,EXECUTE,12736,CYCLES,BACKEND,SUB-EVENT,_Tile:OpId_115 (cycles)
1974110723,EXECUTE,0,CYCLES,BACKEND,SUB-EVENT,_Reshape_5:OpId_116 (cycles)
1974110723,EXECUTE,0,CYCLES,BACKEND,SUB-EVENT,_Unsqueeze_5:OpId_117 (cycles)
1974110723,EXECUTE,21972,CYCLES,BACKEND,SUB-EVENT,_Tile_1:OpId_119 (cycles)
1974110723,EXECUTE,0,CYCLES,BACKEND,SUB-EVENT,_Reshape_6:OpId_120 (cycles)
1974110723,EXECUTE,0,CYCLES,BACKEND,SUB-EVENT,_Transpose_3:OpId_122 (cycles)
1974110723,EXECUTE,106606,CYCLES,BACKEND,SUB-EVENT,_MatMul_3:OpId_123 (cycles)
1974110723,EXECUTE,14988,CYCLES,BACKEND,SUB-EVENT,_Div_1:OpId_128 (cycles)
1974110723,EXECUTE,10853,CYCLES,BACKEND,SUB-EVENT,_Add_6:OpId_131 (cycles)
1974110723,EXECUTE,59107,CYCLES,BACKEND,SUB-EVENT,_Softmax:OpId_133 (cycles)
1974110723,EXECUTE,47667,CYCLES,BACKEND,SUB-EVENT,_MatMul_4:OpId_136 (cycles)
1974110723,EXECUTE,0,CYCLES,BACKEND,SUB-EVENT,_Transpose_4:OpId_141 (cycles)
1974110723,EXECUTE,0,CYCLES,BACKEND,SUB-EVENT,_Reshape_7:OpId_142 (cycles)
1974110723,EXECUTE,33866,CYCLES,BACKEND,SUB-EVENT,_MatMul_5:OpId_144 (cycles)
1974110723,EXECUTE,0,CYCLES,BACKEND,SUB-EVENT,_MatMul_5_post_reshape:OpId_147 (cycles)
1974110723,EXECUTE,0,CYCLES,BACKEND,SUB-EVENT,_MatMul_5_output_0_nfc:OpId_149 (cycles)
1974110723,EXECUTE,2664,CYCLES,BACKEND,SUB-EVENT,_Add_7:OpId_151 (cycles)
1974110723,EXECUTE,0,CYCLES,BACKEND,SUB-EVENT,_Add_7_output_0_ncf:OpId_154 (cycles)
1974110723,EXECUTE,18057,CYCLES,BACKEND,SUB-EVENT,rms_norm__Mul_11_output_0:OpId_159 (cycles)
1974110723,EXECUTE,0,CYCLES,BACKEND,SUB-EVENT,_MatMul_7_pre_reshape:OpId_162 (cycles)
1974110723,EXECUTE,0,CYCLES,BACKEND,SUB-EVENT,_MatMul_6_pre_reshape:OpId_163 (cycles)
1974110723,EXECUTE,231537,CYCLES,BACKEND,SUB-EVENT,_MatMul_6:OpId_165 (cycles)
1974110723,EXECUTE,0,CYCLES,BACKEND,SUB-EVENT,_MatMul_6_post_reshape:OpId_168 (cycles)
1974110723,EXECUTE,365961,CYCLES,BACKEND,SUB-EVENT,_MatMul_7:OpId_170 (cycles)
1974110723,EXECUTE,0,CYCLES,BACKEND,SUB-EVENT,_MatMul_7_post_reshape:OpId_173 (cycles)
1974110723,EXECUTE,0,CYCLES,BACKEND,SUB-EVENT,_Sigmoid:OpId_174 (cycles)
1974110723,EXECUTE,192514,CYCLES,BACKEND,SUB-EVENT,_Mul_12:OpId_181 (cycles)
1974110723,EXECUTE,87148,CYCLES,BACKEND,SUB-EVENT,_Mul_13:OpId_183 (cycles)
1974110723,EXECUTE,0,CYCLES,BACKEND,SUB-EVENT,_MatMul_8_pre_reshape:OpId_185 (cycles)
1974110723,EXECUTE,380176,CYCLES,BACKEND,SUB-EVENT,_MatMul_8:OpId_187 (cycles)
1974110723,EXECUTE,0,CYCLES,BACKEND,SUB-EVENT,_MatMul_8_post_reshape:OpId_190 (cycles)
1974110723,EXECUTE,0,CYCLES,BACKEND,SUB-EVENT,_MatMul_8_output_0_nfc:OpId_192 (cycles)
1974110723,EXECUTE,7143,CYCLES,BACKEND,SUB-EVENT,_Add_9:OpId_194 (cycles)
1974110723,EXECUTE,39864,CYCLES,BACKEND,SUB-EVENT,hidden_out_ncf:OpId_197 (cycles)
1974110723,EXECUTE,17614,CYCLES,BACKEND,SUB-EVENT,Output OpId_3 (cycles)
1974110723,EXECUTE,4467,US,BACKEND,ROOT,Accelerator (execute) time
1974110723,EXECUTE,4317,US,BACKEND,ROOT,Accelerator (execute excluding wait) time
1974110723,EXECUTE,12665,US,BACKEND,ROOT,QNN (execute) time
1974130039,EXECUTE,13330,US,NETRUN,ROOT,Graph 0: qwen2_0_5b_layer0_prefill_seq16
1974130039,EXECUTE,4,COUNT,BACKEND,ROOT,Number of HVX threads used
1974130039,EXECUTE,12728,US,BACKEND,ROOT,RPC (execute) time
1974130039,EXECUTE,10390,US,BACKEND,ROOT,QNN accelerator (execute) time
1974130039,EXECUTE,0,COUNT,BACKEND,ROOT,Num times yield occured
1974130039,EXECUTE,591,US,BACKEND,ROOT,Time for initial VTCM acquire
1974130039,EXECUTE,320,US,BACKEND,ROOT,Time for HVX + HMX power on and acquire
1974130039,EXECUTE,3069222,CYCLES,BACKEND,ROOT,Accelerator (execute) time (cycles)
1974130039,EXECUTE,4340,CYCLES,BACKEND,SUB-EVENT,Input OpId_2 (cycles)
1974130039,EXECUTE,0,CYCLES,BACKEND,SUB-EVENT,hidden_states_nfc:OpId_17 (cycles)
1974130039,EXECUTE,217166,CYCLES,BACKEND,SUB-EVENT,rms_norm__Mul_1_output_0:OpId_22 (cycles)
1974130039,EXECUTE,0,CYCLES,BACKEND,SUB-EVENT,_MatMul_2_pre_reshape:OpId_25 (cycles)
1974130039,EXECUTE,0,CYCLES,BACKEND,SUB-EVENT,_MatMul_1_pre_reshape:OpId_26 (cycles)
1974130039,EXECUTE,0,CYCLES,BACKEND,SUB-EVENT,_MatMul_pre_reshape:OpId_27 (cycles)
1974130039,EXECUTE,5961,CYCLES,BACKEND,SUB-EVENT,OpId_28 (cycles)
1974130039,EXECUTE,0,CYCLES,BACKEND,SUB-EVENT,_MatMul_lhs_reshape:OpId_30 (cycles)
1974130039,EXECUTE,0,CYCLES,BACKEND,SUB-EVENT,_MatMul_lhs_cast_fp16:OpId_31 (cycles)
1974130039,EXECUTE,588788,CYCLES,BACKEND,SUB-EVENT,_MatMul:OpId_32 (cycles)
1974130039,EXECUTE,0,CYCLES,BACKEND,SUB-EVENT,_MatMul_custom_output_reshape:OpId_33 (cycles)
1974130039,EXECUTE,293424,CYCLES,BACKEND,SUB-EVENT,_MatMul_bias_add:OpId_34 (cycles)
1974130039,EXECUTE,0,CYCLES,BACKEND,SUB-EVENT,_MatMul_post_reshape:OpId_36 (cycles)
1974130039,EXECUTE,0,CYCLES,BACKEND,SUB-EVENT,_MatMul_1:OpId_39 (cycles)
1974130039,EXECUTE,0,CYCLES,BACKEND,SUB-EVENT,_MatMul_1_post_reshape:OpId_41 (cycles)
1974130039,EXECUTE,0,CYCLES,BACKEND,SUB-EVENT,_MatMul_2:OpId_44 (cycles)
1974130039,EXECUTE,0,CYCLES,BACKEND,SUB-EVENT,_MatMul_2_post_reshape:OpId_46 (cycles)
1974130039,EXECUTE,35354,CYCLES,BACKEND,SUB-EVENT,_Transpose:OpId_48 (cycles)
1974130039,EXECUTE,12032,CYCLES,BACKEND,SUB-EVENT,_Transpose_1:OpId_50 (cycles)
1974130039,EXECUTE,19654,CYCLES,BACKEND,SUB-EVENT,_Transpose_2:OpId_52 (cycles)
1974130039,EXECUTE,22842,CYCLES,BACKEND,SUB-EVENT,_Slice:OpId_54 (cycles)
1974130039,EXECUTE,7644,CYCLES,BACKEND,SUB-EVENT,_Slice_1:OpId_60 (cycles)
1974130039,EXECUTE,6566,CYCLES,BACKEND,SUB-EVENT,_Mul_2:OpId_66 (cycles)
1974130039,EXECUTE,4639,CYCLES,BACKEND,SUB-EVENT,_Mul_3:OpId_69 (cycles)
1974130039,EXECUTE,1427,CYCLES,BACKEND,SUB-EVENT,_Sub:OpId_71 (cycles)
1974130039,EXECUTE,6707,CYCLES,BACKEND,SUB-EVENT,_Mul_4:OpId_73 (cycles)
1974130039,EXECUTE,4541,CYCLES,BACKEND,SUB-EVENT,_Mul_5:OpId_75 (cycles)
1974130039,EXECUTE,6034,CYCLES,BACKEND,SUB-EVENT,_Add_4:OpId_77 (cycles)
1974130039,EXECUTE,0,CYCLES,BACKEND,SUB-EVENT,_Unsqueeze:OpId_79 (cycles)
1974130039,EXECUTE,0,CYCLES,BACKEND,SUB-EVENT,_Unsqueeze_1:OpId_80 (cycles)
1974130039,EXECUTE,4020,CYCLES,BACKEND,SUB-EVENT,_Concat:OpId_81 (cycles)
1974130039,EXECUTE,0,CYCLES,BACKEND,SUB-EVENT,_Reshape_3:OpId_83 (cycles)
1974130039,EXECUTE,113083,CYCLES,BACKEND,SUB-EVENT,_Slice_3:OpId_85 (cycles)
1974130039,EXECUTE,6111,CYCLES,BACKEND,SUB-EVENT,_Slice_4:OpId_91 (cycles)
1974130039,EXECUTE,15048,CYCLES,BACKEND,SUB-EVENT,_Mul_6:OpId_96 (cycles)
1974130039,EXECUTE,11970,CYCLES,BACKEND,SUB-EVENT,_Mul_7:OpId_98 (cycles)
1974130039,EXECUTE,1079,CYCLES,BACKEND,SUB-EVENT,_Sub_1:OpId_100 (cycles)
1974130039,EXECUTE,14960,CYCLES,BACKEND,SUB-EVENT,_Mul_8:OpId_102 (cycles)
1974130039,EXECUTE,11809,CYCLES,BACKEND,SUB-EVENT,_Mul_9:OpId_104 (cycles)
1974130039,EXECUTE,1779,CYCLES,BACKEND,SUB-EVENT,_Add_5:OpId_106 (cycles)
1974130039,EXECUTE,0,CYCLES,BACKEND,SUB-EVENT,_Unsqueeze_2:OpId_108 (cycles)
1974130039,EXECUTE,0,CYCLES,BACKEND,SUB-EVENT,_Unsqueeze_3:OpId_109 (cycles)
1974130039,EXECUTE,3264,CYCLES,BACKEND,SUB-EVENT,_Concat_2:OpId_110 (cycles)
1974130039,EXECUTE,4187,CYCLES,BACKEND,SUB-EVENT,_Reshape_4:OpId_112 (cycles)
1974130039,EXECUTE,0,CYCLES,BACKEND,SUB-EVENT,_Unsqueeze_4:OpId_113 (cycles)
1974130039,EXECUTE,4865,CYCLES,BACKEND,SUB-EVENT,_Tile:OpId_115 (cycles)
1974130039,EXECUTE,0,CYCLES,BACKEND,SUB-EVENT,_Reshape_5:OpId_116 (cycles)
1974130039,EXECUTE,0,CYCLES,BACKEND,SUB-EVENT,_Unsqueeze_5:OpId_117 (cycles)
1974130039,EXECUTE,14761,CYCLES,BACKEND,SUB-EVENT,_Tile_1:OpId_119 (cycles)
1974130039,EXECUTE,0,CYCLES,BACKEND,SUB-EVENT,_Reshape_6:OpId_120 (cycles)
1974130039,EXECUTE,0,CYCLES,BACKEND,SUB-EVENT,_Transpose_3:OpId_122 (cycles)
1974130039,EXECUTE,133917,CYCLES,BACKEND,SUB-EVENT,_MatMul_3:OpId_123 (cycles)
1974130039,EXECUTE,19777,CYCLES,BACKEND,SUB-EVENT,_Div_1:OpId_128 (cycles)
1974130039,EXECUTE,10167,CYCLES,BACKEND,SUB-EVENT,_Add_6:OpId_131 (cycles)
1974130039,EXECUTE,61280,CYCLES,BACKEND,SUB-EVENT,_Softmax:OpId_133 (cycles)
1974130039,EXECUTE,26925,CYCLES,BACKEND,SUB-EVENT,_MatMul_4:OpId_136 (cycles)
1974130039,EXECUTE,0,CYCLES,BACKEND,SUB-EVENT,_Transpose_4:OpId_141 (cycles)
1974130039,EXECUTE,0,CYCLES,BACKEND,SUB-EVENT,_Reshape_7:OpId_142 (cycles)
1974130039,EXECUTE,30400,CYCLES,BACKEND,SUB-EVENT,_MatMul_5:OpId_144 (cycles)
1974130039,EXECUTE,0,CYCLES,BACKEND,SUB-EVENT,_MatMul_5_post_reshape:OpId_147 (cycles)
1974130039,EXECUTE,0,CYCLES,BACKEND,SUB-EVENT,_MatMul_5_output_0_nfc:OpId_149 (cycles)
1974130039,EXECUTE,2671,CYCLES,BACKEND,SUB-EVENT,_Add_7:OpId_151 (cycles)
1974130039,EXECUTE,0,CYCLES,BACKEND,SUB-EVENT,_Add_7_output_0_ncf:OpId_154 (cycles)
1974130039,EXECUTE,14811,CYCLES,BACKEND,SUB-EVENT,rms_norm__Mul_11_output_0:OpId_159 (cycles)
1974130039,EXECUTE,0,CYCLES,BACKEND,SUB-EVENT,_MatMul_7_pre_reshape:OpId_162 (cycles)
1974130039,EXECUTE,0,CYCLES,BACKEND,SUB-EVENT,_MatMul_6_pre_reshape:OpId_163 (cycles)
1974130039,EXECUTE,221204,CYCLES,BACKEND,SUB-EVENT,_MatMul_6:OpId_165 (cycles)
1974130039,EXECUTE,0,CYCLES,BACKEND,SUB-EVENT,_MatMul_6_post_reshape:OpId_168 (cycles)
1974130039,EXECUTE,352653,CYCLES,BACKEND,SUB-EVENT,_MatMul_7:OpId_170 (cycles)
1974130039,EXECUTE,0,CYCLES,BACKEND,SUB-EVENT,_MatMul_7_post_reshape:OpId_173 (cycles)
1974130039,EXECUTE,0,CYCLES,BACKEND,SUB-EVENT,_Sigmoid:OpId_174 (cycles)
1974130039,EXECUTE,209342,CYCLES,BACKEND,SUB-EVENT,_Mul_12:OpId_181 (cycles)
1974130039,EXECUTE,96610,CYCLES,BACKEND,SUB-EVENT,_Mul_13:OpId_183 (cycles)
1974130039,EXECUTE,0,CYCLES,BACKEND,SUB-EVENT,_MatMul_8_pre_reshape:OpId_185 (cycles)
1974130039,EXECUTE,384019,CYCLES,BACKEND,SUB-EVENT,_MatMul_8:OpId_187 (cycles)
1974130039,EXECUTE,0,CYCLES,BACKEND,SUB-EVENT,_MatMul_8_post_reshape:OpId_190 (cycles)
1974130039,EXECUTE,0,CYCLES,BACKEND,SUB-EVENT,_MatMul_8_output_0_nfc:OpId_192 (cycles)
1974130039,EXECUTE,7144,CYCLES,BACKEND,SUB-EVENT,_Add_9:OpId_194 (cycles)
1974130039,EXECUTE,39823,CYCLES,BACKEND,SUB-EVENT,hidden_out_ncf:OpId_197 (cycles)
1974130039,EXECUTE,14424,CYCLES,BACKEND,SUB-EVENT,Output OpId_3 (cycles)
1974130039,EXECUTE,4406,US,BACKEND,ROOT,Accelerator (execute) time
1974130039,EXECUTE,4261,US,BACKEND,ROOT,Accelerator (execute excluding wait) time
1974130039,EXECUTE,13304,US,BACKEND,ROOT,QNN (execute) time
1974150155,EXECUTE,13304,US,NETRUN,ROOT,Graph 0: qwen2_0_5b_layer0_prefill_seq16
1974150155,EXECUTE,4,COUNT,BACKEND,ROOT,Number of HVX threads used
1974150155,EXECUTE,12856,US,BACKEND,ROOT,RPC (execute) time
1974150155,EXECUTE,10428,US,BACKEND,ROOT,QNN accelerator (execute) time
1974150155,EXECUTE,0,COUNT,BACKEND,ROOT,Num times yield occured
1974150155,EXECUTE,622,US,BACKEND,ROOT,Time for initial VTCM acquire
1974150155,EXECUTE,250,US,BACKEND,ROOT,Time for HVX + HMX power on and acquire
1974150155,EXECUTE,3089333,CYCLES,BACKEND,ROOT,Accelerator (execute) time (cycles)
1974150155,EXECUTE,4354,CYCLES,BACKEND,SUB-EVENT,Input OpId_2 (cycles)
1974150155,EXECUTE,0,CYCLES,BACKEND,SUB-EVENT,hidden_states_nfc:OpId_17 (cycles)
1974150155,EXECUTE,228162,CYCLES,BACKEND,SUB-EVENT,rms_norm__Mul_1_output_0:OpId_22 (cycles)
1974150155,EXECUTE,0,CYCLES,BACKEND,SUB-EVENT,_MatMul_2_pre_reshape:OpId_25 (cycles)
1974150155,EXECUTE,0,CYCLES,BACKEND,SUB-EVENT,_MatMul_1_pre_reshape:OpId_26 (cycles)
1974150155,EXECUTE,0,CYCLES,BACKEND,SUB-EVENT,_MatMul_pre_reshape:OpId_27 (cycles)
1974150155,EXECUTE,4507,CYCLES,BACKEND,SUB-EVENT,OpId_28 (cycles)
1974150155,EXECUTE,0,CYCLES,BACKEND,SUB-EVENT,_MatMul_lhs_reshape:OpId_30 (cycles)
1974150155,EXECUTE,0,CYCLES,BACKEND,SUB-EVENT,_MatMul_lhs_cast_fp16:OpId_31 (cycles)
1974150155,EXECUTE,590453,CYCLES,BACKEND,SUB-EVENT,_MatMul:OpId_32 (cycles)
1974150155,EXECUTE,0,CYCLES,BACKEND,SUB-EVENT,_MatMul_custom_output_reshape:OpId_33 (cycles)
1974150155,EXECUTE,308303,CYCLES,BACKEND,SUB-EVENT,_MatMul_bias_add:OpId_34 (cycles)
1974150155,EXECUTE,0,CYCLES,BACKEND,SUB-EVENT,_MatMul_post_reshape:OpId_36 (cycles)
1974150155,EXECUTE,0,CYCLES,BACKEND,SUB-EVENT,_MatMul_1:OpId_39 (cycles)
1974150155,EXECUTE,0,CYCLES,BACKEND,SUB-EVENT,_MatMul_1_post_reshape:OpId_41 (cycles)
1974150155,EXECUTE,0,CYCLES,BACKEND,SUB-EVENT,_MatMul_2:OpId_44 (cycles)
1974150155,EXECUTE,0,CYCLES,BACKEND,SUB-EVENT,_MatMul_2_post_reshape:OpId_46 (cycles)
1974150155,EXECUTE,33729,CYCLES,BACKEND,SUB-EVENT,_Transpose:OpId_48 (cycles)
1974150155,EXECUTE,17548,CYCLES,BACKEND,SUB-EVENT,_Transpose_1:OpId_50 (cycles)
1974150155,EXECUTE,17517,CYCLES,BACKEND,SUB-EVENT,_Transpose_2:OpId_52 (cycles)
1974150155,EXECUTE,22725,CYCLES,BACKEND,SUB-EVENT,_Slice:OpId_54 (cycles)
1974150155,EXECUTE,7405,CYCLES,BACKEND,SUB-EVENT,_Slice_1:OpId_60 (cycles)
1974150155,EXECUTE,6450,CYCLES,BACKEND,SUB-EVENT,_Mul_2:OpId_66 (cycles)
1974150155,EXECUTE,4737,CYCLES,BACKEND,SUB-EVENT,_Mul_3:OpId_69 (cycles)
1974150155,EXECUTE,1212,CYCLES,BACKEND,SUB-EVENT,_Sub:OpId_71 (cycles)
1974150155,EXECUTE,6562,CYCLES,BACKEND,SUB-EVENT,_Mul_4:OpId_73 (cycles)
1974150155,EXECUTE,4609,CYCLES,BACKEND,SUB-EVENT,_Mul_5:OpId_75 (cycles)
1974150155,EXECUTE,6458,CYCLES,BACKEND,SUB-EVENT,_Add_4:OpId_77 (cycles)
1974150155,EXECUTE,0,CYCLES,BACKEND,SUB-EVENT,_Unsqueeze:OpId_79 (cycles)
1974150155,EXECUTE,0,CYCLES,BACKEND,SUB-EVENT,_Unsqueeze_1:OpId_80 (cycles)
1974150155,EXECUTE,4172,CYCLES,BACKEND,SUB-EVENT,_Concat:OpId_81 (cycles)
1974150155,EXECUTE,0,CYCLES,BACKEND,SUB-EVENT,_Reshape_3:OpId_83 (cycles)
1974150155,EXECUTE,102872,CYCLES,BACKEND,SUB-EVENT,_Slice_3:OpId_85 (cycles)
1974150155,EXECUTE,6124,CYCLES,BACKEND,SUB-EVENT,_Slice_4:OpId_91 (cycles)
1974150155,EXECUTE,14330,CYCLES,BACKEND,SUB-EVENT,_Mul_6:OpId_96 (cycles)
1974150155,EXECUTE,11472,CYCLES,BACKEND,SUB-EVENT,_Mul_7:OpId_98 (cycles)
1974150155,EXECUTE,1077,CYCLES,BACKEND,SUB-EVENT,_Sub_1:OpId_100 (cycles)
1974150155,EXECUTE,14281,CYCLES,BACKEND,SUB-EVENT,_Mul_8:OpId_102 (cycles)
1974150155,EXECUTE,11413,CYCLES,BACKEND,SUB-EVENT,_Mul_9:OpId_104 (cycles)
1974150155,EXECUTE,1647,CYCLES,BACKEND,SUB-EVENT,_Add_5:OpId_106 (cycles)
1974150155,EXECUTE,0,CYCLES,BACKEND,SUB-EVENT,_Unsqueeze_2:OpId_108 (cycles)
1974150155,EXECUTE,0,CYCLES,BACKEND,SUB-EVENT,_Unsqueeze_3:OpId_109 (cycles)
1974150155,EXECUTE,3385,CYCLES,BACKEND,SUB-EVENT,_Concat_2:OpId_110 (cycles)
1974150155,EXECUTE,4214,CYCLES,BACKEND,SUB-EVENT,_Reshape_4:OpId_112 (cycles)
1974150155,EXECUTE,0,CYCLES,BACKEND,SUB-EVENT,_Unsqueeze_4:OpId_113 (cycles)
1974150155,EXECUTE,2970,CYCLES,BACKEND,SUB-EVENT,_Tile:OpId_115 (cycles)
1974150155,EXECUTE,0,CYCLES,BACKEND,SUB-EVENT,_Reshape_5:OpId_116 (cycles)
1974150155,EXECUTE,0,CYCLES,BACKEND,SUB-EVENT,_Unsqueeze_5:OpId_117 (cycles)
1974150155,EXECUTE,7773,CYCLES,BACKEND,SUB-EVENT,_Tile_1:OpId_119 (cycles)
1974150155,EXECUTE,0,CYCLES,BACKEND,SUB-EVENT,_Reshape_6:OpId_120 (cycles)
1974150155,EXECUTE,0,CYCLES,BACKEND,SUB-EVENT,_Transpose_3:OpId_122 (cycles)
1974150155,EXECUTE,143530,CYCLES,BACKEND,SUB-EVENT,_MatMul_3:OpId_123 (cycles)
1974150155,EXECUTE,15493,CYCLES,BACKEND,SUB-EVENT,_Div_1:OpId_128 (cycles)
1974150155,EXECUTE,5591,CYCLES,BACKEND,SUB-EVENT,_Add_6:OpId_131 (cycles)
1974150155,EXECUTE,61776,CYCLES,BACKEND,SUB-EVENT,_Softmax:OpId_133 (cycles)
1974150155,EXECUTE,43013,CYCLES,BACKEND,SUB-EVENT,_MatMul_4:OpId_136 (cycles)
1974150155,EXECUTE,0,CYCLES,BACKEND,SUB-EVENT,_Transpose_4:OpId_141 (cycles)
1974150155,EXECUTE,0,CYCLES,BACKEND,SUB-EVENT,_Reshape_7:OpId_142 (cycles)
1974150155,EXECUTE,26363,CYCLES,BACKEND,SUB-EVENT,_MatMul_5:OpId_144 (cycles)
1974150155,EXECUTE,0,CYCLES,BACKEND,SUB-EVENT,_MatMul_5_post_reshape:OpId_147 (cycles)
1974150155,EXECUTE,0,CYCLES,BACKEND,SUB-EVENT,_MatMul_5_output_0_nfc:OpId_149 (cycles)
1974150155,EXECUTE,2661,CYCLES,BACKEND,SUB-EVENT,_Add_7:OpId_151 (cycles)
1974150155,EXECUTE,0,CYCLES,BACKEND,SUB-EVENT,_Add_7_output_0_ncf:OpId_154 (cycles)
1974150155,EXECUTE,13195,CYCLES,BACKEND,SUB-EVENT,rms_norm__Mul_11_output_0:OpId_159 (cycles)
1974150155,EXECUTE,0,CYCLES,BACKEND,SUB-EVENT,_MatMul_7_pre_reshape:OpId_162 (cycles)
1974150155,EXECUTE,0,CYCLES,BACKEND,SUB-EVENT,_MatMul_6_pre_reshape:OpId_163 (cycles)
1974150155,EXECUTE,220837,CYCLES,BACKEND,SUB-EVENT,_MatMul_6:OpId_165 (cycles)
1974150155,EXECUTE,0,CYCLES,BACKEND,SUB-EVENT,_MatMul_6_post_reshape:OpId_168 (cycles)
1974150155,EXECUTE,350097,CYCLES,BACKEND,SUB-EVENT,_MatMul_7:OpId_170 (cycles)
1974150155,EXECUTE,0,CYCLES,BACKEND,SUB-EVENT,_MatMul_7_post_reshape:OpId_173 (cycles)
1974150155,EXECUTE,0,CYCLES,BACKEND,SUB-EVENT,_Sigmoid:OpId_174 (cycles)
1974150155,EXECUTE,209352,CYCLES,BACKEND,SUB-EVENT,_Mul_12:OpId_181 (cycles)
1974150155,EXECUTE,106761,CYCLES,BACKEND,SUB-EVENT,_Mul_13:OpId_183 (cycles)
1974150155,EXECUTE,0,CYCLES,BACKEND,SUB-EVENT,_MatMul_8_pre_reshape:OpId_185 (cycles)
1974150155,EXECUTE,384983,CYCLES,BACKEND,SUB-EVENT,_MatMul_8:OpId_187 (cycles)
1974150155,EXECUTE,0,CYCLES,BACKEND,SUB-EVENT,_MatMul_8_post_reshape:OpId_190 (cycles)
1974150155,EXECUTE,0,CYCLES,BACKEND,SUB-EVENT,_MatMul_8_output_0_nfc:OpId_192 (cycles)
1974150155,EXECUTE,7153,CYCLES,BACKEND,SUB-EVENT,_Add_9:OpId_194 (cycles)
1974150155,EXECUTE,34832,CYCLES,BACKEND,SUB-EVENT,hidden_out_ncf:OpId_197 (cycles)
1974150155,EXECUTE,13235,CYCLES,BACKEND,SUB-EVENT,Output OpId_3 (cycles)
1974150155,EXECUTE,4421,US,BACKEND,ROOT,Accelerator (execute) time
1974150155,EXECUTE,4281,US,BACKEND,ROOT,Accelerator (execute excluding wait) time
1974150155,EXECUTE,13277,US,BACKEND,ROOT,QNN (execute) time
1974168689,EXECUTE,13271,US,NETRUN,ROOT,Graph 0: qwen2_0_5b_layer0_prefill_seq16
1974168689,EXECUTE,4,COUNT,BACKEND,ROOT,Number of HVX threads used
1974168689,EXECUTE,12830,US,BACKEND,ROOT,RPC (execute) time
1974168689,EXECUTE,10609,US,BACKEND,ROOT,QNN accelerator (execute) time
1974168689,EXECUTE,0,COUNT,BACKEND,ROOT,Num times yield occured
1974168689,EXECUTE,631,US,BACKEND,ROOT,Time for initial VTCM acquire
1974168689,EXECUTE,303,US,BACKEND,ROOT,Time for HVX + HMX power on and acquire
1974168689,EXECUTE,3168582,CYCLES,BACKEND,ROOT,Accelerator (execute) time (cycles)
1974168689,EXECUTE,8300,CYCLES,BACKEND,SUB-EVENT,Input OpId_2 (cycles)
1974168689,EXECUTE,0,CYCLES,BACKEND,SUB-EVENT,hidden_states_nfc:OpId_17 (cycles)
1974168689,EXECUTE,246548,CYCLES,BACKEND,SUB-EVENT,rms_norm__Mul_1_output_0:OpId_22 (cycles)
1974168689,EXECUTE,0,CYCLES,BACKEND,SUB-EVENT,_MatMul_2_pre_reshape:OpId_25 (cycles)
1974168689,EXECUTE,0,CYCLES,BACKEND,SUB-EVENT,_MatMul_1_pre_reshape:OpId_26 (cycles)
1974168689,EXECUTE,0,CYCLES,BACKEND,SUB-EVENT,_MatMul_pre_reshape:OpId_27 (cycles)
1974168689,EXECUTE,57014,CYCLES,BACKEND,SUB-EVENT,OpId_28 (cycles)
1974168689,EXECUTE,0,CYCLES,BACKEND,SUB-EVENT,_MatMul_lhs_reshape:OpId_30 (cycles)
1974168689,EXECUTE,0,CYCLES,BACKEND,SUB-EVENT,_MatMul_lhs_cast_fp16:OpId_31 (cycles)
1974168689,EXECUTE,598722,CYCLES,BACKEND,SUB-EVENT,_MatMul:OpId_32 (cycles)
1974168689,EXECUTE,0,CYCLES,BACKEND,SUB-EVENT,_MatMul_custom_output_reshape:OpId_33 (cycles)
1974168689,EXECUTE,305304,CYCLES,BACKEND,SUB-EVENT,_MatMul_bias_add:OpId_34 (cycles)
1974168689,EXECUTE,0,CYCLES,BACKEND,SUB-EVENT,_MatMul_post_reshape:OpId_36 (cycles)
1974168689,EXECUTE,0,CYCLES,BACKEND,SUB-EVENT,_MatMul_1:OpId_39 (cycles)
1974168689,EXECUTE,0,CYCLES,BACKEND,SUB-EVENT,_MatMul_1_post_reshape:OpId_41 (cycles)
1974168689,EXECUTE,0,CYCLES,BACKEND,SUB-EVENT,_MatMul_2:OpId_44 (cycles)
1974168689,EXECUTE,0,CYCLES,BACKEND,SUB-EVENT,_MatMul_2_post_reshape:OpId_46 (cycles)
1974168689,EXECUTE,30084,CYCLES,BACKEND,SUB-EVENT,_Transpose:OpId_48 (cycles)
1974168689,EXECUTE,19002,CYCLES,BACKEND,SUB-EVENT,_Transpose_1:OpId_50 (cycles)
1974168689,EXECUTE,16893,CYCLES,BACKEND,SUB-EVENT,_Transpose_2:OpId_52 (cycles)
1974168689,EXECUTE,22698,CYCLES,BACKEND,SUB-EVENT,_Slice:OpId_54 (cycles)
1974168689,EXECUTE,7673,CYCLES,BACKEND,SUB-EVENT,_Slice_1:OpId_60 (cycles)
1974168689,EXECUTE,6713,CYCLES,BACKEND,SUB-EVENT,_Mul_2:OpId_66 (cycles)
1974168689,EXECUTE,4889,CYCLES,BACKEND,SUB-EVENT,_Mul_3:OpId_69 (cycles)
1974168689,EXECUTE,1412,CYCLES,BACKEND,SUB-EVENT,_Sub:OpId_71 (cycles)
1974168689,EXECUTE,6872,CYCLES,BACKEND,SUB-EVENT,_Mul_4:OpId_73 (cycles)
1974168689,EXECUTE,4676,CYCLES,BACKEND,SUB-EVENT,_Mul_5:OpId_75 (cycles)
1974168689,EXECUTE,1445,CYCLES,BACKEND,SUB-EVENT,_Add_4:OpId_77 (cycles)
1974168689,EXECUTE,0,CYCLES,BACKEND,SUB-EVENT,_Unsqueeze:OpId_79 (cycles)
1974168689,EXECUTE,0,CYCLES,BACKEND,SUB-EVENT,_Unsqueeze_1:OpId_80 (cycles)
1974168689,EXECUTE,4044,CYCLES,BACKEND,SUB-EVENT,_Concat:OpId_81 (cycles)
1974168689,EXECUTE,0,CYCLES,BACKEND,SUB-EVENT,_Reshape_3:OpId_83 (cycles)
1974168689,EXECUTE,95584,CYCLES,BACKEND,SUB-EVENT,_Slice_3:OpId_85 (cycles)
1974168689,EXECUTE,6069,CYCLES,BACKEND,SUB-EVENT,_Slice_4:OpId_91 (cycles)
1974168689,EXECUTE,5532,CYCLES,BACKEND,SUB-EVENT,_Mul_6:OpId_96 (cycles)
1974168689,EXECUTE,2654,CYCLES,BACKEND,SUB-EVENT,_Mul_7:OpId_98 (cycles)
1974168689,EXECUTE,1041,CYCLES,BACKEND,SUB-EVENT,_Sub_1:OpId_100 (cycles)
1974168689,EXECUTE,5511,CYCLES,BACKEND,SUB-EVENT,_Mul_8:OpId_102 (cycles)
1974168689,EXECUTE,2041,CYCLES,BACKEND,SUB-EVENT,_Mul_9:OpId_104 (cycles)
1974168689,EXECUTE,1830,CYCLES,BACKEND,SUB-EVENT,_Add_5:OpId_106 (cycles)
1974168689,EXECUTE,0,CYCLES,BACKEND,SUB-EVENT,_Unsqueeze_2:OpId_108 (cycles)
1974168689,EXECUTE,0,CYCLES,BACKEND,SUB-EVENT,_Unsqueeze_3:OpId_109 (cycles)
1974168689,EXECUTE,3177,CYCLES,BACKEND,SUB-EVENT,_Concat_2:OpId_110 (cycles)
1974168689,EXECUTE,4402,CYCLES,BACKEND,SUB-EVENT,_Reshape_4:OpId_112 (cycles)
1974168689,EXECUTE,0,CYCLES,BACKEND,SUB-EVENT,_Unsqueeze_4:OpId_113 (cycles)
1974168689,EXECUTE,2239,CYCLES,BACKEND,SUB-EVENT,_Tile:OpId_115 (cycles)
1974168689,EXECUTE,0,CYCLES,BACKEND,SUB-EVENT,_Reshape_5:OpId_116 (cycles)
1974168689,EXECUTE,0,CYCLES,BACKEND,SUB-EVENT,_Unsqueeze_5:OpId_117 (cycles)
1974168689,EXECUTE,17041,CYCLES,BACKEND,SUB-EVENT,_Tile_1:OpId_119 (cycles)
1974168689,EXECUTE,0,CYCLES,BACKEND,SUB-EVENT,_Reshape_6:OpId_120 (cycles)
1974168689,EXECUTE,0,CYCLES,BACKEND,SUB-EVENT,_Transpose_3:OpId_122 (cycles)
1974168689,EXECUTE,81531,CYCLES,BACKEND,SUB-EVENT,_MatMul_3:OpId_123 (cycles)
1974168689,EXECUTE,14361,CYCLES,BACKEND,SUB-EVENT,_Div_1:OpId_128 (cycles)
1974168689,EXECUTE,3222,CYCLES,BACKEND,SUB-EVENT,_Add_6:OpId_131 (cycles)
1974168689,EXECUTE,61506,CYCLES,BACKEND,SUB-EVENT,_Softmax:OpId_133 (cycles)
1974168689,EXECUTE,55539,CYCLES,BACKEND,SUB-EVENT,_MatMul_4:OpId_136 (cycles)
1974168689,EXECUTE,0,CYCLES,BACKEND,SUB-EVENT,_Transpose_4:OpId_141 (cycles)
1974168689,EXECUTE,0,CYCLES,BACKEND,SUB-EVENT,_Reshape_7:OpId_142 (cycles)
1974168689,EXECUTE,11552,CYCLES,BACKEND,SUB-EVENT,_MatMul_5:OpId_144 (cycles)
1974168689,EXECUTE,0,CYCLES,BACKEND,SUB-EVENT,_MatMul_5_post_reshape:OpId_147 (cycles)
1974168689,EXECUTE,0,CYCLES,BACKEND,SUB-EVENT,_MatMul_5_output_0_nfc:OpId_149 (cycles)
1974168689,EXECUTE,2666,CYCLES,BACKEND,SUB-EVENT,_Add_7:OpId_151 (cycles)
1974168689,EXECUTE,0,CYCLES,BACKEND,SUB-EVENT,_Add_7_output_0_ncf:OpId_154 (cycles)
1974168689,EXECUTE,12333,CYCLES,BACKEND,SUB-EVENT,rms_norm__Mul_11_output_0:OpId_159 (cycles)
1974168689,EXECUTE,0,CYCLES,BACKEND,SUB-EVENT,_MatMul_7_pre_reshape:OpId_162 (cycles)
1974168689,EXECUTE,0,CYCLES,BACKEND,SUB-EVENT,_MatMul_6_pre_reshape:OpId_163 (cycles)
1974168689,EXECUTE,307013,CYCLES,BACKEND,SUB-EVENT,_MatMul_6:OpId_165 (cycles)
1974168689,EXECUTE,0,CYCLES,BACKEND,SUB-EVENT,_MatMul_6_post_reshape:OpId_168 (cycles)
1974168689,EXECUTE,345161,CYCLES,BACKEND,SUB-EVENT,_MatMul_7:OpId_170 (cycles)
1974168689,EXECUTE,0,CYCLES,BACKEND,SUB-EVENT,_MatMul_7_post_reshape:OpId_173 (cycles)
1974168689,EXECUTE,0,CYCLES,BACKEND,SUB-EVENT,_Sigmoid:OpId_174 (cycles)
1974168689,EXECUTE,234898,CYCLES,BACKEND,SUB-EVENT,_Mul_12:OpId_181 (cycles)
1974168689,EXECUTE,105689,CYCLES,BACKEND,SUB-EVENT,_Mul_13:OpId_183 (cycles)
1974168689,EXECUTE,0,CYCLES,BACKEND,SUB-EVENT,_MatMul_8_pre_reshape:OpId_185 (cycles)
1974168689,EXECUTE,380398,CYCLES,BACKEND,SUB-EVENT,_MatMul_8:OpId_187 (cycles)
1974168689,EXECUTE,0,CYCLES,BACKEND,SUB-EVENT,_MatMul_8_post_reshape:OpId_190 (cycles)
1974168689,EXECUTE,0,CYCLES,BACKEND,SUB-EVENT,_MatMul_8_output_0_nfc:OpId_192 (cycles)
1974168689,EXECUTE,7147,CYCLES,BACKEND,SUB-EVENT,_Add_9:OpId_194 (cycles)
1974168689,EXECUTE,40253,CYCLES,BACKEND,SUB-EVENT,hidden_out_ncf:OpId_197 (cycles)
1974168689,EXECUTE,15903,CYCLES,BACKEND,SUB-EVENT,Output OpId_3 (cycles)
1974168689,EXECUTE,4686,US,BACKEND,ROOT,Accelerator (execute) time
1974168689,EXECUTE,4535,US,BACKEND,ROOT,Accelerator (execute excluding wait) time
1974168689,EXECUTE,13243,US,BACKEND,ROOT,QNN (execute) time
1974187728,EXECUTE,13077,US,NETRUN,ROOT,Graph 0: qwen2_0_5b_layer0_prefill_seq16
1974187728,EXECUTE,4,COUNT,BACKEND,ROOT,Number of HVX threads used
1974187728,EXECUTE,12612,US,BACKEND,ROOT,RPC (execute) time
1974187728,EXECUTE,10356,US,BACKEND,ROOT,QNN accelerator (execute) time
1974187728,EXECUTE,0,COUNT,BACKEND,ROOT,Num times yield occured
1974187728,EXECUTE,656,US,BACKEND,ROOT,Time for initial VTCM acquire
1974187728,EXECUTE,285,US,BACKEND,ROOT,Time for HVX + HMX power on and acquire
1974187728,EXECUTE,3075302,CYCLES,BACKEND,ROOT,Accelerator (execute) time (cycles)
1974187728,EXECUTE,4285,CYCLES,BACKEND,SUB-EVENT,Input OpId_2 (cycles)
1974187728,EXECUTE,0,CYCLES,BACKEND,SUB-EVENT,hidden_states_nfc:OpId_17 (cycles)
1974187728,EXECUTE,224136,CYCLES,BACKEND,SUB-EVENT,rms_norm__Mul_1_output_0:OpId_22 (cycles)
1974187728,EXECUTE,0,CYCLES,BACKEND,SUB-EVENT,_MatMul_2_pre_reshape:OpId_25 (cycles)
1974187728,EXECUTE,0,CYCLES,BACKEND,SUB-EVENT,_MatMul_1_pre_reshape:OpId_26 (cycles)
1974187728,EXECUTE,0,CYCLES,BACKEND,SUB-EVENT,_MatMul_pre_reshape:OpId_27 (cycles)
1974187728,EXECUTE,6045,CYCLES,BACKEND,SUB-EVENT,OpId_28 (cycles)
1974187728,EXECUTE,0,CYCLES,BACKEND,SUB-EVENT,_MatMul_lhs_reshape:OpId_30 (cycles)
1974187728,EXECUTE,0,CYCLES,BACKEND,SUB-EVENT,_MatMul_lhs_cast_fp16:OpId_31 (cycles)
1974187728,EXECUTE,583686,CYCLES,BACKEND,SUB-EVENT,_MatMul:OpId_32 (cycles)
1974187728,EXECUTE,0,CYCLES,BACKEND,SUB-EVENT,_MatMul_custom_output_reshape:OpId_33 (cycles)
1974187728,EXECUTE,329487,CYCLES,BACKEND,SUB-EVENT,_MatMul_bias_add:OpId_34 (cycles)
1974187728,EXECUTE,0,CYCLES,BACKEND,SUB-EVENT,_MatMul_post_reshape:OpId_36 (cycles)
1974187728,EXECUTE,0,CYCLES,BACKEND,SUB-EVENT,_MatMul_1:OpId_39 (cycles)
1974187728,EXECUTE,0,CYCLES,BACKEND,SUB-EVENT,_MatMul_1_post_reshape:OpId_41 (cycles)
1974187728,EXECUTE,0,CYCLES,BACKEND,SUB-EVENT,_MatMul_2:OpId_44 (cycles)
1974187728,EXECUTE,0,CYCLES,BACKEND,SUB-EVENT,_MatMul_2_post_reshape:OpId_46 (cycles)
1974187728,EXECUTE,41577,CYCLES,BACKEND,SUB-EVENT,_Transpose:OpId_48 (cycles)
1974187728,EXECUTE,7607,CYCLES,BACKEND,SUB-EVENT,_Transpose_1:OpId_50 (cycles)
1974187728,EXECUTE,15450,CYCLES,BACKEND,SUB-EVENT,_Transpose_2:OpId_52 (cycles)
1974187728,EXECUTE,22910,CYCLES,BACKEND,SUB-EVENT,_Slice:OpId_54 (cycles)
1974187728,EXECUTE,7480,CYCLES,BACKEND,SUB-EVENT,_Slice_1:OpId_60 (cycles)
1974187728,EXECUTE,6611,CYCLES,BACKEND,SUB-EVENT,_Mul_2:OpId_66 (cycles)
1974187728,EXECUTE,4654,CYCLES,BACKEND,SUB-EVENT,_Mul_3:OpId_69 (cycles)
1974187728,EXECUTE,1396,CYCLES,BACKEND,SUB-EVENT,_Sub:OpId_71 (cycles)
1974187728,EXECUTE,6719,CYCLES,BACKEND,SUB-EVENT,_Mul_4:OpId_73 (cycles)
1974187728,EXECUTE,4572,CYCLES,BACKEND,SUB-EVENT,_Mul_5:OpId_75 (cycles)
1974187728,EXECUTE,10907,CYCLES,BACKEND,SUB-EVENT,_Add_4:OpId_77 (cycles)
1974187728,EXECUTE,0,CYCLES,BACKEND,SUB-EVENT,_Unsqueeze:OpId_79 (cycles)
1974187728,EXECUTE,0,CYCLES,BACKEND,SUB-EVENT,_Unsqueeze_1:OpId_80 (cycles)
1974187728,EXECUTE,3886,CYCLES,BACKEND,SUB-EVENT,_Concat:OpId_81 (cycles)
1974187728,EXECUTE,0,CYCLES,BACKEND,SUB-EVENT,_Reshape_3:OpId_83 (cycles)
1974187728,EXECUTE,94071,CYCLES,BACKEND,SUB-EVENT,_Slice_3:OpId_85 (cycles)
1974187728,EXECUTE,6081,CYCLES,BACKEND,SUB-EVENT,_Slice_4:OpId_91 (cycles)
1974187728,EXECUTE,14903,CYCLES,BACKEND,SUB-EVENT,_Mul_6:OpId_96 (cycles)
1974187728,EXECUTE,11780,CYCLES,BACKEND,SUB-EVENT,_Mul_7:OpId_98 (cycles)
1974187728,EXECUTE,1073,CYCLES,BACKEND,SUB-EVENT,_Sub_1:OpId_100 (cycles)
1974187728,EXECUTE,14607,CYCLES,BACKEND,SUB-EVENT,_Mul_8:OpId_102 (cycles)
1974187728,EXECUTE,11601,CYCLES,BACKEND,SUB-EVENT,_Mul_9:OpId_104 (cycles)
1974187728,EXECUTE,1739,CYCLES,BACKEND,SUB-EVENT,_Add_5:OpId_106 (cycles)
1974187728,EXECUTE,0,CYCLES,BACKEND,SUB-EVENT,_Unsqueeze_2:OpId_108 (cycles)
1974187728,EXECUTE,0,CYCLES,BACKEND,SUB-EVENT,_Unsqueeze_3:OpId_109 (cycles)
1974187728,EXECUTE,3263,CYCLES,BACKEND,SUB-EVENT,_Concat_2:OpId_110 (cycles)
1974187728,EXECUTE,4610,CYCLES,BACKEND,SUB-EVENT,_Reshape_4:OpId_112 (cycles)
1974187728,EXECUTE,0,CYCLES,BACKEND,SUB-EVENT,_Unsqueeze_4:OpId_113 (cycles)
1974187728,EXECUTE,18826,CYCLES,BACKEND,SUB-EVENT,_Tile:OpId_115 (cycles)
1974187728,EXECUTE,0,CYCLES,BACKEND,SUB-EVENT,_Reshape_5:OpId_116 (cycles)
1974187728,EXECUTE,0,CYCLES,BACKEND,SUB-EVENT,_Unsqueeze_5:OpId_117 (cycles)
1974187728,EXECUTE,9351,CYCLES,BACKEND,SUB-EVENT,_Tile_1:OpId_119 (cycles)
1974187728,EXECUTE,0,CYCLES,BACKEND,SUB-EVENT,_Reshape_6:OpId_120 (cycles)
1974187728,EXECUTE,0,CYCLES,BACKEND,SUB-EVENT,_Transpose_3:OpId_122 (cycles)
1974187728,EXECUTE,98478,CYCLES,BACKEND,SUB-EVENT,_MatMul_3:OpId_123 (cycles)
1974187728,EXECUTE,15577,CYCLES,BACKEND,SUB-EVENT,_Div_1:OpId_128 (cycles)
1974187728,EXECUTE,11774,CYCLES,BACKEND,SUB-EVENT,_Add_6:OpId_131 (cycles)
1974187728,EXECUTE,61239,CYCLES,BACKEND,SUB-EVENT,_Softmax:OpId_133 (cycles)
1974187728,EXECUTE,37839,CYCLES,BACKEND,SUB-EVENT,_MatMul_4:OpId_136 (cycles)
1974187728,EXECUTE,0,CYCLES,BACKEND,SUB-EVENT,_Transpose_4:OpId_141 (cycles)
1974187728,EXECUTE,0,CYCLES,BACKEND,SUB-EVENT,_Reshape_7:OpId_142 (cycles)
1974187728,EXECUTE,33130,CYCLES,BACKEND,SUB-EVENT,_MatMul_5:OpId_144 (cycles)
1974187728,EXECUTE,0,CYCLES,BACKEND,SUB-EVENT,_MatMul_5_post_reshape:OpId_147 (cycles)
1974187728,EXECUTE,0,CYCLES,BACKEND,SUB-EVENT,_MatMul_5_output_0_nfc:OpId_149 (cycles)
1974187728,EXECUTE,2662,CYCLES,BACKEND,SUB-EVENT,_Add_7:OpId_151 (cycles)
1974187728,EXECUTE,0,CYCLES,BACKEND,SUB-EVENT,_Add_7_output_0_ncf:OpId_154 (cycles)
1974187728,EXECUTE,14815,CYCLES,BACKEND,SUB-EVENT,rms_norm__Mul_11_output_0:OpId_159 (cycles)
1974187728,EXECUTE,0,CYCLES,BACKEND,SUB-EVENT,_MatMul_7_pre_reshape:OpId_162 (cycles)
1974187728,EXECUTE,0,CYCLES,BACKEND,SUB-EVENT,_MatMul_6_pre_reshape:OpId_163 (cycles)
1974187728,EXECUTE,218675,CYCLES,BACKEND,SUB-EVENT,_MatMul_6:OpId_165 (cycles)
1974187728,EXECUTE,0,CYCLES,BACKEND,SUB-EVENT,_MatMul_6_post_reshape:OpId_168 (cycles)
1974187728,EXECUTE,354288,CYCLES,BACKEND,SUB-EVENT,_MatMul_7:OpId_170 (cycles)
1974187728,EXECUTE,0,CYCLES,BACKEND,SUB-EVENT,_MatMul_7_post_reshape:OpId_173 (cycles)
1974187728,EXECUTE,0,CYCLES,BACKEND,SUB-EVENT,_Sigmoid:OpId_174 (cycles)
1974187728,EXECUTE,217593,CYCLES,BACKEND,SUB-EVENT,_Mul_12:OpId_181 (cycles)
1974187728,EXECUTE,90178,CYCLES,BACKEND,SUB-EVENT,_Mul_13:OpId_183 (cycles)
1974187728,EXECUTE,0,CYCLES,BACKEND,SUB-EVENT,_MatMul_8_pre_reshape:OpId_185 (cycles)
1974187728,EXECUTE,377082,CYCLES,BACKEND,SUB-EVENT,_MatMul_8:OpId_187 (cycles)
1974187728,EXECUTE,0,CYCLES,BACKEND,SUB-EVENT,_MatMul_8_post_reshape:OpId_190 (cycles)
1974187728,EXECUTE,0,CYCLES,BACKEND,SUB-EVENT,_MatMul_8_output_0_nfc:OpId_192 (cycles)
1974187728,EXECUTE,7186,CYCLES,BACKEND,SUB-EVENT,_Add_9:OpId_194 (cycles)
1974187728,EXECUTE,40146,CYCLES,BACKEND,SUB-EVENT,hidden_out_ncf:OpId_197 (cycles)
1974187728,EXECUTE,21327,CYCLES,BACKEND,SUB-EVENT,Output OpId_3 (cycles)
1974187728,EXECUTE,4423,US,BACKEND,ROOT,Accelerator (execute) time
1974187728,EXECUTE,4277,US,BACKEND,ROOT,Accelerator (execute excluding wait) time
1974187728,EXECUTE,13049,US,BACKEND,ROOT,QNN (execute) time
1974195520,EXECUTE IPS,51.893867,INF/SEC,NETRUN,ROOT,null
