input log file location, qwen_block_custom_qnn/device_output/builtin_layer0_decode_past128_grouped_gqa_delta_kv/qnn-profiling-data_0.log
qnn-profile-viewer version, v2.47.0.260601114230
qnn-net-run version, v2.47.0.260601114230
Backend version, v2.47.0.260601114230
Msg Timestamp, Message, Time, Unit of Measurement, Timing Source, Event Level, Event Identifier
4278101229,INIT,437150,US,NETRUN,ROOT,null
4278215031,COMPOSE GRAPHS,112728,US,NETRUN,ROOT,null
4278539717,FINALIZE,324376,US,NETRUN,ROOT,Graph 0: qwen2_0_5b_layer0_decode_past128_grouped_gqa_delta_kv
4278539717,FINALIZE,6277,US,BACKEND,ROOT,RPC (finalize) time
4278539717,FINALIZE,5760,US,BACKEND,ROOT,QNN accelerator (finalize) time
4278539717,FINALIZE,5602,US,BACKEND,ROOT,Accelerator (finalize) time
4278539717,FINALIZE,324324,US,BACKEND,ROOT,QNN (finalize) time
4278539717,FINALIZE,156,US,BACKEND,SUB-EVENT,Graph Preparation Initializing
4278539717,FINALIZE,245892,US,BACKEND,SUB-EVENT,Graph Optimizations
4278539717,FINALIZE,2762,US,BACKEND,SUB-EVENT,Post Graph Optimization
4278539717,FINALIZE,16659,US,BACKEND,SUB-EVENT,Graph Sequencing for Target
4278539717,FINALIZE,2078,US,BACKEND,SUB-EVENT,VTCM Allocation
4278539717,FINALIZE,1358,US,BACKEND,SUB-EVENT,Parallelization Optimization
4278539717,FINALIZE,1909,US,BACKEND,SUB-EVENT,Finalizing Graph Sequence
4278539717,FINALIZE,102,US,BACKEND,SUB-EVENT,Completion
4278717940,DE-INIT,45427,US,NETRUN,ROOT,null
4278717940,DE-INIT,8831,US,BACKEND,ROOT,RPC (deinit) time
4278717940,DE-INIT,7523,US,BACKEND,ROOT,QNN Accelerator (deinit) time
4278717940,DE-INIT,7402,US,BACKEND,ROOT,Accelerator (deinit) time
4278717940,DE-INIT,45411,US,BACKEND,ROOT,QNN (deinit) time
4278560659,EXECUTE,19446,US,NETRUN,ROOT,Graph 0: qwen2_0_5b_layer0_decode_past128_grouped_gqa_delta_kv
4278560659,EXECUTE,4,COUNT,BACKEND,ROOT,Number of HVX threads used
4278560659,EXECUTE,19091,US,BACKEND,ROOT,RPC (execute) time
4278560659,EXECUTE,18308,US,BACKEND,ROOT,QNN accelerator (execute) time
4278560659,EXECUTE,0,COUNT,BACKEND,ROOT,Num times yield occured
4278560659,EXECUTE,753,US,BACKEND,ROOT,Time for initial VTCM acquire
4278560659,EXECUTE,33274,US,BACKEND,ROOT,Time for HVX + HMX power on and acquire
4278560659,EXECUTE,1207159,CYCLES,BACKEND,ROOT,Accelerator (execute) time (cycles)
4278560659,EXECUTE,22771,CYCLES,BACKEND,SUB-EVENT,Input OpId_2 (cycles)
4278560659,EXECUTE,5019,CYCLES,BACKEND,SUB-EVENT,hidden_states_ncf:OpId_17 (cycles)
4278560659,EXECUTE,17321,CYCLES,BACKEND,SUB-EVENT,past_value_nchw:OpId_20 (cycles)
4278560659,EXECUTE,7113,CYCLES,BACKEND,SUB-EVENT,rms_norm__Mul_1_output_0:OpId_24 (cycles)
4278560659,EXECUTE,35815,CYCLES,BACKEND,SUB-EVENT,_MatMul:OpId_29 (cycles)
4278560659,EXECUTE,0,CYCLES,BACKEND,SUB-EVENT,_MatMul_post_reshape:OpId_31 (cycles)
4278560659,EXECUTE,7457,CYCLES,BACKEND,SUB-EVENT,_MatMul_1:OpId_34 (cycles)
4278560659,EXECUTE,8121,CYCLES,BACKEND,SUB-EVENT,_MatMul_1_post_reshape:OpId_36 (cycles)
4278560659,EXECUTE,1545,CYCLES,BACKEND,SUB-EVENT,_MatMul_2:OpId_39 (cycles)
4278560659,EXECUTE,6376,CYCLES,BACKEND,SUB-EVENT,_MatMul_2_post_reshape:OpId_41 (cycles)
4278560659,EXECUTE,551,CYCLES,BACKEND,SUB-EVENT,_Transpose:OpId_43 (cycles)
4278560659,EXECUTE,2416,CYCLES,BACKEND,SUB-EVENT,_Transpose_1:OpId_45 (cycles)
4278560659,EXECUTE,2217,CYCLES,BACKEND,SUB-EVENT,_Transpose_2:OpId_47 (cycles)
4278560659,EXECUTE,21187,CYCLES,BACKEND,SUB-EVENT,_Slice:OpId_49 (cycles)
4278560659,EXECUTE,4842,CYCLES,BACKEND,SUB-EVENT,_Slice_1:OpId_55 (cycles)
4278560659,EXECUTE,1398,CYCLES,BACKEND,SUB-EVENT,_Mul_2:OpId_61 (cycles)
4278560659,EXECUTE,1280,CYCLES,BACKEND,SUB-EVENT,_Mul_3:OpId_64 (cycles)
4278560659,EXECUTE,239,CYCLES,BACKEND,SUB-EVENT,_Sub:OpId_66 (cycles)
4278560659,EXECUTE,1742,CYCLES,BACKEND,SUB-EVENT,_Mul_4:OpId_68 (cycles)
4278560659,EXECUTE,1290,CYCLES,BACKEND,SUB-EVENT,_Mul_5:OpId_70 (cycles)
4278560659,EXECUTE,2207,CYCLES,BACKEND,SUB-EVENT,_Add_4:OpId_72 (cycles)
4278560659,EXECUTE,0,CYCLES,BACKEND,SUB-EVENT,_Unsqueeze:OpId_74 (cycles)
4278560659,EXECUTE,0,CYCLES,BACKEND,SUB-EVENT,_Unsqueeze_1:OpId_75 (cycles)
4278560659,EXECUTE,823,CYCLES,BACKEND,SUB-EVENT,_Concat:OpId_76 (cycles)
4278560659,EXECUTE,609,CYCLES,BACKEND,SUB-EVENT,_Reshape_3:OpId_78 (cycles)
4278560659,EXECUTE,20141,CYCLES,BACKEND,SUB-EVENT,_Slice_3:OpId_80 (cycles)
4278560659,EXECUTE,4862,CYCLES,BACKEND,SUB-EVENT,_Slice_4:OpId_86 (cycles)
4278560659,EXECUTE,4539,CYCLES,BACKEND,SUB-EVENT,_Mul_6:OpId_91 (cycles)
4278560659,EXECUTE,717,CYCLES,BACKEND,SUB-EVENT,_Mul_7:OpId_93 (cycles)
4278560659,EXECUTE,476,CYCLES,BACKEND,SUB-EVENT,_Sub_1:OpId_95 (cycles)
4278560659,EXECUTE,4215,CYCLES,BACKEND,SUB-EVENT,_Mul_8:OpId_97 (cycles)
4278560659,EXECUTE,681,CYCLES,BACKEND,SUB-EVENT,_Mul_9:OpId_99 (cycles)
4278560659,EXECUTE,804,CYCLES,BACKEND,SUB-EVENT,_Add_5:OpId_101 (cycles)
4278560659,EXECUTE,0,CYCLES,BACKEND,SUB-EVENT,_Unsqueeze_2:OpId_103 (cycles)
4278560659,EXECUTE,0,CYCLES,BACKEND,SUB-EVENT,_Unsqueeze_3:OpId_104 (cycles)
4278560659,EXECUTE,2694,CYCLES,BACKEND,SUB-EVENT,_Concat_2:OpId_105 (cycles)
4278560659,EXECUTE,0,CYCLES,BACKEND,SUB-EVENT,_Reshape_4:OpId_107 (cycles)
4278560659,EXECUTE,886,CYCLES,BACKEND,SUB-EVENT,current_key_nhwc:OpId_109 (cycles)
4278560659,EXECUTE,3004,CYCLES,BACKEND,SUB-EVENT,_Concat_4:OpId_110 (cycles)
4278560659,EXECUTE,353599,CYCLES,BACKEND,SUB-EVENT,_Concat_4_output_0_nchw:OpId_113 (cycles)
4278560659,EXECUTE,2223,CYCLES,BACKEND,SUB-EVENT,_Concat_5:OpId_114 (cycles)
4278560659,EXECUTE,0,CYCLES,BACKEND,SUB-EVENT,_Unsqueeze_4:OpId_116 (cycles)
4278560659,EXECUTE,32578,CYCLES,BACKEND,SUB-EVENT,_MatMul_3:OpId_117 (cycles)
4278560659,EXECUTE,5527,CYCLES,BACKEND,SUB-EVENT,_Div_1:OpId_122 (cycles)
4278560659,EXECUTE,0,CYCLES,BACKEND,SUB-EVENT,_Add_6:OpId_125 (cycles)
4278560659,EXECUTE,20729,CYCLES,BACKEND,SUB-EVENT,_Softmax:OpId_127 (cycles)
4278560659,EXECUTE,0,CYCLES,BACKEND,SUB-EVENT,_Unsqueeze_5:OpId_130 (cycles)
4278560659,EXECUTE,32962,CYCLES,BACKEND,SUB-EVENT,_MatMul_4:OpId_131 (cycles)
4278560659,EXECUTE,0,CYCLES,BACKEND,SUB-EVENT,_Reshape_6:OpId_135 (cycles)
4278560659,EXECUTE,0,CYCLES,BACKEND,SUB-EVENT,_Transpose_4:OpId_137 (cycles)
4278560659,EXECUTE,25005,CYCLES,BACKEND,SUB-EVENT,_MatMul_5:OpId_139 (cycles)
4278560659,EXECUTE,0,CYCLES,BACKEND,SUB-EVENT,_MatMul_5_post_reshape:OpId_142 (cycles)
4278560659,EXECUTE,0,CYCLES,BACKEND,SUB-EVENT,_MatMul_5_output_0_nfc:OpId_144 (cycles)
4278560659,EXECUTE,64362,CYCLES,BACKEND,SUB-EVENT,_Add_7:OpId_146 (cycles)
4278560659,EXECUTE,225,CYCLES,BACKEND,SUB-EVENT,_Add_7_output_0_ncf:OpId_149 (cycles)
4278560659,EXECUTE,2003,CYCLES,BACKEND,SUB-EVENT,rms_norm__Mul_11_output_0:OpId_154 (cycles)
4278560659,EXECUTE,0,CYCLES,BACKEND,SUB-EVENT,_MatMul_6:OpId_158 (cycles)
4278560659,EXECUTE,0,CYCLES,BACKEND,SUB-EVENT,_MatMul_6_post_reshape:OpId_161 (cycles)
4278560659,EXECUTE,153747,CYCLES,BACKEND,SUB-EVENT,_MatMul_7:OpId_163 (cycles)
4278560659,EXECUTE,0,CYCLES,BACKEND,SUB-EVENT,_MatMul_7_post_reshape:OpId_166 (cycles)
4278560659,EXECUTE,0,CYCLES,BACKEND,SUB-EVENT,_Sigmoid:OpId_167 (cycles)
4278560659,EXECUTE,120661,CYCLES,BACKEND,SUB-EVENT,_Mul_12:OpId_174 (cycles)
4278560659,EXECUTE,23645,CYCLES,BACKEND,SUB-EVENT,_Mul_13:OpId_176 (cycles)
4278560659,EXECUTE,156382,CYCLES,BACKEND,SUB-EVENT,_MatMul_8:OpId_179 (cycles)
4278560659,EXECUTE,0,CYCLES,BACKEND,SUB-EVENT,_MatMul_8_post_reshape:OpId_182 (cycles)
4278560659,EXECUTE,0,CYCLES,BACKEND,SUB-EVENT,_MatMul_8_output_0_nfc:OpId_184 (cycles)
4278560659,EXECUTE,14813,CYCLES,BACKEND,SUB-EVENT,_Add_9:OpId_186 (cycles)
4278560659,EXECUTE,3340,CYCLES,BACKEND,SUB-EVENT,Output OpId_3 (cycles)
4278560659,EXECUTE,4434,US,BACKEND,ROOT,Accelerator (execute) time
4278560659,EXECUTE,2585,US,BACKEND,ROOT,Accelerator (execute excluding wait) time
4278560659,EXECUTE,19427,US,BACKEND,ROOT,QNN (execute) time
4278571752,EXECUTE,8767,US,NETRUN,ROOT,Graph 0: qwen2_0_5b_layer0_decode_past128_grouped_gqa_delta_kv
4278571752,EXECUTE,4,COUNT,BACKEND,ROOT,Number of HVX threads used
4278571752,EXECUTE,8347,US,BACKEND,ROOT,RPC (execute) time
4278571752,EXECUTE,7436,US,BACKEND,ROOT,QNN accelerator (execute) time
4278571752,EXECUTE,0,COUNT,BACKEND,ROOT,Num times yield occured
4278571752,EXECUTE,610,US,BACKEND,ROOT,Time for initial VTCM acquire
4278571752,EXECUTE,222,US,BACKEND,ROOT,Time for HVX + HMX power on and acquire
4278571752,EXECUTE,1238992,CYCLES,BACKEND,ROOT,Accelerator (execute) time (cycles)
4278571752,EXECUTE,41024,CYCLES,BACKEND,SUB-EVENT,Input OpId_2 (cycles)
4278571752,EXECUTE,11424,CYCLES,BACKEND,SUB-EVENT,hidden_states_ncf:OpId_17 (cycles)
4278571752,EXECUTE,12823,CYCLES,BACKEND,SUB-EVENT,past_value_nchw:OpId_20 (cycles)
4278571752,EXECUTE,12873,CYCLES,BACKEND,SUB-EVENT,rms_norm__Mul_1_output_0:OpId_24 (cycles)
4278571752,EXECUTE,22984,CYCLES,BACKEND,SUB-EVENT,_MatMul:OpId_29 (cycles)
4278571752,EXECUTE,0,CYCLES,BACKEND,SUB-EVENT,_MatMul_post_reshape:OpId_31 (cycles)
4278571752,EXECUTE,3893,CYCLES,BACKEND,SUB-EVENT,_MatMul_1:OpId_34 (cycles)
4278571752,EXECUTE,5351,CYCLES,BACKEND,SUB-EVENT,_MatMul_1_post_reshape:OpId_36 (cycles)
4278571752,EXECUTE,2034,CYCLES,BACKEND,SUB-EVENT,_MatMul_2:OpId_39 (cycles)
4278571752,EXECUTE,3560,CYCLES,BACKEND,SUB-EVENT,_MatMul_2_post_reshape:OpId_41 (cycles)
4278571752,EXECUTE,470,CYCLES,BACKEND,SUB-EVENT,_Transpose:OpId_43 (cycles)
4278571752,EXECUTE,1445,CYCLES,BACKEND,SUB-EVENT,_Transpose_1:OpId_45 (cycles)
4278571752,EXECUTE,1160,CYCLES,BACKEND,SUB-EVENT,_Transpose_2:OpId_47 (cycles)
4278571752,EXECUTE,22123,CYCLES,BACKEND,SUB-EVENT,_Slice:OpId_49 (cycles)
4278571752,EXECUTE,6060,CYCLES,BACKEND,SUB-EVENT,_Slice_1:OpId_55 (cycles)
4278571752,EXECUTE,1412,CYCLES,BACKEND,SUB-EVENT,_Mul_2:OpId_61 (cycles)
4278571752,EXECUTE,1228,CYCLES,BACKEND,SUB-EVENT,_Mul_3:OpId_64 (cycles)
4278571752,EXECUTE,245,CYCLES,BACKEND,SUB-EVENT,_Sub:OpId_66 (cycles)
4278571752,EXECUTE,1714,CYCLES,BACKEND,SUB-EVENT,_Mul_4:OpId_68 (cycles)
4278571752,EXECUTE,1256,CYCLES,BACKEND,SUB-EVENT,_Mul_5:OpId_70 (cycles)
4278571752,EXECUTE,3035,CYCLES,BACKEND,SUB-EVENT,_Add_4:OpId_72 (cycles)
4278571752,EXECUTE,0,CYCLES,BACKEND,SUB-EVENT,_Unsqueeze:OpId_74 (cycles)
4278571752,EXECUTE,0,CYCLES,BACKEND,SUB-EVENT,_Unsqueeze_1:OpId_75 (cycles)
4278571752,EXECUTE,731,CYCLES,BACKEND,SUB-EVENT,_Concat:OpId_76 (cycles)
4278571752,EXECUTE,550,CYCLES,BACKEND,SUB-EVENT,_Reshape_3:OpId_78 (cycles)
4278571752,EXECUTE,21580,CYCLES,BACKEND,SUB-EVENT,_Slice_3:OpId_80 (cycles)
4278571752,EXECUTE,5131,CYCLES,BACKEND,SUB-EVENT,_Slice_4:OpId_86 (cycles)
4278571752,EXECUTE,5230,CYCLES,BACKEND,SUB-EVENT,_Mul_6:OpId_91 (cycles)
4278571752,EXECUTE,1458,CYCLES,BACKEND,SUB-EVENT,_Mul_7:OpId_93 (cycles)
4278571752,EXECUTE,559,CYCLES,BACKEND,SUB-EVENT,_Sub_1:OpId_95 (cycles)
4278571752,EXECUTE,4793,CYCLES,BACKEND,SUB-EVENT,_Mul_8:OpId_97 (cycles)
4278571752,EXECUTE,1242,CYCLES,BACKEND,SUB-EVENT,_Mul_9:OpId_99 (cycles)
4278571752,EXECUTE,843,CYCLES,BACKEND,SUB-EVENT,_Add_5:OpId_101 (cycles)
4278571752,EXECUTE,0,CYCLES,BACKEND,SUB-EVENT,_Unsqueeze_2:OpId_103 (cycles)
4278571752,EXECUTE,0,CYCLES,BACKEND,SUB-EVENT,_Unsqueeze_3:OpId_104 (cycles)
4278571752,EXECUTE,2949,CYCLES,BACKEND,SUB-EVENT,_Concat_2:OpId_105 (cycles)
4278571752,EXECUTE,0,CYCLES,BACKEND,SUB-EVENT,_Reshape_4:OpId_107 (cycles)
4278571752,EXECUTE,911,CYCLES,BACKEND,SUB-EVENT,current_key_nhwc:OpId_109 (cycles)
4278571752,EXECUTE,3168,CYCLES,BACKEND,SUB-EVENT,_Concat_4:OpId_110 (cycles)
4278571752,EXECUTE,367996,CYCLES,BACKEND,SUB-EVENT,_Concat_4_output_0_nchw:OpId_113 (cycles)
4278571752,EXECUTE,1614,CYCLES,BACKEND,SUB-EVENT,_Concat_5:OpId_114 (cycles)
4278571752,EXECUTE,0,CYCLES,BACKEND,SUB-EVENT,_Unsqueeze_4:OpId_116 (cycles)
4278571752,EXECUTE,32621,CYCLES,BACKEND,SUB-EVENT,_MatMul_3:OpId_117 (cycles)
4278571752,EXECUTE,5372,CYCLES,BACKEND,SUB-EVENT,_Div_1:OpId_122 (cycles)
4278571752,EXECUTE,0,CYCLES,BACKEND,SUB-EVENT,_Add_6:OpId_125 (cycles)
4278571752,EXECUTE,17343,CYCLES,BACKEND,SUB-EVENT,_Softmax:OpId_127 (cycles)
4278571752,EXECUTE,0,CYCLES,BACKEND,SUB-EVENT,_Unsqueeze_5:OpId_130 (cycles)
4278571752,EXECUTE,33435,CYCLES,BACKEND,SUB-EVENT,_MatMul_4:OpId_131 (cycles)
4278571752,EXECUTE,0,CYCLES,BACKEND,SUB-EVENT,_Reshape_6:OpId_135 (cycles)
4278571752,EXECUTE,0,CYCLES,BACKEND,SUB-EVENT,_Transpose_4:OpId_137 (cycles)
4278571752,EXECUTE,15916,CYCLES,BACKEND,SUB-EVENT,_MatMul_5:OpId_139 (cycles)
4278571752,EXECUTE,0,CYCLES,BACKEND,SUB-EVENT,_MatMul_5_post_reshape:OpId_142 (cycles)
4278571752,EXECUTE,0,CYCLES,BACKEND,SUB-EVENT,_MatMul_5_output_0_nfc:OpId_144 (cycles)
4278571752,EXECUTE,78529,CYCLES,BACKEND,SUB-EVENT,_Add_7:OpId_146 (cycles)
4278571752,EXECUTE,301,CYCLES,BACKEND,SUB-EVENT,_Add_7_output_0_ncf:OpId_149 (cycles)
4278571752,EXECUTE,2529,CYCLES,BACKEND,SUB-EVENT,rms_norm__Mul_11_output_0:OpId_154 (cycles)
4278571752,EXECUTE,0,CYCLES,BACKEND,SUB-EVENT,_MatMul_6:OpId_158 (cycles)
4278571752,EXECUTE,0,CYCLES,BACKEND,SUB-EVENT,_MatMul_6_post_reshape:OpId_161 (cycles)
4278571752,EXECUTE,156375,CYCLES,BACKEND,SUB-EVENT,_MatMul_7:OpId_163 (cycles)
4278571752,EXECUTE,0,CYCLES,BACKEND,SUB-EVENT,_MatMul_7_post_reshape:OpId_166 (cycles)
4278571752,EXECUTE,0,CYCLES,BACKEND,SUB-EVENT,_Sigmoid:OpId_167 (cycles)
4278571752,EXECUTE,128706,CYCLES,BACKEND,SUB-EVENT,_Mul_12:OpId_174 (cycles)
4278571752,EXECUTE,18834,CYCLES,BACKEND,SUB-EVENT,_Mul_13:OpId_176 (cycles)
4278571752,EXECUTE,156380,CYCLES,BACKEND,SUB-EVENT,_MatMul_8:OpId_179 (cycles)
4278571752,EXECUTE,0,CYCLES,BACKEND,SUB-EVENT,_MatMul_8_post_reshape:OpId_182 (cycles)
4278571752,EXECUTE,0,CYCLES,BACKEND,SUB-EVENT,_MatMul_8_output_0_nfc:OpId_184 (cycles)
4278571752,EXECUTE,14871,CYCLES,BACKEND,SUB-EVENT,_Add_9:OpId_186 (cycles)
4278571752,EXECUTE,2911,CYCLES,BACKEND,SUB-EVENT,Output OpId_3 (cycles)
4278571752,EXECUTE,2777,US,BACKEND,ROOT,Accelerator (execute) time
4278571752,EXECUTE,2644,US,BACKEND,ROOT,Accelerator (execute excluding wait) time
4278571752,EXECUTE,8742,US,BACKEND,ROOT,QNN (execute) time
4278581443,EXECUTE,7826,US,NETRUN,ROOT,Graph 0: qwen2_0_5b_layer0_decode_past128_grouped_gqa_delta_kv
4278581443,EXECUTE,4,COUNT,BACKEND,ROOT,Number of HVX threads used
4278581443,EXECUTE,7465,US,BACKEND,ROOT,RPC (execute) time
4278581443,EXECUTE,6618,US,BACKEND,ROOT,QNN accelerator (execute) time
4278581443,EXECUTE,0,COUNT,BACKEND,ROOT,Num times yield occured
4278581443,EXECUTE,546,US,BACKEND,ROOT,Time for initial VTCM acquire
4278581443,EXECUTE,208,US,BACKEND,ROOT,Time for HVX + HMX power on and acquire
4278581443,EXECUTE,1171771,CYCLES,BACKEND,ROOT,Accelerator (execute) time (cycles)
4278581443,EXECUTE,30333,CYCLES,BACKEND,SUB-EVENT,Input OpId_2 (cycles)
4278581443,EXECUTE,9837,CYCLES,BACKEND,SUB-EVENT,hidden_states_ncf:OpId_17 (cycles)
4278581443,EXECUTE,15063,CYCLES,BACKEND,SUB-EVENT,past_value_nchw:OpId_20 (cycles)
4278581443,EXECUTE,8042,CYCLES,BACKEND,SUB-EVENT,rms_norm__Mul_1_output_0:OpId_24 (cycles)
4278581443,EXECUTE,23838,CYCLES,BACKEND,SUB-EVENT,_MatMul:OpId_29 (cycles)
4278581443,EXECUTE,0,CYCLES,BACKEND,SUB-EVENT,_MatMul_post_reshape:OpId_31 (cycles)
4278581443,EXECUTE,4077,CYCLES,BACKEND,SUB-EVENT,_MatMul_1:OpId_34 (cycles)
4278581443,EXECUTE,9284,CYCLES,BACKEND,SUB-EVENT,_MatMul_1_post_reshape:OpId_36 (cycles)
4278581443,EXECUTE,1932,CYCLES,BACKEND,SUB-EVENT,_MatMul_2:OpId_39 (cycles)
4278581443,EXECUTE,7633,CYCLES,BACKEND,SUB-EVENT,_MatMul_2_post_reshape:OpId_41 (cycles)
4278581443,EXECUTE,506,CYCLES,BACKEND,SUB-EVENT,_Transpose:OpId_43 (cycles)
4278581443,EXECUTE,2663,CYCLES,BACKEND,SUB-EVENT,_Transpose_1:OpId_45 (cycles)
4278581443,EXECUTE,2448,CYCLES,BACKEND,SUB-EVENT,_Transpose_2:OpId_47 (cycles)
4278581443,EXECUTE,26375,CYCLES,BACKEND,SUB-EVENT,_Slice:OpId_49 (cycles)
4278581443,EXECUTE,6338,CYCLES,BACKEND,SUB-EVENT,_Slice_1:OpId_55 (cycles)
4278581443,EXECUTE,1793,CYCLES,BACKEND,SUB-EVENT,_Mul_2:OpId_61 (cycles)
4278581443,EXECUTE,1242,CYCLES,BACKEND,SUB-EVENT,_Mul_3:OpId_64 (cycles)
4278581443,EXECUTE,258,CYCLES,BACKEND,SUB-EVENT,_Sub:OpId_66 (cycles)
4278581443,EXECUTE,1944,CYCLES,BACKEND,SUB-EVENT,_Mul_4:OpId_68 (cycles)
4278581443,EXECUTE,1495,CYCLES,BACKEND,SUB-EVENT,_Mul_5:OpId_70 (cycles)
4278581443,EXECUTE,2528,CYCLES,BACKEND,SUB-EVENT,_Add_4:OpId_72 (cycles)
4278581443,EXECUTE,0,CYCLES,BACKEND,SUB-EVENT,_Unsqueeze:OpId_74 (cycles)
4278581443,EXECUTE,0,CYCLES,BACKEND,SUB-EVENT,_Unsqueeze_1:OpId_75 (cycles)
4278581443,EXECUTE,770,CYCLES,BACKEND,SUB-EVENT,_Concat:OpId_76 (cycles)
4278581443,EXECUTE,540,CYCLES,BACKEND,SUB-EVENT,_Reshape_3:OpId_78 (cycles)
4278581443,EXECUTE,30646,CYCLES,BACKEND,SUB-EVENT,_Slice_3:OpId_80 (cycles)
4278581443,EXECUTE,5858,CYCLES,BACKEND,SUB-EVENT,_Slice_4:OpId_86 (cycles)
4278581443,EXECUTE,11707,CYCLES,BACKEND,SUB-EVENT,_Mul_6:OpId_91 (cycles)
4278581443,EXECUTE,5791,CYCLES,BACKEND,SUB-EVENT,_Mul_7:OpId_93 (cycles)
4278581443,EXECUTE,1763,CYCLES,BACKEND,SUB-EVENT,_Sub_1:OpId_95 (cycles)
4278581443,EXECUTE,10747,CYCLES,BACKEND,SUB-EVENT,_Mul_8:OpId_97 (cycles)
4278581443,EXECUTE,5736,CYCLES,BACKEND,SUB-EVENT,_Mul_9:OpId_99 (cycles)
4278581443,EXECUTE,2320,CYCLES,BACKEND,SUB-EVENT,_Add_5:OpId_101 (cycles)
4278581443,EXECUTE,0,CYCLES,BACKEND,SUB-EVENT,_Unsqueeze_2:OpId_103 (cycles)
4278581443,EXECUTE,0,CYCLES,BACKEND,SUB-EVENT,_Unsqueeze_3:OpId_104 (cycles)
4278581443,EXECUTE,3098,CYCLES,BACKEND,SUB-EVENT,_Concat_2:OpId_105 (cycles)
4278581443,EXECUTE,0,CYCLES,BACKEND,SUB-EVENT,_Reshape_4:OpId_107 (cycles)
4278581443,EXECUTE,2129,CYCLES,BACKEND,SUB-EVENT,current_key_nhwc:OpId_109 (cycles)
4278581443,EXECUTE,3671,CYCLES,BACKEND,SUB-EVENT,_Concat_4:OpId_110 (cycles)
4278581443,EXECUTE,369163,CYCLES,BACKEND,SUB-EVENT,_Concat_4_output_0_nchw:OpId_113 (cycles)
4278581443,EXECUTE,1754,CYCLES,BACKEND,SUB-EVENT,_Concat_5:OpId_114 (cycles)
4278581443,EXECUTE,0,CYCLES,BACKEND,SUB-EVENT,_Unsqueeze_4:OpId_116 (cycles)
4278581443,EXECUTE,31766,CYCLES,BACKEND,SUB-EVENT,_MatMul_3:OpId_117 (cycles)
4278581443,EXECUTE,7603,CYCLES,BACKEND,SUB-EVENT,_Div_1:OpId_122 (cycles)
4278581443,EXECUTE,0,CYCLES,BACKEND,SUB-EVENT,_Add_6:OpId_125 (cycles)
4278581443,EXECUTE,15671,CYCLES,BACKEND,SUB-EVENT,_Softmax:OpId_127 (cycles)
4278581443,EXECUTE,0,CYCLES,BACKEND,SUB-EVENT,_Unsqueeze_5:OpId_130 (cycles)
4278581443,EXECUTE,45220,CYCLES,BACKEND,SUB-EVENT,_MatMul_4:OpId_131 (cycles)
4278581443,EXECUTE,0,CYCLES,BACKEND,SUB-EVENT,_Reshape_6:OpId_135 (cycles)
4278581443,EXECUTE,0,CYCLES,BACKEND,SUB-EVENT,_Transpose_4:OpId_137 (cycles)
4278581443,EXECUTE,14020,CYCLES,BACKEND,SUB-EVENT,_MatMul_5:OpId_139 (cycles)
4278581443,EXECUTE,0,CYCLES,BACKEND,SUB-EVENT,_MatMul_5_post_reshape:OpId_142 (cycles)
4278581443,EXECUTE,0,CYCLES,BACKEND,SUB-EVENT,_MatMul_5_output_0_nfc:OpId_144 (cycles)
4278581443,EXECUTE,62153,CYCLES,BACKEND,SUB-EVENT,_Add_7:OpId_146 (cycles)
4278581443,EXECUTE,222,CYCLES,BACKEND,SUB-EVENT,_Add_7_output_0_ncf:OpId_149 (cycles)
4278581443,EXECUTE,2502,CYCLES,BACKEND,SUB-EVENT,rms_norm__Mul_11_output_0:OpId_154 (cycles)
4278581443,EXECUTE,0,CYCLES,BACKEND,SUB-EVENT,_MatMul_6:OpId_158 (cycles)
4278581443,EXECUTE,0,CYCLES,BACKEND,SUB-EVENT,_MatMul_6_post_reshape:OpId_161 (cycles)
4278581443,EXECUTE,90360,CYCLES,BACKEND,SUB-EVENT,_MatMul_7:OpId_163 (cycles)
4278581443,EXECUTE,0,CYCLES,BACKEND,SUB-EVENT,_MatMul_7_post_reshape:OpId_166 (cycles)
4278581443,EXECUTE,0,CYCLES,BACKEND,SUB-EVENT,_Sigmoid:OpId_167 (cycles)
4278581443,EXECUTE,89807,CYCLES,BACKEND,SUB-EVENT,_Mul_12:OpId_174 (cycles)
4278581443,EXECUTE,25357,CYCLES,BACKEND,SUB-EVENT,_Mul_13:OpId_176 (cycles)
4278581443,EXECUTE,156211,CYCLES,BACKEND,SUB-EVENT,_MatMul_8:OpId_179 (cycles)
4278581443,EXECUTE,0,CYCLES,BACKEND,SUB-EVENT,_MatMul_8_post_reshape:OpId_182 (cycles)
4278581443,EXECUTE,0,CYCLES,BACKEND,SUB-EVENT,_MatMul_8_output_0_nfc:OpId_184 (cycles)
4278581443,EXECUTE,14841,CYCLES,BACKEND,SUB-EVENT,_Add_9:OpId_186 (cycles)
4278581443,EXECUTE,2716,CYCLES,BACKEND,SUB-EVENT,Output OpId_3 (cycles)
4278581443,EXECUTE,2486,US,BACKEND,ROOT,Accelerator (execute) time
4278581443,EXECUTE,2384,US,BACKEND,ROOT,Accelerator (execute excluding wait) time
4278581443,EXECUTE,7805,US,BACKEND,ROOT,QNN (execute) time
4278591446,EXECUTE,8192,US,NETRUN,ROOT,Graph 0: qwen2_0_5b_layer0_decode_past128_grouped_gqa_delta_kv
4278591446,EXECUTE,4,COUNT,BACKEND,ROOT,Number of HVX threads used
4278591446,EXECUTE,7800,US,BACKEND,ROOT,RPC (execute) time
4278591446,EXECUTE,6813,US,BACKEND,ROOT,QNN accelerator (execute) time
4278591446,EXECUTE,0,COUNT,BACKEND,ROOT,Num times yield occured
4278591446,EXECUTE,552,US,BACKEND,ROOT,Time for initial VTCM acquire
4278591446,EXECUTE,198,US,BACKEND,ROOT,Time for HVX + HMX power on and acquire
4278591446,EXECUTE,1159022,CYCLES,BACKEND,ROOT,Accelerator (execute) time (cycles)
4278591446,EXECUTE,31744,CYCLES,BACKEND,SUB-EVENT,Input OpId_2 (cycles)
4278591446,EXECUTE,10068,CYCLES,BACKEND,SUB-EVENT,hidden_states_ncf:OpId_17 (cycles)
4278591446,EXECUTE,15399,CYCLES,BACKEND,SUB-EVENT,past_value_nchw:OpId_20 (cycles)
4278591446,EXECUTE,8163,CYCLES,BACKEND,SUB-EVENT,rms_norm__Mul_1_output_0:OpId_24 (cycles)
4278591446,EXECUTE,25130,CYCLES,BACKEND,SUB-EVENT,_MatMul:OpId_29 (cycles)
4278591446,EXECUTE,0,CYCLES,BACKEND,SUB-EVENT,_MatMul_post_reshape:OpId_31 (cycles)
4278591446,EXECUTE,4081,CYCLES,BACKEND,SUB-EVENT,_MatMul_1:OpId_34 (cycles)
4278591446,EXECUTE,9563,CYCLES,BACKEND,SUB-EVENT,_MatMul_1_post_reshape:OpId_36 (cycles)
4278591446,EXECUTE,1881,CYCLES,BACKEND,SUB-EVENT,_MatMul_2:OpId_39 (cycles)
4278591446,EXECUTE,7829,CYCLES,BACKEND,SUB-EVENT,_MatMul_2_post_reshape:OpId_41 (cycles)
4278591446,EXECUTE,485,CYCLES,BACKEND,SUB-EVENT,_Transpose:OpId_43 (cycles)
4278591446,EXECUTE,2327,CYCLES,BACKEND,SUB-EVENT,_Transpose_1:OpId_45 (cycles)
4278591446,EXECUTE,2052,CYCLES,BACKEND,SUB-EVENT,_Transpose_2:OpId_47 (cycles)
4278591446,EXECUTE,25172,CYCLES,BACKEND,SUB-EVENT,_Slice:OpId_49 (cycles)
4278591446,EXECUTE,6887,CYCLES,BACKEND,SUB-EVENT,_Slice_1:OpId_55 (cycles)
4278591446,EXECUTE,1779,CYCLES,BACKEND,SUB-EVENT,_Mul_2:OpId_61 (cycles)
4278591446,EXECUTE,1271,CYCLES,BACKEND,SUB-EVENT,_Mul_3:OpId_64 (cycles)
4278591446,EXECUTE,237,CYCLES,BACKEND,SUB-EVENT,_Sub:OpId_66 (cycles)
4278591446,EXECUTE,1943,CYCLES,BACKEND,SUB-EVENT,_Mul_4:OpId_68 (cycles)
4278591446,EXECUTE,1718,CYCLES,BACKEND,SUB-EVENT,_Mul_5:OpId_70 (cycles)
4278591446,EXECUTE,2703,CYCLES,BACKEND,SUB-EVENT,_Add_4:OpId_72 (cycles)
4278591446,EXECUTE,0,CYCLES,BACKEND,SUB-EVENT,_Unsqueeze:OpId_74 (cycles)
4278591446,EXECUTE,0,CYCLES,BACKEND,SUB-EVENT,_Unsqueeze_1:OpId_75 (cycles)
4278591446,EXECUTE,682,CYCLES,BACKEND,SUB-EVENT,_Concat:OpId_76 (cycles)
4278591446,EXECUTE,527,CYCLES,BACKEND,SUB-EVENT,_Reshape_3:OpId_78 (cycles)
4278591446,EXECUTE,30557,CYCLES,BACKEND,SUB-EVENT,_Slice_3:OpId_80 (cycles)
4278591446,EXECUTE,7189,CYCLES,BACKEND,SUB-EVENT,_Slice_4:OpId_86 (cycles)
4278591446,EXECUTE,12597,CYCLES,BACKEND,SUB-EVENT,_Mul_6:OpId_91 (cycles)
4278591446,EXECUTE,9450,CYCLES,BACKEND,SUB-EVENT,_Mul_7:OpId_93 (cycles)
4278591446,EXECUTE,1907,CYCLES,BACKEND,SUB-EVENT,_Sub_1:OpId_95 (cycles)
4278591446,EXECUTE,12581,CYCLES,BACKEND,SUB-EVENT,_Mul_8:OpId_97 (cycles)
4278591446,EXECUTE,8351,CYCLES,BACKEND,SUB-EVENT,_Mul_9:OpId_99 (cycles)
4278591446,EXECUTE,2835,CYCLES,BACKEND,SUB-EVENT,_Add_5:OpId_101 (cycles)
4278591446,EXECUTE,0,CYCLES,BACKEND,SUB-EVENT,_Unsqueeze_2:OpId_103 (cycles)
4278591446,EXECUTE,0,CYCLES,BACKEND,SUB-EVENT,_Unsqueeze_3:OpId_104 (cycles)
4278591446,EXECUTE,3078,CYCLES,BACKEND,SUB-EVENT,_Concat_2:OpId_105 (cycles)
4278591446,EXECUTE,0,CYCLES,BACKEND,SUB-EVENT,_Reshape_4:OpId_107 (cycles)
4278591446,EXECUTE,2003,CYCLES,BACKEND,SUB-EVENT,current_key_nhwc:OpId_109 (cycles)
4278591446,EXECUTE,3677,CYCLES,BACKEND,SUB-EVENT,_Concat_4:OpId_110 (cycles)
4278591446,EXECUTE,348186,CYCLES,BACKEND,SUB-EVENT,_Concat_4_output_0_nchw:OpId_113 (cycles)
4278591446,EXECUTE,1795,CYCLES,BACKEND,SUB-EVENT,_Concat_5:OpId_114 (cycles)
4278591446,EXECUTE,0,CYCLES,BACKEND,SUB-EVENT,_Unsqueeze_4:OpId_116 (cycles)
4278591446,EXECUTE,31994,CYCLES,BACKEND,SUB-EVENT,_MatMul_3:OpId_117 (cycles)
4278591446,EXECUTE,8547,CYCLES,BACKEND,SUB-EVENT,_Div_1:OpId_122 (cycles)
4278591446,EXECUTE,0,CYCLES,BACKEND,SUB-EVENT,_Add_6:OpId_125 (cycles)
4278591446,EXECUTE,17322,CYCLES,BACKEND,SUB-EVENT,_Softmax:OpId_127 (cycles)
4278591446,EXECUTE,0,CYCLES,BACKEND,SUB-EVENT,_Unsqueeze_5:OpId_130 (cycles)
4278591446,EXECUTE,44535,CYCLES,BACKEND,SUB-EVENT,_MatMul_4:OpId_131 (cycles)
4278591446,EXECUTE,0,CYCLES,BACKEND,SUB-EVENT,_Reshape_6:OpId_135 (cycles)
4278591446,EXECUTE,0,CYCLES,BACKEND,SUB-EVENT,_Transpose_4:OpId_137 (cycles)
4278591446,EXECUTE,13641,CYCLES,BACKEND,SUB-EVENT,_MatMul_5:OpId_139 (cycles)
4278591446,EXECUTE,0,CYCLES,BACKEND,SUB-EVENT,_MatMul_5_post_reshape:OpId_142 (cycles)
4278591446,EXECUTE,0,CYCLES,BACKEND,SUB-EVENT,_MatMul_5_output_0_nfc:OpId_144 (cycles)
4278591446,EXECUTE,60835,CYCLES,BACKEND,SUB-EVENT,_Add_7:OpId_146 (cycles)
4278591446,EXECUTE,246,CYCLES,BACKEND,SUB-EVENT,_Add_7_output_0_ncf:OpId_149 (cycles)
4278591446,EXECUTE,2471,CYCLES,BACKEND,SUB-EVENT,rms_norm__Mul_11_output_0:OpId_154 (cycles)
4278591446,EXECUTE,0,CYCLES,BACKEND,SUB-EVENT,_MatMul_6:OpId_158 (cycles)
4278591446,EXECUTE,0,CYCLES,BACKEND,SUB-EVENT,_MatMul_6_post_reshape:OpId_161 (cycles)
4278591446,EXECUTE,90080,CYCLES,BACKEND,SUB-EVENT,_MatMul_7:OpId_163 (cycles)
4278591446,EXECUTE,0,CYCLES,BACKEND,SUB-EVENT,_MatMul_7_post_reshape:OpId_166 (cycles)
4278591446,EXECUTE,0,CYCLES,BACKEND,SUB-EVENT,_Sigmoid:OpId_167 (cycles)
4278591446,EXECUTE,89742,CYCLES,BACKEND,SUB-EVENT,_Mul_12:OpId_174 (cycles)
4278591446,EXECUTE,19063,CYCLES,BACKEND,SUB-EVENT,_Mul_13:OpId_176 (cycles)
4278591446,EXECUTE,156305,CYCLES,BACKEND,SUB-EVENT,_MatMul_8:OpId_179 (cycles)
4278591446,EXECUTE,0,CYCLES,BACKEND,SUB-EVENT,_MatMul_8_post_reshape:OpId_182 (cycles)
4278591446,EXECUTE,0,CYCLES,BACKEND,SUB-EVENT,_MatMul_8_output_0_nfc:OpId_184 (cycles)
4278591446,EXECUTE,14807,CYCLES,BACKEND,SUB-EVENT,_Add_9:OpId_186 (cycles)
4278591446,EXECUTE,3587,CYCLES,BACKEND,SUB-EVENT,Output OpId_3 (cycles)
4278591446,EXECUTE,2444,US,BACKEND,ROOT,Accelerator (execute) time
4278591446,EXECUTE,2341,US,BACKEND,ROOT,Accelerator (execute excluding wait) time
4278591446,EXECUTE,8166,US,BACKEND,ROOT,QNN (execute) time
4278604870,EXECUTE,11068,US,NETRUN,ROOT,Graph 0: qwen2_0_5b_layer0_decode_past128_grouped_gqa_delta_kv
4278604870,EXECUTE,4,COUNT,BACKEND,ROOT,Number of HVX threads used
4278604870,EXECUTE,10548,US,BACKEND,ROOT,RPC (execute) time
4278604870,EXECUTE,9493,US,BACKEND,ROOT,QNN accelerator (execute) time
4278604870,EXECUTE,0,COUNT,BACKEND,ROOT,Num times yield occured
4278604870,EXECUTE,835,US,BACKEND,ROOT,Time for initial VTCM acquire
4278604870,EXECUTE,251,US,BACKEND,ROOT,Time for HVX + HMX power on and acquire
4278604870,EXECUTE,2333199,CYCLES,BACKEND,ROOT,Accelerator (execute) time (cycles)
4278604870,EXECUTE,67362,CYCLES,BACKEND,SUB-EVENT,Input OpId_2 (cycles)
4278604870,EXECUTE,24399,CYCLES,BACKEND,SUB-EVENT,hidden_states_ncf:OpId_17 (cycles)
4278604870,EXECUTE,34808,CYCLES,BACKEND,SUB-EVENT,past_value_nchw:OpId_20 (cycles)
4278604870,EXECUTE,21397,CYCLES,BACKEND,SUB-EVENT,rms_norm__Mul_1_output_0:OpId_24 (cycles)
4278604870,EXECUTE,43946,CYCLES,BACKEND,SUB-EVENT,_MatMul:OpId_29 (cycles)
4278604870,EXECUTE,0,CYCLES,BACKEND,SUB-EVENT,_MatMul_post_reshape:OpId_31 (cycles)
4278604870,EXECUTE,7746,CYCLES,BACKEND,SUB-EVENT,_MatMul_1:OpId_34 (cycles)
4278604870,EXECUTE,22708,CYCLES,BACKEND,SUB-EVENT,_MatMul_1_post_reshape:OpId_36 (cycles)
4278604870,EXECUTE,4594,CYCLES,BACKEND,SUB-EVENT,_MatMul_2:OpId_39 (cycles)
4278604870,EXECUTE,20975,CYCLES,BACKEND,SUB-EVENT,_MatMul_2_post_reshape:OpId_41 (cycles)
4278604870,EXECUTE,485,CYCLES,BACKEND,SUB-EVENT,_Transpose:OpId_43 (cycles)
4278604870,EXECUTE,11492,CYCLES,BACKEND,SUB-EVENT,_Transpose_1:OpId_45 (cycles)
4278604870,EXECUTE,11235,CYCLES,BACKEND,SUB-EVENT,_Transpose_2:OpId_47 (cycles)
4278604870,EXECUTE,47918,CYCLES,BACKEND,SUB-EVENT,_Slice:OpId_49 (cycles)
4278604870,EXECUTE,13188,CYCLES,BACKEND,SUB-EVENT,_Slice_1:OpId_55 (cycles)
4278604870,EXECUTE,2732,CYCLES,BACKEND,SUB-EVENT,_Mul_2:OpId_61 (cycles)
4278604870,EXECUTE,1510,CYCLES,BACKEND,SUB-EVENT,_Mul_3:OpId_64 (cycles)
4278604870,EXECUTE,237,CYCLES,BACKEND,SUB-EVENT,_Sub:OpId_66 (cycles)
4278604870,EXECUTE,2799,CYCLES,BACKEND,SUB-EVENT,_Mul_4:OpId_68 (cycles)
4278604870,EXECUTE,1169,CYCLES,BACKEND,SUB-EVENT,_Mul_5:OpId_70 (cycles)
4278604870,EXECUTE,5738,CYCLES,BACKEND,SUB-EVENT,_Add_4:OpId_72 (cycles)
4278604870,EXECUTE,0,CYCLES,BACKEND,SUB-EVENT,_Unsqueeze:OpId_74 (cycles)
4278604870,EXECUTE,0,CYCLES,BACKEND,SUB-EVENT,_Unsqueeze_1:OpId_75 (cycles)
4278604870,EXECUTE,794,CYCLES,BACKEND,SUB-EVENT,_Concat:OpId_76 (cycles)
4278604870,EXECUTE,578,CYCLES,BACKEND,SUB-EVENT,_Reshape_3:OpId_78 (cycles)
4278604870,EXECUTE,81561,CYCLES,BACKEND,SUB-EVENT,_Slice_3:OpId_80 (cycles)
4278604870,EXECUTE,13190,CYCLES,BACKEND,SUB-EVENT,_Slice_4:OpId_86 (cycles)
4278604870,EXECUTE,43460,CYCLES,BACKEND,SUB-EVENT,_Mul_6:OpId_91 (cycles)
4278604870,EXECUTE,38274,CYCLES,BACKEND,SUB-EVENT,_Mul_7:OpId_93 (cycles)
4278604870,EXECUTE,6250,CYCLES,BACKEND,SUB-EVENT,_Sub_1:OpId_95 (cycles)
4278604870,EXECUTE,42691,CYCLES,BACKEND,SUB-EVENT,_Mul_8:OpId_97 (cycles)
4278604870,EXECUTE,36938,CYCLES,BACKEND,SUB-EVENT,_Mul_9:OpId_99 (cycles)
4278604870,EXECUTE,5267,CYCLES,BACKEND,SUB-EVENT,_Add_5:OpId_101 (cycles)
4278604870,EXECUTE,0,CYCLES,BACKEND,SUB-EVENT,_Unsqueeze_2:OpId_103 (cycles)
4278604870,EXECUTE,0,CYCLES,BACKEND,SUB-EVENT,_Unsqueeze_3:OpId_104 (cycles)
4278604870,EXECUTE,7575,CYCLES,BACKEND,SUB-EVENT,_Concat_2:OpId_105 (cycles)
4278604870,EXECUTE,0,CYCLES,BACKEND,SUB-EVENT,_Reshape_4:OpId_107 (cycles)
4278604870,EXECUTE,4047,CYCLES,BACKEND,SUB-EVENT,current_key_nhwc:OpId_109 (cycles)
4278604870,EXECUTE,4368,CYCLES,BACKEND,SUB-EVENT,_Concat_4:OpId_110 (cycles)
4278604870,EXECUTE,379016,CYCLES,BACKEND,SUB-EVENT,_Concat_4_output_0_nchw:OpId_113 (cycles)
4278604870,EXECUTE,2009,CYCLES,BACKEND,SUB-EVENT,_Concat_5:OpId_114 (cycles)
4278604870,EXECUTE,0,CYCLES,BACKEND,SUB-EVENT,_Unsqueeze_4:OpId_116 (cycles)
4278604870,EXECUTE,35030,CYCLES,BACKEND,SUB-EVENT,_MatMul_3:OpId_117 (cycles)
4278604870,EXECUTE,18697,CYCLES,BACKEND,SUB-EVENT,_Div_1:OpId_122 (cycles)
4278604870,EXECUTE,0,CYCLES,BACKEND,SUB-EVENT,_Add_6:OpId_125 (cycles)
4278604870,EXECUTE,22642,CYCLES,BACKEND,SUB-EVENT,_Softmax:OpId_127 (cycles)
4278604870,EXECUTE,0,CYCLES,BACKEND,SUB-EVENT,_Unsqueeze_5:OpId_130 (cycles)
4278604870,EXECUTE,85812,CYCLES,BACKEND,SUB-EVENT,_MatMul_4:OpId_131 (cycles)
4278604870,EXECUTE,0,CYCLES,BACKEND,SUB-EVENT,_Reshape_6:OpId_135 (cycles)
4278604870,EXECUTE,0,CYCLES,BACKEND,SUB-EVENT,_Transpose_4:OpId_137 (cycles)
4278604870,EXECUTE,17487,CYCLES,BACKEND,SUB-EVENT,_MatMul_5:OpId_139 (cycles)
4278604870,EXECUTE,0,CYCLES,BACKEND,SUB-EVENT,_MatMul_5_post_reshape:OpId_142 (cycles)
4278604870,EXECUTE,0,CYCLES,BACKEND,SUB-EVENT,_MatMul_5_output_0_nfc:OpId_144 (cycles)
4278604870,EXECUTE,158034,CYCLES,BACKEND,SUB-EVENT,_Add_7:OpId_146 (cycles)
4278604870,EXECUTE,300,CYCLES,BACKEND,SUB-EVENT,_Add_7_output_0_ncf:OpId_149 (cycles)
4278604870,EXECUTE,3369,CYCLES,BACKEND,SUB-EVENT,rms_norm__Mul_11_output_0:OpId_154 (cycles)
4278604870,EXECUTE,0,CYCLES,BACKEND,SUB-EVENT,_MatMul_6:OpId_158 (cycles)
4278604870,EXECUTE,0,CYCLES,BACKEND,SUB-EVENT,_MatMul_6_post_reshape:OpId_161 (cycles)
4278604870,EXECUTE,282747,CYCLES,BACKEND,SUB-EVENT,_MatMul_7:OpId_163 (cycles)
4278604870,EXECUTE,0,CYCLES,BACKEND,SUB-EVENT,_MatMul_7_post_reshape:OpId_166 (cycles)
4278604870,EXECUTE,0,CYCLES,BACKEND,SUB-EVENT,_Sigmoid:OpId_167 (cycles)
4278604870,EXECUTE,237521,CYCLES,BACKEND,SUB-EVENT,_Mul_12:OpId_174 (cycles)
4278604870,EXECUTE,32520,CYCLES,BACKEND,SUB-EVENT,_Mul_13:OpId_176 (cycles)
4278604870,EXECUTE,398394,CYCLES,BACKEND,SUB-EVENT,_MatMul_8:OpId_179 (cycles)
4278604870,EXECUTE,0,CYCLES,BACKEND,SUB-EVENT,_MatMul_8_post_reshape:OpId_182 (cycles)
4278604870,EXECUTE,0,CYCLES,BACKEND,SUB-EVENT,_MatMul_8_output_0_nfc:OpId_184 (cycles)
4278604870,EXECUTE,14759,CYCLES,BACKEND,SUB-EVENT,_Add_9:OpId_186 (cycles)
4278604870,EXECUTE,13431,CYCLES,BACKEND,SUB-EVENT,Output OpId_3 (cycles)
4278604870,EXECUTE,4500,US,BACKEND,ROOT,Accelerator (execute) time
4278604870,EXECUTE,4358,US,BACKEND,ROOT,Accelerator (execute excluding wait) time
4278604870,EXECUTE,11034,US,BACKEND,ROOT,QNN (execute) time
4278617502,EXECUTE,10861,US,NETRUN,ROOT,Graph 0: qwen2_0_5b_layer0_decode_past128_grouped_gqa_delta_kv
4278617502,EXECUTE,4,COUNT,BACKEND,ROOT,Number of HVX threads used
4278617502,EXECUTE,10449,US,BACKEND,ROOT,RPC (execute) time
4278617502,EXECUTE,9430,US,BACKEND,ROOT,QNN accelerator (execute) time
4278617502,EXECUTE,0,COUNT,BACKEND,ROOT,Num times yield occured
4278617502,EXECUTE,638,US,BACKEND,ROOT,Time for initial VTCM acquire
4278617502,EXECUTE,283,US,BACKEND,ROOT,Time for HVX + HMX power on and acquire
4278617502,EXECUTE,2263228,CYCLES,BACKEND,ROOT,Accelerator (execute) time (cycles)
4278617502,EXECUTE,63632,CYCLES,BACKEND,SUB-EVENT,Input OpId_2 (cycles)
4278617502,EXECUTE,24758,CYCLES,BACKEND,SUB-EVENT,hidden_states_ncf:OpId_17 (cycles)
4278617502,EXECUTE,26136,CYCLES,BACKEND,SUB-EVENT,past_value_nchw:OpId_20 (cycles)
4278617502,EXECUTE,19054,CYCLES,BACKEND,SUB-EVENT,rms_norm__Mul_1_output_0:OpId_24 (cycles)
4278617502,EXECUTE,47531,CYCLES,BACKEND,SUB-EVENT,_MatMul:OpId_29 (cycles)
4278617502,EXECUTE,0,CYCLES,BACKEND,SUB-EVENT,_MatMul_post_reshape:OpId_31 (cycles)
4278617502,EXECUTE,8428,CYCLES,BACKEND,SUB-EVENT,_MatMul_1:OpId_34 (cycles)
4278617502,EXECUTE,24360,CYCLES,BACKEND,SUB-EVENT,_MatMul_1_post_reshape:OpId_36 (cycles)
4278617502,EXECUTE,4167,CYCLES,BACKEND,SUB-EVENT,_MatMul_2:OpId_39 (cycles)
4278617502,EXECUTE,22596,CYCLES,BACKEND,SUB-EVENT,_MatMul_2_post_reshape:OpId_41 (cycles)
4278617502,EXECUTE,486,CYCLES,BACKEND,SUB-EVENT,_Transpose:OpId_43 (cycles)
4278617502,EXECUTE,7103,CYCLES,BACKEND,SUB-EVENT,_Transpose_1:OpId_45 (cycles)
4278617502,EXECUTE,6830,CYCLES,BACKEND,SUB-EVENT,_Transpose_2:OpId_47 (cycles)
4278617502,EXECUTE,48211,CYCLES,BACKEND,SUB-EVENT,_Slice:OpId_49 (cycles)
4278617502,EXECUTE,9561,CYCLES,BACKEND,SUB-EVENT,_Slice_1:OpId_55 (cycles)
4278617502,EXECUTE,2554,CYCLES,BACKEND,SUB-EVENT,_Mul_2:OpId_61 (cycles)
4278617502,EXECUTE,1243,CYCLES,BACKEND,SUB-EVENT,_Mul_3:OpId_64 (cycles)
4278617502,EXECUTE,264,CYCLES,BACKEND,SUB-EVENT,_Sub:OpId_66 (cycles)
4278617502,EXECUTE,3058,CYCLES,BACKEND,SUB-EVENT,_Mul_4:OpId_68 (cycles)
4278617502,EXECUTE,1186,CYCLES,BACKEND,SUB-EVENT,_Mul_5:OpId_70 (cycles)
4278617502,EXECUTE,5570,CYCLES,BACKEND,SUB-EVENT,_Add_4:OpId_72 (cycles)
4278617502,EXECUTE,0,CYCLES,BACKEND,SUB-EVENT,_Unsqueeze:OpId_74 (cycles)
4278617502,EXECUTE,0,CYCLES,BACKEND,SUB-EVENT,_Unsqueeze_1:OpId_75 (cycles)
4278617502,EXECUTE,769,CYCLES,BACKEND,SUB-EVENT,_Concat:OpId_76 (cycles)
4278617502,EXECUTE,567,CYCLES,BACKEND,SUB-EVENT,_Reshape_3:OpId_78 (cycles)
4278617502,EXECUTE,105376,CYCLES,BACKEND,SUB-EVENT,_Slice_3:OpId_80 (cycles)
4278617502,EXECUTE,10574,CYCLES,BACKEND,SUB-EVENT,_Slice_4:OpId_86 (cycles)
4278617502,EXECUTE,39200,CYCLES,BACKEND,SUB-EVENT,_Mul_6:OpId_91 (cycles)
4278617502,EXECUTE,31488,CYCLES,BACKEND,SUB-EVENT,_Mul_7:OpId_93 (cycles)
4278617502,EXECUTE,10980,CYCLES,BACKEND,SUB-EVENT,_Sub_1:OpId_95 (cycles)
4278617502,EXECUTE,39071,CYCLES,BACKEND,SUB-EVENT,_Mul_8:OpId_97 (cycles)
4278617502,EXECUTE,31238,CYCLES,BACKEND,SUB-EVENT,_Mul_9:OpId_99 (cycles)
4278617502,EXECUTE,5081,CYCLES,BACKEND,SUB-EVENT,_Add_5:OpId_101 (cycles)
4278617502,EXECUTE,0,CYCLES,BACKEND,SUB-EVENT,_Unsqueeze_2:OpId_103 (cycles)
4278617502,EXECUTE,0,CYCLES,BACKEND,SUB-EVENT,_Unsqueeze_3:OpId_104 (cycles)
4278617502,EXECUTE,7143,CYCLES,BACKEND,SUB-EVENT,_Concat_2:OpId_105 (cycles)
4278617502,EXECUTE,0,CYCLES,BACKEND,SUB-EVENT,_Reshape_4:OpId_107 (cycles)
4278617502,EXECUTE,3990,CYCLES,BACKEND,SUB-EVENT,current_key_nhwc:OpId_109 (cycles)
4278617502,EXECUTE,4457,CYCLES,BACKEND,SUB-EVENT,_Concat_4:OpId_110 (cycles)
4278617502,EXECUTE,349520,CYCLES,BACKEND,SUB-EVENT,_Concat_4_output_0_nchw:OpId_113 (cycles)
4278617502,EXECUTE,1538,CYCLES,BACKEND,SUB-EVENT,_Concat_5:OpId_114 (cycles)
4278617502,EXECUTE,0,CYCLES,BACKEND,SUB-EVENT,_Unsqueeze_4:OpId_116 (cycles)
4278617502,EXECUTE,34620,CYCLES,BACKEND,SUB-EVENT,_MatMul_3:OpId_117 (cycles)
4278617502,EXECUTE,18964,CYCLES,BACKEND,SUB-EVENT,_Div_1:OpId_122 (cycles)
4278617502,EXECUTE,0,CYCLES,BACKEND,SUB-EVENT,_Add_6:OpId_125 (cycles)
4278617502,EXECUTE,22246,CYCLES,BACKEND,SUB-EVENT,_Softmax:OpId_127 (cycles)
4278617502,EXECUTE,0,CYCLES,BACKEND,SUB-EVENT,_Unsqueeze_5:OpId_130 (cycles)
4278617502,EXECUTE,73086,CYCLES,BACKEND,SUB-EVENT,_MatMul_4:OpId_131 (cycles)
4278617502,EXECUTE,0,CYCLES,BACKEND,SUB-EVENT,_Reshape_6:OpId_135 (cycles)
4278617502,EXECUTE,0,CYCLES,BACKEND,SUB-EVENT,_Transpose_4:OpId_137 (cycles)
4278617502,EXECUTE,18154,CYCLES,BACKEND,SUB-EVENT,_MatMul_5:OpId_139 (cycles)
4278617502,EXECUTE,0,CYCLES,BACKEND,SUB-EVENT,_MatMul_5_post_reshape:OpId_142 (cycles)
4278617502,EXECUTE,0,CYCLES,BACKEND,SUB-EVENT,_MatMul_5_output_0_nfc:OpId_144 (cycles)
4278617502,EXECUTE,139817,CYCLES,BACKEND,SUB-EVENT,_Add_7:OpId_146 (cycles)
4278617502,EXECUTE,226,CYCLES,BACKEND,SUB-EVENT,_Add_7_output_0_ncf:OpId_149 (cycles)
4278617502,EXECUTE,3477,CYCLES,BACKEND,SUB-EVENT,rms_norm__Mul_11_output_0:OpId_154 (cycles)
4278617502,EXECUTE,0,CYCLES,BACKEND,SUB-EVENT,_MatMul_6:OpId_158 (cycles)
4278617502,EXECUTE,0,CYCLES,BACKEND,SUB-EVENT,_MatMul_6_post_reshape:OpId_161 (cycles)
4278617502,EXECUTE,291550,CYCLES,BACKEND,SUB-EVENT,_MatMul_7:OpId_163 (cycles)
4278617502,EXECUTE,0,CYCLES,BACKEND,SUB-EVENT,_MatMul_7_post_reshape:OpId_166 (cycles)
4278617502,EXECUTE,0,CYCLES,BACKEND,SUB-EVENT,_Sigmoid:OpId_167 (cycles)
4278617502,EXECUTE,231844,CYCLES,BACKEND,SUB-EVENT,_Mul_12:OpId_174 (cycles)
4278617502,EXECUTE,35822,CYCLES,BACKEND,SUB-EVENT,_Mul_13:OpId_176 (cycles)
4278617502,EXECUTE,400037,CYCLES,BACKEND,SUB-EVENT,_MatMul_8:OpId_179 (cycles)
4278617502,EXECUTE,0,CYCLES,BACKEND,SUB-EVENT,_MatMul_8_post_reshape:OpId_182 (cycles)
4278617502,EXECUTE,0,CYCLES,BACKEND,SUB-EVENT,_MatMul_8_output_0_nfc:OpId_184 (cycles)
4278617502,EXECUTE,14683,CYCLES,BACKEND,SUB-EVENT,_Add_9:OpId_186 (cycles)
4278617502,EXECUTE,10982,CYCLES,BACKEND,SUB-EVENT,Output OpId_3 (cycles)
4278617502,EXECUTE,4414,US,BACKEND,ROOT,Accelerator (execute) time
4278617502,EXECUTE,4275,US,BACKEND,ROOT,Accelerator (execute excluding wait) time
4278617502,EXECUTE,10832,US,BACKEND,ROOT,QNN (execute) time
4278630957,EXECUTE,11449,US,NETRUN,ROOT,Graph 0: qwen2_0_5b_layer0_decode_past128_grouped_gqa_delta_kv
4278630957,EXECUTE,4,COUNT,BACKEND,ROOT,Number of HVX threads used
4278630957,EXECUTE,10965,US,BACKEND,ROOT,RPC (execute) time
4278630957,EXECUTE,9968,US,BACKEND,ROOT,QNN accelerator (execute) time
4278630957,EXECUTE,0,COUNT,BACKEND,ROOT,Num times yield occured
4278630957,EXECUTE,576,US,BACKEND,ROOT,Time for initial VTCM acquire
4278630957,EXECUTE,288,US,BACKEND,ROOT,Time for HVX + HMX power on and acquire
4278630957,EXECUTE,2231170,CYCLES,BACKEND,ROOT,Accelerator (execute) time (cycles)
4278630957,EXECUTE,28266,CYCLES,BACKEND,SUB-EVENT,Input OpId_2 (cycles)
4278630957,EXECUTE,7515,CYCLES,BACKEND,SUB-EVENT,hidden_states_ncf:OpId_17 (cycles)
4278630957,EXECUTE,23939,CYCLES,BACKEND,SUB-EVENT,past_value_nchw:OpId_20 (cycles)
4278630957,EXECUTE,14621,CYCLES,BACKEND,SUB-EVENT,rms_norm__Mul_1_output_0:OpId_24 (cycles)
4278630957,EXECUTE,107808,CYCLES,BACKEND,SUB-EVENT,_MatMul:OpId_29 (cycles)
4278630957,EXECUTE,0,CYCLES,BACKEND,SUB-EVENT,_MatMul_post_reshape:OpId_31 (cycles)
4278630957,EXECUTE,14488,CYCLES,BACKEND,SUB-EVENT,_MatMul_1:OpId_34 (cycles)
4278630957,EXECUTE,10691,CYCLES,BACKEND,SUB-EVENT,_MatMul_1_post_reshape:OpId_36 (cycles)
4278630957,EXECUTE,2147,CYCLES,BACKEND,SUB-EVENT,_MatMul_2:OpId_39 (cycles)
4278630957,EXECUTE,8925,CYCLES,BACKEND,SUB-EVENT,_MatMul_2_post_reshape:OpId_41 (cycles)
4278630957,EXECUTE,489,CYCLES,BACKEND,SUB-EVENT,_Transpose:OpId_43 (cycles)
4278630957,EXECUTE,13341,CYCLES,BACKEND,SUB-EVENT,_Transpose_1:OpId_45 (cycles)
4278630957,EXECUTE,13107,CYCLES,BACKEND,SUB-EVENT,_Transpose_2:OpId_47 (cycles)
4278630957,EXECUTE,23290,CYCLES,BACKEND,SUB-EVENT,_Slice:OpId_49 (cycles)
4278630957,EXECUTE,5735,CYCLES,BACKEND,SUB-EVENT,_Slice_1:OpId_55 (cycles)
4278630957,EXECUTE,1593,CYCLES,BACKEND,SUB-EVENT,_Mul_2:OpId_61 (cycles)
4278630957,EXECUTE,1271,CYCLES,BACKEND,SUB-EVENT,_Mul_3:OpId_64 (cycles)
4278630957,EXECUTE,266,CYCLES,BACKEND,SUB-EVENT,_Sub:OpId_66 (cycles)
4278630957,EXECUTE,1861,CYCLES,BACKEND,SUB-EVENT,_Mul_4:OpId_68 (cycles)
4278630957,EXECUTE,1316,CYCLES,BACKEND,SUB-EVENT,_Mul_5:OpId_70 (cycles)
4278630957,EXECUTE,2964,CYCLES,BACKEND,SUB-EVENT,_Add_4:OpId_72 (cycles)
4278630957,EXECUTE,0,CYCLES,BACKEND,SUB-EVENT,_Unsqueeze:OpId_74 (cycles)
4278630957,EXECUTE,0,CYCLES,BACKEND,SUB-EVENT,_Unsqueeze_1:OpId_75 (cycles)
4278630957,EXECUTE,754,CYCLES,BACKEND,SUB-EVENT,_Concat:OpId_76 (cycles)
4278630957,EXECUTE,544,CYCLES,BACKEND,SUB-EVENT,_Reshape_3:OpId_78 (cycles)
4278630957,EXECUTE,23833,CYCLES,BACKEND,SUB-EVENT,_Slice_3:OpId_80 (cycles)
4278630957,EXECUTE,4790,CYCLES,BACKEND,SUB-EVENT,_Slice_4:OpId_86 (cycles)
4278630957,EXECUTE,6793,CYCLES,BACKEND,SUB-EVENT,_Mul_6:OpId_91 (cycles)
4278630957,EXECUTE,2890,CYCLES,BACKEND,SUB-EVENT,_Mul_7:OpId_93 (cycles)
4278630957,EXECUTE,919,CYCLES,BACKEND,SUB-EVENT,_Sub_1:OpId_95 (cycles)
4278630957,EXECUTE,6663,CYCLES,BACKEND,SUB-EVENT,_Mul_8:OpId_97 (cycles)
4278630957,EXECUTE,2348,CYCLES,BACKEND,SUB-EVENT,_Mul_9:OpId_99 (cycles)
4278630957,EXECUTE,1266,CYCLES,BACKEND,SUB-EVENT,_Add_5:OpId_101 (cycles)
4278630957,EXECUTE,0,CYCLES,BACKEND,SUB-EVENT,_Unsqueeze_2:OpId_103 (cycles)
4278630957,EXECUTE,0,CYCLES,BACKEND,SUB-EVENT,_Unsqueeze_3:OpId_104 (cycles)
4278630957,EXECUTE,2423,CYCLES,BACKEND,SUB-EVENT,_Concat_2:OpId_105 (cycles)
4278630957,EXECUTE,0,CYCLES,BACKEND,SUB-EVENT,_Reshape_4:OpId_107 (cycles)
4278630957,EXECUTE,1209,CYCLES,BACKEND,SUB-EVENT,current_key_nhwc:OpId_109 (cycles)
4278630957,EXECUTE,3239,CYCLES,BACKEND,SUB-EVENT,_Concat_4:OpId_110 (cycles)
4278630957,EXECUTE,347062,CYCLES,BACKEND,SUB-EVENT,_Concat_4_output_0_nchw:OpId_113 (cycles)
4278630957,EXECUTE,1818,CYCLES,BACKEND,SUB-EVENT,_Concat_5:OpId_114 (cycles)
4278630957,EXECUTE,0,CYCLES,BACKEND,SUB-EVENT,_Unsqueeze_4:OpId_116 (cycles)
4278630957,EXECUTE,34259,CYCLES,BACKEND,SUB-EVENT,_MatMul_3:OpId_117 (cycles)
4278630957,EXECUTE,6931,CYCLES,BACKEND,SUB-EVENT,_Div_1:OpId_122 (cycles)
4278630957,EXECUTE,0,CYCLES,BACKEND,SUB-EVENT,_Add_6:OpId_125 (cycles)
4278630957,EXECUTE,20772,CYCLES,BACKEND,SUB-EVENT,_Softmax:OpId_127 (cycles)
4278630957,EXECUTE,0,CYCLES,BACKEND,SUB-EVENT,_Unsqueeze_5:OpId_130 (cycles)
4278630957,EXECUTE,33611,CYCLES,BACKEND,SUB-EVENT,_MatMul_4:OpId_131 (cycles)
4278630957,EXECUTE,0,CYCLES,BACKEND,SUB-EVENT,_Reshape_6:OpId_135 (cycles)
4278630957,EXECUTE,0,CYCLES,BACKEND,SUB-EVENT,_Transpose_4:OpId_137 (cycles)
4278630957,EXECUTE,56072,CYCLES,BACKEND,SUB-EVENT,_MatMul_5:OpId_139 (cycles)
4278630957,EXECUTE,0,CYCLES,BACKEND,SUB-EVENT,_MatMul_5_post_reshape:OpId_142 (cycles)
4278630957,EXECUTE,0,CYCLES,BACKEND,SUB-EVENT,_MatMul_5_output_0_nfc:OpId_144 (cycles)
4278630957,EXECUTE,176651,CYCLES,BACKEND,SUB-EVENT,_Add_7:OpId_146 (cycles)
4278630957,EXECUTE,281,CYCLES,BACKEND,SUB-EVENT,_Add_7_output_0_ncf:OpId_149 (cycles)
4278630957,EXECUTE,2473,CYCLES,BACKEND,SUB-EVENT,rms_norm__Mul_11_output_0:OpId_154 (cycles)
4278630957,EXECUTE,0,CYCLES,BACKEND,SUB-EVENT,_MatMul_6:OpId_158 (cycles)
4278630957,EXECUTE,0,CYCLES,BACKEND,SUB-EVENT,_MatMul_6_post_reshape:OpId_161 (cycles)
4278630957,EXECUTE,421976,CYCLES,BACKEND,SUB-EVENT,_MatMul_7:OpId_163 (cycles)
4278630957,EXECUTE,0,CYCLES,BACKEND,SUB-EVENT,_MatMul_7_post_reshape:OpId_166 (cycles)
4278630957,EXECUTE,0,CYCLES,BACKEND,SUB-EVENT,_Sigmoid:OpId_167 (cycles)
4278630957,EXECUTE,327691,CYCLES,BACKEND,SUB-EVENT,_Mul_12:OpId_174 (cycles)
4278630957,EXECUTE,40753,CYCLES,BACKEND,SUB-EVENT,_Mul_13:OpId_176 (cycles)
4278630957,EXECUTE,401094,CYCLES,BACKEND,SUB-EVENT,_MatMul_8:OpId_179 (cycles)
4278630957,EXECUTE,0,CYCLES,BACKEND,SUB-EVENT,_MatMul_8_post_reshape:OpId_182 (cycles)
4278630957,EXECUTE,0,CYCLES,BACKEND,SUB-EVENT,_MatMul_8_output_0_nfc:OpId_184 (cycles)
4278630957,EXECUTE,14913,CYCLES,BACKEND,SUB-EVENT,_Add_9:OpId_186 (cycles)
4278630957,EXECUTE,3509,CYCLES,BACKEND,SUB-EVENT,Output OpId_3 (cycles)
4278630957,EXECUTE,4900,US,BACKEND,ROOT,Accelerator (execute) time
4278630957,EXECUTE,4766,US,BACKEND,ROOT,Accelerator (execute excluding wait) time
4278630957,EXECUTE,11419,US,BACKEND,ROOT,QNN (execute) time
4278643784,EXECUTE,10907,US,NETRUN,ROOT,Graph 0: qwen2_0_5b_layer0_decode_past128_grouped_gqa_delta_kv
4278643784,EXECUTE,4,COUNT,BACKEND,ROOT,Number of HVX threads used
4278643784,EXECUTE,10542,US,BACKEND,ROOT,RPC (execute) time
4278643784,EXECUTE,9542,US,BACKEND,ROOT,QNN accelerator (execute) time
4278643784,EXECUTE,0,COUNT,BACKEND,ROOT,Num times yield occured
4278643784,EXECUTE,623,US,BACKEND,ROOT,Time for initial VTCM acquire
4278643784,EXECUTE,249,US,BACKEND,ROOT,Time for HVX + HMX power on and acquire
4278643784,EXECUTE,2294024,CYCLES,BACKEND,ROOT,Accelerator (execute) time (cycles)
4278643784,EXECUTE,66337,CYCLES,BACKEND,SUB-EVENT,Input OpId_2 (cycles)
4278643784,EXECUTE,25751,CYCLES,BACKEND,SUB-EVENT,hidden_states_ncf:OpId_17 (cycles)
4278643784,EXECUTE,25203,CYCLES,BACKEND,SUB-EVENT,past_value_nchw:OpId_20 (cycles)
4278643784,EXECUTE,24563,CYCLES,BACKEND,SUB-EVENT,rms_norm__Mul_1_output_0:OpId_24 (cycles)
4278643784,EXECUTE,41255,CYCLES,BACKEND,SUB-EVENT,_MatMul:OpId_29 (cycles)
4278643784,EXECUTE,0,CYCLES,BACKEND,SUB-EVENT,_MatMul_post_reshape:OpId_31 (cycles)
4278643784,EXECUTE,7895,CYCLES,BACKEND,SUB-EVENT,_MatMul_1:OpId_34 (cycles)
4278643784,EXECUTE,32758,CYCLES,BACKEND,SUB-EVENT,_MatMul_1_post_reshape:OpId_36 (cycles)
4278643784,EXECUTE,4320,CYCLES,BACKEND,SUB-EVENT,_MatMul_2:OpId_39 (cycles)
4278643784,EXECUTE,30998,CYCLES,BACKEND,SUB-EVENT,_MatMul_2_post_reshape:OpId_41 (cycles)
4278643784,EXECUTE,478,CYCLES,BACKEND,SUB-EVENT,_Transpose:OpId_43 (cycles)
4278643784,EXECUTE,6114,CYCLES,BACKEND,SUB-EVENT,_Transpose_1:OpId_45 (cycles)
4278643784,EXECUTE,5900,CYCLES,BACKEND,SUB-EVENT,_Transpose_2:OpId_47 (cycles)
4278643784,EXECUTE,49912,CYCLES,BACKEND,SUB-EVENT,_Slice:OpId_49 (cycles)
4278643784,EXECUTE,9915,CYCLES,BACKEND,SUB-EVENT,_Slice_1:OpId_55 (cycles)
4278643784,EXECUTE,3900,CYCLES,BACKEND,SUB-EVENT,_Mul_2:OpId_61 (cycles)
4278643784,EXECUTE,26331,CYCLES,BACKEND,SUB-EVENT,_Mul_3:OpId_64 (cycles)
4278643784,EXECUTE,273,CYCLES,BACKEND,SUB-EVENT,_Sub:OpId_66 (cycles)
4278643784,EXECUTE,2973,CYCLES,BACKEND,SUB-EVENT,_Mul_4:OpId_68 (cycles)
4278643784,EXECUTE,2066,CYCLES,BACKEND,SUB-EVENT,_Mul_5:OpId_70 (cycles)
4278643784,EXECUTE,4833,CYCLES,BACKEND,SUB-EVENT,_Add_4:OpId_72 (cycles)
4278643784,EXECUTE,0,CYCLES,BACKEND,SUB-EVENT,_Unsqueeze:OpId_74 (cycles)
4278643784,EXECUTE,0,CYCLES,BACKEND,SUB-EVENT,_Unsqueeze_1:OpId_75 (cycles)
4278643784,EXECUTE,928,CYCLES,BACKEND,SUB-EVENT,_Concat:OpId_76 (cycles)
4278643784,EXECUTE,608,CYCLES,BACKEND,SUB-EVENT,_Reshape_3:OpId_78 (cycles)
4278643784,EXECUTE,91021,CYCLES,BACKEND,SUB-EVENT,_Slice_3:OpId_80 (cycles)
4278643784,EXECUTE,11860,CYCLES,BACKEND,SUB-EVENT,_Slice_4:OpId_86 (cycles)
4278643784,EXECUTE,33138,CYCLES,BACKEND,SUB-EVENT,_Mul_6:OpId_91 (cycles)
4278643784,EXECUTE,26985,CYCLES,BACKEND,SUB-EVENT,_Mul_7:OpId_93 (cycles)
4278643784,EXECUTE,4992,CYCLES,BACKEND,SUB-EVENT,_Sub_1:OpId_95 (cycles)
4278643784,EXECUTE,30811,CYCLES,BACKEND,SUB-EVENT,_Mul_8:OpId_97 (cycles)
4278643784,EXECUTE,25887,CYCLES,BACKEND,SUB-EVENT,_Mul_9:OpId_99 (cycles)
4278643784,EXECUTE,7010,CYCLES,BACKEND,SUB-EVENT,_Add_5:OpId_101 (cycles)
4278643784,EXECUTE,0,CYCLES,BACKEND,SUB-EVENT,_Unsqueeze_2:OpId_103 (cycles)
4278643784,EXECUTE,0,CYCLES,BACKEND,SUB-EVENT,_Unsqueeze_3:OpId_104 (cycles)
4278643784,EXECUTE,6369,CYCLES,BACKEND,SUB-EVENT,_Concat_2:OpId_105 (cycles)
4278643784,EXECUTE,0,CYCLES,BACKEND,SUB-EVENT,_Reshape_4:OpId_107 (cycles)
4278643784,EXECUTE,4017,CYCLES,BACKEND,SUB-EVENT,current_key_nhwc:OpId_109 (cycles)
4278643784,EXECUTE,4557,CYCLES,BACKEND,SUB-EVENT,_Concat_4:OpId_110 (cycles)
4278643784,EXECUTE,355342,CYCLES,BACKEND,SUB-EVENT,_Concat_4_output_0_nchw:OpId_113 (cycles)
4278643784,EXECUTE,2849,CYCLES,BACKEND,SUB-EVENT,_Concat_5:OpId_114 (cycles)
4278643784,EXECUTE,0,CYCLES,BACKEND,SUB-EVENT,_Unsqueeze_4:OpId_116 (cycles)
4278643784,EXECUTE,34752,CYCLES,BACKEND,SUB-EVENT,_MatMul_3:OpId_117 (cycles)
4278643784,EXECUTE,19750,CYCLES,BACKEND,SUB-EVENT,_Div_1:OpId_122 (cycles)
4278643784,EXECUTE,0,CYCLES,BACKEND,SUB-EVENT,_Add_6:OpId_125 (cycles)
4278643784,EXECUTE,23017,CYCLES,BACKEND,SUB-EVENT,_Softmax:OpId_127 (cycles)
4278643784,EXECUTE,0,CYCLES,BACKEND,SUB-EVENT,_Unsqueeze_5:OpId_130 (cycles)
4278643784,EXECUTE,73688,CYCLES,BACKEND,SUB-EVENT,_MatMul_4:OpId_131 (cycles)
4278643784,EXECUTE,0,CYCLES,BACKEND,SUB-EVENT,_Reshape_6:OpId_135 (cycles)
4278643784,EXECUTE,0,CYCLES,BACKEND,SUB-EVENT,_Transpose_4:OpId_137 (cycles)
4278643784,EXECUTE,17773,CYCLES,BACKEND,SUB-EVENT,_MatMul_5:OpId_139 (cycles)
4278643784,EXECUTE,0,CYCLES,BACKEND,SUB-EVENT,_MatMul_5_post_reshape:OpId_142 (cycles)
4278643784,EXECUTE,0,CYCLES,BACKEND,SUB-EVENT,_MatMul_5_output_0_nfc:OpId_144 (cycles)
4278643784,EXECUTE,141515,CYCLES,BACKEND,SUB-EVENT,_Add_7:OpId_146 (cycles)
4278643784,EXECUTE,223,CYCLES,BACKEND,SUB-EVENT,_Add_7_output_0_ncf:OpId_149 (cycles)
4278643784,EXECUTE,3415,CYCLES,BACKEND,SUB-EVENT,rms_norm__Mul_11_output_0:OpId_154 (cycles)
4278643784,EXECUTE,0,CYCLES,BACKEND,SUB-EVENT,_MatMul_6:OpId_158 (cycles)
4278643784,EXECUTE,0,CYCLES,BACKEND,SUB-EVENT,_MatMul_6_post_reshape:OpId_161 (cycles)
4278643784,EXECUTE,284031,CYCLES,BACKEND,SUB-EVENT,_MatMul_7:OpId_163 (cycles)
4278643784,EXECUTE,0,CYCLES,BACKEND,SUB-EVENT,_MatMul_7_post_reshape:OpId_166 (cycles)
4278643784,EXECUTE,0,CYCLES,BACKEND,SUB-EVENT,_Sigmoid:OpId_167 (cycles)
4278643784,EXECUTE,246574,CYCLES,BACKEND,SUB-EVENT,_Mul_12:OpId_174 (cycles)
4278643784,EXECUTE,38589,CYCLES,BACKEND,SUB-EVENT,_Mul_13:OpId_176 (cycles)
4278643784,EXECUTE,409135,CYCLES,BACKEND,SUB-EVENT,_MatMul_8:OpId_179 (cycles)
4278643784,EXECUTE,0,CYCLES,BACKEND,SUB-EVENT,_MatMul_8_post_reshape:OpId_182 (cycles)
4278643784,EXECUTE,0,CYCLES,BACKEND,SUB-EVENT,_MatMul_8_output_0_nfc:OpId_184 (cycles)
4278643784,EXECUTE,14615,CYCLES,BACKEND,SUB-EVENT,_Add_9:OpId_186 (cycles)
4278643784,EXECUTE,8798,CYCLES,BACKEND,SUB-EVENT,Output OpId_3 (cycles)
4278643784,EXECUTE,4533,US,BACKEND,ROOT,Accelerator (execute) time
4278643784,EXECUTE,4403,US,BACKEND,ROOT,Accelerator (execute excluding wait) time
4278643784,EXECUTE,10880,US,BACKEND,ROOT,QNN (execute) time
4278657308,EXECUTE,11151,US,NETRUN,ROOT,Graph 0: qwen2_0_5b_layer0_decode_past128_grouped_gqa_delta_kv
4278657308,EXECUTE,4,COUNT,BACKEND,ROOT,Number of HVX threads used
4278657308,EXECUTE,10788,US,BACKEND,ROOT,RPC (execute) time
4278657308,EXECUTE,9802,US,BACKEND,ROOT,QNN accelerator (execute) time
4278657308,EXECUTE,0,COUNT,BACKEND,ROOT,Num times yield occured
4278657308,EXECUTE,603,US,BACKEND,ROOT,Time for initial VTCM acquire
4278657308,EXECUTE,281,US,BACKEND,ROOT,Time for HVX + HMX power on and acquire
4278657308,EXECUTE,2229500,CYCLES,BACKEND,ROOT,Accelerator (execute) time (cycles)
4278657308,EXECUTE,57782,CYCLES,BACKEND,SUB-EVENT,Input OpId_2 (cycles)
4278657308,EXECUTE,21578,CYCLES,BACKEND,SUB-EVENT,hidden_states_ncf:OpId_17 (cycles)
4278657308,EXECUTE,29339,CYCLES,BACKEND,SUB-EVENT,past_value_nchw:OpId_20 (cycles)
4278657308,EXECUTE,27225,CYCLES,BACKEND,SUB-EVENT,rms_norm__Mul_1_output_0:OpId_24 (cycles)
4278657308,EXECUTE,45128,CYCLES,BACKEND,SUB-EVENT,_MatMul:OpId_29 (cycles)
4278657308,EXECUTE,0,CYCLES,BACKEND,SUB-EVENT,_MatMul_post_reshape:OpId_31 (cycles)
4278657308,EXECUTE,7330,CYCLES,BACKEND,SUB-EVENT,_MatMul_1:OpId_34 (cycles)
4278657308,EXECUTE,29236,CYCLES,BACKEND,SUB-EVENT,_MatMul_1_post_reshape:OpId_36 (cycles)
4278657308,EXECUTE,4449,CYCLES,BACKEND,SUB-EVENT,_MatMul_2:OpId_39 (cycles)
4278657308,EXECUTE,27485,CYCLES,BACKEND,SUB-EVENT,_MatMul_2_post_reshape:OpId_41 (cycles)
4278657308,EXECUTE,492,CYCLES,BACKEND,SUB-EVENT,_Transpose:OpId_43 (cycles)
4278657308,EXECUTE,9829,CYCLES,BACKEND,SUB-EVENT,_Transpose_1:OpId_45 (cycles)
4278657308,EXECUTE,9571,CYCLES,BACKEND,SUB-EVENT,_Transpose_2:OpId_47 (cycles)
4278657308,EXECUTE,29183,CYCLES,BACKEND,SUB-EVENT,_Slice:OpId_49 (cycles)
4278657308,EXECUTE,5643,CYCLES,BACKEND,SUB-EVENT,_Slice_1:OpId_55 (cycles)
4278657308,EXECUTE,1547,CYCLES,BACKEND,SUB-EVENT,_Mul_2:OpId_61 (cycles)
4278657308,EXECUTE,1241,CYCLES,BACKEND,SUB-EVENT,_Mul_3:OpId_64 (cycles)
4278657308,EXECUTE,272,CYCLES,BACKEND,SUB-EVENT,_Sub:OpId_66 (cycles)
4278657308,EXECUTE,1886,CYCLES,BACKEND,SUB-EVENT,_Mul_4:OpId_68 (cycles)
4278657308,EXECUTE,1289,CYCLES,BACKEND,SUB-EVENT,_Mul_5:OpId_70 (cycles)
4278657308,EXECUTE,5109,CYCLES,BACKEND,SUB-EVENT,_Add_4:OpId_72 (cycles)
4278657308,EXECUTE,0,CYCLES,BACKEND,SUB-EVENT,_Unsqueeze:OpId_74 (cycles)
4278657308,EXECUTE,0,CYCLES,BACKEND,SUB-EVENT,_Unsqueeze_1:OpId_75 (cycles)
4278657308,EXECUTE,888,CYCLES,BACKEND,SUB-EVENT,_Concat:OpId_76 (cycles)
4278657308,EXECUTE,554,CYCLES,BACKEND,SUB-EVENT,_Reshape_3:OpId_78 (cycles)
4278657308,EXECUTE,32111,CYCLES,BACKEND,SUB-EVENT,_Slice_3:OpId_80 (cycles)
4278657308,EXECUTE,5684,CYCLES,BACKEND,SUB-EVENT,_Slice_4:OpId_86 (cycles)
4278657308,EXECUTE,6812,CYCLES,BACKEND,SUB-EVENT,_Mul_6:OpId_91 (cycles)
4278657308,EXECUTE,2500,CYCLES,BACKEND,SUB-EVENT,_Mul_7:OpId_93 (cycles)
4278657308,EXECUTE,904,CYCLES,BACKEND,SUB-EVENT,_Sub_1:OpId_95 (cycles)
4278657308,EXECUTE,6774,CYCLES,BACKEND,SUB-EVENT,_Mul_8:OpId_97 (cycles)
4278657308,EXECUTE,2217,CYCLES,BACKEND,SUB-EVENT,_Mul_9:OpId_99 (cycles)
4278657308,EXECUTE,1242,CYCLES,BACKEND,SUB-EVENT,_Add_5:OpId_101 (cycles)
4278657308,EXECUTE,0,CYCLES,BACKEND,SUB-EVENT,_Unsqueeze_2:OpId_103 (cycles)
4278657308,EXECUTE,0,CYCLES,BACKEND,SUB-EVENT,_Unsqueeze_3:OpId_104 (cycles)
4278657308,EXECUTE,3385,CYCLES,BACKEND,SUB-EVENT,_Concat_2:OpId_105 (cycles)
4278657308,EXECUTE,0,CYCLES,BACKEND,SUB-EVENT,_Reshape_4:OpId_107 (cycles)
4278657308,EXECUTE,1262,CYCLES,BACKEND,SUB-EVENT,current_key_nhwc:OpId_109 (cycles)
4278657308,EXECUTE,3177,CYCLES,BACKEND,SUB-EVENT,_Concat_4:OpId_110 (cycles)
4278657308,EXECUTE,344985,CYCLES,BACKEND,SUB-EVENT,_Concat_4_output_0_nchw:OpId_113 (cycles)
4278657308,EXECUTE,1307,CYCLES,BACKEND,SUB-EVENT,_Concat_5:OpId_114 (cycles)
4278657308,EXECUTE,0,CYCLES,BACKEND,SUB-EVENT,_Unsqueeze_4:OpId_116 (cycles)
4278657308,EXECUTE,34574,CYCLES,BACKEND,SUB-EVENT,_MatMul_3:OpId_117 (cycles)
4278657308,EXECUTE,6811,CYCLES,BACKEND,SUB-EVENT,_Div_1:OpId_122 (cycles)
4278657308,EXECUTE,0,CYCLES,BACKEND,SUB-EVENT,_Add_6:OpId_125 (cycles)
4278657308,EXECUTE,21236,CYCLES,BACKEND,SUB-EVENT,_Softmax:OpId_127 (cycles)
4278657308,EXECUTE,0,CYCLES,BACKEND,SUB-EVENT,_Unsqueeze_5:OpId_130 (cycles)
4278657308,EXECUTE,35185,CYCLES,BACKEND,SUB-EVENT,_MatMul_4:OpId_131 (cycles)
4278657308,EXECUTE,0,CYCLES,BACKEND,SUB-EVENT,_Reshape_6:OpId_135 (cycles)
4278657308,EXECUTE,0,CYCLES,BACKEND,SUB-EVENT,_Transpose_4:OpId_137 (cycles)
4278657308,EXECUTE,16828,CYCLES,BACKEND,SUB-EVENT,_MatMul_5:OpId_139 (cycles)
4278657308,EXECUTE,0,CYCLES,BACKEND,SUB-EVENT,_MatMul_5_post_reshape:OpId_142 (cycles)
4278657308,EXECUTE,0,CYCLES,BACKEND,SUB-EVENT,_MatMul_5_output_0_nfc:OpId_144 (cycles)
4278657308,EXECUTE,138015,CYCLES,BACKEND,SUB-EVENT,_Add_7:OpId_146 (cycles)
4278657308,EXECUTE,305,CYCLES,BACKEND,SUB-EVENT,_Add_7_output_0_ncf:OpId_149 (cycles)
4278657308,EXECUTE,3499,CYCLES,BACKEND,SUB-EVENT,rms_norm__Mul_11_output_0:OpId_154 (cycles)
4278657308,EXECUTE,0,CYCLES,BACKEND,SUB-EVENT,_MatMul_6:OpId_158 (cycles)
4278657308,EXECUTE,0,CYCLES,BACKEND,SUB-EVENT,_MatMul_6_post_reshape:OpId_161 (cycles)
4278657308,EXECUTE,423719,CYCLES,BACKEND,SUB-EVENT,_MatMul_7:OpId_163 (cycles)
4278657308,EXECUTE,0,CYCLES,BACKEND,SUB-EVENT,_MatMul_7_post_reshape:OpId_166 (cycles)
4278657308,EXECUTE,0,CYCLES,BACKEND,SUB-EVENT,_Sigmoid:OpId_167 (cycles)
4278657308,EXECUTE,358625,CYCLES,BACKEND,SUB-EVENT,_Mul_12:OpId_174 (cycles)
4278657308,EXECUTE,33071,CYCLES,BACKEND,SUB-EVENT,_Mul_13:OpId_176 (cycles)
4278657308,EXECUTE,403314,CYCLES,BACKEND,SUB-EVENT,_MatMul_8:OpId_179 (cycles)
4278657308,EXECUTE,0,CYCLES,BACKEND,SUB-EVENT,_MatMul_8_post_reshape:OpId_182 (cycles)
4278657308,EXECUTE,0,CYCLES,BACKEND,SUB-EVENT,_MatMul_8_output_0_nfc:OpId_184 (cycles)
4278657308,EXECUTE,15478,CYCLES,BACKEND,SUB-EVENT,_Add_9:OpId_186 (cycles)
4278657308,EXECUTE,9424,CYCLES,BACKEND,SUB-EVENT,Output OpId_3 (cycles)
4278657308,EXECUTE,4833,US,BACKEND,ROOT,Accelerator (execute) time
4278657308,EXECUTE,4698,US,BACKEND,ROOT,Accelerator (execute excluding wait) time
4278657308,EXECUTE,11124,US,BACKEND,ROOT,QNN (execute) time
4278670058,EXECUTE,10916,US,NETRUN,ROOT,Graph 0: qwen2_0_5b_layer0_decode_past128_grouped_gqa_delta_kv
4278670058,EXECUTE,4,COUNT,BACKEND,ROOT,Number of HVX threads used
4278670058,EXECUTE,10515,US,BACKEND,ROOT,RPC (execute) time
4278670058,EXECUTE,9527,US,BACKEND,ROOT,QNN accelerator (execute) time
4278670058,EXECUTE,0,COUNT,BACKEND,ROOT,Num times yield occured
4278670058,EXECUTE,629,US,BACKEND,ROOT,Time for initial VTCM acquire
4278670058,EXECUTE,293,US,BACKEND,ROOT,Time for HVX + HMX power on and acquire
4278670058,EXECUTE,2358226,CYCLES,BACKEND,ROOT,Accelerator (execute) time (cycles)
4278670058,EXECUTE,85642,CYCLES,BACKEND,SUB-EVENT,Input OpId_2 (cycles)
4278670058,EXECUTE,31172,CYCLES,BACKEND,SUB-EVENT,hidden_states_ncf:OpId_17 (cycles)
4278670058,EXECUTE,30249,CYCLES,BACKEND,SUB-EVENT,past_value_nchw:OpId_20 (cycles)
4278670058,EXECUTE,24034,CYCLES,BACKEND,SUB-EVENT,rms_norm__Mul_1_output_0:OpId_24 (cycles)
4278670058,EXECUTE,51415,CYCLES,BACKEND,SUB-EVENT,_MatMul:OpId_29 (cycles)
4278670058,EXECUTE,0,CYCLES,BACKEND,SUB-EVENT,_MatMul_post_reshape:OpId_31 (cycles)
4278670058,EXECUTE,7924,CYCLES,BACKEND,SUB-EVENT,_MatMul_1:OpId_34 (cycles)
4278670058,EXECUTE,26632,CYCLES,BACKEND,SUB-EVENT,_MatMul_1_post_reshape:OpId_36 (cycles)
4278670058,EXECUTE,4258,CYCLES,BACKEND,SUB-EVENT,_MatMul_2:OpId_39 (cycles)
4278670058,EXECUTE,24846,CYCLES,BACKEND,SUB-EVENT,_MatMul_2_post_reshape:OpId_41 (cycles)
4278670058,EXECUTE,481,CYCLES,BACKEND,SUB-EVENT,_Transpose:OpId_43 (cycles)
4278670058,EXECUTE,6524,CYCLES,BACKEND,SUB-EVENT,_Transpose_1:OpId_45 (cycles)
4278670058,EXECUTE,6307,CYCLES,BACKEND,SUB-EVENT,_Transpose_2:OpId_47 (cycles)
4278670058,EXECUTE,55098,CYCLES,BACKEND,SUB-EVENT,_Slice:OpId_49 (cycles)
4278670058,EXECUTE,20543,CYCLES,BACKEND,SUB-EVENT,_Slice_1:OpId_55 (cycles)
4278670058,EXECUTE,2813,CYCLES,BACKEND,SUB-EVENT,_Mul_2:OpId_61 (cycles)
4278670058,EXECUTE,1319,CYCLES,BACKEND,SUB-EVENT,_Mul_3:OpId_64 (cycles)
4278670058,EXECUTE,268,CYCLES,BACKEND,SUB-EVENT,_Sub:OpId_66 (cycles)
4278670058,EXECUTE,2760,CYCLES,BACKEND,SUB-EVENT,_Mul_4:OpId_68 (cycles)
4278670058,EXECUTE,1167,CYCLES,BACKEND,SUB-EVENT,_Mul_5:OpId_70 (cycles)
4278670058,EXECUTE,6196,CYCLES,BACKEND,SUB-EVENT,_Add_4:OpId_72 (cycles)
4278670058,EXECUTE,0,CYCLES,BACKEND,SUB-EVENT,_Unsqueeze:OpId_74 (cycles)
4278670058,EXECUTE,0,CYCLES,BACKEND,SUB-EVENT,_Unsqueeze_1:OpId_75 (cycles)
4278670058,EXECUTE,879,CYCLES,BACKEND,SUB-EVENT,_Concat:OpId_76 (cycles)
4278670058,EXECUTE,599,CYCLES,BACKEND,SUB-EVENT,_Reshape_3:OpId_78 (cycles)
4278670058,EXECUTE,100503,CYCLES,BACKEND,SUB-EVENT,_Slice_3:OpId_80 (cycles)
4278670058,EXECUTE,12400,CYCLES,BACKEND,SUB-EVENT,_Slice_4:OpId_86 (cycles)
4278670058,EXECUTE,35432,CYCLES,BACKEND,SUB-EVENT,_Mul_6:OpId_91 (cycles)
4278670058,EXECUTE,28612,CYCLES,BACKEND,SUB-EVENT,_Mul_7:OpId_93 (cycles)
4278670058,EXECUTE,6094,CYCLES,BACKEND,SUB-EVENT,_Sub_1:OpId_95 (cycles)
4278670058,EXECUTE,28934,CYCLES,BACKEND,SUB-EVENT,_Mul_8:OpId_97 (cycles)
4278670058,EXECUTE,28188,CYCLES,BACKEND,SUB-EVENT,_Mul_9:OpId_99 (cycles)
4278670058,EXECUTE,7311,CYCLES,BACKEND,SUB-EVENT,_Add_5:OpId_101 (cycles)
4278670058,EXECUTE,0,CYCLES,BACKEND,SUB-EVENT,_Unsqueeze_2:OpId_103 (cycles)
4278670058,EXECUTE,0,CYCLES,BACKEND,SUB-EVENT,_Unsqueeze_3:OpId_104 (cycles)
4278670058,EXECUTE,5733,CYCLES,BACKEND,SUB-EVENT,_Concat_2:OpId_105 (cycles)
4278670058,EXECUTE,0,CYCLES,BACKEND,SUB-EVENT,_Reshape_4:OpId_107 (cycles)
4278670058,EXECUTE,4907,CYCLES,BACKEND,SUB-EVENT,current_key_nhwc:OpId_109 (cycles)
4278670058,EXECUTE,4569,CYCLES,BACKEND,SUB-EVENT,_Concat_4:OpId_110 (cycles)
4278670058,EXECUTE,373895,CYCLES,BACKEND,SUB-EVENT,_Concat_4_output_0_nchw:OpId_113 (cycles)
4278670058,EXECUTE,4204,CYCLES,BACKEND,SUB-EVENT,_Concat_5:OpId_114 (cycles)
4278670058,EXECUTE,0,CYCLES,BACKEND,SUB-EVENT,_Unsqueeze_4:OpId_116 (cycles)
4278670058,EXECUTE,35342,CYCLES,BACKEND,SUB-EVENT,_MatMul_3:OpId_117 (cycles)
4278670058,EXECUTE,18936,CYCLES,BACKEND,SUB-EVENT,_Div_1:OpId_122 (cycles)
4278670058,EXECUTE,0,CYCLES,BACKEND,SUB-EVENT,_Add_6:OpId_125 (cycles)
4278670058,EXECUTE,21732,CYCLES,BACKEND,SUB-EVENT,_Softmax:OpId_127 (cycles)
4278670058,EXECUTE,0,CYCLES,BACKEND,SUB-EVENT,_Unsqueeze_5:OpId_130 (cycles)
4278670058,EXECUTE,79365,CYCLES,BACKEND,SUB-EVENT,_MatMul_4:OpId_131 (cycles)
4278670058,EXECUTE,0,CYCLES,BACKEND,SUB-EVENT,_Reshape_6:OpId_135 (cycles)
4278670058,EXECUTE,0,CYCLES,BACKEND,SUB-EVENT,_Transpose_4:OpId_137 (cycles)
4278670058,EXECUTE,17833,CYCLES,BACKEND,SUB-EVENT,_MatMul_5:OpId_139 (cycles)
4278670058,EXECUTE,0,CYCLES,BACKEND,SUB-EVENT,_MatMul_5_post_reshape:OpId_142 (cycles)
4278670058,EXECUTE,0,CYCLES,BACKEND,SUB-EVENT,_MatMul_5_output_0_nfc:OpId_144 (cycles)
4278670058,EXECUTE,154346,CYCLES,BACKEND,SUB-EVENT,_Add_7:OpId_146 (cycles)
4278670058,EXECUTE,287,CYCLES,BACKEND,SUB-EVENT,_Add_7_output_0_ncf:OpId_149 (cycles)
4278670058,EXECUTE,3309,CYCLES,BACKEND,SUB-EVENT,rms_norm__Mul_11_output_0:OpId_154 (cycles)
4278670058,EXECUTE,0,CYCLES,BACKEND,SUB-EVENT,_MatMul_6:OpId_158 (cycles)
4278670058,EXECUTE,0,CYCLES,BACKEND,SUB-EVENT,_MatMul_6_post_reshape:OpId_161 (cycles)
4278670058,EXECUTE,294920,CYCLES,BACKEND,SUB-EVENT,_MatMul_7:OpId_163 (cycles)
4278670058,EXECUTE,0,CYCLES,BACKEND,SUB-EVENT,_MatMul_7_post_reshape:OpId_166 (cycles)
4278670058,EXECUTE,0,CYCLES,BACKEND,SUB-EVENT,_Sigmoid:OpId_167 (cycles)
4278670058,EXECUTE,234111,CYCLES,BACKEND,SUB-EVENT,_Mul_12:OpId_174 (cycles)
4278670058,EXECUTE,41055,CYCLES,BACKEND,SUB-EVENT,_Mul_13:OpId_176 (cycles)
4278670058,EXECUTE,398183,CYCLES,BACKEND,SUB-EVENT,_MatMul_8:OpId_179 (cycles)
4278670058,EXECUTE,0,CYCLES,BACKEND,SUB-EVENT,_MatMul_8_post_reshape:OpId_182 (cycles)
4278670058,EXECUTE,0,CYCLES,BACKEND,SUB-EVENT,_MatMul_8_output_0_nfc:OpId_184 (cycles)
4278670058,EXECUTE,14629,CYCLES,BACKEND,SUB-EVENT,_Add_9:OpId_186 (cycles)
4278670058,EXECUTE,12270,CYCLES,BACKEND,SUB-EVENT,Output OpId_3 (cycles)
4278670058,EXECUTE,4530,US,BACKEND,ROOT,Accelerator (execute) time
4278670058,EXECUTE,4392,US,BACKEND,ROOT,Accelerator (execute excluding wait) time
4278670058,EXECUTE,10887,US,BACKEND,ROOT,QNN (execute) time
4278671279,EXECUTE IPS,76.872810,INF/SEC,NETRUN,ROOT,null
