input log file location, qwen_block_custom_qnn/device_output/builtin_layer0_decode_past64/qnn-profiling-data_0.log
qnn-profile-viewer version, v2.47.0.260601114230
qnn-net-run version, v2.47.0.260601114230
Backend version, v2.47.0.260601114230
Msg Timestamp, Message, Time, Unit of Measurement, Timing Source, Event Level, Event Identifier
3631014254,INIT,500285,US,NETRUN,ROOT,null
3631179908,COMPOSE GRAPHS,163927,US,NETRUN,ROOT,null
3631516521,FINALIZE,336281,US,NETRUN,ROOT,Graph 0: qwen2_0_5b_layer0_decode_past64
3631516521,FINALIZE,5970,US,BACKEND,ROOT,RPC (finalize) time
3631516521,FINALIZE,4566,US,BACKEND,ROOT,QNN accelerator (finalize) time
3631516521,FINALIZE,4452,US,BACKEND,ROOT,Accelerator (finalize) time
3631516521,FINALIZE,336231,US,BACKEND,ROOT,QNN (finalize) time
3631516521,FINALIZE,158,US,BACKEND,SUB-EVENT,Graph Preparation Initializing
3631516521,FINALIZE,254298,US,BACKEND,SUB-EVENT,Graph Optimizations
3631516521,FINALIZE,3047,US,BACKEND,SUB-EVENT,Post Graph Optimization
3631516521,FINALIZE,16599,US,BACKEND,SUB-EVENT,Graph Sequencing for Target
3631516521,FINALIZE,2051,US,BACKEND,SUB-EVENT,VTCM Allocation
3631516521,FINALIZE,1362,US,BACKEND,SUB-EVENT,Parallelization Optimization
3631516521,FINALIZE,2321,US,BACKEND,SUB-EVENT,Finalizing Graph Sequence
3631516521,FINALIZE,77,US,BACKEND,SUB-EVENT,Completion
3631823398,DE-INIT,70553,US,NETRUN,ROOT,null
3631823398,DE-INIT,9120,US,BACKEND,ROOT,RPC (deinit) time
3631823398,DE-INIT,7822,US,BACKEND,ROOT,QNN Accelerator (deinit) time
3631823398,DE-INIT,7660,US,BACKEND,ROOT,Accelerator (deinit) time
3631823398,DE-INIT,70530,US,BACKEND,ROOT,QNN (deinit) time
3631537340,EXECUTE,19712,US,NETRUN,ROOT,Graph 0: qwen2_0_5b_layer0_decode_past64
3631537340,EXECUTE,4,COUNT,BACKEND,ROOT,Number of HVX threads used
3631537340,EXECUTE,19291,US,BACKEND,ROOT,RPC (execute) time
3631537340,EXECUTE,17576,US,BACKEND,ROOT,QNN accelerator (execute) time
3631537340,EXECUTE,0,COUNT,BACKEND,ROOT,Num times yield occured
3631537340,EXECUTE,726,US,BACKEND,ROOT,Time for initial VTCM acquire
3631537340,EXECUTE,33353,US,BACKEND,ROOT,Time for HVX + HMX power on and acquire
3631537340,EXECUTE,966956,CYCLES,BACKEND,ROOT,Accelerator (execute) time (cycles)
3631537340,EXECUTE,20730,CYCLES,BACKEND,SUB-EVENT,Input OpId_2 (cycles)
3631537340,EXECUTE,3982,CYCLES,BACKEND,SUB-EVENT,hidden_states_ncf:OpId_17 (cycles)
3631537340,EXECUTE,23291,CYCLES,BACKEND,SUB-EVENT,past_value_nchw:OpId_20 (cycles)
3631537340,EXECUTE,5443,CYCLES,BACKEND,SUB-EVENT,rms_norm__Mul_1_output_0:OpId_24 (cycles)
3631537340,EXECUTE,27043,CYCLES,BACKEND,SUB-EVENT,_MatMul:OpId_29 (cycles)
3631537340,EXECUTE,0,CYCLES,BACKEND,SUB-EVENT,_MatMul_post_reshape:OpId_31 (cycles)
3631537340,EXECUTE,5482,CYCLES,BACKEND,SUB-EVENT,_MatMul_1:OpId_34 (cycles)
3631537340,EXECUTE,11872,CYCLES,BACKEND,SUB-EVENT,_MatMul_1_post_reshape:OpId_36 (cycles)
3631537340,EXECUTE,1588,CYCLES,BACKEND,SUB-EVENT,_MatMul_2:OpId_39 (cycles)
3631537340,EXECUTE,10639,CYCLES,BACKEND,SUB-EVENT,_MatMul_2_post_reshape:OpId_41 (cycles)
3631537340,EXECUTE,456,CYCLES,BACKEND,SUB-EVENT,_Transpose:OpId_43 (cycles)
3631537340,EXECUTE,2893,CYCLES,BACKEND,SUB-EVENT,_Transpose_1:OpId_45 (cycles)
3631537340,EXECUTE,2550,CYCLES,BACKEND,SUB-EVENT,_Transpose_2:OpId_47 (cycles)
3631537340,EXECUTE,33100,CYCLES,BACKEND,SUB-EVENT,_Slice:OpId_49 (cycles)
3631537340,EXECUTE,8791,CYCLES,BACKEND,SUB-EVENT,_Slice_1:OpId_55 (cycles)
3631537340,EXECUTE,1956,CYCLES,BACKEND,SUB-EVENT,_Mul_2:OpId_61 (cycles)
3631537340,EXECUTE,1323,CYCLES,BACKEND,SUB-EVENT,_Mul_3:OpId_64 (cycles)
3631537340,EXECUTE,300,CYCLES,BACKEND,SUB-EVENT,_Sub:OpId_66 (cycles)
3631537340,EXECUTE,2161,CYCLES,BACKEND,SUB-EVENT,_Mul_4:OpId_68 (cycles)
3631537340,EXECUTE,1915,CYCLES,BACKEND,SUB-EVENT,_Mul_5:OpId_70 (cycles)
3631537340,EXECUTE,2317,CYCLES,BACKEND,SUB-EVENT,_Add_4:OpId_72 (cycles)
3631537340,EXECUTE,0,CYCLES,BACKEND,SUB-EVENT,_Unsqueeze:OpId_74 (cycles)
3631537340,EXECUTE,0,CYCLES,BACKEND,SUB-EVENT,_Unsqueeze_1:OpId_75 (cycles)
3631537340,EXECUTE,914,CYCLES,BACKEND,SUB-EVENT,_Concat:OpId_76 (cycles)
3631537340,EXECUTE,509,CYCLES,BACKEND,SUB-EVENT,_Reshape_3:OpId_78 (cycles)
3631537340,EXECUTE,40694,CYCLES,BACKEND,SUB-EVENT,_Slice_3:OpId_80 (cycles)
3631537340,EXECUTE,7960,CYCLES,BACKEND,SUB-EVENT,_Slice_4:OpId_86 (cycles)
3631537340,EXECUTE,11664,CYCLES,BACKEND,SUB-EVENT,_Mul_6:OpId_91 (cycles)
3631537340,EXECUTE,6977,CYCLES,BACKEND,SUB-EVENT,_Mul_7:OpId_93 (cycles)
3631537340,EXECUTE,1645,CYCLES,BACKEND,SUB-EVENT,_Sub_1:OpId_95 (cycles)
3631537340,EXECUTE,11625,CYCLES,BACKEND,SUB-EVENT,_Mul_8:OpId_97 (cycles)
3631537340,EXECUTE,6940,CYCLES,BACKEND,SUB-EVENT,_Mul_9:OpId_99 (cycles)
3631537340,EXECUTE,2445,CYCLES,BACKEND,SUB-EVENT,_Add_5:OpId_101 (cycles)
3631537340,EXECUTE,0,CYCLES,BACKEND,SUB-EVENT,_Unsqueeze_2:OpId_103 (cycles)
3631537340,EXECUTE,0,CYCLES,BACKEND,SUB-EVENT,_Unsqueeze_3:OpId_104 (cycles)
3631537340,EXECUTE,4385,CYCLES,BACKEND,SUB-EVENT,_Concat_2:OpId_105 (cycles)
3631537340,EXECUTE,0,CYCLES,BACKEND,SUB-EVENT,_Reshape_4:OpId_107 (cycles)
3631537340,EXECUTE,2038,CYCLES,BACKEND,SUB-EVENT,_Reshape_4_output_0_nhwc:OpId_109 (cycles)
3631537340,EXECUTE,1846,CYCLES,BACKEND,SUB-EVENT,_Concat_4:OpId_110 (cycles)
3631537340,EXECUTE,1301,CYCLES,BACKEND,SUB-EVENT,present_key_nchw:OpId_113 (cycles)
3631537340,EXECUTE,18769,CYCLES,BACKEND,SUB-EVENT,_Concat_5:OpId_114 (cycles)
3631537340,EXECUTE,0,CYCLES,BACKEND,SUB-EVENT,_Unsqueeze_4:OpId_116 (cycles)
3631537340,EXECUTE,3274,CYCLES,BACKEND,SUB-EVENT,_Tile:OpId_118 (cycles)
3631537340,EXECUTE,0,CYCLES,BACKEND,SUB-EVENT,_Reshape_5:OpId_119 (cycles)
3631537340,EXECUTE,0,CYCLES,BACKEND,SUB-EVENT,_Unsqueeze_5:OpId_120 (cycles)
3631537340,EXECUTE,6753,CYCLES,BACKEND,SUB-EVENT,_Tile_1:OpId_122 (cycles)
3631537340,EXECUTE,0,CYCLES,BACKEND,SUB-EVENT,_Reshape_6:OpId_123 (cycles)
3631537340,EXECUTE,0,CYCLES,BACKEND,SUB-EVENT,_Transpose_3:OpId_125 (cycles)
3631537340,EXECUTE,75338,CYCLES,BACKEND,SUB-EVENT,_MatMul_3:OpId_126 (cycles)
3631537340,EXECUTE,9777,CYCLES,BACKEND,SUB-EVENT,_Div_1:OpId_131 (cycles)
3631537340,EXECUTE,0,CYCLES,BACKEND,SUB-EVENT,_Add_6:OpId_134 (cycles)
3631537340,EXECUTE,20287,CYCLES,BACKEND,SUB-EVENT,_Softmax:OpId_136 (cycles)
3631537340,EXECUTE,41926,CYCLES,BACKEND,SUB-EVENT,_MatMul_4:OpId_139 (cycles)
3631537340,EXECUTE,0,CYCLES,BACKEND,SUB-EVENT,_Transpose_4:OpId_144 (cycles)
3631537340,EXECUTE,13383,CYCLES,BACKEND,SUB-EVENT,_MatMul_5:OpId_146 (cycles)
3631537340,EXECUTE,0,CYCLES,BACKEND,SUB-EVENT,_MatMul_5_post_reshape:OpId_149 (cycles)
3631537340,EXECUTE,0,CYCLES,BACKEND,SUB-EVENT,_MatMul_5_output_0_nfc:OpId_151 (cycles)
3631537340,EXECUTE,70553,CYCLES,BACKEND,SUB-EVENT,_Add_7:OpId_153 (cycles)
3631537340,EXECUTE,229,CYCLES,BACKEND,SUB-EVENT,_Add_7_output_0_ncf:OpId_156 (cycles)
3631537340,EXECUTE,1999,CYCLES,BACKEND,SUB-EVENT,rms_norm__Mul_11_output_0:OpId_161 (cycles)
3631537340,EXECUTE,0,CYCLES,BACKEND,SUB-EVENT,_MatMul_6:OpId_165 (cycles)
3631537340,EXECUTE,0,CYCLES,BACKEND,SUB-EVENT,_MatMul_6_post_reshape:OpId_168 (cycles)
3631537340,EXECUTE,117585,CYCLES,BACKEND,SUB-EVENT,_MatMul_7:OpId_170 (cycles)
3631537340,EXECUTE,0,CYCLES,BACKEND,SUB-EVENT,_MatMul_7_post_reshape:OpId_173 (cycles)
3631537340,EXECUTE,0,CYCLES,BACKEND,SUB-EVENT,_Sigmoid:OpId_174 (cycles)
3631537340,EXECUTE,112868,CYCLES,BACKEND,SUB-EVENT,_Mul_12:OpId_181 (cycles)
3631537340,EXECUTE,14463,CYCLES,BACKEND,SUB-EVENT,_Mul_13:OpId_183 (cycles)
3631537340,EXECUTE,157212,CYCLES,BACKEND,SUB-EVENT,_MatMul_8:OpId_186 (cycles)
3631537340,EXECUTE,0,CYCLES,BACKEND,SUB-EVENT,_MatMul_8_post_reshape:OpId_189 (cycles)
3631537340,EXECUTE,0,CYCLES,BACKEND,SUB-EVENT,_MatMul_8_output_0_nfc:OpId_191 (cycles)
3631537340,EXECUTE,14819,CYCLES,BACKEND,SUB-EVENT,_Add_9:OpId_193 (cycles)
3631537340,EXECUTE,18946,CYCLES,BACKEND,SUB-EVENT,Output OpId_3 (cycles)
3631537340,EXECUTE,3482,US,BACKEND,ROOT,Accelerator (execute) time
3631537340,EXECUTE,1626,US,BACKEND,ROOT,Accelerator (execute excluding wait) time
3631537340,EXECUTE,19686,US,BACKEND,ROOT,QNN (execute) time
3631552516,EXECUTE,8533,US,NETRUN,ROOT,Graph 0: qwen2_0_5b_layer0_decode_past64
3631552516,EXECUTE,4,COUNT,BACKEND,ROOT,Number of HVX threads used
3631552516,EXECUTE,8089,US,BACKEND,ROOT,RPC (execute) time
3631552516,EXECUTE,6975,US,BACKEND,ROOT,QNN accelerator (execute) time
3631552516,EXECUTE,0,COUNT,BACKEND,ROOT,Num times yield occured
3631552516,EXECUTE,699,US,BACKEND,ROOT,Time for initial VTCM acquire
3631552516,EXECUTE,248,US,BACKEND,ROOT,Time for HVX + HMX power on and acquire
3631552516,EXECUTE,986830,CYCLES,BACKEND,ROOT,Accelerator (execute) time (cycles)
3631552516,EXECUTE,45180,CYCLES,BACKEND,SUB-EVENT,Input OpId_2 (cycles)
3631552516,EXECUTE,1593,CYCLES,BACKEND,SUB-EVENT,hidden_states_ncf:OpId_17 (cycles)
3631552516,EXECUTE,11786,CYCLES,BACKEND,SUB-EVENT,past_value_nchw:OpId_20 (cycles)
3631552516,EXECUTE,5456,CYCLES,BACKEND,SUB-EVENT,rms_norm__Mul_1_output_0:OpId_24 (cycles)
3631552516,EXECUTE,42650,CYCLES,BACKEND,SUB-EVENT,_MatMul:OpId_29 (cycles)
3631552516,EXECUTE,0,CYCLES,BACKEND,SUB-EVENT,_MatMul_post_reshape:OpId_31 (cycles)
3631552516,EXECUTE,7246,CYCLES,BACKEND,SUB-EVENT,_MatMul_1:OpId_34 (cycles)
3631552516,EXECUTE,18359,CYCLES,BACKEND,SUB-EVENT,_MatMul_1_post_reshape:OpId_36 (cycles)
3631552516,EXECUTE,3351,CYCLES,BACKEND,SUB-EVENT,_MatMul_2:OpId_39 (cycles)
3631552516,EXECUTE,17051,CYCLES,BACKEND,SUB-EVENT,_MatMul_2_post_reshape:OpId_41 (cycles)
3631552516,EXECUTE,489,CYCLES,BACKEND,SUB-EVENT,_Transpose:OpId_43 (cycles)
3631552516,EXECUTE,3239,CYCLES,BACKEND,SUB-EVENT,_Transpose_1:OpId_45 (cycles)
3631552516,EXECUTE,2938,CYCLES,BACKEND,SUB-EVENT,_Transpose_2:OpId_47 (cycles)
3631552516,EXECUTE,32842,CYCLES,BACKEND,SUB-EVENT,_Slice:OpId_49 (cycles)
3631552516,EXECUTE,7639,CYCLES,BACKEND,SUB-EVENT,_Slice_1:OpId_55 (cycles)
3631552516,EXECUTE,1579,CYCLES,BACKEND,SUB-EVENT,_Mul_2:OpId_61 (cycles)
3631552516,EXECUTE,1443,CYCLES,BACKEND,SUB-EVENT,_Mul_3:OpId_64 (cycles)
3631552516,EXECUTE,273,CYCLES,BACKEND,SUB-EVENT,_Sub:OpId_66 (cycles)
3631552516,EXECUTE,1673,CYCLES,BACKEND,SUB-EVENT,_Mul_4:OpId_68 (cycles)
3631552516,EXECUTE,1498,CYCLES,BACKEND,SUB-EVENT,_Mul_5:OpId_70 (cycles)
3631552516,EXECUTE,2601,CYCLES,BACKEND,SUB-EVENT,_Add_4:OpId_72 (cycles)
3631552516,EXECUTE,0,CYCLES,BACKEND,SUB-EVENT,_Unsqueeze:OpId_74 (cycles)
3631552516,EXECUTE,0,CYCLES,BACKEND,SUB-EVENT,_Unsqueeze_1:OpId_75 (cycles)
3631552516,EXECUTE,939,CYCLES,BACKEND,SUB-EVENT,_Concat:OpId_76 (cycles)
3631552516,EXECUTE,474,CYCLES,BACKEND,SUB-EVENT,_Reshape_3:OpId_78 (cycles)
3631552516,EXECUTE,32832,CYCLES,BACKEND,SUB-EVENT,_Slice_3:OpId_80 (cycles)
3631552516,EXECUTE,5410,CYCLES,BACKEND,SUB-EVENT,_Slice_4:OpId_86 (cycles)
3631552516,EXECUTE,13152,CYCLES,BACKEND,SUB-EVENT,_Mul_6:OpId_91 (cycles)
3631552516,EXECUTE,9120,CYCLES,BACKEND,SUB-EVENT,_Mul_7:OpId_93 (cycles)
3631552516,EXECUTE,807,CYCLES,BACKEND,SUB-EVENT,_Sub_1:OpId_95 (cycles)
3631552516,EXECUTE,13114,CYCLES,BACKEND,SUB-EVENT,_Mul_8:OpId_97 (cycles)
3631552516,EXECUTE,9077,CYCLES,BACKEND,SUB-EVENT,_Mul_9:OpId_99 (cycles)
3631552516,EXECUTE,1213,CYCLES,BACKEND,SUB-EVENT,_Add_5:OpId_101 (cycles)
3631552516,EXECUTE,0,CYCLES,BACKEND,SUB-EVENT,_Unsqueeze_2:OpId_103 (cycles)
3631552516,EXECUTE,0,CYCLES,BACKEND,SUB-EVENT,_Unsqueeze_3:OpId_104 (cycles)
3631552516,EXECUTE,2480,CYCLES,BACKEND,SUB-EVENT,_Concat_2:OpId_105 (cycles)
3631552516,EXECUTE,0,CYCLES,BACKEND,SUB-EVENT,_Reshape_4:OpId_107 (cycles)
3631552516,EXECUTE,1113,CYCLES,BACKEND,SUB-EVENT,_Reshape_4_output_0_nhwc:OpId_109 (cycles)
3631552516,EXECUTE,1895,CYCLES,BACKEND,SUB-EVENT,_Concat_4:OpId_110 (cycles)
3631552516,EXECUTE,1666,CYCLES,BACKEND,SUB-EVENT,present_key_nchw:OpId_113 (cycles)
3631552516,EXECUTE,16105,CYCLES,BACKEND,SUB-EVENT,_Concat_5:OpId_114 (cycles)
3631552516,EXECUTE,0,CYCLES,BACKEND,SUB-EVENT,_Unsqueeze_4:OpId_116 (cycles)
3631552516,EXECUTE,2654,CYCLES,BACKEND,SUB-EVENT,_Tile:OpId_118 (cycles)
3631552516,EXECUTE,0,CYCLES,BACKEND,SUB-EVENT,_Reshape_5:OpId_119 (cycles)
3631552516,EXECUTE,0,CYCLES,BACKEND,SUB-EVENT,_Unsqueeze_5:OpId_120 (cycles)
3631552516,EXECUTE,5929,CYCLES,BACKEND,SUB-EVENT,_Tile_1:OpId_122 (cycles)
3631552516,EXECUTE,0,CYCLES,BACKEND,SUB-EVENT,_Reshape_6:OpId_123 (cycles)
3631552516,EXECUTE,0,CYCLES,BACKEND,SUB-EVENT,_Transpose_3:OpId_125 (cycles)
3631552516,EXECUTE,76742,CYCLES,BACKEND,SUB-EVENT,_MatMul_3:OpId_126 (cycles)
3631552516,EXECUTE,13481,CYCLES,BACKEND,SUB-EVENT,_Div_1:OpId_131 (cycles)
3631552516,EXECUTE,0,CYCLES,BACKEND,SUB-EVENT,_Add_6:OpId_134 (cycles)
3631552516,EXECUTE,21892,CYCLES,BACKEND,SUB-EVENT,_Softmax:OpId_136 (cycles)
3631552516,EXECUTE,52733,CYCLES,BACKEND,SUB-EVENT,_MatMul_4:OpId_139 (cycles)
3631552516,EXECUTE,0,CYCLES,BACKEND,SUB-EVENT,_Transpose_4:OpId_144 (cycles)
3631552516,EXECUTE,18218,CYCLES,BACKEND,SUB-EVENT,_MatMul_5:OpId_146 (cycles)
3631552516,EXECUTE,0,CYCLES,BACKEND,SUB-EVENT,_MatMul_5_post_reshape:OpId_149 (cycles)
3631552516,EXECUTE,0,CYCLES,BACKEND,SUB-EVENT,_MatMul_5_output_0_nfc:OpId_151 (cycles)
3631552516,EXECUTE,48761,CYCLES,BACKEND,SUB-EVENT,_Add_7:OpId_153 (cycles)
3631552516,EXECUTE,285,CYCLES,BACKEND,SUB-EVENT,_Add_7_output_0_ncf:OpId_156 (cycles)
3631552516,EXECUTE,3151,CYCLES,BACKEND,SUB-EVENT,rms_norm__Mul_11_output_0:OpId_161 (cycles)
3631552516,EXECUTE,0,CYCLES,BACKEND,SUB-EVENT,_MatMul_6:OpId_165 (cycles)
3631552516,EXECUTE,0,CYCLES,BACKEND,SUB-EVENT,_MatMul_6_post_reshape:OpId_168 (cycles)
3631552516,EXECUTE,91445,CYCLES,BACKEND,SUB-EVENT,_MatMul_7:OpId_170 (cycles)
3631552516,EXECUTE,0,CYCLES,BACKEND,SUB-EVENT,_MatMul_7_post_reshape:OpId_173 (cycles)
3631552516,EXECUTE,0,CYCLES,BACKEND,SUB-EVENT,_Sigmoid:OpId_174 (cycles)
3631552516,EXECUTE,103095,CYCLES,BACKEND,SUB-EVENT,_Mul_12:OpId_181 (cycles)
3631552516,EXECUTE,20819,CYCLES,BACKEND,SUB-EVENT,_Mul_13:OpId_183 (cycles)
3631552516,EXECUTE,156012,CYCLES,BACKEND,SUB-EVENT,_MatMul_8:OpId_186 (cycles)
3631552516,EXECUTE,0,CYCLES,BACKEND,SUB-EVENT,_MatMul_8_post_reshape:OpId_189 (cycles)
3631552516,EXECUTE,0,CYCLES,BACKEND,SUB-EVENT,_MatMul_8_output_0_nfc:OpId_191 (cycles)
3631552516,EXECUTE,14286,CYCLES,BACKEND,SUB-EVENT,_Add_9:OpId_193 (cycles)
3631552516,EXECUTE,39044,CYCLES,BACKEND,SUB-EVENT,Output OpId_3 (cycles)
3631552516,EXECUTE,1759,US,BACKEND,ROOT,Accelerator (execute) time
3631552516,EXECUTE,1605,US,BACKEND,ROOT,Accelerator (execute excluding wait) time
3631552516,EXECUTE,8502,US,BACKEND,ROOT,QNN (execute) time
3631568196,EXECUTE,8445,US,NETRUN,ROOT,Graph 0: qwen2_0_5b_layer0_decode_past64
3631568196,EXECUTE,4,COUNT,BACKEND,ROOT,Number of HVX threads used
3631568196,EXECUTE,7636,US,BACKEND,ROOT,RPC (execute) time
3631568196,EXECUTE,6461,US,BACKEND,ROOT,QNN accelerator (execute) time
3631568196,EXECUTE,0,COUNT,BACKEND,ROOT,Num times yield occured
3631568196,EXECUTE,567,US,BACKEND,ROOT,Time for initial VTCM acquire
3631568196,EXECUTE,211,US,BACKEND,ROOT,Time for HVX + HMX power on and acquire
3631568196,EXECUTE,906802,CYCLES,BACKEND,ROOT,Accelerator (execute) time (cycles)
3631568196,EXECUTE,32490,CYCLES,BACKEND,SUB-EVENT,Input OpId_2 (cycles)
3631568196,EXECUTE,1568,CYCLES,BACKEND,SUB-EVENT,hidden_states_ncf:OpId_17 (cycles)
3631568196,EXECUTE,19251,CYCLES,BACKEND,SUB-EVENT,past_value_nchw:OpId_20 (cycles)
3631568196,EXECUTE,4754,CYCLES,BACKEND,SUB-EVENT,rms_norm__Mul_1_output_0:OpId_24 (cycles)
3631568196,EXECUTE,26701,CYCLES,BACKEND,SUB-EVENT,_MatMul:OpId_29 (cycles)
3631568196,EXECUTE,0,CYCLES,BACKEND,SUB-EVENT,_MatMul_post_reshape:OpId_31 (cycles)
3631568196,EXECUTE,5255,CYCLES,BACKEND,SUB-EVENT,_MatMul_1:OpId_34 (cycles)
3631568196,EXECUTE,13633,CYCLES,BACKEND,SUB-EVENT,_MatMul_1_post_reshape:OpId_36 (cycles)
3631568196,EXECUTE,3296,CYCLES,BACKEND,SUB-EVENT,_MatMul_2:OpId_39 (cycles)
3631568196,EXECUTE,12343,CYCLES,BACKEND,SUB-EVENT,_MatMul_2_post_reshape:OpId_41 (cycles)
3631568196,EXECUTE,454,CYCLES,BACKEND,SUB-EVENT,_Transpose:OpId_43 (cycles)
3631568196,EXECUTE,2870,CYCLES,BACKEND,SUB-EVENT,_Transpose_1:OpId_45 (cycles)
3631568196,EXECUTE,2633,CYCLES,BACKEND,SUB-EVENT,_Transpose_2:OpId_47 (cycles)
3631568196,EXECUTE,29569,CYCLES,BACKEND,SUB-EVENT,_Slice:OpId_49 (cycles)
3631568196,EXECUTE,6933,CYCLES,BACKEND,SUB-EVENT,_Slice_1:OpId_55 (cycles)
3631568196,EXECUTE,2652,CYCLES,BACKEND,SUB-EVENT,_Mul_2:OpId_61 (cycles)
3631568196,EXECUTE,1345,CYCLES,BACKEND,SUB-EVENT,_Mul_3:OpId_64 (cycles)
3631568196,EXECUTE,262,CYCLES,BACKEND,SUB-EVENT,_Sub:OpId_66 (cycles)
3631568196,EXECUTE,2831,CYCLES,BACKEND,SUB-EVENT,_Mul_4:OpId_68 (cycles)
3631568196,EXECUTE,2688,CYCLES,BACKEND,SUB-EVENT,_Mul_5:OpId_70 (cycles)
3631568196,EXECUTE,4330,CYCLES,BACKEND,SUB-EVENT,_Add_4:OpId_72 (cycles)
3631568196,EXECUTE,0,CYCLES,BACKEND,SUB-EVENT,_Unsqueeze:OpId_74 (cycles)
3631568196,EXECUTE,0,CYCLES,BACKEND,SUB-EVENT,_Unsqueeze_1:OpId_75 (cycles)
3631568196,EXECUTE,940,CYCLES,BACKEND,SUB-EVENT,_Concat:OpId_76 (cycles)
3631568196,EXECUTE,524,CYCLES,BACKEND,SUB-EVENT,_Reshape_3:OpId_78 (cycles)
3631568196,EXECUTE,42413,CYCLES,BACKEND,SUB-EVENT,_Slice_3:OpId_80 (cycles)
3631568196,EXECUTE,6278,CYCLES,BACKEND,SUB-EVENT,_Slice_4:OpId_86 (cycles)
3631568196,EXECUTE,12015,CYCLES,BACKEND,SUB-EVENT,_Mul_6:OpId_91 (cycles)
3631568196,EXECUTE,8730,CYCLES,BACKEND,SUB-EVENT,_Mul_7:OpId_93 (cycles)
3631568196,EXECUTE,1772,CYCLES,BACKEND,SUB-EVENT,_Sub_1:OpId_95 (cycles)
3631568196,EXECUTE,11922,CYCLES,BACKEND,SUB-EVENT,_Mul_8:OpId_97 (cycles)
3631568196,EXECUTE,8633,CYCLES,BACKEND,SUB-EVENT,_Mul_9:OpId_99 (cycles)
3631568196,EXECUTE,1628,CYCLES,BACKEND,SUB-EVENT,_Add_5:OpId_101 (cycles)
3631568196,EXECUTE,0,CYCLES,BACKEND,SUB-EVENT,_Unsqueeze_2:OpId_103 (cycles)
3631568196,EXECUTE,0,CYCLES,BACKEND,SUB-EVENT,_Unsqueeze_3:OpId_104 (cycles)
3631568196,EXECUTE,5055,CYCLES,BACKEND,SUB-EVENT,_Concat_2:OpId_105 (cycles)
3631568196,EXECUTE,0,CYCLES,BACKEND,SUB-EVENT,_Reshape_4:OpId_107 (cycles)
3631568196,EXECUTE,352,CYCLES,BACKEND,SUB-EVENT,_Reshape_4_output_0_nhwc:OpId_109 (cycles)
3631568196,EXECUTE,1776,CYCLES,BACKEND,SUB-EVENT,_Concat_4:OpId_110 (cycles)
3631568196,EXECUTE,1591,CYCLES,BACKEND,SUB-EVENT,present_key_nchw:OpId_113 (cycles)
3631568196,EXECUTE,13195,CYCLES,BACKEND,SUB-EVENT,_Concat_5:OpId_114 (cycles)
3631568196,EXECUTE,0,CYCLES,BACKEND,SUB-EVENT,_Unsqueeze_4:OpId_116 (cycles)
3631568196,EXECUTE,2624,CYCLES,BACKEND,SUB-EVENT,_Tile:OpId_118 (cycles)
3631568196,EXECUTE,0,CYCLES,BACKEND,SUB-EVENT,_Reshape_5:OpId_119 (cycles)
3631568196,EXECUTE,0,CYCLES,BACKEND,SUB-EVENT,_Unsqueeze_5:OpId_120 (cycles)
3631568196,EXECUTE,4648,CYCLES,BACKEND,SUB-EVENT,_Tile_1:OpId_122 (cycles)
3631568196,EXECUTE,0,CYCLES,BACKEND,SUB-EVENT,_Reshape_6:OpId_123 (cycles)
3631568196,EXECUTE,0,CYCLES,BACKEND,SUB-EVENT,_Transpose_3:OpId_125 (cycles)
3631568196,EXECUTE,72768,CYCLES,BACKEND,SUB-EVENT,_MatMul_3:OpId_126 (cycles)
3631568196,EXECUTE,12958,CYCLES,BACKEND,SUB-EVENT,_Div_1:OpId_131 (cycles)
3631568196,EXECUTE,0,CYCLES,BACKEND,SUB-EVENT,_Add_6:OpId_134 (cycles)
3631568196,EXECUTE,17895,CYCLES,BACKEND,SUB-EVENT,_Softmax:OpId_136 (cycles)
3631568196,EXECUTE,44759,CYCLES,BACKEND,SUB-EVENT,_MatMul_4:OpId_139 (cycles)
3631568196,EXECUTE,0,CYCLES,BACKEND,SUB-EVENT,_Transpose_4:OpId_144 (cycles)
3631568196,EXECUTE,14964,CYCLES,BACKEND,SUB-EVENT,_MatMul_5:OpId_146 (cycles)
3631568196,EXECUTE,0,CYCLES,BACKEND,SUB-EVENT,_MatMul_5_post_reshape:OpId_149 (cycles)
3631568196,EXECUTE,0,CYCLES,BACKEND,SUB-EVENT,_MatMul_5_output_0_nfc:OpId_151 (cycles)
3631568196,EXECUTE,44313,CYCLES,BACKEND,SUB-EVENT,_Add_7:OpId_153 (cycles)
3631568196,EXECUTE,290,CYCLES,BACKEND,SUB-EVENT,_Add_7_output_0_ncf:OpId_156 (cycles)
3631568196,EXECUTE,3006,CYCLES,BACKEND,SUB-EVENT,rms_norm__Mul_11_output_0:OpId_161 (cycles)
3631568196,EXECUTE,0,CYCLES,BACKEND,SUB-EVENT,_MatMul_6:OpId_165 (cycles)
3631568196,EXECUTE,0,CYCLES,BACKEND,SUB-EVENT,_MatMul_6_post_reshape:OpId_168 (cycles)
3631568196,EXECUTE,92510,CYCLES,BACKEND,SUB-EVENT,_MatMul_7:OpId_170 (cycles)
3631568196,EXECUTE,0,CYCLES,BACKEND,SUB-EVENT,_MatMul_7_post_reshape:OpId_173 (cycles)
3631568196,EXECUTE,0,CYCLES,BACKEND,SUB-EVENT,_Sigmoid:OpId_174 (cycles)
3631568196,EXECUTE,94759,CYCLES,BACKEND,SUB-EVENT,_Mul_12:OpId_181 (cycles)
3631568196,EXECUTE,20223,CYCLES,BACKEND,SUB-EVENT,_Mul_13:OpId_183 (cycles)
3631568196,EXECUTE,156049,CYCLES,BACKEND,SUB-EVENT,_MatMul_8:OpId_186 (cycles)
3631568196,EXECUTE,0,CYCLES,BACKEND,SUB-EVENT,_MatMul_8_post_reshape:OpId_189 (cycles)
3631568196,EXECUTE,0,CYCLES,BACKEND,SUB-EVENT,_MatMul_8_output_0_nfc:OpId_191 (cycles)
3631568196,EXECUTE,14405,CYCLES,BACKEND,SUB-EVENT,_Add_9:OpId_193 (cycles)
3631568196,EXECUTE,17949,CYCLES,BACKEND,SUB-EVENT,Output OpId_3 (cycles)
3631568196,EXECUTE,1641,US,BACKEND,ROOT,Accelerator (execute) time
3631568196,EXECUTE,1522,US,BACKEND,ROOT,Accelerator (execute excluding wait) time
3631568196,EXECUTE,8409,US,BACKEND,ROOT,QNN (execute) time
3631593356,EXECUTE,12297,US,NETRUN,ROOT,Graph 0: qwen2_0_5b_layer0_decode_past64
3631593356,EXECUTE,4,COUNT,BACKEND,ROOT,Number of HVX threads used
3631593356,EXECUTE,10217,US,BACKEND,ROOT,RPC (execute) time
3631593356,EXECUTE,9089,US,BACKEND,ROOT,QNN accelerator (execute) time
3631593356,EXECUTE,0,COUNT,BACKEND,ROOT,Num times yield occured
3631593356,EXECUTE,609,US,BACKEND,ROOT,Time for initial VTCM acquire
3631593356,EXECUTE,203,US,BACKEND,ROOT,Time for HVX + HMX power on and acquire
3631593356,EXECUTE,2156800,CYCLES,BACKEND,ROOT,Accelerator (execute) time (cycles)
3631593356,EXECUTE,76140,CYCLES,BACKEND,SUB-EVENT,Input OpId_2 (cycles)
3631593356,EXECUTE,1658,CYCLES,BACKEND,SUB-EVENT,hidden_states_ncf:OpId_17 (cycles)
3631593356,EXECUTE,32677,CYCLES,BACKEND,SUB-EVENT,past_value_nchw:OpId_20 (cycles)
3631593356,EXECUTE,5900,CYCLES,BACKEND,SUB-EVENT,rms_norm__Mul_1_output_0:OpId_24 (cycles)
3631593356,EXECUTE,64202,CYCLES,BACKEND,SUB-EVENT,_MatMul:OpId_29 (cycles)
3631593356,EXECUTE,0,CYCLES,BACKEND,SUB-EVENT,_MatMul_post_reshape:OpId_31 (cycles)
3631593356,EXECUTE,15199,CYCLES,BACKEND,SUB-EVENT,_MatMul_1:OpId_34 (cycles)
3631593356,EXECUTE,35772,CYCLES,BACKEND,SUB-EVENT,_MatMul_1_post_reshape:OpId_36 (cycles)
3631593356,EXECUTE,8925,CYCLES,BACKEND,SUB-EVENT,_MatMul_2:OpId_39 (cycles)
3631593356,EXECUTE,34515,CYCLES,BACKEND,SUB-EVENT,_MatMul_2_post_reshape:OpId_41 (cycles)
3631593356,EXECUTE,460,CYCLES,BACKEND,SUB-EVENT,_Transpose:OpId_43 (cycles)
3631593356,EXECUTE,14920,CYCLES,BACKEND,SUB-EVENT,_Transpose_1:OpId_45 (cycles)
3631593356,EXECUTE,14622,CYCLES,BACKEND,SUB-EVENT,_Transpose_2:OpId_47 (cycles)
3631593356,EXECUTE,62982,CYCLES,BACKEND,SUB-EVENT,_Slice:OpId_49 (cycles)
3631593356,EXECUTE,13873,CYCLES,BACKEND,SUB-EVENT,_Slice_1:OpId_55 (cycles)
3631593356,EXECUTE,3399,CYCLES,BACKEND,SUB-EVENT,_Mul_2:OpId_61 (cycles)
3631593356,EXECUTE,1194,CYCLES,BACKEND,SUB-EVENT,_Mul_3:OpId_64 (cycles)
3631593356,EXECUTE,279,CYCLES,BACKEND,SUB-EVENT,_Sub:OpId_66 (cycles)
3631593356,EXECUTE,3201,CYCLES,BACKEND,SUB-EVENT,_Mul_4:OpId_68 (cycles)
3631593356,EXECUTE,3337,CYCLES,BACKEND,SUB-EVENT,_Mul_5:OpId_70 (cycles)
3631593356,EXECUTE,3169,CYCLES,BACKEND,SUB-EVENT,_Add_4:OpId_72 (cycles)
3631593356,EXECUTE,0,CYCLES,BACKEND,SUB-EVENT,_Unsqueeze:OpId_74 (cycles)
3631593356,EXECUTE,0,CYCLES,BACKEND,SUB-EVENT,_Unsqueeze_1:OpId_75 (cycles)
3631593356,EXECUTE,911,CYCLES,BACKEND,SUB-EVENT,_Concat:OpId_76 (cycles)
3631593356,EXECUTE,509,CYCLES,BACKEND,SUB-EVENT,_Reshape_3:OpId_78 (cycles)
3631593356,EXECUTE,99790,CYCLES,BACKEND,SUB-EVENT,_Slice_3:OpId_80 (cycles)
3631593356,EXECUTE,16869,CYCLES,BACKEND,SUB-EVENT,_Slice_4:OpId_86 (cycles)
3631593356,EXECUTE,37078,CYCLES,BACKEND,SUB-EVENT,_Mul_6:OpId_91 (cycles)
3631593356,EXECUTE,26886,CYCLES,BACKEND,SUB-EVENT,_Mul_7:OpId_93 (cycles)
3631593356,EXECUTE,5104,CYCLES,BACKEND,SUB-EVENT,_Sub_1:OpId_95 (cycles)
3631593356,EXECUTE,36991,CYCLES,BACKEND,SUB-EVENT,_Mul_8:OpId_97 (cycles)
3631593356,EXECUTE,26852,CYCLES,BACKEND,SUB-EVENT,_Mul_9:OpId_99 (cycles)
3631593356,EXECUTE,4740,CYCLES,BACKEND,SUB-EVENT,_Add_5:OpId_101 (cycles)
3631593356,EXECUTE,0,CYCLES,BACKEND,SUB-EVENT,_Unsqueeze_2:OpId_103 (cycles)
3631593356,EXECUTE,0,CYCLES,BACKEND,SUB-EVENT,_Unsqueeze_3:OpId_104 (cycles)
3631593356,EXECUTE,5560,CYCLES,BACKEND,SUB-EVENT,_Concat_2:OpId_105 (cycles)
3631593356,EXECUTE,0,CYCLES,BACKEND,SUB-EVENT,_Reshape_4:OpId_107 (cycles)
3631593356,EXECUTE,1811,CYCLES,BACKEND,SUB-EVENT,_Reshape_4_output_0_nhwc:OpId_109 (cycles)
3631593356,EXECUTE,1935,CYCLES,BACKEND,SUB-EVENT,_Concat_4:OpId_110 (cycles)
3631593356,EXECUTE,2901,CYCLES,BACKEND,SUB-EVENT,present_key_nchw:OpId_113 (cycles)
3631593356,EXECUTE,21984,CYCLES,BACKEND,SUB-EVENT,_Concat_5:OpId_114 (cycles)
3631593356,EXECUTE,0,CYCLES,BACKEND,SUB-EVENT,_Unsqueeze_4:OpId_116 (cycles)
3631593356,EXECUTE,3712,CYCLES,BACKEND,SUB-EVENT,_Tile:OpId_118 (cycles)
3631593356,EXECUTE,0,CYCLES,BACKEND,SUB-EVENT,_Reshape_5:OpId_119 (cycles)
3631593356,EXECUTE,0,CYCLES,BACKEND,SUB-EVENT,_Unsqueeze_5:OpId_120 (cycles)
3631593356,EXECUTE,14173,CYCLES,BACKEND,SUB-EVENT,_Tile_1:OpId_122 (cycles)
3631593356,EXECUTE,0,CYCLES,BACKEND,SUB-EVENT,_Reshape_6:OpId_123 (cycles)
3631593356,EXECUTE,0,CYCLES,BACKEND,SUB-EVENT,_Transpose_3:OpId_125 (cycles)
3631593356,EXECUTE,83629,CYCLES,BACKEND,SUB-EVENT,_MatMul_3:OpId_126 (cycles)
3631593356,EXECUTE,23613,CYCLES,BACKEND,SUB-EVENT,_Div_1:OpId_131 (cycles)
3631593356,EXECUTE,0,CYCLES,BACKEND,SUB-EVENT,_Add_6:OpId_134 (cycles)
3631593356,EXECUTE,60410,CYCLES,BACKEND,SUB-EVENT,_Softmax:OpId_136 (cycles)
3631593356,EXECUTE,65621,CYCLES,BACKEND,SUB-EVENT,_MatMul_4:OpId_139 (cycles)
3631593356,EXECUTE,0,CYCLES,BACKEND,SUB-EVENT,_Transpose_4:OpId_144 (cycles)
3631593356,EXECUTE,17564,CYCLES,BACKEND,SUB-EVENT,_MatMul_5:OpId_146 (cycles)
3631593356,EXECUTE,0,CYCLES,BACKEND,SUB-EVENT,_MatMul_5_post_reshape:OpId_149 (cycles)
3631593356,EXECUTE,0,CYCLES,BACKEND,SUB-EVENT,_MatMul_5_output_0_nfc:OpId_151 (cycles)
3631593356,EXECUTE,95207,CYCLES,BACKEND,SUB-EVENT,_Add_7:OpId_153 (cycles)
3631593356,EXECUTE,255,CYCLES,BACKEND,SUB-EVENT,_Add_7_output_0_ncf:OpId_156 (cycles)
3631593356,EXECUTE,9733,CYCLES,BACKEND,SUB-EVENT,rms_norm__Mul_11_output_0:OpId_161 (cycles)
3631593356,EXECUTE,0,CYCLES,BACKEND,SUB-EVENT,_MatMul_6:OpId_165 (cycles)
3631593356,EXECUTE,0,CYCLES,BACKEND,SUB-EVENT,_MatMul_6_post_reshape:OpId_168 (cycles)
3631593356,EXECUTE,290730,CYCLES,BACKEND,SUB-EVENT,_MatMul_7:OpId_170 (cycles)
3631593356,EXECUTE,0,CYCLES,BACKEND,SUB-EVENT,_MatMul_7_post_reshape:OpId_173 (cycles)
3631593356,EXECUTE,0,CYCLES,BACKEND,SUB-EVENT,_Sigmoid:OpId_174 (cycles)
3631593356,EXECUTE,260023,CYCLES,BACKEND,SUB-EVENT,_Mul_12:OpId_181 (cycles)
3631593356,EXECUTE,30184,CYCLES,BACKEND,SUB-EVENT,_Mul_13:OpId_183 (cycles)
3631593356,EXECUTE,407570,CYCLES,BACKEND,SUB-EVENT,_MatMul_8:OpId_186 (cycles)
3631593356,EXECUTE,0,CYCLES,BACKEND,SUB-EVENT,_MatMul_8_post_reshape:OpId_189 (cycles)
3631593356,EXECUTE,0,CYCLES,BACKEND,SUB-EVENT,_MatMul_8_output_0_nfc:OpId_191 (cycles)
3631593356,EXECUTE,21607,CYCLES,BACKEND,SUB-EVENT,_Add_9:OpId_193 (cycles)
3631593356,EXECUTE,86424,CYCLES,BACKEND,SUB-EVENT,Output OpId_3 (cycles)
3631593356,EXECUTE,3830,US,BACKEND,ROOT,Accelerator (execute) time
3631593356,EXECUTE,3703,US,BACKEND,ROOT,Accelerator (execute excluding wait) time
3631593356,EXECUTE,12202,US,BACKEND,ROOT,QNN (execute) time
3631618509,EXECUTE,11072,US,NETRUN,ROOT,Graph 0: qwen2_0_5b_layer0_decode_past64
3631618509,EXECUTE,4,COUNT,BACKEND,ROOT,Number of HVX threads used
3631618509,EXECUTE,10137,US,BACKEND,ROOT,RPC (execute) time
3631618509,EXECUTE,9078,US,BACKEND,ROOT,QNN accelerator (execute) time
3631618509,EXECUTE,0,COUNT,BACKEND,ROOT,Num times yield occured
3631618509,EXECUTE,620,US,BACKEND,ROOT,Time for initial VTCM acquire
3631618509,EXECUTE,271,US,BACKEND,ROOT,Time for HVX + HMX power on and acquire
3631618509,EXECUTE,2141509,CYCLES,BACKEND,ROOT,Accelerator (execute) time (cycles)
3631618509,EXECUTE,71619,CYCLES,BACKEND,SUB-EVENT,Input OpId_2 (cycles)
3631618509,EXECUTE,1613,CYCLES,BACKEND,SUB-EVENT,hidden_states_ncf:OpId_17 (cycles)
3631618509,EXECUTE,46264,CYCLES,BACKEND,SUB-EVENT,past_value_nchw:OpId_20 (cycles)
3631618509,EXECUTE,5500,CYCLES,BACKEND,SUB-EVENT,rms_norm__Mul_1_output_0:OpId_24 (cycles)
3631618509,EXECUTE,54904,CYCLES,BACKEND,SUB-EVENT,_MatMul:OpId_29 (cycles)
3631618509,EXECUTE,0,CYCLES,BACKEND,SUB-EVENT,_MatMul_post_reshape:OpId_31 (cycles)
3631618509,EXECUTE,11617,CYCLES,BACKEND,SUB-EVENT,_MatMul_1:OpId_34 (cycles)
3631618509,EXECUTE,40861,CYCLES,BACKEND,SUB-EVENT,_MatMul_1_post_reshape:OpId_36 (cycles)
3631618509,EXECUTE,7459,CYCLES,BACKEND,SUB-EVENT,_MatMul_2:OpId_39 (cycles)
3631618509,EXECUTE,39566,CYCLES,BACKEND,SUB-EVENT,_MatMul_2_post_reshape:OpId_41 (cycles)
3631618509,EXECUTE,538,CYCLES,BACKEND,SUB-EVENT,_Transpose:OpId_43 (cycles)
3631618509,EXECUTE,13880,CYCLES,BACKEND,SUB-EVENT,_Transpose_1:OpId_45 (cycles)
3631618509,EXECUTE,13570,CYCLES,BACKEND,SUB-EVENT,_Transpose_2:OpId_47 (cycles)
3631618509,EXECUTE,76196,CYCLES,BACKEND,SUB-EVENT,_Slice:OpId_49 (cycles)
3631618509,EXECUTE,16248,CYCLES,BACKEND,SUB-EVENT,_Slice_1:OpId_55 (cycles)
3631618509,EXECUTE,5850,CYCLES,BACKEND,SUB-EVENT,_Mul_2:OpId_61 (cycles)
3631618509,EXECUTE,1192,CYCLES,BACKEND,SUB-EVENT,_Mul_3:OpId_64 (cycles)
3631618509,EXECUTE,252,CYCLES,BACKEND,SUB-EVENT,_Sub:OpId_66 (cycles)
3631618509,EXECUTE,4387,CYCLES,BACKEND,SUB-EVENT,_Mul_4:OpId_68 (cycles)
3631618509,EXECUTE,5814,CYCLES,BACKEND,SUB-EVENT,_Mul_5:OpId_70 (cycles)
3631618509,EXECUTE,7904,CYCLES,BACKEND,SUB-EVENT,_Add_4:OpId_72 (cycles)
3631618509,EXECUTE,0,CYCLES,BACKEND,SUB-EVENT,_Unsqueeze:OpId_74 (cycles)
3631618509,EXECUTE,0,CYCLES,BACKEND,SUB-EVENT,_Unsqueeze_1:OpId_75 (cycles)
3631618509,EXECUTE,939,CYCLES,BACKEND,SUB-EVENT,_Concat:OpId_76 (cycles)
3631618509,EXECUTE,498,CYCLES,BACKEND,SUB-EVENT,_Reshape_3:OpId_78 (cycles)
3631618509,EXECUTE,116049,CYCLES,BACKEND,SUB-EVENT,_Slice_3:OpId_80 (cycles)
3631618509,EXECUTE,11897,CYCLES,BACKEND,SUB-EVENT,_Slice_4:OpId_86 (cycles)
3631618509,EXECUTE,37777,CYCLES,BACKEND,SUB-EVENT,_Mul_6:OpId_91 (cycles)
3631618509,EXECUTE,29251,CYCLES,BACKEND,SUB-EVENT,_Mul_7:OpId_93 (cycles)
3631618509,EXECUTE,5180,CYCLES,BACKEND,SUB-EVENT,_Sub_1:OpId_95 (cycles)
3631618509,EXECUTE,37736,CYCLES,BACKEND,SUB-EVENT,_Mul_8:OpId_97 (cycles)
3631618509,EXECUTE,29194,CYCLES,BACKEND,SUB-EVENT,_Mul_9:OpId_99 (cycles)
3631618509,EXECUTE,7077,CYCLES,BACKEND,SUB-EVENT,_Add_5:OpId_101 (cycles)
3631618509,EXECUTE,0,CYCLES,BACKEND,SUB-EVENT,_Unsqueeze_2:OpId_103 (cycles)
3631618509,EXECUTE,0,CYCLES,BACKEND,SUB-EVENT,_Unsqueeze_3:OpId_104 (cycles)
3631618509,EXECUTE,12621,CYCLES,BACKEND,SUB-EVENT,_Concat_2:OpId_105 (cycles)
3631618509,EXECUTE,0,CYCLES,BACKEND,SUB-EVENT,_Reshape_4:OpId_107 (cycles)
3631618509,EXECUTE,387,CYCLES,BACKEND,SUB-EVENT,_Reshape_4_output_0_nhwc:OpId_109 (cycles)
3631618509,EXECUTE,1896,CYCLES,BACKEND,SUB-EVENT,_Concat_4:OpId_110 (cycles)
3631618509,EXECUTE,3872,CYCLES,BACKEND,SUB-EVENT,present_key_nchw:OpId_113 (cycles)
3631618509,EXECUTE,25650,CYCLES,BACKEND,SUB-EVENT,_Concat_5:OpId_114 (cycles)
3631618509,EXECUTE,0,CYCLES,BACKEND,SUB-EVENT,_Unsqueeze_4:OpId_116 (cycles)
3631618509,EXECUTE,3612,CYCLES,BACKEND,SUB-EVENT,_Tile:OpId_118 (cycles)
3631618509,EXECUTE,0,CYCLES,BACKEND,SUB-EVENT,_Reshape_5:OpId_119 (cycles)
3631618509,EXECUTE,0,CYCLES,BACKEND,SUB-EVENT,_Unsqueeze_5:OpId_120 (cycles)
3631618509,EXECUTE,11616,CYCLES,BACKEND,SUB-EVENT,_Tile_1:OpId_122 (cycles)
3631618509,EXECUTE,0,CYCLES,BACKEND,SUB-EVENT,_Reshape_6:OpId_123 (cycles)
3631618509,EXECUTE,0,CYCLES,BACKEND,SUB-EVENT,_Transpose_3:OpId_125 (cycles)
3631618509,EXECUTE,98323,CYCLES,BACKEND,SUB-EVENT,_MatMul_3:OpId_126 (cycles)
3631618509,EXECUTE,21392,CYCLES,BACKEND,SUB-EVENT,_Div_1:OpId_131 (cycles)
3631618509,EXECUTE,0,CYCLES,BACKEND,SUB-EVENT,_Add_6:OpId_134 (cycles)
3631618509,EXECUTE,41279,CYCLES,BACKEND,SUB-EVENT,_Softmax:OpId_136 (cycles)
3631618509,EXECUTE,75749,CYCLES,BACKEND,SUB-EVENT,_MatMul_4:OpId_139 (cycles)
3631618509,EXECUTE,0,CYCLES,BACKEND,SUB-EVENT,_Transpose_4:OpId_144 (cycles)
3631618509,EXECUTE,19555,CYCLES,BACKEND,SUB-EVENT,_MatMul_5:OpId_146 (cycles)
3631618509,EXECUTE,0,CYCLES,BACKEND,SUB-EVENT,_MatMul_5_post_reshape:OpId_149 (cycles)
3631618509,EXECUTE,0,CYCLES,BACKEND,SUB-EVENT,_MatMul_5_output_0_nfc:OpId_151 (cycles)
3631618509,EXECUTE,65470,CYCLES,BACKEND,SUB-EVENT,_Add_7:OpId_153 (cycles)
3631618509,EXECUTE,240,CYCLES,BACKEND,SUB-EVENT,_Add_7_output_0_ncf:OpId_156 (cycles)
3631618509,EXECUTE,4779,CYCLES,BACKEND,SUB-EVENT,rms_norm__Mul_11_output_0:OpId_161 (cycles)
3631618509,EXECUTE,0,CYCLES,BACKEND,SUB-EVENT,_MatMul_6:OpId_165 (cycles)
3631618509,EXECUTE,0,CYCLES,BACKEND,SUB-EVENT,_MatMul_6_post_reshape:OpId_168 (cycles)
3631618509,EXECUTE,303540,CYCLES,BACKEND,SUB-EVENT,_MatMul_7:OpId_170 (cycles)
3631618509,EXECUTE,0,CYCLES,BACKEND,SUB-EVENT,_MatMul_7_post_reshape:OpId_173 (cycles)
3631618509,EXECUTE,0,CYCLES,BACKEND,SUB-EVENT,_Sigmoid:OpId_174 (cycles)
3631618509,EXECUTE,259755,CYCLES,BACKEND,SUB-EVENT,_Mul_12:OpId_181 (cycles)
3631618509,EXECUTE,39201,CYCLES,BACKEND,SUB-EVENT,_Mul_13:OpId_183 (cycles)
3631618509,EXECUTE,402332,CYCLES,BACKEND,SUB-EVENT,_MatMul_8:OpId_186 (cycles)
3631618509,EXECUTE,0,CYCLES,BACKEND,SUB-EVENT,_MatMul_8_post_reshape:OpId_189 (cycles)
3631618509,EXECUTE,0,CYCLES,BACKEND,SUB-EVENT,_MatMul_8_output_0_nfc:OpId_191 (cycles)
3631618509,EXECUTE,15405,CYCLES,BACKEND,SUB-EVENT,_Add_9:OpId_193 (cycles)
3631618509,EXECUTE,34003,CYCLES,BACKEND,SUB-EVENT,Output OpId_3 (cycles)
3631618509,EXECUTE,3832,US,BACKEND,ROOT,Accelerator (execute) time
3631618509,EXECUTE,3688,US,BACKEND,ROOT,Accelerator (execute excluding wait) time
3631618509,EXECUTE,11036,US,BACKEND,ROOT,QNN (execute) time
3631642882,EXECUTE,11047,US,NETRUN,ROOT,Graph 0: qwen2_0_5b_layer0_decode_past64
3631642882,EXECUTE,4,COUNT,BACKEND,ROOT,Number of HVX threads used
3631642882,EXECUTE,10139,US,BACKEND,ROOT,RPC (execute) time
3631642882,EXECUTE,9103,US,BACKEND,ROOT,QNN accelerator (execute) time
3631642882,EXECUTE,0,COUNT,BACKEND,ROOT,Num times yield occured
3631642882,EXECUTE,632,US,BACKEND,ROOT,Time for initial VTCM acquire
3631642882,EXECUTE,218,US,BACKEND,ROOT,Time for HVX + HMX power on and acquire
3631642882,EXECUTE,2050645,CYCLES,BACKEND,ROOT,Accelerator (execute) time (cycles)
3631642882,EXECUTE,73783,CYCLES,BACKEND,SUB-EVENT,Input OpId_2 (cycles)
3631642882,EXECUTE,1437,CYCLES,BACKEND,SUB-EVENT,hidden_states_ncf:OpId_17 (cycles)
3631642882,EXECUTE,42786,CYCLES,BACKEND,SUB-EVENT,past_value_nchw:OpId_20 (cycles)
3631642882,EXECUTE,5473,CYCLES,BACKEND,SUB-EVENT,rms_norm__Mul_1_output_0:OpId_24 (cycles)
3631642882,EXECUTE,57306,CYCLES,BACKEND,SUB-EVENT,_MatMul:OpId_29 (cycles)
3631642882,EXECUTE,0,CYCLES,BACKEND,SUB-EVENT,_MatMul_post_reshape:OpId_31 (cycles)
3631642882,EXECUTE,22210,CYCLES,BACKEND,SUB-EVENT,_MatMul_1:OpId_34 (cycles)
3631642882,EXECUTE,29791,CYCLES,BACKEND,SUB-EVENT,_MatMul_1_post_reshape:OpId_36 (cycles)
3631642882,EXECUTE,11354,CYCLES,BACKEND,SUB-EVENT,_MatMul_2:OpId_39 (cycles)
3631642882,EXECUTE,28529,CYCLES,BACKEND,SUB-EVENT,_MatMul_2_post_reshape:OpId_41 (cycles)
3631642882,EXECUTE,508,CYCLES,BACKEND,SUB-EVENT,_Transpose:OpId_43 (cycles)
3631642882,EXECUTE,17211,CYCLES,BACKEND,SUB-EVENT,_Transpose_1:OpId_45 (cycles)
3631642882,EXECUTE,16927,CYCLES,BACKEND,SUB-EVENT,_Transpose_2:OpId_47 (cycles)
3631642882,EXECUTE,60446,CYCLES,BACKEND,SUB-EVENT,_Slice:OpId_49 (cycles)
3631642882,EXECUTE,11396,CYCLES,BACKEND,SUB-EVENT,_Slice_1:OpId_55 (cycles)
3631642882,EXECUTE,3127,CYCLES,BACKEND,SUB-EVENT,_Mul_2:OpId_61 (cycles)
3631642882,EXECUTE,1172,CYCLES,BACKEND,SUB-EVENT,_Mul_3:OpId_64 (cycles)
3631642882,EXECUTE,253,CYCLES,BACKEND,SUB-EVENT,_Sub:OpId_66 (cycles)
3631642882,EXECUTE,3312,CYCLES,BACKEND,SUB-EVENT,_Mul_4:OpId_68 (cycles)
3631642882,EXECUTE,3134,CYCLES,BACKEND,SUB-EVENT,_Mul_5:OpId_70 (cycles)
3631642882,EXECUTE,3166,CYCLES,BACKEND,SUB-EVENT,_Add_4:OpId_72 (cycles)
3631642882,EXECUTE,0,CYCLES,BACKEND,SUB-EVENT,_Unsqueeze:OpId_74 (cycles)
3631642882,EXECUTE,0,CYCLES,BACKEND,SUB-EVENT,_Unsqueeze_1:OpId_75 (cycles)
3631642882,EXECUTE,881,CYCLES,BACKEND,SUB-EVENT,_Concat:OpId_76 (cycles)
3631642882,EXECUTE,519,CYCLES,BACKEND,SUB-EVENT,_Reshape_3:OpId_78 (cycles)
3631642882,EXECUTE,111814,CYCLES,BACKEND,SUB-EVENT,_Slice_3:OpId_80 (cycles)
3631642882,EXECUTE,13105,CYCLES,BACKEND,SUB-EVENT,_Slice_4:OpId_86 (cycles)
3631642882,EXECUTE,26647,CYCLES,BACKEND,SUB-EVENT,_Mul_6:OpId_91 (cycles)
3631642882,EXECUTE,18712,CYCLES,BACKEND,SUB-EVENT,_Mul_7:OpId_93 (cycles)
3631642882,EXECUTE,4874,CYCLES,BACKEND,SUB-EVENT,_Sub_1:OpId_95 (cycles)
3631642882,EXECUTE,26562,CYCLES,BACKEND,SUB-EVENT,_Mul_8:OpId_97 (cycles)
3631642882,EXECUTE,18677,CYCLES,BACKEND,SUB-EVENT,_Mul_9:OpId_99 (cycles)
3631642882,EXECUTE,4476,CYCLES,BACKEND,SUB-EVENT,_Add_5:OpId_101 (cycles)
3631642882,EXECUTE,0,CYCLES,BACKEND,SUB-EVENT,_Unsqueeze_2:OpId_103 (cycles)
3631642882,EXECUTE,0,CYCLES,BACKEND,SUB-EVENT,_Unsqueeze_3:OpId_104 (cycles)
3631642882,EXECUTE,5566,CYCLES,BACKEND,SUB-EVENT,_Concat_2:OpId_105 (cycles)
3631642882,EXECUTE,0,CYCLES,BACKEND,SUB-EVENT,_Reshape_4:OpId_107 (cycles)
3631642882,EXECUTE,398,CYCLES,BACKEND,SUB-EVENT,_Reshape_4_output_0_nhwc:OpId_109 (cycles)
3631642882,EXECUTE,1936,CYCLES,BACKEND,SUB-EVENT,_Concat_4:OpId_110 (cycles)
3631642882,EXECUTE,1630,CYCLES,BACKEND,SUB-EVENT,present_key_nchw:OpId_113 (cycles)
3631642882,EXECUTE,22937,CYCLES,BACKEND,SUB-EVENT,_Concat_5:OpId_114 (cycles)
3631642882,EXECUTE,0,CYCLES,BACKEND,SUB-EVENT,_Unsqueeze_4:OpId_116 (cycles)
3631642882,EXECUTE,3631,CYCLES,BACKEND,SUB-EVENT,_Tile:OpId_118 (cycles)
3631642882,EXECUTE,0,CYCLES,BACKEND,SUB-EVENT,_Reshape_5:OpId_119 (cycles)
3631642882,EXECUTE,0,CYCLES,BACKEND,SUB-EVENT,_Unsqueeze_5:OpId_120 (cycles)
3631642882,EXECUTE,7564,CYCLES,BACKEND,SUB-EVENT,_Tile_1:OpId_122 (cycles)
3631642882,EXECUTE,0,CYCLES,BACKEND,SUB-EVENT,_Reshape_6:OpId_123 (cycles)
3631642882,EXECUTE,0,CYCLES,BACKEND,SUB-EVENT,_Transpose_3:OpId_125 (cycles)
3631642882,EXECUTE,82717,CYCLES,BACKEND,SUB-EVENT,_MatMul_3:OpId_126 (cycles)
3631642882,EXECUTE,16880,CYCLES,BACKEND,SUB-EVENT,_Div_1:OpId_131 (cycles)
3631642882,EXECUTE,0,CYCLES,BACKEND,SUB-EVENT,_Add_6:OpId_134 (cycles)
3631642882,EXECUTE,59832,CYCLES,BACKEND,SUB-EVENT,_Softmax:OpId_136 (cycles)
3631642882,EXECUTE,67336,CYCLES,BACKEND,SUB-EVENT,_MatMul_4:OpId_139 (cycles)
3631642882,EXECUTE,0,CYCLES,BACKEND,SUB-EVENT,_Transpose_4:OpId_144 (cycles)
3631642882,EXECUTE,26571,CYCLES,BACKEND,SUB-EVENT,_MatMul_5:OpId_146 (cycles)
3631642882,EXECUTE,0,CYCLES,BACKEND,SUB-EVENT,_MatMul_5_post_reshape:OpId_149 (cycles)
3631642882,EXECUTE,0,CYCLES,BACKEND,SUB-EVENT,_MatMul_5_output_0_nfc:OpId_151 (cycles)
3631642882,EXECUTE,65972,CYCLES,BACKEND,SUB-EVENT,_Add_7:OpId_153 (cycles)
3631642882,EXECUTE,255,CYCLES,BACKEND,SUB-EVENT,_Add_7_output_0_ncf:OpId_156 (cycles)
3631642882,EXECUTE,9960,CYCLES,BACKEND,SUB-EVENT,rms_norm__Mul_11_output_0:OpId_161 (cycles)
3631642882,EXECUTE,0,CYCLES,BACKEND,SUB-EVENT,_MatMul_6:OpId_165 (cycles)
3631642882,EXECUTE,0,CYCLES,BACKEND,SUB-EVENT,_MatMul_6_post_reshape:OpId_168 (cycles)
3631642882,EXECUTE,295932,CYCLES,BACKEND,SUB-EVENT,_MatMul_7:OpId_170 (cycles)
3631642882,EXECUTE,0,CYCLES,BACKEND,SUB-EVENT,_MatMul_7_post_reshape:OpId_173 (cycles)
3631642882,EXECUTE,0,CYCLES,BACKEND,SUB-EVENT,_Sigmoid:OpId_174 (cycles)
3631642882,EXECUTE,275012,CYCLES,BACKEND,SUB-EVENT,_Mul_12:OpId_181 (cycles)
3631642882,EXECUTE,29664,CYCLES,BACKEND,SUB-EVENT,_Mul_13:OpId_183 (cycles)
3631642882,EXECUTE,406292,CYCLES,BACKEND,SUB-EVENT,_MatMul_8:OpId_186 (cycles)
3631642882,EXECUTE,0,CYCLES,BACKEND,SUB-EVENT,_MatMul_8_post_reshape:OpId_189 (cycles)
3631642882,EXECUTE,0,CYCLES,BACKEND,SUB-EVENT,_MatMul_8_output_0_nfc:OpId_191 (cycles)
3631642882,EXECUTE,15708,CYCLES,BACKEND,SUB-EVENT,_Add_9:OpId_193 (cycles)
3631642882,EXECUTE,35264,CYCLES,BACKEND,SUB-EVENT,Output OpId_3 (cycles)
3631642882,EXECUTE,3820,US,BACKEND,ROOT,Accelerator (execute) time
3631642882,EXECUTE,3683,US,BACKEND,ROOT,Accelerator (execute excluding wait) time
3631642882,EXECUTE,11014,US,BACKEND,ROOT,QNN (execute) time
3631667386,EXECUTE,11151,US,NETRUN,ROOT,Graph 0: qwen2_0_5b_layer0_decode_past64
3631667386,EXECUTE,4,COUNT,BACKEND,ROOT,Number of HVX threads used
3631667386,EXECUTE,10172,US,BACKEND,ROOT,RPC (execute) time
3631667386,EXECUTE,9137,US,BACKEND,ROOT,QNN accelerator (execute) time
3631667386,EXECUTE,0,COUNT,BACKEND,ROOT,Num times yield occured
3631667386,EXECUTE,878,US,BACKEND,ROOT,Time for initial VTCM acquire
3631667386,EXECUTE,240,US,BACKEND,ROOT,Time for HVX + HMX power on and acquire
3631667386,EXECUTE,2162097,CYCLES,BACKEND,ROOT,Accelerator (execute) time (cycles)
3631667386,EXECUTE,68621,CYCLES,BACKEND,SUB-EVENT,Input OpId_2 (cycles)
3631667386,EXECUTE,1630,CYCLES,BACKEND,SUB-EVENT,hidden_states_ncf:OpId_17 (cycles)
3631667386,EXECUTE,49266,CYCLES,BACKEND,SUB-EVENT,past_value_nchw:OpId_20 (cycles)
3631667386,EXECUTE,5524,CYCLES,BACKEND,SUB-EVENT,rms_norm__Mul_1_output_0:OpId_24 (cycles)
3631667386,EXECUTE,75437,CYCLES,BACKEND,SUB-EVENT,_MatMul:OpId_29 (cycles)
3631667386,EXECUTE,0,CYCLES,BACKEND,SUB-EVENT,_MatMul_post_reshape:OpId_31 (cycles)
3631667386,EXECUTE,11873,CYCLES,BACKEND,SUB-EVENT,_MatMul_1:OpId_34 (cycles)
3631667386,EXECUTE,37008,CYCLES,BACKEND,SUB-EVENT,_MatMul_1_post_reshape:OpId_36 (cycles)
3631667386,EXECUTE,7371,CYCLES,BACKEND,SUB-EVENT,_MatMul_2:OpId_39 (cycles)
3631667386,EXECUTE,35801,CYCLES,BACKEND,SUB-EVENT,_MatMul_2_post_reshape:OpId_41 (cycles)
3631667386,EXECUTE,562,CYCLES,BACKEND,SUB-EVENT,_Transpose:OpId_43 (cycles)
3631667386,EXECUTE,9426,CYCLES,BACKEND,SUB-EVENT,_Transpose_1:OpId_45 (cycles)
3631667386,EXECUTE,9146,CYCLES,BACKEND,SUB-EVENT,_Transpose_2:OpId_47 (cycles)
3631667386,EXECUTE,60649,CYCLES,BACKEND,SUB-EVENT,_Slice:OpId_49 (cycles)
3631667386,EXECUTE,18871,CYCLES,BACKEND,SUB-EVENT,_Slice_1:OpId_55 (cycles)
3631667386,EXECUTE,7325,CYCLES,BACKEND,SUB-EVENT,_Mul_2:OpId_61 (cycles)
3631667386,EXECUTE,1141,CYCLES,BACKEND,SUB-EVENT,_Mul_3:OpId_64 (cycles)
3631667386,EXECUTE,275,CYCLES,BACKEND,SUB-EVENT,_Sub:OpId_66 (cycles)
3631667386,EXECUTE,3354,CYCLES,BACKEND,SUB-EVENT,_Mul_4:OpId_68 (cycles)
3631667386,EXECUTE,7339,CYCLES,BACKEND,SUB-EVENT,_Mul_5:OpId_70 (cycles)
3631667386,EXECUTE,4214,CYCLES,BACKEND,SUB-EVENT,_Add_4:OpId_72 (cycles)
3631667386,EXECUTE,0,CYCLES,BACKEND,SUB-EVENT,_Unsqueeze:OpId_74 (cycles)
3631667386,EXECUTE,0,CYCLES,BACKEND,SUB-EVENT,_Unsqueeze_1:OpId_75 (cycles)
3631667386,EXECUTE,878,CYCLES,BACKEND,SUB-EVENT,_Concat:OpId_76 (cycles)
3631667386,EXECUTE,520,CYCLES,BACKEND,SUB-EVENT,_Reshape_3:OpId_78 (cycles)
3631667386,EXECUTE,112262,CYCLES,BACKEND,SUB-EVENT,_Slice_3:OpId_80 (cycles)
3631667386,EXECUTE,13452,CYCLES,BACKEND,SUB-EVENT,_Slice_4:OpId_86 (cycles)
3631667386,EXECUTE,34468,CYCLES,BACKEND,SUB-EVENT,_Mul_6:OpId_91 (cycles)
3631667386,EXECUTE,25533,CYCLES,BACKEND,SUB-EVENT,_Mul_7:OpId_93 (cycles)
3631667386,EXECUTE,5225,CYCLES,BACKEND,SUB-EVENT,_Sub_1:OpId_95 (cycles)
3631667386,EXECUTE,34376,CYCLES,BACKEND,SUB-EVENT,_Mul_8:OpId_97 (cycles)
3631667386,EXECUTE,25437,CYCLES,BACKEND,SUB-EVENT,_Mul_9:OpId_99 (cycles)
3631667386,EXECUTE,6207,CYCLES,BACKEND,SUB-EVENT,_Add_5:OpId_101 (cycles)
3631667386,EXECUTE,0,CYCLES,BACKEND,SUB-EVENT,_Unsqueeze_2:OpId_103 (cycles)
3631667386,EXECUTE,0,CYCLES,BACKEND,SUB-EVENT,_Unsqueeze_3:OpId_104 (cycles)
3631667386,EXECUTE,8623,CYCLES,BACKEND,SUB-EVENT,_Concat_2:OpId_105 (cycles)
3631667386,EXECUTE,0,CYCLES,BACKEND,SUB-EVENT,_Reshape_4:OpId_107 (cycles)
3631667386,EXECUTE,365,CYCLES,BACKEND,SUB-EVENT,_Reshape_4_output_0_nhwc:OpId_109 (cycles)
3631667386,EXECUTE,1891,CYCLES,BACKEND,SUB-EVENT,_Concat_4:OpId_110 (cycles)
3631667386,EXECUTE,5286,CYCLES,BACKEND,SUB-EVENT,present_key_nchw:OpId_113 (cycles)
3631667386,EXECUTE,14960,CYCLES,BACKEND,SUB-EVENT,_Concat_5:OpId_114 (cycles)
3631667386,EXECUTE,0,CYCLES,BACKEND,SUB-EVENT,_Unsqueeze_4:OpId_116 (cycles)
3631667386,EXECUTE,3667,CYCLES,BACKEND,SUB-EVENT,_Tile:OpId_118 (cycles)
3631667386,EXECUTE,0,CYCLES,BACKEND,SUB-EVENT,_Reshape_5:OpId_119 (cycles)
3631667386,EXECUTE,0,CYCLES,BACKEND,SUB-EVENT,_Unsqueeze_5:OpId_120 (cycles)
3631667386,EXECUTE,10988,CYCLES,BACKEND,SUB-EVENT,_Tile_1:OpId_122 (cycles)
3631667386,EXECUTE,0,CYCLES,BACKEND,SUB-EVENT,_Reshape_6:OpId_123 (cycles)
3631667386,EXECUTE,0,CYCLES,BACKEND,SUB-EVENT,_Transpose_3:OpId_125 (cycles)
3631667386,EXECUTE,91086,CYCLES,BACKEND,SUB-EVENT,_MatMul_3:OpId_126 (cycles)
3631667386,EXECUTE,21528,CYCLES,BACKEND,SUB-EVENT,_Div_1:OpId_131 (cycles)
3631667386,EXECUTE,0,CYCLES,BACKEND,SUB-EVENT,_Add_6:OpId_134 (cycles)
3631667386,EXECUTE,40410,CYCLES,BACKEND,SUB-EVENT,_Softmax:OpId_136 (cycles)
3631667386,EXECUTE,96014,CYCLES,BACKEND,SUB-EVENT,_MatMul_4:OpId_139 (cycles)
3631667386,EXECUTE,0,CYCLES,BACKEND,SUB-EVENT,_Transpose_4:OpId_144 (cycles)
3631667386,EXECUTE,17757,CYCLES,BACKEND,SUB-EVENT,_MatMul_5:OpId_146 (cycles)
3631667386,EXECUTE,0,CYCLES,BACKEND,SUB-EVENT,_MatMul_5_post_reshape:OpId_149 (cycles)
3631667386,EXECUTE,0,CYCLES,BACKEND,SUB-EVENT,_MatMul_5_output_0_nfc:OpId_151 (cycles)
3631667386,EXECUTE,99393,CYCLES,BACKEND,SUB-EVENT,_Add_7:OpId_153 (cycles)
3631667386,EXECUTE,238,CYCLES,BACKEND,SUB-EVENT,_Add_7_output_0_ncf:OpId_156 (cycles)
3631667386,EXECUTE,4939,CYCLES,BACKEND,SUB-EVENT,rms_norm__Mul_11_output_0:OpId_161 (cycles)
3631667386,EXECUTE,0,CYCLES,BACKEND,SUB-EVENT,_MatMul_6:OpId_165 (cycles)
3631667386,EXECUTE,0,CYCLES,BACKEND,SUB-EVENT,_MatMul_6_post_reshape:OpId_168 (cycles)
3631667386,EXECUTE,294037,CYCLES,BACKEND,SUB-EVENT,_MatMul_7:OpId_170 (cycles)
3631667386,EXECUTE,0,CYCLES,BACKEND,SUB-EVENT,_MatMul_7_post_reshape:OpId_173 (cycles)
3631667386,EXECUTE,0,CYCLES,BACKEND,SUB-EVENT,_Sigmoid:OpId_174 (cycles)
3631667386,EXECUTE,272028,CYCLES,BACKEND,SUB-EVENT,_Mul_12:OpId_181 (cycles)
3631667386,EXECUTE,34139,CYCLES,BACKEND,SUB-EVENT,_Mul_13:OpId_183 (cycles)
3631667386,EXECUTE,407090,CYCLES,BACKEND,SUB-EVENT,_MatMul_8:OpId_186 (cycles)
3631667386,EXECUTE,0,CYCLES,BACKEND,SUB-EVENT,_MatMul_8_post_reshape:OpId_189 (cycles)
3631667386,EXECUTE,0,CYCLES,BACKEND,SUB-EVENT,_MatMul_8_output_0_nfc:OpId_191 (cycles)
3631667386,EXECUTE,15019,CYCLES,BACKEND,SUB-EVENT,_Add_9:OpId_193 (cycles)
3631667386,EXECUTE,49448,CYCLES,BACKEND,SUB-EVENT,Output OpId_3 (cycles)
3631667386,EXECUTE,3851,US,BACKEND,ROOT,Accelerator (execute) time
3631667386,EXECUTE,3704,US,BACKEND,ROOT,Accelerator (execute excluding wait) time
3631667386,EXECUTE,11119,US,BACKEND,ROOT,QNN (execute) time
3631691620,EXECUTE,11090,US,NETRUN,ROOT,Graph 0: qwen2_0_5b_layer0_decode_past64
3631691620,EXECUTE,4,COUNT,BACKEND,ROOT,Number of HVX threads used
3631691620,EXECUTE,10035,US,BACKEND,ROOT,RPC (execute) time
3631691620,EXECUTE,9004,US,BACKEND,ROOT,QNN accelerator (execute) time
3631691620,EXECUTE,0,COUNT,BACKEND,ROOT,Num times yield occured
3631691620,EXECUTE,652,US,BACKEND,ROOT,Time for initial VTCM acquire
3631691620,EXECUTE,207,US,BACKEND,ROOT,Time for HVX + HMX power on and acquire
3631691620,EXECUTE,2133434,CYCLES,BACKEND,ROOT,Accelerator (execute) time (cycles)
3631691620,EXECUTE,26454,CYCLES,BACKEND,SUB-EVENT,Input OpId_2 (cycles)
3631691620,EXECUTE,12147,CYCLES,BACKEND,SUB-EVENT,hidden_states_ncf:OpId_17 (cycles)
3631691620,EXECUTE,49730,CYCLES,BACKEND,SUB-EVENT,past_value_nchw:OpId_20 (cycles)
3631691620,EXECUTE,24543,CYCLES,BACKEND,SUB-EVENT,rms_norm__Mul_1_output_0:OpId_24 (cycles)
3631691620,EXECUTE,31592,CYCLES,BACKEND,SUB-EVENT,_MatMul:OpId_29 (cycles)
3631691620,EXECUTE,0,CYCLES,BACKEND,SUB-EVENT,_MatMul_post_reshape:OpId_31 (cycles)
3631691620,EXECUTE,17403,CYCLES,BACKEND,SUB-EVENT,_MatMul_1:OpId_34 (cycles)
3631691620,EXECUTE,32093,CYCLES,BACKEND,SUB-EVENT,_MatMul_1_post_reshape:OpId_36 (cycles)
3631691620,EXECUTE,2146,CYCLES,BACKEND,SUB-EVENT,_MatMul_2:OpId_39 (cycles)
3631691620,EXECUTE,30848,CYCLES,BACKEND,SUB-EVENT,_MatMul_2_post_reshape:OpId_41 (cycles)
3631691620,EXECUTE,452,CYCLES,BACKEND,SUB-EVENT,_Transpose:OpId_43 (cycles)
3631691620,EXECUTE,7973,CYCLES,BACKEND,SUB-EVENT,_Transpose_1:OpId_45 (cycles)
3631691620,EXECUTE,7727,CYCLES,BACKEND,SUB-EVENT,_Transpose_2:OpId_47 (cycles)
3631691620,EXECUTE,64499,CYCLES,BACKEND,SUB-EVENT,_Slice:OpId_49 (cycles)
3631691620,EXECUTE,14314,CYCLES,BACKEND,SUB-EVENT,_Slice_1:OpId_55 (cycles)
3631691620,EXECUTE,3483,CYCLES,BACKEND,SUB-EVENT,_Mul_2:OpId_61 (cycles)
3631691620,EXECUTE,2276,CYCLES,BACKEND,SUB-EVENT,_Mul_3:OpId_64 (cycles)
3631691620,EXECUTE,266,CYCLES,BACKEND,SUB-EVENT,_Sub:OpId_66 (cycles)
3631691620,EXECUTE,6001,CYCLES,BACKEND,SUB-EVENT,_Mul_4:OpId_68 (cycles)
3631691620,EXECUTE,3491,CYCLES,BACKEND,SUB-EVENT,_Mul_5:OpId_70 (cycles)
3631691620,EXECUTE,10182,CYCLES,BACKEND,SUB-EVENT,_Add_4:OpId_72 (cycles)
3631691620,EXECUTE,0,CYCLES,BACKEND,SUB-EVENT,_Unsqueeze:OpId_74 (cycles)
3631691620,EXECUTE,0,CYCLES,BACKEND,SUB-EVENT,_Unsqueeze_1:OpId_75 (cycles)
3631691620,EXECUTE,863,CYCLES,BACKEND,SUB-EVENT,_Concat:OpId_76 (cycles)
3631691620,EXECUTE,531,CYCLES,BACKEND,SUB-EVENT,_Reshape_3:OpId_78 (cycles)
3631691620,EXECUTE,107551,CYCLES,BACKEND,SUB-EVENT,_Slice_3:OpId_80 (cycles)
3631691620,EXECUTE,12784,CYCLES,BACKEND,SUB-EVENT,_Slice_4:OpId_86 (cycles)
3631691620,EXECUTE,28780,CYCLES,BACKEND,SUB-EVENT,_Mul_6:OpId_91 (cycles)
3631691620,EXECUTE,18662,CYCLES,BACKEND,SUB-EVENT,_Mul_7:OpId_93 (cycles)
3631691620,EXECUTE,5003,CYCLES,BACKEND,SUB-EVENT,_Sub_1:OpId_95 (cycles)
3631691620,EXECUTE,28720,CYCLES,BACKEND,SUB-EVENT,_Mul_8:OpId_97 (cycles)
3631691620,EXECUTE,18584,CYCLES,BACKEND,SUB-EVENT,_Mul_9:OpId_99 (cycles)
3631691620,EXECUTE,4624,CYCLES,BACKEND,SUB-EVENT,_Add_5:OpId_101 (cycles)
3631691620,EXECUTE,0,CYCLES,BACKEND,SUB-EVENT,_Unsqueeze_2:OpId_103 (cycles)
3631691620,EXECUTE,0,CYCLES,BACKEND,SUB-EVENT,_Unsqueeze_3:OpId_104 (cycles)
3631691620,EXECUTE,5955,CYCLES,BACKEND,SUB-EVENT,_Concat_2:OpId_105 (cycles)
3631691620,EXECUTE,0,CYCLES,BACKEND,SUB-EVENT,_Reshape_4:OpId_107 (cycles)
3631691620,EXECUTE,373,CYCLES,BACKEND,SUB-EVENT,_Reshape_4_output_0_nhwc:OpId_109 (cycles)
3631691620,EXECUTE,2708,CYCLES,BACKEND,SUB-EVENT,_Concat_4:OpId_110 (cycles)
3631691620,EXECUTE,6342,CYCLES,BACKEND,SUB-EVENT,present_key_nchw:OpId_113 (cycles)
3631691620,EXECUTE,48197,CYCLES,BACKEND,SUB-EVENT,_Concat_5:OpId_114 (cycles)
3631691620,EXECUTE,0,CYCLES,BACKEND,SUB-EVENT,_Unsqueeze_4:OpId_116 (cycles)
3631691620,EXECUTE,3710,CYCLES,BACKEND,SUB-EVENT,_Tile:OpId_118 (cycles)
3631691620,EXECUTE,0,CYCLES,BACKEND,SUB-EVENT,_Reshape_5:OpId_119 (cycles)
3631691620,EXECUTE,0,CYCLES,BACKEND,SUB-EVENT,_Unsqueeze_5:OpId_120 (cycles)
3631691620,EXECUTE,6648,CYCLES,BACKEND,SUB-EVENT,_Tile_1:OpId_122 (cycles)
3631691620,EXECUTE,0,CYCLES,BACKEND,SUB-EVENT,_Reshape_6:OpId_123 (cycles)
3631691620,EXECUTE,0,CYCLES,BACKEND,SUB-EVENT,_Transpose_3:OpId_125 (cycles)
3631691620,EXECUTE,91376,CYCLES,BACKEND,SUB-EVENT,_MatMul_3:OpId_126 (cycles)
3631691620,EXECUTE,31666,CYCLES,BACKEND,SUB-EVENT,_Div_1:OpId_131 (cycles)
3631691620,EXECUTE,0,CYCLES,BACKEND,SUB-EVENT,_Add_6:OpId_134 (cycles)
3631691620,EXECUTE,46888,CYCLES,BACKEND,SUB-EVENT,_Softmax:OpId_136 (cycles)
3631691620,EXECUTE,89682,CYCLES,BACKEND,SUB-EVENT,_MatMul_4:OpId_139 (cycles)
3631691620,EXECUTE,0,CYCLES,BACKEND,SUB-EVENT,_Transpose_4:OpId_144 (cycles)
3631691620,EXECUTE,16607,CYCLES,BACKEND,SUB-EVENT,_MatMul_5:OpId_146 (cycles)
3631691620,EXECUTE,0,CYCLES,BACKEND,SUB-EVENT,_MatMul_5_post_reshape:OpId_149 (cycles)
3631691620,EXECUTE,0,CYCLES,BACKEND,SUB-EVENT,_MatMul_5_output_0_nfc:OpId_151 (cycles)
3631691620,EXECUTE,150742,CYCLES,BACKEND,SUB-EVENT,_Add_7:OpId_153 (cycles)
3631691620,EXECUTE,317,CYCLES,BACKEND,SUB-EVENT,_Add_7_output_0_ncf:OpId_156 (cycles)
3631691620,EXECUTE,9625,CYCLES,BACKEND,SUB-EVENT,rms_norm__Mul_11_output_0:OpId_161 (cycles)
3631691620,EXECUTE,0,CYCLES,BACKEND,SUB-EVENT,_MatMul_6:OpId_165 (cycles)
3631691620,EXECUTE,0,CYCLES,BACKEND,SUB-EVENT,_MatMul_6_post_reshape:OpId_168 (cycles)
3631691620,EXECUTE,299004,CYCLES,BACKEND,SUB-EVENT,_MatMul_7:OpId_170 (cycles)
3631691620,EXECUTE,0,CYCLES,BACKEND,SUB-EVENT,_MatMul_7_post_reshape:OpId_173 (cycles)
3631691620,EXECUTE,0,CYCLES,BACKEND,SUB-EVENT,_Sigmoid:OpId_174 (cycles)
3631691620,EXECUTE,269177,CYCLES,BACKEND,SUB-EVENT,_Mul_12:OpId_181 (cycles)
3631691620,EXECUTE,31077,CYCLES,BACKEND,SUB-EVENT,_Mul_13:OpId_183 (cycles)
3631691620,EXECUTE,406221,CYCLES,BACKEND,SUB-EVENT,_MatMul_8:OpId_186 (cycles)
3631691620,EXECUTE,0,CYCLES,BACKEND,SUB-EVENT,_MatMul_8_post_reshape:OpId_189 (cycles)
3631691620,EXECUTE,0,CYCLES,BACKEND,SUB-EVENT,_MatMul_8_output_0_nfc:OpId_191 (cycles)
3631691620,EXECUTE,15369,CYCLES,BACKEND,SUB-EVENT,_Add_9:OpId_193 (cycles)
3631691620,EXECUTE,28028,CYCLES,BACKEND,SUB-EVENT,Output OpId_3 (cycles)
3631691620,EXECUTE,3845,US,BACKEND,ROOT,Accelerator (execute) time
3631691620,EXECUTE,3701,US,BACKEND,ROOT,Accelerator (execute excluding wait) time
3631691620,EXECUTE,11058,US,BACKEND,ROOT,QNN (execute) time
3631715943,EXECUTE,11176,US,NETRUN,ROOT,Graph 0: qwen2_0_5b_layer0_decode_past64
3631715943,EXECUTE,4,COUNT,BACKEND,ROOT,Number of HVX threads used
3631715943,EXECUTE,10189,US,BACKEND,ROOT,RPC (execute) time
3631715943,EXECUTE,9154,US,BACKEND,ROOT,QNN accelerator (execute) time
3631715943,EXECUTE,0,COUNT,BACKEND,ROOT,Num times yield occured
3631715943,EXECUTE,579,US,BACKEND,ROOT,Time for initial VTCM acquire
3631715943,EXECUTE,252,US,BACKEND,ROOT,Time for HVX + HMX power on and acquire
3631715943,EXECUTE,2108536,CYCLES,BACKEND,ROOT,Accelerator (execute) time (cycles)
3631715943,EXECUTE,69321,CYCLES,BACKEND,SUB-EVENT,Input OpId_2 (cycles)
3631715943,EXECUTE,1630,CYCLES,BACKEND,SUB-EVENT,hidden_states_ncf:OpId_17 (cycles)
3631715943,EXECUTE,41593,CYCLES,BACKEND,SUB-EVENT,past_value_nchw:OpId_20 (cycles)
3631715943,EXECUTE,5327,CYCLES,BACKEND,SUB-EVENT,rms_norm__Mul_1_output_0:OpId_24 (cycles)
3631715943,EXECUTE,57059,CYCLES,BACKEND,SUB-EVENT,_MatMul:OpId_29 (cycles)
3631715943,EXECUTE,0,CYCLES,BACKEND,SUB-EVENT,_MatMul_post_reshape:OpId_31 (cycles)
3631715943,EXECUTE,17905,CYCLES,BACKEND,SUB-EVENT,_MatMul_1:OpId_34 (cycles)
3631715943,EXECUTE,27973,CYCLES,BACKEND,SUB-EVENT,_MatMul_1_post_reshape:OpId_36 (cycles)
3631715943,EXECUTE,7334,CYCLES,BACKEND,SUB-EVENT,_MatMul_2:OpId_39 (cycles)
3631715943,EXECUTE,26687,CYCLES,BACKEND,SUB-EVENT,_MatMul_2_post_reshape:OpId_41 (cycles)
3631715943,EXECUTE,554,CYCLES,BACKEND,SUB-EVENT,_Transpose:OpId_43 (cycles)
3631715943,EXECUTE,21263,CYCLES,BACKEND,SUB-EVENT,_Transpose_1:OpId_45 (cycles)
3631715943,EXECUTE,21039,CYCLES,BACKEND,SUB-EVENT,_Transpose_2:OpId_47 (cycles)
3631715943,EXECUTE,69327,CYCLES,BACKEND,SUB-EVENT,_Slice:OpId_49 (cycles)
3631715943,EXECUTE,21488,CYCLES,BACKEND,SUB-EVENT,_Slice_1:OpId_55 (cycles)
3631715943,EXECUTE,5090,CYCLES,BACKEND,SUB-EVENT,_Mul_2:OpId_61 (cycles)
3631715943,EXECUTE,1270,CYCLES,BACKEND,SUB-EVENT,_Mul_3:OpId_64 (cycles)
3631715943,EXECUTE,272,CYCLES,BACKEND,SUB-EVENT,_Sub:OpId_66 (cycles)
3631715943,EXECUTE,3678,CYCLES,BACKEND,SUB-EVENT,_Mul_4:OpId_68 (cycles)
3631715943,EXECUTE,5111,CYCLES,BACKEND,SUB-EVENT,_Mul_5:OpId_70 (cycles)
3631715943,EXECUTE,4116,CYCLES,BACKEND,SUB-EVENT,_Add_4:OpId_72 (cycles)
3631715943,EXECUTE,0,CYCLES,BACKEND,SUB-EVENT,_Unsqueeze:OpId_74 (cycles)
3631715943,EXECUTE,0,CYCLES,BACKEND,SUB-EVENT,_Unsqueeze_1:OpId_75 (cycles)
3631715943,EXECUTE,913,CYCLES,BACKEND,SUB-EVENT,_Concat:OpId_76 (cycles)
3631715943,EXECUTE,514,CYCLES,BACKEND,SUB-EVENT,_Reshape_3:OpId_78 (cycles)
3631715943,EXECUTE,97004,CYCLES,BACKEND,SUB-EVENT,_Slice_3:OpId_80 (cycles)
3631715943,EXECUTE,14401,CYCLES,BACKEND,SUB-EVENT,_Slice_4:OpId_86 (cycles)
3631715943,EXECUTE,28010,CYCLES,BACKEND,SUB-EVENT,_Mul_6:OpId_91 (cycles)
3631715943,EXECUTE,17491,CYCLES,BACKEND,SUB-EVENT,_Mul_7:OpId_93 (cycles)
3631715943,EXECUTE,3666,CYCLES,BACKEND,SUB-EVENT,_Sub_1:OpId_95 (cycles)
3631715943,EXECUTE,27921,CYCLES,BACKEND,SUB-EVENT,_Mul_8:OpId_97 (cycles)
3631715943,EXECUTE,17392,CYCLES,BACKEND,SUB-EVENT,_Mul_9:OpId_99 (cycles)
3631715943,EXECUTE,4670,CYCLES,BACKEND,SUB-EVENT,_Add_5:OpId_101 (cycles)
3631715943,EXECUTE,0,CYCLES,BACKEND,SUB-EVENT,_Unsqueeze_2:OpId_103 (cycles)
3631715943,EXECUTE,0,CYCLES,BACKEND,SUB-EVENT,_Unsqueeze_3:OpId_104 (cycles)
3631715943,EXECUTE,8476,CYCLES,BACKEND,SUB-EVENT,_Concat_2:OpId_105 (cycles)
3631715943,EXECUTE,0,CYCLES,BACKEND,SUB-EVENT,_Reshape_4:OpId_107 (cycles)
3631715943,EXECUTE,381,CYCLES,BACKEND,SUB-EVENT,_Reshape_4_output_0_nhwc:OpId_109 (cycles)
3631715943,EXECUTE,1911,CYCLES,BACKEND,SUB-EVENT,_Concat_4:OpId_110 (cycles)
3631715943,EXECUTE,2139,CYCLES,BACKEND,SUB-EVENT,present_key_nchw:OpId_113 (cycles)
3631715943,EXECUTE,16016,CYCLES,BACKEND,SUB-EVENT,_Concat_5:OpId_114 (cycles)
3631715943,EXECUTE,0,CYCLES,BACKEND,SUB-EVENT,_Unsqueeze_4:OpId_116 (cycles)
3631715943,EXECUTE,3621,CYCLES,BACKEND,SUB-EVENT,_Tile:OpId_118 (cycles)
3631715943,EXECUTE,0,CYCLES,BACKEND,SUB-EVENT,_Reshape_5:OpId_119 (cycles)
3631715943,EXECUTE,0,CYCLES,BACKEND,SUB-EVENT,_Unsqueeze_5:OpId_120 (cycles)
3631715943,EXECUTE,17439,CYCLES,BACKEND,SUB-EVENT,_Tile_1:OpId_122 (cycles)
3631715943,EXECUTE,0,CYCLES,BACKEND,SUB-EVENT,_Reshape_6:OpId_123 (cycles)
3631715943,EXECUTE,0,CYCLES,BACKEND,SUB-EVENT,_Transpose_3:OpId_125 (cycles)
3631715943,EXECUTE,90087,CYCLES,BACKEND,SUB-EVENT,_MatMul_3:OpId_126 (cycles)
3631715943,EXECUTE,29964,CYCLES,BACKEND,SUB-EVENT,_Div_1:OpId_131 (cycles)
3631715943,EXECUTE,0,CYCLES,BACKEND,SUB-EVENT,_Add_6:OpId_134 (cycles)
3631715943,EXECUTE,45468,CYCLES,BACKEND,SUB-EVENT,_Softmax:OpId_136 (cycles)
3631715943,EXECUTE,87890,CYCLES,BACKEND,SUB-EVENT,_MatMul_4:OpId_139 (cycles)
3631715943,EXECUTE,0,CYCLES,BACKEND,SUB-EVENT,_Transpose_4:OpId_144 (cycles)
3631715943,EXECUTE,24422,CYCLES,BACKEND,SUB-EVENT,_MatMul_5:OpId_146 (cycles)
3631715943,EXECUTE,0,CYCLES,BACKEND,SUB-EVENT,_MatMul_5_post_reshape:OpId_149 (cycles)
3631715943,EXECUTE,0,CYCLES,BACKEND,SUB-EVENT,_MatMul_5_output_0_nfc:OpId_151 (cycles)
3631715943,EXECUTE,81779,CYCLES,BACKEND,SUB-EVENT,_Add_7:OpId_153 (cycles)
3631715943,EXECUTE,236,CYCLES,BACKEND,SUB-EVENT,_Add_7_output_0_ncf:OpId_156 (cycles)
3631715943,EXECUTE,3400,CYCLES,BACKEND,SUB-EVENT,rms_norm__Mul_11_output_0:OpId_161 (cycles)
3631715943,EXECUTE,0,CYCLES,BACKEND,SUB-EVENT,_MatMul_6:OpId_165 (cycles)
3631715943,EXECUTE,0,CYCLES,BACKEND,SUB-EVENT,_MatMul_6_post_reshape:OpId_168 (cycles)
3631715943,EXECUTE,290961,CYCLES,BACKEND,SUB-EVENT,_MatMul_7:OpId_170 (cycles)
3631715943,EXECUTE,0,CYCLES,BACKEND,SUB-EVENT,_MatMul_7_post_reshape:OpId_173 (cycles)
3631715943,EXECUTE,0,CYCLES,BACKEND,SUB-EVENT,_Sigmoid:OpId_174 (cycles)
3631715943,EXECUTE,261201,CYCLES,BACKEND,SUB-EVENT,_Mul_12:OpId_181 (cycles)
3631715943,EXECUTE,25535,CYCLES,BACKEND,SUB-EVENT,_Mul_13:OpId_183 (cycles)
3631715943,EXECUTE,404754,CYCLES,BACKEND,SUB-EVENT,_MatMul_8:OpId_186 (cycles)
3631715943,EXECUTE,0,CYCLES,BACKEND,SUB-EVENT,_MatMul_8_post_reshape:OpId_189 (cycles)
3631715943,EXECUTE,0,CYCLES,BACKEND,SUB-EVENT,_MatMul_8_output_0_nfc:OpId_191 (cycles)
3631715943,EXECUTE,19619,CYCLES,BACKEND,SUB-EVENT,_Add_9:OpId_193 (cycles)
3631715943,EXECUTE,73218,CYCLES,BACKEND,SUB-EVENT,Output OpId_3 (cycles)
3631715943,EXECUTE,3818,US,BACKEND,ROOT,Accelerator (execute) time
3631715943,EXECUTE,3687,US,BACKEND,ROOT,Accelerator (execute excluding wait) time
3631715943,EXECUTE,11144,US,BACKEND,ROOT,QNN (execute) time
3631739914,EXECUTE,11080,US,NETRUN,ROOT,Graph 0: qwen2_0_5b_layer0_decode_past64
3631739914,EXECUTE,4,COUNT,BACKEND,ROOT,Number of HVX threads used
3631739914,EXECUTE,10190,US,BACKEND,ROOT,RPC (execute) time
3631739914,EXECUTE,9180,US,BACKEND,ROOT,QNN accelerator (execute) time
3631739914,EXECUTE,0,COUNT,BACKEND,ROOT,Num times yield occured
3631739914,EXECUTE,628,US,BACKEND,ROOT,Time for initial VTCM acquire
3631739914,EXECUTE,178,US,BACKEND,ROOT,Time for HVX + HMX power on and acquire
3631739914,EXECUTE,2163395,CYCLES,BACKEND,ROOT,Accelerator (execute) time (cycles)
3631739914,EXECUTE,70628,CYCLES,BACKEND,SUB-EVENT,Input OpId_2 (cycles)
3631739914,EXECUTE,5654,CYCLES,BACKEND,SUB-EVENT,hidden_states_ncf:OpId_17 (cycles)
3631739914,EXECUTE,44893,CYCLES,BACKEND,SUB-EVENT,past_value_nchw:OpId_20 (cycles)
3631739914,EXECUTE,5372,CYCLES,BACKEND,SUB-EVENT,rms_norm__Mul_1_output_0:OpId_24 (cycles)
3631739914,EXECUTE,44763,CYCLES,BACKEND,SUB-EVENT,_MatMul:OpId_29 (cycles)
3631739914,EXECUTE,0,CYCLES,BACKEND,SUB-EVENT,_MatMul_post_reshape:OpId_31 (cycles)
3631739914,EXECUTE,15822,CYCLES,BACKEND,SUB-EVENT,_MatMul_1:OpId_34 (cycles)
3631739914,EXECUTE,47033,CYCLES,BACKEND,SUB-EVENT,_MatMul_1_post_reshape:OpId_36 (cycles)
3631739914,EXECUTE,9268,CYCLES,BACKEND,SUB-EVENT,_MatMul_2:OpId_39 (cycles)
3631739914,EXECUTE,45848,CYCLES,BACKEND,SUB-EVENT,_MatMul_2_post_reshape:OpId_41 (cycles)
3631739914,EXECUTE,482,CYCLES,BACKEND,SUB-EVENT,_Transpose:OpId_43 (cycles)
3631739914,EXECUTE,7341,CYCLES,BACKEND,SUB-EVENT,_Transpose_1:OpId_45 (cycles)
3631739914,EXECUTE,7068,CYCLES,BACKEND,SUB-EVENT,_Transpose_2:OpId_47 (cycles)
3631739914,EXECUTE,78734,CYCLES,BACKEND,SUB-EVENT,_Slice:OpId_49 (cycles)
3631739914,EXECUTE,11553,CYCLES,BACKEND,SUB-EVENT,_Slice_1:OpId_55 (cycles)
3631739914,EXECUTE,2429,CYCLES,BACKEND,SUB-EVENT,_Mul_2:OpId_61 (cycles)
3631739914,EXECUTE,1297,CYCLES,BACKEND,SUB-EVENT,_Mul_3:OpId_64 (cycles)
3631739914,EXECUTE,263,CYCLES,BACKEND,SUB-EVENT,_Sub:OpId_66 (cycles)
3631739914,EXECUTE,2827,CYCLES,BACKEND,SUB-EVENT,_Mul_4:OpId_68 (cycles)
3631739914,EXECUTE,2584,CYCLES,BACKEND,SUB-EVENT,_Mul_5:OpId_70 (cycles)
3631739914,EXECUTE,2542,CYCLES,BACKEND,SUB-EVENT,_Add_4:OpId_72 (cycles)
3631739914,EXECUTE,0,CYCLES,BACKEND,SUB-EVENT,_Unsqueeze:OpId_74 (cycles)
3631739914,EXECUTE,0,CYCLES,BACKEND,SUB-EVENT,_Unsqueeze_1:OpId_75 (cycles)
3631739914,EXECUTE,808,CYCLES,BACKEND,SUB-EVENT,_Concat:OpId_76 (cycles)
3631739914,EXECUTE,523,CYCLES,BACKEND,SUB-EVENT,_Reshape_3:OpId_78 (cycles)
3631739914,EXECUTE,151900,CYCLES,BACKEND,SUB-EVENT,_Slice_3:OpId_80 (cycles)
3631739914,EXECUTE,28138,CYCLES,BACKEND,SUB-EVENT,_Slice_4:OpId_86 (cycles)
3631739914,EXECUTE,36853,CYCLES,BACKEND,SUB-EVENT,_Mul_6:OpId_91 (cycles)
3631739914,EXECUTE,29553,CYCLES,BACKEND,SUB-EVENT,_Mul_7:OpId_93 (cycles)
3631739914,EXECUTE,2505,CYCLES,BACKEND,SUB-EVENT,_Sub_1:OpId_95 (cycles)
3631739914,EXECUTE,36787,CYCLES,BACKEND,SUB-EVENT,_Mul_8:OpId_97 (cycles)
3631739914,EXECUTE,29488,CYCLES,BACKEND,SUB-EVENT,_Mul_9:OpId_99 (cycles)
3631739914,EXECUTE,2744,CYCLES,BACKEND,SUB-EVENT,_Add_5:OpId_101 (cycles)
3631739914,EXECUTE,0,CYCLES,BACKEND,SUB-EVENT,_Unsqueeze_2:OpId_103 (cycles)
3631739914,EXECUTE,0,CYCLES,BACKEND,SUB-EVENT,_Unsqueeze_3:OpId_104 (cycles)
3631739914,EXECUTE,3116,CYCLES,BACKEND,SUB-EVENT,_Concat_2:OpId_105 (cycles)
3631739914,EXECUTE,0,CYCLES,BACKEND,SUB-EVENT,_Reshape_4:OpId_107 (cycles)
3631739914,EXECUTE,345,CYCLES,BACKEND,SUB-EVENT,_Reshape_4_output_0_nhwc:OpId_109 (cycles)
3631739914,EXECUTE,1865,CYCLES,BACKEND,SUB-EVENT,_Concat_4:OpId_110 (cycles)
3631739914,EXECUTE,1730,CYCLES,BACKEND,SUB-EVENT,present_key_nchw:OpId_113 (cycles)
3631739914,EXECUTE,12195,CYCLES,BACKEND,SUB-EVENT,_Concat_5:OpId_114 (cycles)
3631739914,EXECUTE,0,CYCLES,BACKEND,SUB-EVENT,_Unsqueeze_4:OpId_116 (cycles)
3631739914,EXECUTE,2603,CYCLES,BACKEND,SUB-EVENT,_Tile:OpId_118 (cycles)
3631739914,EXECUTE,0,CYCLES,BACKEND,SUB-EVENT,_Reshape_5:OpId_119 (cycles)
3631739914,EXECUTE,0,CYCLES,BACKEND,SUB-EVENT,_Unsqueeze_5:OpId_120 (cycles)
3631739914,EXECUTE,6940,CYCLES,BACKEND,SUB-EVENT,_Tile_1:OpId_122 (cycles)
3631739914,EXECUTE,0,CYCLES,BACKEND,SUB-EVENT,_Reshape_6:OpId_123 (cycles)
3631739914,EXECUTE,0,CYCLES,BACKEND,SUB-EVENT,_Transpose_3:OpId_125 (cycles)
3631739914,EXECUTE,79745,CYCLES,BACKEND,SUB-EVENT,_MatMul_3:OpId_126 (cycles)
3631739914,EXECUTE,25537,CYCLES,BACKEND,SUB-EVENT,_Div_1:OpId_131 (cycles)
3631739914,EXECUTE,0,CYCLES,BACKEND,SUB-EVENT,_Add_6:OpId_134 (cycles)
3631739914,EXECUTE,36950,CYCLES,BACKEND,SUB-EVENT,_Softmax:OpId_136 (cycles)
3631739914,EXECUTE,104049,CYCLES,BACKEND,SUB-EVENT,_MatMul_4:OpId_139 (cycles)
3631739914,EXECUTE,0,CYCLES,BACKEND,SUB-EVENT,_Transpose_4:OpId_144 (cycles)
3631739914,EXECUTE,18858,CYCLES,BACKEND,SUB-EVENT,_MatMul_5:OpId_146 (cycles)
3631739914,EXECUTE,0,CYCLES,BACKEND,SUB-EVENT,_MatMul_5_post_reshape:OpId_149 (cycles)
3631739914,EXECUTE,0,CYCLES,BACKEND,SUB-EVENT,_MatMul_5_output_0_nfc:OpId_151 (cycles)
3631739914,EXECUTE,85920,CYCLES,BACKEND,SUB-EVENT,_Add_7:OpId_153 (cycles)
3631739914,EXECUTE,240,CYCLES,BACKEND,SUB-EVENT,_Add_7_output_0_ncf:OpId_156 (cycles)
3631739914,EXECUTE,4800,CYCLES,BACKEND,SUB-EVENT,rms_norm__Mul_11_output_0:OpId_161 (cycles)
3631739914,EXECUTE,0,CYCLES,BACKEND,SUB-EVENT,_MatMul_6:OpId_165 (cycles)
3631739914,EXECUTE,0,CYCLES,BACKEND,SUB-EVENT,_MatMul_6_post_reshape:OpId_168 (cycles)
3631739914,EXECUTE,301524,CYCLES,BACKEND,SUB-EVENT,_MatMul_7:OpId_170 (cycles)
3631739914,EXECUTE,0,CYCLES,BACKEND,SUB-EVENT,_MatMul_7_post_reshape:OpId_173 (cycles)
3631739914,EXECUTE,0,CYCLES,BACKEND,SUB-EVENT,_Sigmoid:OpId_174 (cycles)
3631739914,EXECUTE,260591,CYCLES,BACKEND,SUB-EVENT,_Mul_12:OpId_181 (cycles)
3631739914,EXECUTE,40025,CYCLES,BACKEND,SUB-EVENT,_Mul_13:OpId_183 (cycles)
3631739914,EXECUTE,405907,CYCLES,BACKEND,SUB-EVENT,_MatMul_8:OpId_186 (cycles)
3631739914,EXECUTE,0,CYCLES,BACKEND,SUB-EVENT,_MatMul_8_post_reshape:OpId_189 (cycles)
3631739914,EXECUTE,0,CYCLES,BACKEND,SUB-EVENT,_MatMul_8_output_0_nfc:OpId_191 (cycles)
3631739914,EXECUTE,14974,CYCLES,BACKEND,SUB-EVENT,_Add_9:OpId_193 (cycles)
3631739914,EXECUTE,29781,CYCLES,BACKEND,SUB-EVENT,Output OpId_3 (cycles)
3631739914,EXECUTE,3862,US,BACKEND,ROOT,Accelerator (execute) time
3631739914,EXECUTE,3734,US,BACKEND,ROOT,Accelerator (execute excluding wait) time
3631739914,EXECUTE,11050,US,BACKEND,ROOT,QNN (execute) time
3631751611,EXECUTE IPS,44.802666,INF/SEC,NETRUN,ROOT,null
