input log file location, qnn_custom_ops/matmul_qhpi_hvx_8row_fp32_store_multithread/device_output_tile_cache/qnn-profiling-data_0.log
qnn-profile-viewer version, v2.47.0.260601114230
qnn-net-run version, v2.47.0.260601114230
Backend version, v2.47.0.260601114230
Msg Timestamp, Message, Time, Unit of Measurement, Timing Source, Event Level, Event Identifier
2741681352,INIT,68070,US,NETRUN,ROOT,null
2741731929,COMPOSE GRAPHS,49809,US,NETRUN,ROOT,null
2741746845,FINALIZE,14562,US,NETRUN,ROOT,Graph 0: matMulQhpiHvxFp16Graph
2741746845,FINALIZE,2736,US,BACKEND,ROOT,RPC (finalize) time
2741746845,FINALIZE,2319,US,BACKEND,ROOT,QNN accelerator (finalize) time
2741746845,FINALIZE,2183,US,BACKEND,ROOT,Accelerator (finalize) time
2741746845,FINALIZE,14534,US,BACKEND,ROOT,QNN (finalize) time
2741746845,FINALIZE,320,US,BACKEND,SUB-EVENT,Graph Preparation Initializing
2741746845,FINALIZE,3200,US,BACKEND,SUB-EVENT,Graph Optimizations
2741746845,FINALIZE,333,US,BACKEND,SUB-EVENT,Post Graph Optimization
2741746845,FINALIZE,1960,US,BACKEND,SUB-EVENT,Graph Sequencing for Target
2741746845,FINALIZE,142,US,BACKEND,SUB-EVENT,VTCM Allocation
2741746845,FINALIZE,25,US,BACKEND,SUB-EVENT,Parallelization Optimization
2741746845,FINALIZE,124,US,BACKEND,SUB-EVENT,Finalizing Graph Sequence
2741746845,FINALIZE,13,US,BACKEND,SUB-EVENT,Completion
2742041960,DE-INIT,27082,US,NETRUN,ROOT,null
2742041960,DE-INIT,5644,US,BACKEND,ROOT,RPC (deinit) time
2742041960,DE-INIT,4298,US,BACKEND,ROOT,QNN Accelerator (deinit) time
2742041960,DE-INIT,4177,US,BACKEND,ROOT,Accelerator (deinit) time
2742041960,DE-INIT,27021,US,BACKEND,ROOT,QNN (deinit) time
2741755802,EXECUTE,6431,US,NETRUN,ROOT,Graph 0: matMulQhpiHvxFp16Graph
2741755802,EXECUTE,4,COUNT,BACKEND,ROOT,Number of HVX threads used
2741755802,EXECUTE,6169,US,BACKEND,ROOT,RPC (execute) time
2741755802,EXECUTE,5393,US,BACKEND,ROOT,QNN accelerator (execute) time
2741755802,EXECUTE,0,COUNT,BACKEND,ROOT,Num times yield occured
2741755802,EXECUTE,3046,US,BACKEND,ROOT,Time for initial VTCM acquire
2741755802,EXECUTE,47011,US,BACKEND,ROOT,Time for HVX + HMX power on and acquire
2741755802,EXECUTE,774319,CYCLES,BACKEND,ROOT,Accelerator (execute) time (cycles)
2741755802,EXECUTE,8822,CYCLES,BACKEND,SUB-EVENT,Input OpId_2 (cycles)
2741755802,EXECUTE,10918,CYCLES,BACKEND,SUB-EVENT,CastLhsToFp16_0:OpId_16 (cycles)
2741755802,EXECUTE,13038,CYCLES,BACKEND,SUB-EVENT,CastRhsToFp16_0:OpId_17 (cycles)
2741755802,EXECUTE,736980,CYCLES,BACKEND,SUB-EVENT,MatMulQhpiHvx8RowFp32StoreMultithread_0:OpId_18 (cycles)
2741755802,EXECUTE,4561,CYCLES,BACKEND,SUB-EVENT,Output OpId_3 (cycles)
2741755802,EXECUTE,4821,US,BACKEND,ROOT,Accelerator (execute) time
2741755802,EXECUTE,1084,US,BACKEND,ROOT,Accelerator (execute excluding wait) time
2741755802,EXECUTE,6360,US,BACKEND,ROOT,QNN (execute) time
2741764807,EXECUTE,4549,US,NETRUN,ROOT,Graph 0: matMulQhpiHvxFp16Graph
2741764807,EXECUTE,4,COUNT,BACKEND,ROOT,Number of HVX threads used
2741764807,EXECUTE,4194,US,BACKEND,ROOT,RPC (execute) time
2741764807,EXECUTE,3204,US,BACKEND,ROOT,QNN accelerator (execute) time
2741764807,EXECUTE,0,COUNT,BACKEND,ROOT,Num times yield occured
2741764807,EXECUTE,7151,US,BACKEND,ROOT,Time for initial VTCM acquire
2741764807,EXECUTE,4773,US,BACKEND,ROOT,Time for HVX + HMX power on and acquire
2741764807,EXECUTE,747048,CYCLES,BACKEND,ROOT,Accelerator (execute) time (cycles)
2741764807,EXECUTE,7516,CYCLES,BACKEND,SUB-EVENT,Input OpId_2 (cycles)
2741764807,EXECUTE,7670,CYCLES,BACKEND,SUB-EVENT,CastLhsToFp16_0:OpId_16 (cycles)
2741764807,EXECUTE,12954,CYCLES,BACKEND,SUB-EVENT,CastRhsToFp16_0:OpId_17 (cycles)
2741764807,EXECUTE,714853,CYCLES,BACKEND,SUB-EVENT,MatMulQhpiHvx8RowFp32StoreMultithread_0:OpId_18 (cycles)
2741764807,EXECUTE,4055,CYCLES,BACKEND,SUB-EVENT,Output OpId_3 (cycles)
2741764807,EXECUTE,2867,US,BACKEND,ROOT,Accelerator (execute) time
2741764807,EXECUTE,1051,US,BACKEND,ROOT,Accelerator (execute excluding wait) time
2741764807,EXECUTE,4429,US,BACKEND,ROOT,QNN (execute) time
2741774054,EXECUTE,4400,US,NETRUN,ROOT,Graph 0: matMulQhpiHvxFp16Graph
2741774054,EXECUTE,4,COUNT,BACKEND,ROOT,Number of HVX threads used
2741774054,EXECUTE,4064,US,BACKEND,ROOT,RPC (execute) time
2741774054,EXECUTE,3160,US,BACKEND,ROOT,QNN accelerator (execute) time
2741774054,EXECUTE,0,COUNT,BACKEND,ROOT,Num times yield occured
2741774054,EXECUTE,7241,US,BACKEND,ROOT,Time for initial VTCM acquire
2741774054,EXECUTE,4761,US,BACKEND,ROOT,Time for HVX + HMX power on and acquire
2741774054,EXECUTE,728846,CYCLES,BACKEND,ROOT,Accelerator (execute) time (cycles)
2741774054,EXECUTE,7629,CYCLES,BACKEND,SUB-EVENT,Input OpId_2 (cycles)
2741774054,EXECUTE,6843,CYCLES,BACKEND,SUB-EVENT,CastLhsToFp16_0:OpId_16 (cycles)
2741774054,EXECUTE,12722,CYCLES,BACKEND,SUB-EVENT,CastRhsToFp16_0:OpId_17 (cycles)
2741774054,EXECUTE,698134,CYCLES,BACKEND,SUB-EVENT,MatMulQhpiHvx8RowFp32StoreMultithread_0:OpId_18 (cycles)
2741774054,EXECUTE,3518,CYCLES,BACKEND,SUB-EVENT,Output OpId_3 (cycles)
2741774054,EXECUTE,2840,US,BACKEND,ROOT,Accelerator (execute) time
2741774054,EXECUTE,1045,US,BACKEND,ROOT,Accelerator (execute excluding wait) time
2741774054,EXECUTE,4273,US,BACKEND,ROOT,QNN (execute) time
2741784942,EXECUTE,4401,US,NETRUN,ROOT,Graph 0: matMulQhpiHvxFp16Graph
2741784942,EXECUTE,4,COUNT,BACKEND,ROOT,Number of HVX threads used
2741784942,EXECUTE,4044,US,BACKEND,ROOT,RPC (execute) time
2741784942,EXECUTE,3141,US,BACKEND,ROOT,QNN accelerator (execute) time
2741784942,EXECUTE,0,COUNT,BACKEND,ROOT,Num times yield occured
2741784942,EXECUTE,6948,US,BACKEND,ROOT,Time for initial VTCM acquire
2741784942,EXECUTE,4721,US,BACKEND,ROOT,Time for HVX + HMX power on and acquire
2741784942,EXECUTE,742958,CYCLES,BACKEND,ROOT,Accelerator (execute) time (cycles)
2741784942,EXECUTE,7214,CYCLES,BACKEND,SUB-EVENT,Input OpId_2 (cycles)
2741784942,EXECUTE,6872,CYCLES,BACKEND,SUB-EVENT,CastLhsToFp16_0:OpId_16 (cycles)
2741784942,EXECUTE,12712,CYCLES,BACKEND,SUB-EVENT,CastRhsToFp16_0:OpId_17 (cycles)
2741784942,EXECUTE,712769,CYCLES,BACKEND,SUB-EVENT,MatMulQhpiHvx8RowFp32StoreMultithread_0:OpId_18 (cycles)
2741784942,EXECUTE,3391,CYCLES,BACKEND,SUB-EVENT,Output OpId_3 (cycles)
2741784942,EXECUTE,2817,US,BACKEND,ROOT,Accelerator (execute) time
2741784942,EXECUTE,1049,US,BACKEND,ROOT,Accelerator (execute excluding wait) time
2741784942,EXECUTE,4262,US,BACKEND,ROOT,QNN (execute) time
2741798057,EXECUTE,4459,US,NETRUN,ROOT,Graph 0: matMulQhpiHvxFp16Graph
2741798057,EXECUTE,4,COUNT,BACKEND,ROOT,Number of HVX threads used
2741798057,EXECUTE,4079,US,BACKEND,ROOT,RPC (execute) time
2741798057,EXECUTE,3105,US,BACKEND,ROOT,QNN accelerator (execute) time
2741798057,EXECUTE,0,COUNT,BACKEND,ROOT,Num times yield occured
2741798057,EXECUTE,7077,US,BACKEND,ROOT,Time for initial VTCM acquire
2741798057,EXECUTE,4665,US,BACKEND,ROOT,Time for HVX + HMX power on and acquire
2741798057,EXECUTE,739261,CYCLES,BACKEND,ROOT,Accelerator (execute) time (cycles)
2741798057,EXECUTE,7244,CYCLES,BACKEND,SUB-EVENT,Input OpId_2 (cycles)
2741798057,EXECUTE,6869,CYCLES,BACKEND,SUB-EVENT,CastLhsToFp16_0:OpId_16 (cycles)
2741798057,EXECUTE,12997,CYCLES,BACKEND,SUB-EVENT,CastRhsToFp16_0:OpId_17 (cycles)
2741798057,EXECUTE,708918,CYCLES,BACKEND,SUB-EVENT,MatMulQhpiHvx8RowFp32StoreMultithread_0:OpId_18 (cycles)
2741798057,EXECUTE,3233,CYCLES,BACKEND,SUB-EVENT,Output OpId_3 (cycles)
2741798057,EXECUTE,2785,US,BACKEND,ROOT,Accelerator (execute) time
2741798057,EXECUTE,1031,US,BACKEND,ROOT,Accelerator (execute excluding wait) time
2741798057,EXECUTE,4324,US,BACKEND,ROOT,QNN (execute) time
2741811341,EXECUTE,4541,US,NETRUN,ROOT,Graph 0: matMulQhpiHvxFp16Graph
2741811341,EXECUTE,4,COUNT,BACKEND,ROOT,Number of HVX threads used
2741811341,EXECUTE,4075,US,BACKEND,ROOT,RPC (execute) time
2741811341,EXECUTE,3145,US,BACKEND,ROOT,QNN accelerator (execute) time
2741811341,EXECUTE,0,COUNT,BACKEND,ROOT,Num times yield occured
2741811341,EXECUTE,7250,US,BACKEND,ROOT,Time for initial VTCM acquire
2741811341,EXECUTE,4609,US,BACKEND,ROOT,Time for HVX + HMX power on and acquire
2741811341,EXECUTE,735614,CYCLES,BACKEND,ROOT,Accelerator (execute) time (cycles)
2741811341,EXECUTE,7987,CYCLES,BACKEND,SUB-EVENT,Input OpId_2 (cycles)
2741811341,EXECUTE,6846,CYCLES,BACKEND,SUB-EVENT,CastLhsToFp16_0:OpId_16 (cycles)
2741811341,EXECUTE,12695,CYCLES,BACKEND,SUB-EVENT,CastRhsToFp16_0:OpId_17 (cycles)
2741811341,EXECUTE,704827,CYCLES,BACKEND,SUB-EVENT,MatMulQhpiHvx8RowFp32StoreMultithread_0:OpId_18 (cycles)
2741811341,EXECUTE,3259,CYCLES,BACKEND,SUB-EVENT,Output OpId_3 (cycles)
2741811341,EXECUTE,2816,US,BACKEND,ROOT,Accelerator (execute) time
2741811341,EXECUTE,1042,US,BACKEND,ROOT,Accelerator (execute excluding wait) time
2741811341,EXECUTE,4355,US,BACKEND,ROOT,QNN (execute) time
2741825106,EXECUTE,4558,US,NETRUN,ROOT,Graph 0: matMulQhpiHvxFp16Graph
2741825106,EXECUTE,4,COUNT,BACKEND,ROOT,Number of HVX threads used
2741825106,EXECUTE,4316,US,BACKEND,ROOT,RPC (execute) time
2741825106,EXECUTE,3224,US,BACKEND,ROOT,QNN accelerator (execute) time
2741825106,EXECUTE,0,COUNT,BACKEND,ROOT,Num times yield occured
2741825106,EXECUTE,6944,US,BACKEND,ROOT,Time for initial VTCM acquire
2741825106,EXECUTE,4814,US,BACKEND,ROOT,Time for HVX + HMX power on and acquire
2741825106,EXECUTE,771002,CYCLES,BACKEND,ROOT,Accelerator (execute) time (cycles)
2741825106,EXECUTE,18068,CYCLES,BACKEND,SUB-EVENT,Input OpId_2 (cycles)
2741825106,EXECUTE,6825,CYCLES,BACKEND,SUB-EVENT,CastLhsToFp16_0:OpId_16 (cycles)
2741825106,EXECUTE,12306,CYCLES,BACKEND,SUB-EVENT,CastRhsToFp16_0:OpId_17 (cycles)
2741825106,EXECUTE,727854,CYCLES,BACKEND,SUB-EVENT,MatMulQhpiHvx8RowFp32StoreMultithread_0:OpId_18 (cycles)
2741825106,EXECUTE,5949,CYCLES,BACKEND,SUB-EVENT,Output OpId_3 (cycles)
2741825106,EXECUTE,2877,US,BACKEND,ROOT,Accelerator (execute) time
2741825106,EXECUTE,1107,US,BACKEND,ROOT,Accelerator (execute excluding wait) time
2741825106,EXECUTE,4517,US,BACKEND,ROOT,QNN (execute) time
2741838667,EXECUTE,4761,US,NETRUN,ROOT,Graph 0: matMulQhpiHvxFp16Graph
2741838667,EXECUTE,4,COUNT,BACKEND,ROOT,Number of HVX threads used
2741838667,EXECUTE,4381,US,BACKEND,ROOT,RPC (execute) time
2741838667,EXECUTE,3226,US,BACKEND,ROOT,QNN accelerator (execute) time
2741838667,EXECUTE,0,COUNT,BACKEND,ROOT,Num times yield occured
2741838667,EXECUTE,7481,US,BACKEND,ROOT,Time for initial VTCM acquire
2741838667,EXECUTE,4636,US,BACKEND,ROOT,Time for HVX + HMX power on and acquire
2741838667,EXECUTE,750919,CYCLES,BACKEND,ROOT,Accelerator (execute) time (cycles)
2741838667,EXECUTE,18234,CYCLES,BACKEND,SUB-EVENT,Input OpId_2 (cycles)
2741838667,EXECUTE,6842,CYCLES,BACKEND,SUB-EVENT,CastLhsToFp16_0:OpId_16 (cycles)
2741838667,EXECUTE,12309,CYCLES,BACKEND,SUB-EVENT,CastRhsToFp16_0:OpId_17 (cycles)
2741838667,EXECUTE,707406,CYCLES,BACKEND,SUB-EVENT,MatMulQhpiHvx8RowFp32StoreMultithread_0:OpId_18 (cycles)
2741838667,EXECUTE,6128,CYCLES,BACKEND,SUB-EVENT,Output OpId_3 (cycles)
2741838667,EXECUTE,2893,US,BACKEND,ROOT,Accelerator (execute) time
2741838667,EXECUTE,1094,US,BACKEND,ROOT,Accelerator (execute excluding wait) time
2741838667,EXECUTE,4685,US,BACKEND,ROOT,QNN (execute) time
2741855820,EXECUTE,4306,US,NETRUN,ROOT,Graph 0: matMulQhpiHvxFp16Graph
2741855820,EXECUTE,4,COUNT,BACKEND,ROOT,Number of HVX threads used
2741855820,EXECUTE,4009,US,BACKEND,ROOT,RPC (execute) time
2741855820,EXECUTE,3115,US,BACKEND,ROOT,QNN accelerator (execute) time
2741855820,EXECUTE,0,COUNT,BACKEND,ROOT,Num times yield occured
2741855820,EXECUTE,7149,US,BACKEND,ROOT,Time for initial VTCM acquire
2741855820,EXECUTE,4638,US,BACKEND,ROOT,Time for HVX + HMX power on and acquire
2741855820,EXECUTE,728311,CYCLES,BACKEND,ROOT,Accelerator (execute) time (cycles)
2741855820,EXECUTE,7299,CYCLES,BACKEND,SUB-EVENT,Input OpId_2 (cycles)
2741855820,EXECUTE,7287,CYCLES,BACKEND,SUB-EVENT,CastLhsToFp16_0:OpId_16 (cycles)
2741855820,EXECUTE,12713,CYCLES,BACKEND,SUB-EVENT,CastRhsToFp16_0:OpId_17 (cycles)
2741855820,EXECUTE,697797,CYCLES,BACKEND,SUB-EVENT,MatMulQhpiHvx8RowFp32StoreMultithread_0:OpId_18 (cycles)
2741855820,EXECUTE,3215,CYCLES,BACKEND,SUB-EVENT,Output OpId_3 (cycles)
2741855820,EXECUTE,2798,US,BACKEND,ROOT,Accelerator (execute) time
2741855820,EXECUTE,1039,US,BACKEND,ROOT,Accelerator (execute excluding wait) time
2741855820,EXECUTE,4252,US,BACKEND,ROOT,QNN (execute) time
2741870042,EXECUTE,4194,US,NETRUN,ROOT,Graph 0: matMulQhpiHvxFp16Graph
2741870042,EXECUTE,4,COUNT,BACKEND,ROOT,Number of HVX threads used
2741870042,EXECUTE,4038,US,BACKEND,ROOT,RPC (execute) time
2741870042,EXECUTE,3144,US,BACKEND,ROOT,QNN accelerator (execute) time
2741870042,EXECUTE,0,COUNT,BACKEND,ROOT,Num times yield occured
2741870042,EXECUTE,7120,US,BACKEND,ROOT,Time for initial VTCM acquire
2741870042,EXECUTE,4664,US,BACKEND,ROOT,Time for HVX + HMX power on and acquire
2741870042,EXECUTE,737242,CYCLES,BACKEND,ROOT,Accelerator (execute) time (cycles)
2741870042,EXECUTE,7241,CYCLES,BACKEND,SUB-EVENT,Input OpId_2 (cycles)
2741870042,EXECUTE,6863,CYCLES,BACKEND,SUB-EVENT,CastLhsToFp16_0:OpId_16 (cycles)
2741870042,EXECUTE,12733,CYCLES,BACKEND,SUB-EVENT,CastRhsToFp16_0:OpId_17 (cycles)
2741870042,EXECUTE,707166,CYCLES,BACKEND,SUB-EVENT,MatMulQhpiHvx8RowFp32StoreMultithread_0:OpId_18 (cycles)
2741870042,EXECUTE,3239,CYCLES,BACKEND,SUB-EVENT,Output OpId_3 (cycles)
2741870042,EXECUTE,2833,US,BACKEND,ROOT,Accelerator (execute) time
2741870042,EXECUTE,1040,US,BACKEND,ROOT,Accelerator (execute excluding wait) time
2741870042,EXECUTE,4167,US,BACKEND,ROOT,QNN (execute) time
2741881203,EXECUTE,4268,US,NETRUN,ROOT,Graph 0: matMulQhpiHvxFp16Graph
2741881203,EXECUTE,4,COUNT,BACKEND,ROOT,Number of HVX threads used
2741881203,EXECUTE,4075,US,BACKEND,ROOT,RPC (execute) time
2741881203,EXECUTE,3171,US,BACKEND,ROOT,QNN accelerator (execute) time
2741881203,EXECUTE,0,COUNT,BACKEND,ROOT,Num times yield occured
2741881203,EXECUTE,7229,US,BACKEND,ROOT,Time for initial VTCM acquire
2741881203,EXECUTE,4714,US,BACKEND,ROOT,Time for HVX + HMX power on and acquire
2741881203,EXECUTE,746426,CYCLES,BACKEND,ROOT,Accelerator (execute) time (cycles)
2741881203,EXECUTE,8345,CYCLES,BACKEND,SUB-EVENT,Input OpId_2 (cycles)
2741881203,EXECUTE,6862,CYCLES,BACKEND,SUB-EVENT,CastLhsToFp16_0:OpId_16 (cycles)
2741881203,EXECUTE,12682,CYCLES,BACKEND,SUB-EVENT,CastRhsToFp16_0:OpId_17 (cycles)
2741881203,EXECUTE,715410,CYCLES,BACKEND,SUB-EVENT,MatMulQhpiHvx8RowFp32StoreMultithread_0:OpId_18 (cycles)
2741881203,EXECUTE,3127,CYCLES,BACKEND,SUB-EVENT,Output OpId_3 (cycles)
2741881203,EXECUTE,2862,US,BACKEND,ROOT,Accelerator (execute) time
2741881203,EXECUTE,1059,US,BACKEND,ROOT,Accelerator (execute excluding wait) time
2741881203,EXECUTE,4239,US,BACKEND,ROOT,QNN (execute) time
2741893841,EXECUTE,4264,US,NETRUN,ROOT,Graph 0: matMulQhpiHvxFp16Graph
2741893841,EXECUTE,4,COUNT,BACKEND,ROOT,Number of HVX threads used
2741893841,EXECUTE,4081,US,BACKEND,ROOT,RPC (execute) time
2741893841,EXECUTE,3182,US,BACKEND,ROOT,QNN accelerator (execute) time
2741893841,EXECUTE,0,COUNT,BACKEND,ROOT,Num times yield occured
2741893841,EXECUTE,7062,US,BACKEND,ROOT,Time for initial VTCM acquire
2741893841,EXECUTE,4757,US,BACKEND,ROOT,Time for HVX + HMX power on and acquire
2741893841,EXECUTE,746614,CYCLES,BACKEND,ROOT,Accelerator (execute) time (cycles)
2741893841,EXECUTE,8738,CYCLES,BACKEND,SUB-EVENT,Input OpId_2 (cycles)
2741893841,EXECUTE,6888,CYCLES,BACKEND,SUB-EVENT,CastLhsToFp16_0:OpId_16 (cycles)
2741893841,EXECUTE,12703,CYCLES,BACKEND,SUB-EVENT,CastRhsToFp16_0:OpId_17 (cycles)
2741893841,EXECUTE,714229,CYCLES,BACKEND,SUB-EVENT,MatMulQhpiHvx8RowFp32StoreMultithread_0:OpId_18 (cycles)
2741893841,EXECUTE,4056,CYCLES,BACKEND,SUB-EVENT,Output OpId_3 (cycles)
2741893841,EXECUTE,2855,US,BACKEND,ROOT,Accelerator (execute) time
2741893841,EXECUTE,1038,US,BACKEND,ROOT,Accelerator (execute excluding wait) time
2741893841,EXECUTE,4236,US,BACKEND,ROOT,QNN (execute) time
2741905150,EXECUTE,4319,US,NETRUN,ROOT,Graph 0: matMulQhpiHvxFp16Graph
2741905150,EXECUTE,4,COUNT,BACKEND,ROOT,Number of HVX threads used
2741905150,EXECUTE,4124,US,BACKEND,ROOT,RPC (execute) time
2741905150,EXECUTE,3209,US,BACKEND,ROOT,QNN accelerator (execute) time
2741905150,EXECUTE,0,COUNT,BACKEND,ROOT,Num times yield occured
2741905150,EXECUTE,6995,US,BACKEND,ROOT,Time for initial VTCM acquire
2741905150,EXECUTE,4701,US,BACKEND,ROOT,Time for HVX + HMX power on and acquire
2741905150,EXECUTE,758249,CYCLES,BACKEND,ROOT,Accelerator (execute) time (cycles)
2741905150,EXECUTE,18056,CYCLES,BACKEND,SUB-EVENT,Input OpId_2 (cycles)
2741905150,EXECUTE,9253,CYCLES,BACKEND,SUB-EVENT,CastLhsToFp16_0:OpId_16 (cycles)
2741905150,EXECUTE,12682,CYCLES,BACKEND,SUB-EVENT,CastRhsToFp16_0:OpId_17 (cycles)
2741905150,EXECUTE,712518,CYCLES,BACKEND,SUB-EVENT,MatMulQhpiHvx8RowFp32StoreMultithread_0:OpId_18 (cycles)
2741905150,EXECUTE,5740,CYCLES,BACKEND,SUB-EVENT,Output OpId_3 (cycles)
2741905150,EXECUTE,2864,US,BACKEND,ROOT,Accelerator (execute) time
2741905150,EXECUTE,1083,US,BACKEND,ROOT,Accelerator (execute excluding wait) time
2741905150,EXECUTE,4288,US,BACKEND,ROOT,QNN (execute) time
2741916685,EXECUTE,4333,US,NETRUN,ROOT,Graph 0: matMulQhpiHvxFp16Graph
2741916685,EXECUTE,4,COUNT,BACKEND,ROOT,Number of HVX threads used
2741916685,EXECUTE,4141,US,BACKEND,ROOT,RPC (execute) time
2741916685,EXECUTE,3224,US,BACKEND,ROOT,QNN accelerator (execute) time
2741916685,EXECUTE,0,COUNT,BACKEND,ROOT,Num times yield occured
2741916685,EXECUTE,7184,US,BACKEND,ROOT,Time for initial VTCM acquire
2741916685,EXECUTE,4838,US,BACKEND,ROOT,Time for HVX + HMX power on and acquire
2741916685,EXECUTE,747202,CYCLES,BACKEND,ROOT,Accelerator (execute) time (cycles)
2741916685,EXECUTE,18033,CYCLES,BACKEND,SUB-EVENT,Input OpId_2 (cycles)
2741916685,EXECUTE,6827,CYCLES,BACKEND,SUB-EVENT,CastLhsToFp16_0:OpId_16 (cycles)
2741916685,EXECUTE,12321,CYCLES,BACKEND,SUB-EVENT,CastRhsToFp16_0:OpId_17 (cycles)
2741916685,EXECUTE,704147,CYCLES,BACKEND,SUB-EVENT,MatMulQhpiHvx8RowFp32StoreMultithread_0:OpId_18 (cycles)
2741916685,EXECUTE,5874,CYCLES,BACKEND,SUB-EVENT,Output OpId_3 (cycles)
2741916685,EXECUTE,2877,US,BACKEND,ROOT,Accelerator (execute) time
2741916685,EXECUTE,1087,US,BACKEND,ROOT,Accelerator (execute excluding wait) time
2741916685,EXECUTE,4303,US,BACKEND,ROOT,QNN (execute) time
2741928636,EXECUTE,4469,US,NETRUN,ROOT,Graph 0: matMulQhpiHvxFp16Graph
2741928636,EXECUTE,4,COUNT,BACKEND,ROOT,Number of HVX threads used
2741928636,EXECUTE,4179,US,BACKEND,ROOT,RPC (execute) time
2741928636,EXECUTE,3248,US,BACKEND,ROOT,QNN accelerator (execute) time
2741928636,EXECUTE,0,COUNT,BACKEND,ROOT,Num times yield occured
2741928636,EXECUTE,7109,US,BACKEND,ROOT,Time for initial VTCM acquire
2741928636,EXECUTE,4682,US,BACKEND,ROOT,Time for HVX + HMX power on and acquire
2741928636,EXECUTE,752113,CYCLES,BACKEND,ROOT,Accelerator (execute) time (cycles)
2741928636,EXECUTE,17877,CYCLES,BACKEND,SUB-EVENT,Input OpId_2 (cycles)
2741928636,EXECUTE,8077,CYCLES,BACKEND,SUB-EVENT,CastLhsToFp16_0:OpId_16 (cycles)
2741928636,EXECUTE,12973,CYCLES,BACKEND,SUB-EVENT,CastRhsToFp16_0:OpId_17 (cycles)
2741928636,EXECUTE,707312,CYCLES,BACKEND,SUB-EVENT,MatMulQhpiHvx8RowFp32StoreMultithread_0:OpId_18 (cycles)
2741928636,EXECUTE,5874,CYCLES,BACKEND,SUB-EVENT,Output OpId_3 (cycles)
2741928636,EXECUTE,2900,US,BACKEND,ROOT,Accelerator (execute) time
2741928636,EXECUTE,1079,US,BACKEND,ROOT,Accelerator (execute excluding wait) time
2741928636,EXECUTE,4436,US,BACKEND,ROOT,QNN (execute) time
2741943430,EXECUTE,4437,US,NETRUN,ROOT,Graph 0: matMulQhpiHvxFp16Graph
2741943430,EXECUTE,4,COUNT,BACKEND,ROOT,Number of HVX threads used
2741943430,EXECUTE,4176,US,BACKEND,ROOT,RPC (execute) time
2741943430,EXECUTE,3217,US,BACKEND,ROOT,QNN accelerator (execute) time
2741943430,EXECUTE,0,COUNT,BACKEND,ROOT,Num times yield occured
2741943430,EXECUTE,7002,US,BACKEND,ROOT,Time for initial VTCM acquire
2741943430,EXECUTE,4823,US,BACKEND,ROOT,Time for HVX + HMX power on and acquire
2741943430,EXECUTE,752926,CYCLES,BACKEND,ROOT,Accelerator (execute) time (cycles)
2741943430,EXECUTE,17908,CYCLES,BACKEND,SUB-EVENT,Input OpId_2 (cycles)
2741943430,EXECUTE,6824,CYCLES,BACKEND,SUB-EVENT,CastLhsToFp16_0:OpId_16 (cycles)
2741943430,EXECUTE,13011,CYCLES,BACKEND,SUB-EVENT,CastRhsToFp16_0:OpId_17 (cycles)
2741943430,EXECUTE,708626,CYCLES,BACKEND,SUB-EVENT,MatMulQhpiHvx8RowFp32StoreMultithread_0:OpId_18 (cycles)
2741943430,EXECUTE,6557,CYCLES,BACKEND,SUB-EVENT,Output OpId_3 (cycles)
2741943430,EXECUTE,2858,US,BACKEND,ROOT,Accelerator (execute) time
2741943430,EXECUTE,1090,US,BACKEND,ROOT,Accelerator (execute excluding wait) time
2741943430,EXECUTE,4394,US,BACKEND,ROOT,QNN (execute) time
2741958435,EXECUTE,4394,US,NETRUN,ROOT,Graph 0: matMulQhpiHvxFp16Graph
2741958435,EXECUTE,4,COUNT,BACKEND,ROOT,Number of HVX threads used
2741958435,EXECUTE,4132,US,BACKEND,ROOT,RPC (execute) time
2741958435,EXECUTE,3214,US,BACKEND,ROOT,QNN accelerator (execute) time
2741958435,EXECUTE,0,COUNT,BACKEND,ROOT,Num times yield occured
2741958435,EXECUTE,7225,US,BACKEND,ROOT,Time for initial VTCM acquire
2741958435,EXECUTE,4828,US,BACKEND,ROOT,Time for HVX + HMX power on and acquire
2741958435,EXECUTE,749023,CYCLES,BACKEND,ROOT,Accelerator (execute) time (cycles)
2741958435,EXECUTE,13243,CYCLES,BACKEND,SUB-EVENT,Input OpId_2 (cycles)
2741958435,EXECUTE,6847,CYCLES,BACKEND,SUB-EVENT,CastLhsToFp16_0:OpId_16 (cycles)
2741958435,EXECUTE,12310,CYCLES,BACKEND,SUB-EVENT,CastRhsToFp16_0:OpId_17 (cycles)
2741958435,EXECUTE,711800,CYCLES,BACKEND,SUB-EVENT,MatMulQhpiHvx8RowFp32StoreMultithread_0:OpId_18 (cycles)
2741958435,EXECUTE,4823,CYCLES,BACKEND,SUB-EVENT,Output OpId_3 (cycles)
2741958435,EXECUTE,2880,US,BACKEND,ROOT,Accelerator (execute) time
2741958435,EXECUTE,1061,US,BACKEND,ROOT,Accelerator (execute excluding wait) time
2741958435,EXECUTE,4350,US,BACKEND,ROOT,QNN (execute) time
2741973570,EXECUTE,4485,US,NETRUN,ROOT,Graph 0: matMulQhpiHvxFp16Graph
2741973570,EXECUTE,4,COUNT,BACKEND,ROOT,Number of HVX threads used
2741973570,EXECUTE,4200,US,BACKEND,ROOT,RPC (execute) time
2741973570,EXECUTE,3243,US,BACKEND,ROOT,QNN accelerator (execute) time
2741973570,EXECUTE,0,COUNT,BACKEND,ROOT,Num times yield occured
2741973570,EXECUTE,7040,US,BACKEND,ROOT,Time for initial VTCM acquire
2741973570,EXECUTE,4795,US,BACKEND,ROOT,Time for HVX + HMX power on and acquire
2741973570,EXECUTE,750319,CYCLES,BACKEND,ROOT,Accelerator (execute) time (cycles)
2741973570,EXECUTE,17782,CYCLES,BACKEND,SUB-EVENT,Input OpId_2 (cycles)
2741973570,EXECUTE,6844,CYCLES,BACKEND,SUB-EVENT,CastLhsToFp16_0:OpId_16 (cycles)
2741973570,EXECUTE,12308,CYCLES,BACKEND,SUB-EVENT,CastRhsToFp16_0:OpId_17 (cycles)
2741973570,EXECUTE,707377,CYCLES,BACKEND,SUB-EVENT,MatMulQhpiHvx8RowFp32StoreMultithread_0:OpId_18 (cycles)
2741973570,EXECUTE,6008,CYCLES,BACKEND,SUB-EVENT,Output OpId_3 (cycles)
2741973570,EXECUTE,2891,US,BACKEND,ROOT,Accelerator (execute) time
2741973570,EXECUTE,1098,US,BACKEND,ROOT,Accelerator (execute excluding wait) time
2741973570,EXECUTE,4442,US,BACKEND,ROOT,QNN (execute) time
2741988480,EXECUTE,4453,US,NETRUN,ROOT,Graph 0: matMulQhpiHvxFp16Graph
2741988480,EXECUTE,4,COUNT,BACKEND,ROOT,Number of HVX threads used
2741988480,EXECUTE,4196,US,BACKEND,ROOT,RPC (execute) time
2741988480,EXECUTE,3191,US,BACKEND,ROOT,QNN accelerator (execute) time
2741988480,EXECUTE,0,COUNT,BACKEND,ROOT,Num times yield occured
2741988480,EXECUTE,7108,US,BACKEND,ROOT,Time for initial VTCM acquire
2741988480,EXECUTE,4627,US,BACKEND,ROOT,Time for HVX + HMX power on and acquire
2741988480,EXECUTE,755946,CYCLES,BACKEND,ROOT,Accelerator (execute) time (cycles)
2741988480,EXECUTE,17906,CYCLES,BACKEND,SUB-EVENT,Input OpId_2 (cycles)
2741988480,EXECUTE,8125,CYCLES,BACKEND,SUB-EVENT,CastLhsToFp16_0:OpId_16 (cycles)
2741988480,EXECUTE,12310,CYCLES,BACKEND,SUB-EVENT,CastRhsToFp16_0:OpId_17 (cycles)
2741988480,EXECUTE,711792,CYCLES,BACKEND,SUB-EVENT,MatMulQhpiHvx8RowFp32StoreMultithread_0:OpId_18 (cycles)
2741988480,EXECUTE,5813,CYCLES,BACKEND,SUB-EVENT,Output OpId_3 (cycles)
2741988480,EXECUTE,2847,US,BACKEND,ROOT,Accelerator (execute) time
2741988480,EXECUTE,1087,US,BACKEND,ROOT,Accelerator (execute excluding wait) time
2741988480,EXECUTE,4413,US,BACKEND,ROOT,QNN (execute) time
2742003638,EXECUTE,4466,US,NETRUN,ROOT,Graph 0: matMulQhpiHvxFp16Graph
2742003638,EXECUTE,4,COUNT,BACKEND,ROOT,Number of HVX threads used
2742003638,EXECUTE,4202,US,BACKEND,ROOT,RPC (execute) time
2742003638,EXECUTE,3227,US,BACKEND,ROOT,QNN accelerator (execute) time
2742003638,EXECUTE,0,COUNT,BACKEND,ROOT,Num times yield occured
2742003638,EXECUTE,7229,US,BACKEND,ROOT,Time for initial VTCM acquire
2742003638,EXECUTE,4623,US,BACKEND,ROOT,Time for HVX + HMX power on and acquire
2742003638,EXECUTE,744030,CYCLES,BACKEND,ROOT,Accelerator (execute) time (cycles)
2742003638,EXECUTE,17960,CYCLES,BACKEND,SUB-EVENT,Input OpId_2 (cycles)
2742003638,EXECUTE,6863,CYCLES,BACKEND,SUB-EVENT,CastLhsToFp16_0:OpId_16 (cycles)
2742003638,EXECUTE,12306,CYCLES,BACKEND,SUB-EVENT,CastRhsToFp16_0:OpId_17 (cycles)
2742003638,EXECUTE,700225,CYCLES,BACKEND,SUB-EVENT,MatMulQhpiHvx8RowFp32StoreMultithread_0:OpId_18 (cycles)
2742003638,EXECUTE,6676,CYCLES,BACKEND,SUB-EVENT,Output OpId_3 (cycles)
2742003638,EXECUTE,2878,US,BACKEND,ROOT,Accelerator (execute) time
2742003638,EXECUTE,1087,US,BACKEND,ROOT,Accelerator (execute excluding wait) time
2742003638,EXECUTE,4422,US,BACKEND,ROOT,QNN (execute) time
2742014063,EXECUTE IPS,77.969673,INF/SEC,NETRUN,ROOT,null
