input log file location, qwen_block_custom_qnn/device_output/old_value_cache_profile_same_window/qnn-profiling-data_0.log
qnn-profile-viewer version, v2.47.0.260601114230
qnn-net-run version, v2.47.0.260601114230
Backend version, v2.47.0.260601114230
Msg Timestamp, Message, Time, Unit of Measurement, Timing Source, Event Level, Event Identifier
8071678252,INIT,443058,US,NETRUN,ROOT,null
8071837352,COMPOSE GRAPHS,156959,US,NETRUN,ROOT,null
8072123656,FINALIZE,285966,US,NETRUN,ROOT,Graph 0: qwen2_0_5b_layer0_decode_past128_grouped_gqa_delta_kv
8072123656,FINALIZE,6088,US,BACKEND,ROOT,RPC (finalize) time
8072123656,FINALIZE,4794,US,BACKEND,ROOT,QNN accelerator (finalize) time
8072123656,FINALIZE,4682,US,BACKEND,ROOT,Accelerator (finalize) time
8072123656,FINALIZE,285931,US,BACKEND,ROOT,QNN (finalize) time
8072123656,FINALIZE,161,US,BACKEND,SUB-EVENT,Graph Preparation Initializing
8072123656,FINALIZE,229997,US,BACKEND,SUB-EVENT,Graph Optimizations
8072123656,FINALIZE,2017,US,BACKEND,SUB-EVENT,Post Graph Optimization
8072123656,FINALIZE,12252,US,BACKEND,SUB-EVENT,Graph Sequencing for Target
8072123656,FINALIZE,1513,US,BACKEND,SUB-EVENT,VTCM Allocation
8072123656,FINALIZE,983,US,BACKEND,SUB-EVENT,Parallelization Optimization
8072123656,FINALIZE,1414,US,BACKEND,SUB-EVENT,Finalizing Graph Sequence
8072123656,FINALIZE,55,US,BACKEND,SUB-EVENT,Completion
8072334130,DE-INIT,67756,US,NETRUN,ROOT,null
8072334130,DE-INIT,9034,US,BACKEND,ROOT,RPC (deinit) time
8072334130,DE-INIT,7691,US,BACKEND,ROOT,QNN Accelerator (deinit) time
8072334130,DE-INIT,7562,US,BACKEND,ROOT,Accelerator (deinit) time
8072334130,DE-INIT,67736,US,BACKEND,ROOT,QNN (deinit) time
8072143542,EXECUTE,19134,US,NETRUN,ROOT,Graph 0: qwen2_0_5b_layer0_decode_past128_grouped_gqa_delta_kv
8072143542,EXECUTE,4,COUNT,BACKEND,ROOT,Number of HVX threads used
8072143542,EXECUTE,18928,US,BACKEND,ROOT,RPC (execute) time
8072143542,EXECUTE,17062,US,BACKEND,ROOT,QNN accelerator (execute) time
8072143542,EXECUTE,0,COUNT,BACKEND,ROOT,Num times yield occured
8072143542,EXECUTE,721,US,BACKEND,ROOT,Time for initial VTCM acquire
8072143542,EXECUTE,33031,US,BACKEND,ROOT,Time for HVX + HMX power on and acquire
8072143542,EXECUTE,1190341,CYCLES,BACKEND,ROOT,Accelerator (execute) time (cycles)
8072143542,EXECUTE,19658,CYCLES,BACKEND,SUB-EVENT,Input OpId_2 (cycles)
8072143542,EXECUTE,3960,CYCLES,BACKEND,SUB-EVENT,hidden_states_ncf:OpId_17 (cycles)
8072143542,EXECUTE,16408,CYCLES,BACKEND,SUB-EVENT,past_value_nchw:OpId_20 (cycles)
8072143542,EXECUTE,5689,CYCLES,BACKEND,SUB-EVENT,rms_norm__Mul_1_output_0:OpId_24 (cycles)
8072143542,EXECUTE,34193,CYCLES,BACKEND,SUB-EVENT,_MatMul:OpId_29 (cycles)
8072143542,EXECUTE,0,CYCLES,BACKEND,SUB-EVENT,_MatMul_post_reshape:OpId_31 (cycles)
8072143542,EXECUTE,6162,CYCLES,BACKEND,SUB-EVENT,_MatMul_1:OpId_34 (cycles)
8072143542,EXECUTE,5216,CYCLES,BACKEND,SUB-EVENT,_MatMul_1_post_reshape:OpId_36 (cycles)
8072143542,EXECUTE,1535,CYCLES,BACKEND,SUB-EVENT,_MatMul_2:OpId_39 (cycles)
8072143542,EXECUTE,3453,CYCLES,BACKEND,SUB-EVENT,_MatMul_2_post_reshape:OpId_41 (cycles)
8072143542,EXECUTE,494,CYCLES,BACKEND,SUB-EVENT,_Transpose:OpId_43 (cycles)
8072143542,EXECUTE,1610,CYCLES,BACKEND,SUB-EVENT,_Transpose_1:OpId_45 (cycles)
8072143542,EXECUTE,1313,CYCLES,BACKEND,SUB-EVENT,_Transpose_2:OpId_47 (cycles)
8072143542,EXECUTE,21003,CYCLES,BACKEND,SUB-EVENT,_Slice:OpId_49 (cycles)
8072143542,EXECUTE,5694,CYCLES,BACKEND,SUB-EVENT,_Slice_1:OpId_55 (cycles)
8072143542,EXECUTE,1601,CYCLES,BACKEND,SUB-EVENT,_Mul_2:OpId_61 (cycles)
8072143542,EXECUTE,1290,CYCLES,BACKEND,SUB-EVENT,_Mul_3:OpId_64 (cycles)
8072143542,EXECUTE,263,CYCLES,BACKEND,SUB-EVENT,_Sub:OpId_66 (cycles)
8072143542,EXECUTE,1397,CYCLES,BACKEND,SUB-EVENT,_Mul_4:OpId_68 (cycles)
8072143542,EXECUTE,1285,CYCLES,BACKEND,SUB-EVENT,_Mul_5:OpId_70 (cycles)
8072143542,EXECUTE,2195,CYCLES,BACKEND,SUB-EVENT,_Add_4:OpId_72 (cycles)
8072143542,EXECUTE,0,CYCLES,BACKEND,SUB-EVENT,_Unsqueeze:OpId_74 (cycles)
8072143542,EXECUTE,0,CYCLES,BACKEND,SUB-EVENT,_Unsqueeze_1:OpId_75 (cycles)
8072143542,EXECUTE,819,CYCLES,BACKEND,SUB-EVENT,_Concat:OpId_76 (cycles)
8072143542,EXECUTE,604,CYCLES,BACKEND,SUB-EVENT,_Reshape_3:OpId_78 (cycles)
8072143542,EXECUTE,15746,CYCLES,BACKEND,SUB-EVENT,_Slice_3:OpId_80 (cycles)
8072143542,EXECUTE,4490,CYCLES,BACKEND,SUB-EVENT,_Slice_4:OpId_86 (cycles)
8072143542,EXECUTE,3369,CYCLES,BACKEND,SUB-EVENT,_Mul_6:OpId_91 (cycles)
8072143542,EXECUTE,660,CYCLES,BACKEND,SUB-EVENT,_Mul_7:OpId_93 (cycles)
8072143542,EXECUTE,475,CYCLES,BACKEND,SUB-EVENT,_Sub_1:OpId_95 (cycles)
8072143542,EXECUTE,3325,CYCLES,BACKEND,SUB-EVENT,_Mul_8:OpId_97 (cycles)
8072143542,EXECUTE,585,CYCLES,BACKEND,SUB-EVENT,_Mul_9:OpId_99 (cycles)
8072143542,EXECUTE,691,CYCLES,BACKEND,SUB-EVENT,_Add_5:OpId_101 (cycles)
8072143542,EXECUTE,0,CYCLES,BACKEND,SUB-EVENT,_Unsqueeze_2:OpId_103 (cycles)
8072143542,EXECUTE,0,CYCLES,BACKEND,SUB-EVENT,_Unsqueeze_3:OpId_104 (cycles)
8072143542,EXECUTE,1786,CYCLES,BACKEND,SUB-EVENT,_Concat_2:OpId_105 (cycles)
8072143542,EXECUTE,0,CYCLES,BACKEND,SUB-EVENT,_Reshape_4:OpId_107 (cycles)
8072143542,EXECUTE,858,CYCLES,BACKEND,SUB-EVENT,current_key_nhwc:OpId_109 (cycles)
8072143542,EXECUTE,3123,CYCLES,BACKEND,SUB-EVENT,_Concat_4:OpId_110 (cycles)
8072143542,EXECUTE,377596,CYCLES,BACKEND,SUB-EVENT,_Concat_4_output_0_nchw:OpId_113 (cycles)
8072143542,EXECUTE,1657,CYCLES,BACKEND,SUB-EVENT,_Concat_5:OpId_114 (cycles)
8072143542,EXECUTE,0,CYCLES,BACKEND,SUB-EVENT,_Unsqueeze_4:OpId_116 (cycles)
8072143542,EXECUTE,31381,CYCLES,BACKEND,SUB-EVENT,_MatMul_3:OpId_117 (cycles)
8072143542,EXECUTE,5296,CYCLES,BACKEND,SUB-EVENT,_Div_1:OpId_122 (cycles)
8072143542,EXECUTE,0,CYCLES,BACKEND,SUB-EVENT,_Add_6:OpId_125 (cycles)
8072143542,EXECUTE,15618,CYCLES,BACKEND,SUB-EVENT,_Softmax:OpId_127 (cycles)
8072143542,EXECUTE,0,CYCLES,BACKEND,SUB-EVENT,_Unsqueeze_5:OpId_130 (cycles)
8072143542,EXECUTE,31061,CYCLES,BACKEND,SUB-EVENT,_MatMul_4:OpId_131 (cycles)
8072143542,EXECUTE,0,CYCLES,BACKEND,SUB-EVENT,_Reshape_6:OpId_135 (cycles)
8072143542,EXECUTE,0,CYCLES,BACKEND,SUB-EVENT,_Transpose_4:OpId_137 (cycles)
8072143542,EXECUTE,25018,CYCLES,BACKEND,SUB-EVENT,_MatMul_5:OpId_139 (cycles)
8072143542,EXECUTE,0,CYCLES,BACKEND,SUB-EVENT,_MatMul_5_post_reshape:OpId_142 (cycles)
8072143542,EXECUTE,0,CYCLES,BACKEND,SUB-EVENT,_MatMul_5_output_0_nfc:OpId_144 (cycles)
8072143542,EXECUTE,61897,CYCLES,BACKEND,SUB-EVENT,_Add_7:OpId_146 (cycles)
8072143542,EXECUTE,286,CYCLES,BACKEND,SUB-EVENT,_Add_7_output_0_ncf:OpId_149 (cycles)
8072143542,EXECUTE,2002,CYCLES,BACKEND,SUB-EVENT,rms_norm__Mul_11_output_0:OpId_154 (cycles)
8072143542,EXECUTE,0,CYCLES,BACKEND,SUB-EVENT,_MatMul_6:OpId_158 (cycles)
8072143542,EXECUTE,0,CYCLES,BACKEND,SUB-EVENT,_MatMul_6_post_reshape:OpId_161 (cycles)
8072143542,EXECUTE,153837,CYCLES,BACKEND,SUB-EVENT,_MatMul_7:OpId_163 (cycles)
8072143542,EXECUTE,0,CYCLES,BACKEND,SUB-EVENT,_MatMul_7_post_reshape:OpId_166 (cycles)
8072143542,EXECUTE,0,CYCLES,BACKEND,SUB-EVENT,_Sigmoid:OpId_167 (cycles)
8072143542,EXECUTE,122306,CYCLES,BACKEND,SUB-EVENT,_Mul_12:OpId_174 (cycles)
8072143542,EXECUTE,17549,CYCLES,BACKEND,SUB-EVENT,_Mul_13:OpId_176 (cycles)
8072143542,EXECUTE,156697,CYCLES,BACKEND,SUB-EVENT,_MatMul_8:OpId_179 (cycles)
8072143542,EXECUTE,0,CYCLES,BACKEND,SUB-EVENT,_MatMul_8_post_reshape:OpId_182 (cycles)
8072143542,EXECUTE,0,CYCLES,BACKEND,SUB-EVENT,_MatMul_8_output_0_nfc:OpId_184 (cycles)
8072143542,EXECUTE,14492,CYCLES,BACKEND,SUB-EVENT,_Add_9:OpId_186 (cycles)
8072143542,EXECUTE,2698,CYCLES,BACKEND,SUB-EVENT,Output OpId_3 (cycles)
8072143542,EXECUTE,4445,US,BACKEND,ROOT,Accelerator (execute) time
8072143542,EXECUTE,2623,US,BACKEND,ROOT,Accelerator (execute excluding wait) time
8072143542,EXECUTE,19119,US,BACKEND,ROOT,QNN (execute) time
8072154109,EXECUTE,9289,US,NETRUN,ROOT,Graph 0: qwen2_0_5b_layer0_decode_past128_grouped_gqa_delta_kv
8072154109,EXECUTE,4,COUNT,BACKEND,ROOT,Number of HVX threads used
8072154109,EXECUTE,8906,US,BACKEND,ROOT,RPC (execute) time
8072154109,EXECUTE,6954,US,BACKEND,ROOT,QNN accelerator (execute) time
8072154109,EXECUTE,0,COUNT,BACKEND,ROOT,Num times yield occured
8072154109,EXECUTE,609,US,BACKEND,ROOT,Time for initial VTCM acquire
8072154109,EXECUTE,234,US,BACKEND,ROOT,Time for HVX + HMX power on and acquire
8072154109,EXECUTE,1220791,CYCLES,BACKEND,ROOT,Accelerator (execute) time (cycles)
8072154109,EXECUTE,44777,CYCLES,BACKEND,SUB-EVENT,Input OpId_2 (cycles)
8072154109,EXECUTE,12857,CYCLES,BACKEND,SUB-EVENT,hidden_states_ncf:OpId_17 (cycles)
8072154109,EXECUTE,18343,CYCLES,BACKEND,SUB-EVENT,past_value_nchw:OpId_20 (cycles)
8072154109,EXECUTE,9887,CYCLES,BACKEND,SUB-EVENT,rms_norm__Mul_1_output_0:OpId_24 (cycles)
8072154109,EXECUTE,36721,CYCLES,BACKEND,SUB-EVENT,_MatMul:OpId_29 (cycles)
8072154109,EXECUTE,0,CYCLES,BACKEND,SUB-EVENT,_MatMul_post_reshape:OpId_31 (cycles)
8072154109,EXECUTE,4919,CYCLES,BACKEND,SUB-EVENT,_MatMul_1:OpId_34 (cycles)
8072154109,EXECUTE,14268,CYCLES,BACKEND,SUB-EVENT,_MatMul_1_post_reshape:OpId_36 (cycles)
8072154109,EXECUTE,2065,CYCLES,BACKEND,SUB-EVENT,_MatMul_2:OpId_39 (cycles)
8072154109,EXECUTE,12521,CYCLES,BACKEND,SUB-EVENT,_MatMul_2_post_reshape:OpId_41 (cycles)
8072154109,EXECUTE,497,CYCLES,BACKEND,SUB-EVENT,_Transpose:OpId_43 (cycles)
8072154109,EXECUTE,2799,CYCLES,BACKEND,SUB-EVENT,_Transpose_1:OpId_45 (cycles)
8072154109,EXECUTE,2503,CYCLES,BACKEND,SUB-EVENT,_Transpose_2:OpId_47 (cycles)
8072154109,EXECUTE,25233,CYCLES,BACKEND,SUB-EVENT,_Slice:OpId_49 (cycles)
8072154109,EXECUTE,5848,CYCLES,BACKEND,SUB-EVENT,_Slice_1:OpId_55 (cycles)
8072154109,EXECUTE,1373,CYCLES,BACKEND,SUB-EVENT,_Mul_2:OpId_61 (cycles)
8072154109,EXECUTE,1281,CYCLES,BACKEND,SUB-EVENT,_Mul_3:OpId_64 (cycles)
8072154109,EXECUTE,260,CYCLES,BACKEND,SUB-EVENT,_Sub:OpId_66 (cycles)
8072154109,EXECUTE,1635,CYCLES,BACKEND,SUB-EVENT,_Mul_4:OpId_68 (cycles)
8072154109,EXECUTE,1283,CYCLES,BACKEND,SUB-EVENT,_Mul_5:OpId_70 (cycles)
8072154109,EXECUTE,3206,CYCLES,BACKEND,SUB-EVENT,_Add_4:OpId_72 (cycles)
8072154109,EXECUTE,0,CYCLES,BACKEND,SUB-EVENT,_Unsqueeze:OpId_74 (cycles)
8072154109,EXECUTE,0,CYCLES,BACKEND,SUB-EVENT,_Unsqueeze_1:OpId_75 (cycles)
8072154109,EXECUTE,866,CYCLES,BACKEND,SUB-EVENT,_Concat:OpId_76 (cycles)
8072154109,EXECUTE,534,CYCLES,BACKEND,SUB-EVENT,_Reshape_3:OpId_78 (cycles)
8072154109,EXECUTE,33431,CYCLES,BACKEND,SUB-EVENT,_Slice_3:OpId_80 (cycles)
8072154109,EXECUTE,6806,CYCLES,BACKEND,SUB-EVENT,_Slice_4:OpId_86 (cycles)
8072154109,EXECUTE,12357,CYCLES,BACKEND,SUB-EVENT,_Mul_6:OpId_91 (cycles)
8072154109,EXECUTE,5863,CYCLES,BACKEND,SUB-EVENT,_Mul_7:OpId_93 (cycles)
8072154109,EXECUTE,539,CYCLES,BACKEND,SUB-EVENT,_Sub_1:OpId_95 (cycles)
8072154109,EXECUTE,11556,CYCLES,BACKEND,SUB-EVENT,_Mul_8:OpId_97 (cycles)
8072154109,EXECUTE,5493,CYCLES,BACKEND,SUB-EVENT,_Mul_9:OpId_99 (cycles)
8072154109,EXECUTE,799,CYCLES,BACKEND,SUB-EVENT,_Add_5:OpId_101 (cycles)
8072154109,EXECUTE,0,CYCLES,BACKEND,SUB-EVENT,_Unsqueeze_2:OpId_103 (cycles)
8072154109,EXECUTE,0,CYCLES,BACKEND,SUB-EVENT,_Unsqueeze_3:OpId_104 (cycles)
8072154109,EXECUTE,2830,CYCLES,BACKEND,SUB-EVENT,_Concat_2:OpId_105 (cycles)
8072154109,EXECUTE,0,CYCLES,BACKEND,SUB-EVENT,_Reshape_4:OpId_107 (cycles)
8072154109,EXECUTE,862,CYCLES,BACKEND,SUB-EVENT,current_key_nhwc:OpId_109 (cycles)
8072154109,EXECUTE,3254,CYCLES,BACKEND,SUB-EVENT,_Concat_4:OpId_110 (cycles)
8072154109,EXECUTE,368100,CYCLES,BACKEND,SUB-EVENT,_Concat_4_output_0_nchw:OpId_113 (cycles)
8072154109,EXECUTE,5371,CYCLES,BACKEND,SUB-EVENT,_Concat_5:OpId_114 (cycles)
8072154109,EXECUTE,0,CYCLES,BACKEND,SUB-EVENT,_Unsqueeze_4:OpId_116 (cycles)
8072154109,EXECUTE,32019,CYCLES,BACKEND,SUB-EVENT,_MatMul_3:OpId_117 (cycles)
8072154109,EXECUTE,6062,CYCLES,BACKEND,SUB-EVENT,_Div_1:OpId_122 (cycles)
8072154109,EXECUTE,0,CYCLES,BACKEND,SUB-EVENT,_Add_6:OpId_125 (cycles)
8072154109,EXECUTE,16382,CYCLES,BACKEND,SUB-EVENT,_Softmax:OpId_127 (cycles)
8072154109,EXECUTE,0,CYCLES,BACKEND,SUB-EVENT,_Unsqueeze_5:OpId_130 (cycles)
8072154109,EXECUTE,42500,CYCLES,BACKEND,SUB-EVENT,_MatMul_4:OpId_131 (cycles)
8072154109,EXECUTE,0,CYCLES,BACKEND,SUB-EVENT,_Reshape_6:OpId_135 (cycles)
8072154109,EXECUTE,0,CYCLES,BACKEND,SUB-EVENT,_Transpose_4:OpId_137 (cycles)
8072154109,EXECUTE,16529,CYCLES,BACKEND,SUB-EVENT,_MatMul_5:OpId_139 (cycles)
8072154109,EXECUTE,0,CYCLES,BACKEND,SUB-EVENT,_MatMul_5_post_reshape:OpId_142 (cycles)
8072154109,EXECUTE,0,CYCLES,BACKEND,SUB-EVENT,_MatMul_5_output_0_nfc:OpId_144 (cycles)
8072154109,EXECUTE,71237,CYCLES,BACKEND,SUB-EVENT,_Add_7:OpId_146 (cycles)
8072154109,EXECUTE,256,CYCLES,BACKEND,SUB-EVENT,_Add_7_output_0_ncf:OpId_149 (cycles)
8072154109,EXECUTE,2601,CYCLES,BACKEND,SUB-EVENT,rms_norm__Mul_11_output_0:OpId_154 (cycles)
8072154109,EXECUTE,0,CYCLES,BACKEND,SUB-EVENT,_MatMul_6:OpId_158 (cycles)
8072154109,EXECUTE,0,CYCLES,BACKEND,SUB-EVENT,_MatMul_6_post_reshape:OpId_161 (cycles)
8072154109,EXECUTE,90426,CYCLES,BACKEND,SUB-EVENT,_MatMul_7:OpId_163 (cycles)
8072154109,EXECUTE,0,CYCLES,BACKEND,SUB-EVENT,_MatMul_7_post_reshape:OpId_166 (cycles)
8072154109,EXECUTE,0,CYCLES,BACKEND,SUB-EVENT,_Sigmoid:OpId_167 (cycles)
8072154109,EXECUTE,91091,CYCLES,BACKEND,SUB-EVENT,_Mul_12:OpId_174 (cycles)
8072154109,EXECUTE,17189,CYCLES,BACKEND,SUB-EVENT,_Mul_13:OpId_176 (cycles)
8072154109,EXECUTE,156142,CYCLES,BACKEND,SUB-EVENT,_MatMul_8:OpId_179 (cycles)
8072154109,EXECUTE,0,CYCLES,BACKEND,SUB-EVENT,_MatMul_8_post_reshape:OpId_182 (cycles)
8072154109,EXECUTE,0,CYCLES,BACKEND,SUB-EVENT,_MatMul_8_output_0_nfc:OpId_184 (cycles)
8072154109,EXECUTE,14887,CYCLES,BACKEND,SUB-EVENT,_Add_9:OpId_186 (cycles)
8072154109,EXECUTE,2533,CYCLES,BACKEND,SUB-EVENT,Output OpId_3 (cycles)
8072154109,EXECUTE,2576,US,BACKEND,ROOT,Accelerator (execute) time
8072154109,EXECUTE,2447,US,BACKEND,ROOT,Accelerator (execute excluding wait) time
8072154109,EXECUTE,9269,US,BACKEND,ROOT,QNN (execute) time
8072164583,EXECUTE,8194,US,NETRUN,ROOT,Graph 0: qwen2_0_5b_layer0_decode_past128_grouped_gqa_delta_kv
8072164583,EXECUTE,4,COUNT,BACKEND,ROOT,Number of HVX threads used
8072164583,EXECUTE,7814,US,BACKEND,ROOT,RPC (execute) time
8072164583,EXECUTE,6954,US,BACKEND,ROOT,QNN accelerator (execute) time
8072164583,EXECUTE,0,COUNT,BACKEND,ROOT,Num times yield occured
8072164583,EXECUTE,529,US,BACKEND,ROOT,Time for initial VTCM acquire
8072164583,EXECUTE,202,US,BACKEND,ROOT,Time for HVX + HMX power on and acquire
8072164583,EXECUTE,1190050,CYCLES,BACKEND,ROOT,Accelerator (execute) time (cycles)
8072164583,EXECUTE,44509,CYCLES,BACKEND,SUB-EVENT,Input OpId_2 (cycles)
8072164583,EXECUTE,13991,CYCLES,BACKEND,SUB-EVENT,hidden_states_ncf:OpId_17 (cycles)
8072164583,EXECUTE,15847,CYCLES,BACKEND,SUB-EVENT,past_value_nchw:OpId_20 (cycles)
8072164583,EXECUTE,9527,CYCLES,BACKEND,SUB-EVENT,rms_norm__Mul_1_output_0:OpId_24 (cycles)
8072164583,EXECUTE,30405,CYCLES,BACKEND,SUB-EVENT,_MatMul:OpId_29 (cycles)
8072164583,EXECUTE,0,CYCLES,BACKEND,SUB-EVENT,_MatMul_post_reshape:OpId_31 (cycles)
8072164583,EXECUTE,7100,CYCLES,BACKEND,SUB-EVENT,_MatMul_1:OpId_34 (cycles)
8072164583,EXECUTE,14754,CYCLES,BACKEND,SUB-EVENT,_MatMul_1_post_reshape:OpId_36 (cycles)
8072164583,EXECUTE,3671,CYCLES,BACKEND,SUB-EVENT,_MatMul_2:OpId_39 (cycles)
8072164583,EXECUTE,13003,CYCLES,BACKEND,SUB-EVENT,_MatMul_2_post_reshape:OpId_41 (cycles)
8072164583,EXECUTE,498,CYCLES,BACKEND,SUB-EVENT,_Transpose:OpId_43 (cycles)
8072164583,EXECUTE,2118,CYCLES,BACKEND,SUB-EVENT,_Transpose_1:OpId_45 (cycles)
8072164583,EXECUTE,1878,CYCLES,BACKEND,SUB-EVENT,_Transpose_2:OpId_47 (cycles)
8072164583,EXECUTE,29597,CYCLES,BACKEND,SUB-EVENT,_Slice:OpId_49 (cycles)
8072164583,EXECUTE,7350,CYCLES,BACKEND,SUB-EVENT,_Slice_1:OpId_55 (cycles)
8072164583,EXECUTE,1439,CYCLES,BACKEND,SUB-EVENT,_Mul_2:OpId_61 (cycles)
8072164583,EXECUTE,1244,CYCLES,BACKEND,SUB-EVENT,_Mul_3:OpId_64 (cycles)
8072164583,EXECUTE,235,CYCLES,BACKEND,SUB-EVENT,_Sub:OpId_66 (cycles)
8072164583,EXECUTE,1745,CYCLES,BACKEND,SUB-EVENT,_Mul_4:OpId_68 (cycles)
8072164583,EXECUTE,1255,CYCLES,BACKEND,SUB-EVENT,_Mul_5:OpId_70 (cycles)
8072164583,EXECUTE,3616,CYCLES,BACKEND,SUB-EVENT,_Add_4:OpId_72 (cycles)
8072164583,EXECUTE,0,CYCLES,BACKEND,SUB-EVENT,_Unsqueeze:OpId_74 (cycles)
8072164583,EXECUTE,0,CYCLES,BACKEND,SUB-EVENT,_Unsqueeze_1:OpId_75 (cycles)
8072164583,EXECUTE,706,CYCLES,BACKEND,SUB-EVENT,_Concat:OpId_76 (cycles)
8072164583,EXECUTE,595,CYCLES,BACKEND,SUB-EVENT,_Reshape_3:OpId_78 (cycles)
8072164583,EXECUTE,33040,CYCLES,BACKEND,SUB-EVENT,_Slice_3:OpId_80 (cycles)
8072164583,EXECUTE,6420,CYCLES,BACKEND,SUB-EVENT,_Slice_4:OpId_86 (cycles)
8072164583,EXECUTE,8261,CYCLES,BACKEND,SUB-EVENT,_Mul_6:OpId_91 (cycles)
8072164583,EXECUTE,4964,CYCLES,BACKEND,SUB-EVENT,_Mul_7:OpId_93 (cycles)
8072164583,EXECUTE,573,CYCLES,BACKEND,SUB-EVENT,_Sub_1:OpId_95 (cycles)
8072164583,EXECUTE,8213,CYCLES,BACKEND,SUB-EVENT,_Mul_8:OpId_97 (cycles)
8072164583,EXECUTE,4429,CYCLES,BACKEND,SUB-EVENT,_Mul_9:OpId_99 (cycles)
8072164583,EXECUTE,941,CYCLES,BACKEND,SUB-EVENT,_Add_5:OpId_101 (cycles)
8072164583,EXECUTE,0,CYCLES,BACKEND,SUB-EVENT,_Unsqueeze_2:OpId_103 (cycles)
8072164583,EXECUTE,0,CYCLES,BACKEND,SUB-EVENT,_Unsqueeze_3:OpId_104 (cycles)
8072164583,EXECUTE,2425,CYCLES,BACKEND,SUB-EVENT,_Concat_2:OpId_105 (cycles)
8072164583,EXECUTE,0,CYCLES,BACKEND,SUB-EVENT,_Reshape_4:OpId_107 (cycles)
8072164583,EXECUTE,911,CYCLES,BACKEND,SUB-EVENT,current_key_nhwc:OpId_109 (cycles)
8072164583,EXECUTE,3155,CYCLES,BACKEND,SUB-EVENT,_Concat_4:OpId_110 (cycles)
8072164583,EXECUTE,344682,CYCLES,BACKEND,SUB-EVENT,_Concat_4_output_0_nchw:OpId_113 (cycles)
8072164583,EXECUTE,5182,CYCLES,BACKEND,SUB-EVENT,_Concat_5:OpId_114 (cycles)
8072164583,EXECUTE,0,CYCLES,BACKEND,SUB-EVENT,_Unsqueeze_4:OpId_116 (cycles)
8072164583,EXECUTE,32479,CYCLES,BACKEND,SUB-EVENT,_MatMul_3:OpId_117 (cycles)
8072164583,EXECUTE,8819,CYCLES,BACKEND,SUB-EVENT,_Div_1:OpId_122 (cycles)
8072164583,EXECUTE,0,CYCLES,BACKEND,SUB-EVENT,_Add_6:OpId_125 (cycles)
8072164583,EXECUTE,16319,CYCLES,BACKEND,SUB-EVENT,_Softmax:OpId_127 (cycles)
8072164583,EXECUTE,0,CYCLES,BACKEND,SUB-EVENT,_Unsqueeze_5:OpId_130 (cycles)
8072164583,EXECUTE,39772,CYCLES,BACKEND,SUB-EVENT,_MatMul_4:OpId_131 (cycles)
8072164583,EXECUTE,0,CYCLES,BACKEND,SUB-EVENT,_Reshape_6:OpId_135 (cycles)
8072164583,EXECUTE,0,CYCLES,BACKEND,SUB-EVENT,_Transpose_4:OpId_137 (cycles)
8072164583,EXECUTE,16405,CYCLES,BACKEND,SUB-EVENT,_MatMul_5:OpId_139 (cycles)
8072164583,EXECUTE,0,CYCLES,BACKEND,SUB-EVENT,_MatMul_5_post_reshape:OpId_142 (cycles)
8072164583,EXECUTE,0,CYCLES,BACKEND,SUB-EVENT,_MatMul_5_output_0_nfc:OpId_144 (cycles)
8072164583,EXECUTE,68241,CYCLES,BACKEND,SUB-EVENT,_Add_7:OpId_146 (cycles)
8072164583,EXECUTE,306,CYCLES,BACKEND,SUB-EVENT,_Add_7_output_0_ncf:OpId_149 (cycles)
8072164583,EXECUTE,2671,CYCLES,BACKEND,SUB-EVENT,rms_norm__Mul_11_output_0:OpId_154 (cycles)
8072164583,EXECUTE,0,CYCLES,BACKEND,SUB-EVENT,_MatMul_6:OpId_158 (cycles)
8072164583,EXECUTE,0,CYCLES,BACKEND,SUB-EVENT,_MatMul_6_post_reshape:OpId_161 (cycles)
8072164583,EXECUTE,91127,CYCLES,BACKEND,SUB-EVENT,_MatMul_7:OpId_163 (cycles)
8072164583,EXECUTE,0,CYCLES,BACKEND,SUB-EVENT,_MatMul_7_post_reshape:OpId_166 (cycles)
8072164583,EXECUTE,0,CYCLES,BACKEND,SUB-EVENT,_Sigmoid:OpId_167 (cycles)
8072164583,EXECUTE,91810,CYCLES,BACKEND,SUB-EVENT,_Mul_12:OpId_174 (cycles)
8072164583,EXECUTE,20076,CYCLES,BACKEND,SUB-EVENT,_Mul_13:OpId_176 (cycles)
8072164583,EXECUTE,156136,CYCLES,BACKEND,SUB-EVENT,_MatMul_8:OpId_179 (cycles)
8072164583,EXECUTE,0,CYCLES,BACKEND,SUB-EVENT,_MatMul_8_post_reshape:OpId_182 (cycles)
8072164583,EXECUTE,0,CYCLES,BACKEND,SUB-EVENT,_MatMul_8_output_0_nfc:OpId_184 (cycles)
8072164583,EXECUTE,14534,CYCLES,BACKEND,SUB-EVENT,_Add_9:OpId_186 (cycles)
8072164583,EXECUTE,3076,CYCLES,BACKEND,SUB-EVENT,Output OpId_3 (cycles)
8072164583,EXECUTE,2491,US,BACKEND,ROOT,Accelerator (execute) time
8072164583,EXECUTE,2385,US,BACKEND,ROOT,Accelerator (execute excluding wait) time
8072164583,EXECUTE,8174,US,BACKEND,ROOT,QNN (execute) time
8072174425,EXECUTE,8143,US,NETRUN,ROOT,Graph 0: qwen2_0_5b_layer0_decode_past128_grouped_gqa_delta_kv
8072174425,EXECUTE,4,COUNT,BACKEND,ROOT,Number of HVX threads used
8072174425,EXECUTE,7814,US,BACKEND,ROOT,RPC (execute) time
8072174425,EXECUTE,6947,US,BACKEND,ROOT,QNN accelerator (execute) time
8072174425,EXECUTE,0,COUNT,BACKEND,ROOT,Num times yield occured
8072174425,EXECUTE,556,US,BACKEND,ROOT,Time for initial VTCM acquire
8072174425,EXECUTE,220,US,BACKEND,ROOT,Time for HVX + HMX power on and acquire
8072174425,EXECUTE,1198232,CYCLES,BACKEND,ROOT,Accelerator (execute) time (cycles)
8072174425,EXECUTE,39587,CYCLES,BACKEND,SUB-EVENT,Input OpId_2 (cycles)
8072174425,EXECUTE,11530,CYCLES,BACKEND,SUB-EVENT,hidden_states_ncf:OpId_17 (cycles)
8072174425,EXECUTE,16325,CYCLES,BACKEND,SUB-EVENT,past_value_nchw:OpId_20 (cycles)
8072174425,EXECUTE,6363,CYCLES,BACKEND,SUB-EVENT,rms_norm__Mul_1_output_0:OpId_24 (cycles)
8072174425,EXECUTE,32417,CYCLES,BACKEND,SUB-EVENT,_MatMul:OpId_29 (cycles)
8072174425,EXECUTE,0,CYCLES,BACKEND,SUB-EVENT,_MatMul_post_reshape:OpId_31 (cycles)
8072174425,EXECUTE,3746,CYCLES,BACKEND,SUB-EVENT,_MatMul_1:OpId_34 (cycles)
8072174425,EXECUTE,14635,CYCLES,BACKEND,SUB-EVENT,_MatMul_1_post_reshape:OpId_36 (cycles)
8072174425,EXECUTE,3328,CYCLES,BACKEND,SUB-EVENT,_MatMul_2:OpId_39 (cycles)
8072174425,EXECUTE,12892,CYCLES,BACKEND,SUB-EVENT,_MatMul_2_post_reshape:OpId_41 (cycles)
8072174425,EXECUTE,486,CYCLES,BACKEND,SUB-EVENT,_Transpose:OpId_43 (cycles)
8072174425,EXECUTE,2625,CYCLES,BACKEND,SUB-EVENT,_Transpose_1:OpId_45 (cycles)
8072174425,EXECUTE,2431,CYCLES,BACKEND,SUB-EVENT,_Transpose_2:OpId_47 (cycles)
8072174425,EXECUTE,26512,CYCLES,BACKEND,SUB-EVENT,_Slice:OpId_49 (cycles)
8072174425,EXECUTE,6012,CYCLES,BACKEND,SUB-EVENT,_Slice_1:OpId_55 (cycles)
8072174425,EXECUTE,2364,CYCLES,BACKEND,SUB-EVENT,_Mul_2:OpId_61 (cycles)
8072174425,EXECUTE,1312,CYCLES,BACKEND,SUB-EVENT,_Mul_3:OpId_64 (cycles)
8072174425,EXECUTE,255,CYCLES,BACKEND,SUB-EVENT,_Sub:OpId_66 (cycles)
8072174425,EXECUTE,2446,CYCLES,BACKEND,SUB-EVENT,_Mul_4:OpId_68 (cycles)
8072174425,EXECUTE,2314,CYCLES,BACKEND,SUB-EVENT,_Mul_5:OpId_70 (cycles)
8072174425,EXECUTE,3380,CYCLES,BACKEND,SUB-EVENT,_Add_4:OpId_72 (cycles)
8072174425,EXECUTE,0,CYCLES,BACKEND,SUB-EVENT,_Unsqueeze:OpId_74 (cycles)
8072174425,EXECUTE,0,CYCLES,BACKEND,SUB-EVENT,_Unsqueeze_1:OpId_75 (cycles)
8072174425,EXECUTE,899,CYCLES,BACKEND,SUB-EVENT,_Concat:OpId_76 (cycles)
8072174425,EXECUTE,596,CYCLES,BACKEND,SUB-EVENT,_Reshape_3:OpId_78 (cycles)
8072174425,EXECUTE,35780,CYCLES,BACKEND,SUB-EVENT,_Slice_3:OpId_80 (cycles)
8072174425,EXECUTE,6632,CYCLES,BACKEND,SUB-EVENT,_Slice_4:OpId_86 (cycles)
8072174425,EXECUTE,12212,CYCLES,BACKEND,SUB-EVENT,_Mul_6:OpId_91 (cycles)
8072174425,EXECUTE,5903,CYCLES,BACKEND,SUB-EVENT,_Mul_7:OpId_93 (cycles)
8072174425,EXECUTE,2682,CYCLES,BACKEND,SUB-EVENT,_Sub_1:OpId_95 (cycles)
8072174425,EXECUTE,10415,CYCLES,BACKEND,SUB-EVENT,_Mul_8:OpId_97 (cycles)
8072174425,EXECUTE,5741,CYCLES,BACKEND,SUB-EVENT,_Mul_9:OpId_99 (cycles)
8072174425,EXECUTE,4219,CYCLES,BACKEND,SUB-EVENT,_Add_5:OpId_101 (cycles)
8072174425,EXECUTE,0,CYCLES,BACKEND,SUB-EVENT,_Unsqueeze_2:OpId_103 (cycles)
8072174425,EXECUTE,0,CYCLES,BACKEND,SUB-EVENT,_Unsqueeze_3:OpId_104 (cycles)
8072174425,EXECUTE,3727,CYCLES,BACKEND,SUB-EVENT,_Concat_2:OpId_105 (cycles)
8072174425,EXECUTE,0,CYCLES,BACKEND,SUB-EVENT,_Reshape_4:OpId_107 (cycles)
8072174425,EXECUTE,744,CYCLES,BACKEND,SUB-EVENT,current_key_nhwc:OpId_109 (cycles)
8072174425,EXECUTE,3082,CYCLES,BACKEND,SUB-EVENT,_Concat_4:OpId_110 (cycles)
8072174425,EXECUTE,348603,CYCLES,BACKEND,SUB-EVENT,_Concat_4_output_0_nchw:OpId_113 (cycles)
8072174425,EXECUTE,2045,CYCLES,BACKEND,SUB-EVENT,_Concat_5:OpId_114 (cycles)
8072174425,EXECUTE,0,CYCLES,BACKEND,SUB-EVENT,_Unsqueeze_4:OpId_116 (cycles)
8072174425,EXECUTE,32552,CYCLES,BACKEND,SUB-EVENT,_MatMul_3:OpId_117 (cycles)
8072174425,EXECUTE,8704,CYCLES,BACKEND,SUB-EVENT,_Div_1:OpId_122 (cycles)
8072174425,EXECUTE,0,CYCLES,BACKEND,SUB-EVENT,_Add_6:OpId_125 (cycles)
8072174425,EXECUTE,18789,CYCLES,BACKEND,SUB-EVENT,_Softmax:OpId_127 (cycles)
8072174425,EXECUTE,0,CYCLES,BACKEND,SUB-EVENT,_Unsqueeze_5:OpId_130 (cycles)
8072174425,EXECUTE,45095,CYCLES,BACKEND,SUB-EVENT,_MatMul_4:OpId_131 (cycles)
8072174425,EXECUTE,0,CYCLES,BACKEND,SUB-EVENT,_Reshape_6:OpId_135 (cycles)
8072174425,EXECUTE,0,CYCLES,BACKEND,SUB-EVENT,_Transpose_4:OpId_137 (cycles)
8072174425,EXECUTE,16458,CYCLES,BACKEND,SUB-EVENT,_MatMul_5:OpId_139 (cycles)
8072174425,EXECUTE,0,CYCLES,BACKEND,SUB-EVENT,_MatMul_5_post_reshape:OpId_142 (cycles)
8072174425,EXECUTE,0,CYCLES,BACKEND,SUB-EVENT,_MatMul_5_output_0_nfc:OpId_144 (cycles)
8072174425,EXECUTE,60171,CYCLES,BACKEND,SUB-EVENT,_Add_7:OpId_146 (cycles)
8072174425,EXECUTE,290,CYCLES,BACKEND,SUB-EVENT,_Add_7_output_0_ncf:OpId_149 (cycles)
8072174425,EXECUTE,3093,CYCLES,BACKEND,SUB-EVENT,rms_norm__Mul_11_output_0:OpId_154 (cycles)
8072174425,EXECUTE,0,CYCLES,BACKEND,SUB-EVENT,_MatMul_6:OpId_158 (cycles)
8072174425,EXECUTE,0,CYCLES,BACKEND,SUB-EVENT,_MatMul_6_post_reshape:OpId_161 (cycles)
8072174425,EXECUTE,90696,CYCLES,BACKEND,SUB-EVENT,_MatMul_7:OpId_163 (cycles)
8072174425,EXECUTE,0,CYCLES,BACKEND,SUB-EVENT,_MatMul_7_post_reshape:OpId_166 (cycles)
8072174425,EXECUTE,0,CYCLES,BACKEND,SUB-EVENT,_Sigmoid:OpId_167 (cycles)
8072174425,EXECUTE,92133,CYCLES,BACKEND,SUB-EVENT,_Mul_12:OpId_174 (cycles)
8072174425,EXECUTE,22765,CYCLES,BACKEND,SUB-EVENT,_Mul_13:OpId_176 (cycles)
8072174425,EXECUTE,155832,CYCLES,BACKEND,SUB-EVENT,_MatMul_8:OpId_179 (cycles)
8072174425,EXECUTE,0,CYCLES,BACKEND,SUB-EVENT,_MatMul_8_post_reshape:OpId_182 (cycles)
8072174425,EXECUTE,0,CYCLES,BACKEND,SUB-EVENT,_MatMul_8_output_0_nfc:OpId_184 (cycles)
8072174425,EXECUTE,14963,CYCLES,BACKEND,SUB-EVENT,_Add_9:OpId_186 (cycles)
8072174425,EXECUTE,2451,CYCLES,BACKEND,SUB-EVENT,Output OpId_3 (cycles)
8072174425,EXECUTE,2483,US,BACKEND,ROOT,Accelerator (execute) time
8072174425,EXECUTE,2376,US,BACKEND,ROOT,Accelerator (execute excluding wait) time
8072174425,EXECUTE,8128,US,BACKEND,ROOT,QNN (execute) time
8072186343,EXECUTE,9210,US,NETRUN,ROOT,Graph 0: qwen2_0_5b_layer0_decode_past128_grouped_gqa_delta_kv
8072186343,EXECUTE,4,COUNT,BACKEND,ROOT,Number of HVX threads used
8072186343,EXECUTE,8235,US,BACKEND,ROOT,RPC (execute) time
8072186343,EXECUTE,7078,US,BACKEND,ROOT,QNN accelerator (execute) time
8072186343,EXECUTE,0,COUNT,BACKEND,ROOT,Num times yield occured
8072186343,EXECUTE,755,US,BACKEND,ROOT,Time for initial VTCM acquire
8072186343,EXECUTE,215,US,BACKEND,ROOT,Time for HVX + HMX power on and acquire
8072186343,EXECUTE,1190108,CYCLES,BACKEND,ROOT,Accelerator (execute) time (cycles)
8072186343,EXECUTE,47373,CYCLES,BACKEND,SUB-EVENT,Input OpId_2 (cycles)
8072186343,EXECUTE,14661,CYCLES,BACKEND,SUB-EVENT,hidden_states_ncf:OpId_17 (cycles)
8072186343,EXECUTE,13818,CYCLES,BACKEND,SUB-EVENT,past_value_nchw:OpId_20 (cycles)
8072186343,EXECUTE,7612,CYCLES,BACKEND,SUB-EVENT,rms_norm__Mul_1_output_0:OpId_24 (cycles)
8072186343,EXECUTE,28978,CYCLES,BACKEND,SUB-EVENT,_MatMul:OpId_29 (cycles)
8072186343,EXECUTE,0,CYCLES,BACKEND,SUB-EVENT,_MatMul_post_reshape:OpId_31 (cycles)
8072186343,EXECUTE,7156,CYCLES,BACKEND,SUB-EVENT,_MatMul_1:OpId_34 (cycles)
8072186343,EXECUTE,13557,CYCLES,BACKEND,SUB-EVENT,_MatMul_1_post_reshape:OpId_36 (cycles)
8072186343,EXECUTE,3131,CYCLES,BACKEND,SUB-EVENT,_MatMul_2:OpId_39 (cycles)
8072186343,EXECUTE,11820,CYCLES,BACKEND,SUB-EVENT,_MatMul_2_post_reshape:OpId_41 (cycles)
8072186343,EXECUTE,513,CYCLES,BACKEND,SUB-EVENT,_Transpose:OpId_43 (cycles)
8072186343,EXECUTE,2412,CYCLES,BACKEND,SUB-EVENT,_Transpose_1:OpId_45 (cycles)
8072186343,EXECUTE,2251,CYCLES,BACKEND,SUB-EVENT,_Transpose_2:OpId_47 (cycles)
8072186343,EXECUTE,26577,CYCLES,BACKEND,SUB-EVENT,_Slice:OpId_49 (cycles)
8072186343,EXECUTE,6596,CYCLES,BACKEND,SUB-EVENT,_Slice_1:OpId_55 (cycles)
8072186343,EXECUTE,1617,CYCLES,BACKEND,SUB-EVENT,_Mul_2:OpId_61 (cycles)
8072186343,EXECUTE,1353,CYCLES,BACKEND,SUB-EVENT,_Mul_3:OpId_64 (cycles)
8072186343,EXECUTE,245,CYCLES,BACKEND,SUB-EVENT,_Sub:OpId_66 (cycles)
8072186343,EXECUTE,2484,CYCLES,BACKEND,SUB-EVENT,_Mul_4:OpId_68 (cycles)
8072186343,EXECUTE,1423,CYCLES,BACKEND,SUB-EVENT,_Mul_5:OpId_70 (cycles)
8072186343,EXECUTE,2763,CYCLES,BACKEND,SUB-EVENT,_Add_4:OpId_72 (cycles)
8072186343,EXECUTE,0,CYCLES,BACKEND,SUB-EVENT,_Unsqueeze:OpId_74 (cycles)
8072186343,EXECUTE,0,CYCLES,BACKEND,SUB-EVENT,_Unsqueeze_1:OpId_75 (cycles)
8072186343,EXECUTE,825,CYCLES,BACKEND,SUB-EVENT,_Concat:OpId_76 (cycles)
8072186343,EXECUTE,628,CYCLES,BACKEND,SUB-EVENT,_Reshape_3:OpId_78 (cycles)
8072186343,EXECUTE,31645,CYCLES,BACKEND,SUB-EVENT,_Slice_3:OpId_80 (cycles)
8072186343,EXECUTE,6974,CYCLES,BACKEND,SUB-EVENT,_Slice_4:OpId_86 (cycles)
8072186343,EXECUTE,13914,CYCLES,BACKEND,SUB-EVENT,_Mul_6:OpId_91 (cycles)
8072186343,EXECUTE,8531,CYCLES,BACKEND,SUB-EVENT,_Mul_7:OpId_93 (cycles)
8072186343,EXECUTE,2355,CYCLES,BACKEND,SUB-EVENT,_Sub_1:OpId_95 (cycles)
8072186343,EXECUTE,12692,CYCLES,BACKEND,SUB-EVENT,_Mul_8:OpId_97 (cycles)
8072186343,EXECUTE,8491,CYCLES,BACKEND,SUB-EVENT,_Mul_9:OpId_99 (cycles)
8072186343,EXECUTE,2159,CYCLES,BACKEND,SUB-EVENT,_Add_5:OpId_101 (cycles)
8072186343,EXECUTE,0,CYCLES,BACKEND,SUB-EVENT,_Unsqueeze_2:OpId_103 (cycles)
8072186343,EXECUTE,0,CYCLES,BACKEND,SUB-EVENT,_Unsqueeze_3:OpId_104 (cycles)
8072186343,EXECUTE,1910,CYCLES,BACKEND,SUB-EVENT,_Concat_2:OpId_105 (cycles)
8072186343,EXECUTE,0,CYCLES,BACKEND,SUB-EVENT,_Reshape_4:OpId_107 (cycles)
8072186343,EXECUTE,733,CYCLES,BACKEND,SUB-EVENT,current_key_nhwc:OpId_109 (cycles)
8072186343,EXECUTE,3068,CYCLES,BACKEND,SUB-EVENT,_Concat_4:OpId_110 (cycles)
8072186343,EXECUTE,344326,CYCLES,BACKEND,SUB-EVENT,_Concat_4_output_0_nchw:OpId_113 (cycles)
8072186343,EXECUTE,2884,CYCLES,BACKEND,SUB-EVENT,_Concat_5:OpId_114 (cycles)
8072186343,EXECUTE,0,CYCLES,BACKEND,SUB-EVENT,_Unsqueeze_4:OpId_116 (cycles)
8072186343,EXECUTE,32525,CYCLES,BACKEND,SUB-EVENT,_MatMul_3:OpId_117 (cycles)
8072186343,EXECUTE,8302,CYCLES,BACKEND,SUB-EVENT,_Div_1:OpId_122 (cycles)
8072186343,EXECUTE,0,CYCLES,BACKEND,SUB-EVENT,_Add_6:OpId_125 (cycles)
8072186343,EXECUTE,16351,CYCLES,BACKEND,SUB-EVENT,_Softmax:OpId_127 (cycles)
8072186343,EXECUTE,0,CYCLES,BACKEND,SUB-EVENT,_Unsqueeze_5:OpId_130 (cycles)
8072186343,EXECUTE,42356,CYCLES,BACKEND,SUB-EVENT,_MatMul_4:OpId_131 (cycles)
8072186343,EXECUTE,0,CYCLES,BACKEND,SUB-EVENT,_Reshape_6:OpId_135 (cycles)
8072186343,EXECUTE,0,CYCLES,BACKEND,SUB-EVENT,_Transpose_4:OpId_137 (cycles)
8072186343,EXECUTE,15631,CYCLES,BACKEND,SUB-EVENT,_MatMul_5:OpId_139 (cycles)
8072186343,EXECUTE,0,CYCLES,BACKEND,SUB-EVENT,_MatMul_5_post_reshape:OpId_142 (cycles)
8072186343,EXECUTE,0,CYCLES,BACKEND,SUB-EVENT,_MatMul_5_output_0_nfc:OpId_144 (cycles)
8072186343,EXECUTE,59427,CYCLES,BACKEND,SUB-EVENT,_Add_7:OpId_146 (cycles)
8072186343,EXECUTE,296,CYCLES,BACKEND,SUB-EVENT,_Add_7_output_0_ncf:OpId_149 (cycles)
8072186343,EXECUTE,2852,CYCLES,BACKEND,SUB-EVENT,rms_norm__Mul_11_output_0:OpId_154 (cycles)
8072186343,EXECUTE,0,CYCLES,BACKEND,SUB-EVENT,_MatMul_6:OpId_158 (cycles)
8072186343,EXECUTE,0,CYCLES,BACKEND,SUB-EVENT,_MatMul_6_post_reshape:OpId_161 (cycles)
8072186343,EXECUTE,91989,CYCLES,BACKEND,SUB-EVENT,_MatMul_7:OpId_163 (cycles)
8072186343,EXECUTE,0,CYCLES,BACKEND,SUB-EVENT,_MatMul_7_post_reshape:OpId_166 (cycles)
8072186343,EXECUTE,0,CYCLES,BACKEND,SUB-EVENT,_Sigmoid:OpId_167 (cycles)
8072186343,EXECUTE,91114,CYCLES,BACKEND,SUB-EVENT,_Mul_12:OpId_174 (cycles)
8072186343,EXECUTE,18801,CYCLES,BACKEND,SUB-EVENT,_Mul_13:OpId_176 (cycles)
8072186343,EXECUTE,156453,CYCLES,BACKEND,SUB-EVENT,_MatMul_8:OpId_179 (cycles)
8072186343,EXECUTE,0,CYCLES,BACKEND,SUB-EVENT,_MatMul_8_post_reshape:OpId_182 (cycles)
8072186343,EXECUTE,0,CYCLES,BACKEND,SUB-EVENT,_MatMul_8_output_0_nfc:OpId_184 (cycles)
8072186343,EXECUTE,14840,CYCLES,BACKEND,SUB-EVENT,_Add_9:OpId_186 (cycles)
8072186343,EXECUTE,1696,CYCLES,BACKEND,SUB-EVENT,Output OpId_3 (cycles)
8072186343,EXECUTE,2487,US,BACKEND,ROOT,Accelerator (execute) time
8072186343,EXECUTE,2373,US,BACKEND,ROOT,Accelerator (execute excluding wait) time
8072186343,EXECUTE,9178,US,BACKEND,ROOT,QNN (execute) time
8072203095,EXECUTE,11854,US,NETRUN,ROOT,Graph 0: qwen2_0_5b_layer0_decode_past128_grouped_gqa_delta_kv
8072203095,EXECUTE,4,COUNT,BACKEND,ROOT,Number of HVX threads used
8072203095,EXECUTE,10620,US,BACKEND,ROOT,RPC (execute) time
8072203095,EXECUTE,9575,US,BACKEND,ROOT,QNN accelerator (execute) time
8072203095,EXECUTE,0,COUNT,BACKEND,ROOT,Num times yield occured
8072203095,EXECUTE,620,US,BACKEND,ROOT,Time for initial VTCM acquire
8072203095,EXECUTE,269,US,BACKEND,ROOT,Time for HVX + HMX power on and acquire
8072203095,EXECUTE,2424374,CYCLES,BACKEND,ROOT,Accelerator (execute) time (cycles)
8072203095,EXECUTE,112450,CYCLES,BACKEND,SUB-EVENT,Input OpId_2 (cycles)
8072203095,EXECUTE,39260,CYCLES,BACKEND,SUB-EVENT,hidden_states_ncf:OpId_17 (cycles)
8072203095,EXECUTE,32369,CYCLES,BACKEND,SUB-EVENT,past_value_nchw:OpId_20 (cycles)
8072203095,EXECUTE,17759,CYCLES,BACKEND,SUB-EVENT,rms_norm__Mul_1_output_0:OpId_24 (cycles)
8072203095,EXECUTE,61327,CYCLES,BACKEND,SUB-EVENT,_MatMul:OpId_29 (cycles)
8072203095,EXECUTE,0,CYCLES,BACKEND,SUB-EVENT,_MatMul_post_reshape:OpId_31 (cycles)
8072203095,EXECUTE,11375,CYCLES,BACKEND,SUB-EVENT,_MatMul_1:OpId_34 (cycles)
8072203095,EXECUTE,47686,CYCLES,BACKEND,SUB-EVENT,_MatMul_1_post_reshape:OpId_36 (cycles)
8072203095,EXECUTE,7117,CYCLES,BACKEND,SUB-EVENT,_MatMul_2:OpId_39 (cycles)
8072203095,EXECUTE,46017,CYCLES,BACKEND,SUB-EVENT,_MatMul_2_post_reshape:OpId_41 (cycles)
8072203095,EXECUTE,560,CYCLES,BACKEND,SUB-EVENT,_Transpose:OpId_43 (cycles)
8072203095,EXECUTE,16024,CYCLES,BACKEND,SUB-EVENT,_Transpose_1:OpId_45 (cycles)
8072203095,EXECUTE,15733,CYCLES,BACKEND,SUB-EVENT,_Transpose_2:OpId_47 (cycles)
8072203095,EXECUTE,49912,CYCLES,BACKEND,SUB-EVENT,_Slice:OpId_49 (cycles)
8072203095,EXECUTE,18261,CYCLES,BACKEND,SUB-EVENT,_Slice_1:OpId_55 (cycles)
8072203095,EXECUTE,2622,CYCLES,BACKEND,SUB-EVENT,_Mul_2:OpId_61 (cycles)
8072203095,EXECUTE,1186,CYCLES,BACKEND,SUB-EVENT,_Mul_3:OpId_64 (cycles)
8072203095,EXECUTE,251,CYCLES,BACKEND,SUB-EVENT,_Sub:OpId_66 (cycles)
8072203095,EXECUTE,2919,CYCLES,BACKEND,SUB-EVENT,_Mul_4:OpId_68 (cycles)
8072203095,EXECUTE,1306,CYCLES,BACKEND,SUB-EVENT,_Mul_5:OpId_70 (cycles)
8072203095,EXECUTE,5978,CYCLES,BACKEND,SUB-EVENT,_Add_4:OpId_72 (cycles)
8072203095,EXECUTE,0,CYCLES,BACKEND,SUB-EVENT,_Unsqueeze:OpId_74 (cycles)
8072203095,EXECUTE,0,CYCLES,BACKEND,SUB-EVENT,_Unsqueeze_1:OpId_75 (cycles)
8072203095,EXECUTE,805,CYCLES,BACKEND,SUB-EVENT,_Concat:OpId_76 (cycles)
8072203095,EXECUTE,595,CYCLES,BACKEND,SUB-EVENT,_Reshape_3:OpId_78 (cycles)
8072203095,EXECUTE,95921,CYCLES,BACKEND,SUB-EVENT,_Slice_3:OpId_80 (cycles)
8072203095,EXECUTE,12359,CYCLES,BACKEND,SUB-EVENT,_Slice_4:OpId_86 (cycles)
8072203095,EXECUTE,26902,CYCLES,BACKEND,SUB-EVENT,_Mul_6:OpId_91 (cycles)
8072203095,EXECUTE,22782,CYCLES,BACKEND,SUB-EVENT,_Mul_7:OpId_93 (cycles)
8072203095,EXECUTE,4847,CYCLES,BACKEND,SUB-EVENT,_Sub_1:OpId_95 (cycles)
8072203095,EXECUTE,24631,CYCLES,BACKEND,SUB-EVENT,_Mul_8:OpId_97 (cycles)
8072203095,EXECUTE,21126,CYCLES,BACKEND,SUB-EVENT,_Mul_9:OpId_99 (cycles)
8072203095,EXECUTE,4602,CYCLES,BACKEND,SUB-EVENT,_Add_5:OpId_101 (cycles)
8072203095,EXECUTE,0,CYCLES,BACKEND,SUB-EVENT,_Unsqueeze_2:OpId_103 (cycles)
8072203095,EXECUTE,0,CYCLES,BACKEND,SUB-EVENT,_Unsqueeze_3:OpId_104 (cycles)
8072203095,EXECUTE,8878,CYCLES,BACKEND,SUB-EVENT,_Concat_2:OpId_105 (cycles)
8072203095,EXECUTE,0,CYCLES,BACKEND,SUB-EVENT,_Reshape_4:OpId_107 (cycles)
8072203095,EXECUTE,3102,CYCLES,BACKEND,SUB-EVENT,current_key_nhwc:OpId_109 (cycles)
8072203095,EXECUTE,4338,CYCLES,BACKEND,SUB-EVENT,_Concat_4:OpId_110 (cycles)
8072203095,EXECUTE,351327,CYCLES,BACKEND,SUB-EVENT,_Concat_4_output_0_nchw:OpId_113 (cycles)
8072203095,EXECUTE,2299,CYCLES,BACKEND,SUB-EVENT,_Concat_5:OpId_114 (cycles)
8072203095,EXECUTE,0,CYCLES,BACKEND,SUB-EVENT,_Unsqueeze_4:OpId_116 (cycles)
8072203095,EXECUTE,39924,CYCLES,BACKEND,SUB-EVENT,_MatMul_3:OpId_117 (cycles)
8072203095,EXECUTE,19009,CYCLES,BACKEND,SUB-EVENT,_Div_1:OpId_122 (cycles)
8072203095,EXECUTE,0,CYCLES,BACKEND,SUB-EVENT,_Add_6:OpId_125 (cycles)
8072203095,EXECUTE,21947,CYCLES,BACKEND,SUB-EVENT,_Softmax:OpId_127 (cycles)
8072203095,EXECUTE,0,CYCLES,BACKEND,SUB-EVENT,_Unsqueeze_5:OpId_130 (cycles)
8072203095,EXECUTE,68374,CYCLES,BACKEND,SUB-EVENT,_MatMul_4:OpId_131 (cycles)
8072203095,EXECUTE,0,CYCLES,BACKEND,SUB-EVENT,_Reshape_6:OpId_135 (cycles)
8072203095,EXECUTE,0,CYCLES,BACKEND,SUB-EVENT,_Transpose_4:OpId_137 (cycles)
8072203095,EXECUTE,22614,CYCLES,BACKEND,SUB-EVENT,_MatMul_5:OpId_139 (cycles)
8072203095,EXECUTE,0,CYCLES,BACKEND,SUB-EVENT,_MatMul_5_post_reshape:OpId_142 (cycles)
8072203095,EXECUTE,0,CYCLES,BACKEND,SUB-EVENT,_MatMul_5_output_0_nfc:OpId_144 (cycles)
8072203095,EXECUTE,147783,CYCLES,BACKEND,SUB-EVENT,_Add_7:OpId_146 (cycles)
8072203095,EXECUTE,280,CYCLES,BACKEND,SUB-EVENT,_Add_7_output_0_ncf:OpId_149 (cycles)
8072203095,EXECUTE,8384,CYCLES,BACKEND,SUB-EVENT,rms_norm__Mul_11_output_0:OpId_154 (cycles)
8072203095,EXECUTE,0,CYCLES,BACKEND,SUB-EVENT,_MatMul_6:OpId_158 (cycles)
8072203095,EXECUTE,0,CYCLES,BACKEND,SUB-EVENT,_MatMul_6_post_reshape:OpId_161 (cycles)
8072203095,EXECUTE,305022,CYCLES,BACKEND,SUB-EVENT,_MatMul_7:OpId_163 (cycles)
8072203095,EXECUTE,0,CYCLES,BACKEND,SUB-EVENT,_MatMul_7_post_reshape:OpId_166 (cycles)
8072203095,EXECUTE,0,CYCLES,BACKEND,SUB-EVENT,_Sigmoid:OpId_167 (cycles)
8072203095,EXECUTE,256201,CYCLES,BACKEND,SUB-EVENT,_Mul_12:OpId_174 (cycles)
8072203095,EXECUTE,31100,CYCLES,BACKEND,SUB-EVENT,_Mul_13:OpId_176 (cycles)
8072203095,EXECUTE,408236,CYCLES,BACKEND,SUB-EVENT,_MatMul_8:OpId_179 (cycles)
8072203095,EXECUTE,0,CYCLES,BACKEND,SUB-EVENT,_MatMul_8_post_reshape:OpId_182 (cycles)
8072203095,EXECUTE,0,CYCLES,BACKEND,SUB-EVENT,_MatMul_8_output_0_nfc:OpId_184 (cycles)
8072203095,EXECUTE,14809,CYCLES,BACKEND,SUB-EVENT,_Add_9:OpId_186 (cycles)
8072203095,EXECUTE,6065,CYCLES,BACKEND,SUB-EVENT,Output OpId_3 (cycles)
8072203095,EXECUTE,4674,US,BACKEND,ROOT,Accelerator (execute) time
8072203095,EXECUTE,4546,US,BACKEND,ROOT,Accelerator (execute excluding wait) time
8072203095,EXECUTE,11813,US,BACKEND,ROOT,QNN (execute) time
8072220999,EXECUTE,12280,US,NETRUN,ROOT,Graph 0: qwen2_0_5b_layer0_decode_past128_grouped_gqa_delta_kv
8072220999,EXECUTE,4,COUNT,BACKEND,ROOT,Number of HVX threads used
8072220999,EXECUTE,11006,US,BACKEND,ROOT,RPC (execute) time
8072220999,EXECUTE,9941,US,BACKEND,ROOT,QNN accelerator (execute) time
8072220999,EXECUTE,0,COUNT,BACKEND,ROOT,Num times yield occured
8072220999,EXECUTE,615,US,BACKEND,ROOT,Time for initial VTCM acquire
8072220999,EXECUTE,314,US,BACKEND,ROOT,Time for HVX + HMX power on and acquire
8072220999,EXECUTE,2246194,CYCLES,BACKEND,ROOT,Accelerator (execute) time (cycles)
8072220999,EXECUTE,27816,CYCLES,BACKEND,SUB-EVENT,Input OpId_2 (cycles)
8072220999,EXECUTE,6359,CYCLES,BACKEND,SUB-EVENT,hidden_states_ncf:OpId_17 (cycles)
8072220999,EXECUTE,26662,CYCLES,BACKEND,SUB-EVENT,past_value_nchw:OpId_20 (cycles)
8072220999,EXECUTE,15516,CYCLES,BACKEND,SUB-EVENT,rms_norm__Mul_1_output_0:OpId_24 (cycles)
8072220999,EXECUTE,93805,CYCLES,BACKEND,SUB-EVENT,_MatMul:OpId_29 (cycles)
8072220999,EXECUTE,0,CYCLES,BACKEND,SUB-EVENT,_MatMul_post_reshape:OpId_31 (cycles)
8072220999,EXECUTE,14672,CYCLES,BACKEND,SUB-EVENT,_MatMul_1:OpId_34 (cycles)
8072220999,EXECUTE,13595,CYCLES,BACKEND,SUB-EVENT,_MatMul_1_post_reshape:OpId_36 (cycles)
8072220999,EXECUTE,2050,CYCLES,BACKEND,SUB-EVENT,_MatMul_2:OpId_39 (cycles)
8072220999,EXECUTE,11799,CYCLES,BACKEND,SUB-EVENT,_MatMul_2_post_reshape:OpId_41 (cycles)
8072220999,EXECUTE,497,CYCLES,BACKEND,SUB-EVENT,_Transpose:OpId_43 (cycles)
8072220999,EXECUTE,4848,CYCLES,BACKEND,SUB-EVENT,_Transpose_1:OpId_45 (cycles)
8072220999,EXECUTE,4594,CYCLES,BACKEND,SUB-EVENT,_Transpose_2:OpId_47 (cycles)
8072220999,EXECUTE,27587,CYCLES,BACKEND,SUB-EVENT,_Slice:OpId_49 (cycles)
8072220999,EXECUTE,6910,CYCLES,BACKEND,SUB-EVENT,_Slice_1:OpId_55 (cycles)
8072220999,EXECUTE,1522,CYCLES,BACKEND,SUB-EVENT,_Mul_2:OpId_61 (cycles)
8072220999,EXECUTE,1365,CYCLES,BACKEND,SUB-EVENT,_Mul_3:OpId_64 (cycles)
8072220999,EXECUTE,262,CYCLES,BACKEND,SUB-EVENT,_Sub:OpId_66 (cycles)
8072220999,EXECUTE,1804,CYCLES,BACKEND,SUB-EVENT,_Mul_4:OpId_68 (cycles)
8072220999,EXECUTE,1255,CYCLES,BACKEND,SUB-EVENT,_Mul_5:OpId_70 (cycles)
8072220999,EXECUTE,2093,CYCLES,BACKEND,SUB-EVENT,_Add_4:OpId_72 (cycles)
8072220999,EXECUTE,0,CYCLES,BACKEND,SUB-EVENT,_Unsqueeze:OpId_74 (cycles)
8072220999,EXECUTE,0,CYCLES,BACKEND,SUB-EVENT,_Unsqueeze_1:OpId_75 (cycles)
8072220999,EXECUTE,823,CYCLES,BACKEND,SUB-EVENT,_Concat:OpId_76 (cycles)
8072220999,EXECUTE,557,CYCLES,BACKEND,SUB-EVENT,_Reshape_3:OpId_78 (cycles)
8072220999,EXECUTE,26957,CYCLES,BACKEND,SUB-EVENT,_Slice_3:OpId_80 (cycles)
8072220999,EXECUTE,5288,CYCLES,BACKEND,SUB-EVENT,_Slice_4:OpId_86 (cycles)
8072220999,EXECUTE,6965,CYCLES,BACKEND,SUB-EVENT,_Mul_6:OpId_91 (cycles)
8072220999,EXECUTE,3082,CYCLES,BACKEND,SUB-EVENT,_Mul_7:OpId_93 (cycles)
8072220999,EXECUTE,844,CYCLES,BACKEND,SUB-EVENT,_Sub_1:OpId_95 (cycles)
8072220999,EXECUTE,6877,CYCLES,BACKEND,SUB-EVENT,_Mul_8:OpId_97 (cycles)
8072220999,EXECUTE,2544,CYCLES,BACKEND,SUB-EVENT,_Mul_9:OpId_99 (cycles)
8072220999,EXECUTE,1253,CYCLES,BACKEND,SUB-EVENT,_Add_5:OpId_101 (cycles)
8072220999,EXECUTE,0,CYCLES,BACKEND,SUB-EVENT,_Unsqueeze_2:OpId_103 (cycles)
8072220999,EXECUTE,0,CYCLES,BACKEND,SUB-EVENT,_Unsqueeze_3:OpId_104 (cycles)
8072220999,EXECUTE,2844,CYCLES,BACKEND,SUB-EVENT,_Concat_2:OpId_105 (cycles)
8072220999,EXECUTE,0,CYCLES,BACKEND,SUB-EVENT,_Reshape_4:OpId_107 (cycles)
8072220999,EXECUTE,946,CYCLES,BACKEND,SUB-EVENT,current_key_nhwc:OpId_109 (cycles)
8072220999,EXECUTE,3400,CYCLES,BACKEND,SUB-EVENT,_Concat_4:OpId_110 (cycles)
8072220999,EXECUTE,368100,CYCLES,BACKEND,SUB-EVENT,_Concat_4_output_0_nchw:OpId_113 (cycles)
8072220999,EXECUTE,1814,CYCLES,BACKEND,SUB-EVENT,_Concat_5:OpId_114 (cycles)
8072220999,EXECUTE,0,CYCLES,BACKEND,SUB-EVENT,_Unsqueeze_4:OpId_116 (cycles)
8072220999,EXECUTE,33494,CYCLES,BACKEND,SUB-EVENT,_MatMul_3:OpId_117 (cycles)
8072220999,EXECUTE,6657,CYCLES,BACKEND,SUB-EVENT,_Div_1:OpId_122 (cycles)
8072220999,EXECUTE,0,CYCLES,BACKEND,SUB-EVENT,_Add_6:OpId_125 (cycles)
8072220999,EXECUTE,21944,CYCLES,BACKEND,SUB-EVENT,_Softmax:OpId_127 (cycles)
8072220999,EXECUTE,0,CYCLES,BACKEND,SUB-EVENT,_Unsqueeze_5:OpId_130 (cycles)
8072220999,EXECUTE,33963,CYCLES,BACKEND,SUB-EVENT,_MatMul_4:OpId_131 (cycles)
8072220999,EXECUTE,0,CYCLES,BACKEND,SUB-EVENT,_Reshape_6:OpId_135 (cycles)
8072220999,EXECUTE,0,CYCLES,BACKEND,SUB-EVENT,_Transpose_4:OpId_137 (cycles)
8072220999,EXECUTE,53667,CYCLES,BACKEND,SUB-EVENT,_MatMul_5:OpId_139 (cycles)
8072220999,EXECUTE,0,CYCLES,BACKEND,SUB-EVENT,_MatMul_5_post_reshape:OpId_142 (cycles)
8072220999,EXECUTE,0,CYCLES,BACKEND,SUB-EVENT,_MatMul_5_output_0_nfc:OpId_144 (cycles)
8072220999,EXECUTE,146374,CYCLES,BACKEND,SUB-EVENT,_Add_7:OpId_146 (cycles)
8072220999,EXECUTE,296,CYCLES,BACKEND,SUB-EVENT,_Add_7_output_0_ncf:OpId_149 (cycles)
8072220999,EXECUTE,2251,CYCLES,BACKEND,SUB-EVENT,rms_norm__Mul_11_output_0:OpId_154 (cycles)
8072220999,EXECUTE,0,CYCLES,BACKEND,SUB-EVENT,_MatMul_6:OpId_158 (cycles)
8072220999,EXECUTE,0,CYCLES,BACKEND,SUB-EVENT,_MatMul_6_post_reshape:OpId_161 (cycles)
8072220999,EXECUTE,431642,CYCLES,BACKEND,SUB-EVENT,_MatMul_7:OpId_163 (cycles)
8072220999,EXECUTE,0,CYCLES,BACKEND,SUB-EVENT,_MatMul_7_post_reshape:OpId_166 (cycles)
8072220999,EXECUTE,0,CYCLES,BACKEND,SUB-EVENT,_Sigmoid:OpId_167 (cycles)
8072220999,EXECUTE,343494,CYCLES,BACKEND,SUB-EVENT,_Mul_12:OpId_174 (cycles)
8072220999,EXECUTE,51240,CYCLES,BACKEND,SUB-EVENT,_Mul_13:OpId_176 (cycles)
8072220999,EXECUTE,401769,CYCLES,BACKEND,SUB-EVENT,_MatMul_8:OpId_179 (cycles)
8072220999,EXECUTE,0,CYCLES,BACKEND,SUB-EVENT,_MatMul_8_post_reshape:OpId_182 (cycles)
8072220999,EXECUTE,0,CYCLES,BACKEND,SUB-EVENT,_MatMul_8_output_0_nfc:OpId_184 (cycles)
8072220999,EXECUTE,14870,CYCLES,BACKEND,SUB-EVENT,_Add_9:OpId_186 (cycles)
8072220999,EXECUTE,7228,CYCLES,BACKEND,SUB-EVENT,Output OpId_3 (cycles)
8072220999,EXECUTE,4996,US,BACKEND,ROOT,Accelerator (execute) time
8072220999,EXECUTE,4860,US,BACKEND,ROOT,Accelerator (execute excluding wait) time
8072220999,EXECUTE,12235,US,BACKEND,ROOT,QNN (execute) time
8072235902,EXECUTE,11312,US,NETRUN,ROOT,Graph 0: qwen2_0_5b_layer0_decode_past128_grouped_gqa_delta_kv
8072235902,EXECUTE,4,COUNT,BACKEND,ROOT,Number of HVX threads used
8072235902,EXECUTE,10557,US,BACKEND,ROOT,RPC (execute) time
8072235902,EXECUTE,9535,US,BACKEND,ROOT,QNN accelerator (execute) time
8072235902,EXECUTE,0,COUNT,BACKEND,ROOT,Num times yield occured
8072235902,EXECUTE,590,US,BACKEND,ROOT,Time for initial VTCM acquire
8072235902,EXECUTE,249,US,BACKEND,ROOT,Time for HVX + HMX power on and acquire
8072235902,EXECUTE,2278555,CYCLES,BACKEND,ROOT,Accelerator (execute) time (cycles)
8072235902,EXECUTE,100845,CYCLES,BACKEND,SUB-EVENT,Input OpId_2 (cycles)
8072235902,EXECUTE,35227,CYCLES,BACKEND,SUB-EVENT,hidden_states_ncf:OpId_17 (cycles)
8072235902,EXECUTE,26957,CYCLES,BACKEND,SUB-EVENT,past_value_nchw:OpId_20 (cycles)
8072235902,EXECUTE,15550,CYCLES,BACKEND,SUB-EVENT,rms_norm__Mul_1_output_0:OpId_24 (cycles)
8072235902,EXECUTE,67884,CYCLES,BACKEND,SUB-EVENT,_MatMul:OpId_29 (cycles)
8072235902,EXECUTE,0,CYCLES,BACKEND,SUB-EVENT,_MatMul_post_reshape:OpId_31 (cycles)
8072235902,EXECUTE,9050,CYCLES,BACKEND,SUB-EVENT,_MatMul_1:OpId_34 (cycles)
8072235902,EXECUTE,18878,CYCLES,BACKEND,SUB-EVENT,_MatMul_1_post_reshape:OpId_36 (cycles)
8072235902,EXECUTE,5456,CYCLES,BACKEND,SUB-EVENT,_MatMul_2:OpId_39 (cycles)
8072235902,EXECUTE,17075,CYCLES,BACKEND,SUB-EVENT,_MatMul_2_post_reshape:OpId_41 (cycles)
8072235902,EXECUTE,492,CYCLES,BACKEND,SUB-EVENT,_Transpose:OpId_43 (cycles)
8072235902,EXECUTE,6323,CYCLES,BACKEND,SUB-EVENT,_Transpose_1:OpId_45 (cycles)
8072235902,EXECUTE,6113,CYCLES,BACKEND,SUB-EVENT,_Transpose_2:OpId_47 (cycles)
8072235902,EXECUTE,46142,CYCLES,BACKEND,SUB-EVENT,_Slice:OpId_49 (cycles)
8072235902,EXECUTE,16206,CYCLES,BACKEND,SUB-EVENT,_Slice_1:OpId_55 (cycles)
8072235902,EXECUTE,2908,CYCLES,BACKEND,SUB-EVENT,_Mul_2:OpId_61 (cycles)
8072235902,EXECUTE,1392,CYCLES,BACKEND,SUB-EVENT,_Mul_3:OpId_64 (cycles)
8072235902,EXECUTE,237,CYCLES,BACKEND,SUB-EVENT,_Sub:OpId_66 (cycles)
8072235902,EXECUTE,3520,CYCLES,BACKEND,SUB-EVENT,_Mul_4:OpId_68 (cycles)
8072235902,EXECUTE,1244,CYCLES,BACKEND,SUB-EVENT,_Mul_5:OpId_70 (cycles)
8072235902,EXECUTE,4828,CYCLES,BACKEND,SUB-EVENT,_Add_4:OpId_72 (cycles)
8072235902,EXECUTE,0,CYCLES,BACKEND,SUB-EVENT,_Unsqueeze:OpId_74 (cycles)
8072235902,EXECUTE,0,CYCLES,BACKEND,SUB-EVENT,_Unsqueeze_1:OpId_75 (cycles)
8072235902,EXECUTE,742,CYCLES,BACKEND,SUB-EVENT,_Concat:OpId_76 (cycles)
8072235902,EXECUTE,593,CYCLES,BACKEND,SUB-EVENT,_Reshape_3:OpId_78 (cycles)
8072235902,EXECUTE,89156,CYCLES,BACKEND,SUB-EVENT,_Slice_3:OpId_80 (cycles)
8072235902,EXECUTE,9010,CYCLES,BACKEND,SUB-EVENT,_Slice_4:OpId_86 (cycles)
8072235902,EXECUTE,27178,CYCLES,BACKEND,SUB-EVENT,_Mul_6:OpId_91 (cycles)
8072235902,EXECUTE,19099,CYCLES,BACKEND,SUB-EVENT,_Mul_7:OpId_93 (cycles)
8072235902,EXECUTE,7361,CYCLES,BACKEND,SUB-EVENT,_Sub_1:OpId_95 (cycles)
8072235902,EXECUTE,24112,CYCLES,BACKEND,SUB-EVENT,_Mul_8:OpId_97 (cycles)
8072235902,EXECUTE,18969,CYCLES,BACKEND,SUB-EVENT,_Mul_9:OpId_99 (cycles)
8072235902,EXECUTE,6095,CYCLES,BACKEND,SUB-EVENT,_Add_5:OpId_101 (cycles)
8072235902,EXECUTE,0,CYCLES,BACKEND,SUB-EVENT,_Unsqueeze_2:OpId_103 (cycles)
8072235902,EXECUTE,0,CYCLES,BACKEND,SUB-EVENT,_Unsqueeze_3:OpId_104 (cycles)
8072235902,EXECUTE,5910,CYCLES,BACKEND,SUB-EVENT,_Concat_2:OpId_105 (cycles)
8072235902,EXECUTE,0,CYCLES,BACKEND,SUB-EVENT,_Reshape_4:OpId_107 (cycles)
8072235902,EXECUTE,3493,CYCLES,BACKEND,SUB-EVENT,current_key_nhwc:OpId_109 (cycles)
8072235902,EXECUTE,4360,CYCLES,BACKEND,SUB-EVENT,_Concat_4:OpId_110 (cycles)
8072235902,EXECUTE,353365,CYCLES,BACKEND,SUB-EVENT,_Concat_4_output_0_nchw:OpId_113 (cycles)
8072235902,EXECUTE,3592,CYCLES,BACKEND,SUB-EVENT,_Concat_5:OpId_114 (cycles)
8072235902,EXECUTE,0,CYCLES,BACKEND,SUB-EVENT,_Unsqueeze_4:OpId_116 (cycles)
8072235902,EXECUTE,37558,CYCLES,BACKEND,SUB-EVENT,_MatMul_3:OpId_117 (cycles)
8072235902,EXECUTE,18924,CYCLES,BACKEND,SUB-EVENT,_Div_1:OpId_122 (cycles)
8072235902,EXECUTE,0,CYCLES,BACKEND,SUB-EVENT,_Add_6:OpId_125 (cycles)
8072235902,EXECUTE,19227,CYCLES,BACKEND,SUB-EVENT,_Softmax:OpId_127 (cycles)
8072235902,EXECUTE,0,CYCLES,BACKEND,SUB-EVENT,_Unsqueeze_5:OpId_130 (cycles)
8072235902,EXECUTE,74390,CYCLES,BACKEND,SUB-EVENT,_MatMul_4:OpId_131 (cycles)
8072235902,EXECUTE,0,CYCLES,BACKEND,SUB-EVENT,_Reshape_6:OpId_135 (cycles)
8072235902,EXECUTE,0,CYCLES,BACKEND,SUB-EVENT,_Transpose_4:OpId_137 (cycles)
8072235902,EXECUTE,20834,CYCLES,BACKEND,SUB-EVENT,_MatMul_5:OpId_139 (cycles)
8072235902,EXECUTE,0,CYCLES,BACKEND,SUB-EVENT,_MatMul_5_post_reshape:OpId_142 (cycles)
8072235902,EXECUTE,0,CYCLES,BACKEND,SUB-EVENT,_MatMul_5_output_0_nfc:OpId_144 (cycles)
8072235902,EXECUTE,151408,CYCLES,BACKEND,SUB-EVENT,_Add_7:OpId_146 (cycles)
8072235902,EXECUTE,284,CYCLES,BACKEND,SUB-EVENT,_Add_7_output_0_ncf:OpId_149 (cycles)
8072235902,EXECUTE,4722,CYCLES,BACKEND,SUB-EVENT,rms_norm__Mul_11_output_0:OpId_154 (cycles)
8072235902,EXECUTE,0,CYCLES,BACKEND,SUB-EVENT,_MatMul_6:OpId_158 (cycles)
8072235902,EXECUTE,0,CYCLES,BACKEND,SUB-EVENT,_MatMul_6_post_reshape:OpId_161 (cycles)
8072235902,EXECUTE,284650,CYCLES,BACKEND,SUB-EVENT,_MatMul_7:OpId_163 (cycles)
8072235902,EXECUTE,0,CYCLES,BACKEND,SUB-EVENT,_MatMul_7_post_reshape:OpId_166 (cycles)
8072235902,EXECUTE,0,CYCLES,BACKEND,SUB-EVENT,_Sigmoid:OpId_167 (cycles)
8072235902,EXECUTE,256079,CYCLES,BACKEND,SUB-EVENT,_Mul_12:OpId_174 (cycles)
8072235902,EXECUTE,28753,CYCLES,BACKEND,SUB-EVENT,_Mul_13:OpId_176 (cycles)
8072235902,EXECUTE,402957,CYCLES,BACKEND,SUB-EVENT,_MatMul_8:OpId_179 (cycles)
8072235902,EXECUTE,0,CYCLES,BACKEND,SUB-EVENT,_MatMul_8_post_reshape:OpId_182 (cycles)
8072235902,EXECUTE,0,CYCLES,BACKEND,SUB-EVENT,_MatMul_8_output_0_nfc:OpId_184 (cycles)
8072235902,EXECUTE,14594,CYCLES,BACKEND,SUB-EVENT,_Add_9:OpId_186 (cycles)
8072235902,EXECUTE,4813,CYCLES,BACKEND,SUB-EVENT,Output OpId_3 (cycles)
8072235902,EXECUTE,4535,US,BACKEND,ROOT,Accelerator (execute) time
8072235902,EXECUTE,4413,US,BACKEND,ROOT,Accelerator (execute excluding wait) time
8072235902,EXECUTE,11284,US,BACKEND,ROOT,QNN (execute) time
8072249315,EXECUTE,11133,US,NETRUN,ROOT,Graph 0: qwen2_0_5b_layer0_decode_past128_grouped_gqa_delta_kv
8072249315,EXECUTE,4,COUNT,BACKEND,ROOT,Number of HVX threads used
8072249315,EXECUTE,10712,US,BACKEND,ROOT,RPC (execute) time
8072249315,EXECUTE,9706,US,BACKEND,ROOT,QNN accelerator (execute) time
8072249315,EXECUTE,0,COUNT,BACKEND,ROOT,Num times yield occured
8072249315,EXECUTE,597,US,BACKEND,ROOT,Time for initial VTCM acquire
8072249315,EXECUTE,288,US,BACKEND,ROOT,Time for HVX + HMX power on and acquire
8072249315,EXECUTE,2428026,CYCLES,BACKEND,ROOT,Accelerator (execute) time (cycles)
8072249315,EXECUTE,112600,CYCLES,BACKEND,SUB-EVENT,Input OpId_2 (cycles)
8072249315,EXECUTE,38615,CYCLES,BACKEND,SUB-EVENT,hidden_states_ncf:OpId_17 (cycles)
8072249315,EXECUTE,29406,CYCLES,BACKEND,SUB-EVENT,past_value_nchw:OpId_20 (cycles)
8072249315,EXECUTE,28923,CYCLES,BACKEND,SUB-EVENT,rms_norm__Mul_1_output_0:OpId_24 (cycles)
8072249315,EXECUTE,67954,CYCLES,BACKEND,SUB-EVENT,_MatMul:OpId_29 (cycles)
8072249315,EXECUTE,0,CYCLES,BACKEND,SUB-EVENT,_MatMul_post_reshape:OpId_31 (cycles)
8072249315,EXECUTE,19515,CYCLES,BACKEND,SUB-EVENT,_MatMul_1:OpId_34 (cycles)
8072249315,EXECUTE,42483,CYCLES,BACKEND,SUB-EVENT,_MatMul_1_post_reshape:OpId_36 (cycles)
8072249315,EXECUTE,5950,CYCLES,BACKEND,SUB-EVENT,_MatMul_2:OpId_39 (cycles)
8072249315,EXECUTE,40832,CYCLES,BACKEND,SUB-EVENT,_MatMul_2_post_reshape:OpId_41 (cycles)
8072249315,EXECUTE,505,CYCLES,BACKEND,SUB-EVENT,_Transpose:OpId_43 (cycles)
8072249315,EXECUTE,5321,CYCLES,BACKEND,SUB-EVENT,_Transpose_1:OpId_45 (cycles)
8072249315,EXECUTE,4921,CYCLES,BACKEND,SUB-EVENT,_Transpose_2:OpId_47 (cycles)
8072249315,EXECUTE,52684,CYCLES,BACKEND,SUB-EVENT,_Slice:OpId_49 (cycles)
8072249315,EXECUTE,19352,CYCLES,BACKEND,SUB-EVENT,_Slice_1:OpId_55 (cycles)
8072249315,EXECUTE,2626,CYCLES,BACKEND,SUB-EVENT,_Mul_2:OpId_61 (cycles)
8072249315,EXECUTE,1149,CYCLES,BACKEND,SUB-EVENT,_Mul_3:OpId_64 (cycles)
8072249315,EXECUTE,254,CYCLES,BACKEND,SUB-EVENT,_Sub:OpId_66 (cycles)
8072249315,EXECUTE,2844,CYCLES,BACKEND,SUB-EVENT,_Mul_4:OpId_68 (cycles)
8072249315,EXECUTE,1530,CYCLES,BACKEND,SUB-EVENT,_Mul_5:OpId_70 (cycles)
8072249315,EXECUTE,7467,CYCLES,BACKEND,SUB-EVENT,_Add_4:OpId_72 (cycles)
8072249315,EXECUTE,0,CYCLES,BACKEND,SUB-EVENT,_Unsqueeze:OpId_74 (cycles)
8072249315,EXECUTE,0,CYCLES,BACKEND,SUB-EVENT,_Unsqueeze_1:OpId_75 (cycles)
8072249315,EXECUTE,801,CYCLES,BACKEND,SUB-EVENT,_Concat:OpId_76 (cycles)
8072249315,EXECUTE,528,CYCLES,BACKEND,SUB-EVENT,_Reshape_3:OpId_78 (cycles)
8072249315,EXECUTE,82633,CYCLES,BACKEND,SUB-EVENT,_Slice_3:OpId_80 (cycles)
8072249315,EXECUTE,17105,CYCLES,BACKEND,SUB-EVENT,_Slice_4:OpId_86 (cycles)
8072249315,EXECUTE,25065,CYCLES,BACKEND,SUB-EVENT,_Mul_6:OpId_91 (cycles)
8072249315,EXECUTE,14468,CYCLES,BACKEND,SUB-EVENT,_Mul_7:OpId_93 (cycles)
8072249315,EXECUTE,4976,CYCLES,BACKEND,SUB-EVENT,_Sub_1:OpId_95 (cycles)
8072249315,EXECUTE,20211,CYCLES,BACKEND,SUB-EVENT,_Mul_8:OpId_97 (cycles)
8072249315,EXECUTE,14133,CYCLES,BACKEND,SUB-EVENT,_Mul_9:OpId_99 (cycles)
8072249315,EXECUTE,4571,CYCLES,BACKEND,SUB-EVENT,_Add_5:OpId_101 (cycles)
8072249315,EXECUTE,0,CYCLES,BACKEND,SUB-EVENT,_Unsqueeze_2:OpId_103 (cycles)
8072249315,EXECUTE,0,CYCLES,BACKEND,SUB-EVENT,_Unsqueeze_3:OpId_104 (cycles)
8072249315,EXECUTE,8840,CYCLES,BACKEND,SUB-EVENT,_Concat_2:OpId_105 (cycles)
8072249315,EXECUTE,0,CYCLES,BACKEND,SUB-EVENT,_Reshape_4:OpId_107 (cycles)
8072249315,EXECUTE,3846,CYCLES,BACKEND,SUB-EVENT,current_key_nhwc:OpId_109 (cycles)
8072249315,EXECUTE,5836,CYCLES,BACKEND,SUB-EVENT,_Concat_4:OpId_110 (cycles)
8072249315,EXECUTE,351244,CYCLES,BACKEND,SUB-EVENT,_Concat_4_output_0_nchw:OpId_113 (cycles)
8072249315,EXECUTE,4512,CYCLES,BACKEND,SUB-EVENT,_Concat_5:OpId_114 (cycles)
8072249315,EXECUTE,0,CYCLES,BACKEND,SUB-EVENT,_Unsqueeze_4:OpId_116 (cycles)
8072249315,EXECUTE,34848,CYCLES,BACKEND,SUB-EVENT,_MatMul_3:OpId_117 (cycles)
8072249315,EXECUTE,19143,CYCLES,BACKEND,SUB-EVENT,_Div_1:OpId_122 (cycles)
8072249315,EXECUTE,0,CYCLES,BACKEND,SUB-EVENT,_Add_6:OpId_125 (cycles)
8072249315,EXECUTE,19038,CYCLES,BACKEND,SUB-EVENT,_Softmax:OpId_127 (cycles)
8072249315,EXECUTE,0,CYCLES,BACKEND,SUB-EVENT,_Unsqueeze_5:OpId_130 (cycles)
8072249315,EXECUTE,75583,CYCLES,BACKEND,SUB-EVENT,_MatMul_4:OpId_131 (cycles)
8072249315,EXECUTE,0,CYCLES,BACKEND,SUB-EVENT,_Reshape_6:OpId_135 (cycles)
8072249315,EXECUTE,0,CYCLES,BACKEND,SUB-EVENT,_Transpose_4:OpId_137 (cycles)
8072249315,EXECUTE,18952,CYCLES,BACKEND,SUB-EVENT,_MatMul_5:OpId_139 (cycles)
8072249315,EXECUTE,0,CYCLES,BACKEND,SUB-EVENT,_MatMul_5_post_reshape:OpId_142 (cycles)
8072249315,EXECUTE,0,CYCLES,BACKEND,SUB-EVENT,_MatMul_5_output_0_nfc:OpId_144 (cycles)
8072249315,EXECUTE,216168,CYCLES,BACKEND,SUB-EVENT,_Add_7:OpId_146 (cycles)
8072249315,EXECUTE,282,CYCLES,BACKEND,SUB-EVENT,_Add_7_output_0_ncf:OpId_149 (cycles)
8072249315,EXECUTE,5076,CYCLES,BACKEND,SUB-EVENT,rms_norm__Mul_11_output_0:OpId_154 (cycles)
8072249315,EXECUTE,0,CYCLES,BACKEND,SUB-EVENT,_MatMul_6:OpId_158 (cycles)
8072249315,EXECUTE,0,CYCLES,BACKEND,SUB-EVENT,_MatMul_6_post_reshape:OpId_161 (cycles)
8072249315,EXECUTE,293843,CYCLES,BACKEND,SUB-EVENT,_MatMul_7:OpId_163 (cycles)
8072249315,EXECUTE,0,CYCLES,BACKEND,SUB-EVENT,_MatMul_7_post_reshape:OpId_166 (cycles)
8072249315,EXECUTE,0,CYCLES,BACKEND,SUB-EVENT,_Sigmoid:OpId_167 (cycles)
8072249315,EXECUTE,249598,CYCLES,BACKEND,SUB-EVENT,_Mul_12:OpId_174 (cycles)
8072249315,EXECUTE,31746,CYCLES,BACKEND,SUB-EVENT,_Mul_13:OpId_176 (cycles)
8072249315,EXECUTE,397264,CYCLES,BACKEND,SUB-EVENT,_MatMul_8:OpId_179 (cycles)
8072249315,EXECUTE,0,CYCLES,BACKEND,SUB-EVENT,_MatMul_8_post_reshape:OpId_182 (cycles)
8072249315,EXECUTE,0,CYCLES,BACKEND,SUB-EVENT,_MatMul_8_output_0_nfc:OpId_184 (cycles)
8072249315,EXECUTE,14830,CYCLES,BACKEND,SUB-EVENT,_Add_9:OpId_186 (cycles)
8072249315,EXECUTE,7955,CYCLES,BACKEND,SUB-EVENT,Output OpId_3 (cycles)
8072249315,EXECUTE,4662,US,BACKEND,ROOT,Accelerator (execute) time
8072249315,EXECUTE,4529,US,BACKEND,ROOT,Accelerator (execute excluding wait) time
8072249315,EXECUTE,11112,US,BACKEND,ROOT,QNN (execute) time
8072263660,EXECUTE,12191,US,NETRUN,ROOT,Graph 0: qwen2_0_5b_layer0_decode_past128_grouped_gqa_delta_kv
8072263660,EXECUTE,4,COUNT,BACKEND,ROOT,Number of HVX threads used
8072263660,EXECUTE,11740,US,BACKEND,ROOT,RPC (execute) time
8072263660,EXECUTE,9538,US,BACKEND,ROOT,QNN accelerator (execute) time
8072263660,EXECUTE,0,COUNT,BACKEND,ROOT,Num times yield occured
8072263660,EXECUTE,599,US,BACKEND,ROOT,Time for initial VTCM acquire
8072263660,EXECUTE,298,US,BACKEND,ROOT,Time for HVX + HMX power on and acquire
8072263660,EXECUTE,2395175,CYCLES,BACKEND,ROOT,Accelerator (execute) time (cycles)
8072263660,EXECUTE,90321,CYCLES,BACKEND,SUB-EVENT,Input OpId_2 (cycles)
8072263660,EXECUTE,30127,CYCLES,BACKEND,SUB-EVENT,hidden_states_ncf:OpId_17 (cycles)
8072263660,EXECUTE,46047,CYCLES,BACKEND,SUB-EVENT,past_value_nchw:OpId_20 (cycles)
8072263660,EXECUTE,13858,CYCLES,BACKEND,SUB-EVENT,rms_norm__Mul_1_output_0:OpId_24 (cycles)
8072263660,EXECUTE,67441,CYCLES,BACKEND,SUB-EVENT,_MatMul:OpId_29 (cycles)
8072263660,EXECUTE,0,CYCLES,BACKEND,SUB-EVENT,_MatMul_post_reshape:OpId_31 (cycles)
8072263660,EXECUTE,10333,CYCLES,BACKEND,SUB-EVENT,_MatMul_1:OpId_34 (cycles)
8072263660,EXECUTE,34723,CYCLES,BACKEND,SUB-EVENT,_MatMul_1_post_reshape:OpId_36 (cycles)
8072263660,EXECUTE,7477,CYCLES,BACKEND,SUB-EVENT,_MatMul_2:OpId_39 (cycles)
8072263660,EXECUTE,32905,CYCLES,BACKEND,SUB-EVENT,_MatMul_2_post_reshape:OpId_41 (cycles)
8072263660,EXECUTE,507,CYCLES,BACKEND,SUB-EVENT,_Transpose:OpId_43 (cycles)
8072263660,EXECUTE,10029,CYCLES,BACKEND,SUB-EVENT,_Transpose_1:OpId_45 (cycles)
8072263660,EXECUTE,9820,CYCLES,BACKEND,SUB-EVENT,_Transpose_2:OpId_47 (cycles)
8072263660,EXECUTE,58196,CYCLES,BACKEND,SUB-EVENT,_Slice:OpId_49 (cycles)
8072263660,EXECUTE,12271,CYCLES,BACKEND,SUB-EVENT,_Slice_1:OpId_55 (cycles)
8072263660,EXECUTE,2675,CYCLES,BACKEND,SUB-EVENT,_Mul_2:OpId_61 (cycles)
8072263660,EXECUTE,1186,CYCLES,BACKEND,SUB-EVENT,_Mul_3:OpId_64 (cycles)
8072263660,EXECUTE,253,CYCLES,BACKEND,SUB-EVENT,_Sub:OpId_66 (cycles)
8072263660,EXECUTE,3172,CYCLES,BACKEND,SUB-EVENT,_Mul_4:OpId_68 (cycles)
8072263660,EXECUTE,1286,CYCLES,BACKEND,SUB-EVENT,_Mul_5:OpId_70 (cycles)
8072263660,EXECUTE,5461,CYCLES,BACKEND,SUB-EVENT,_Add_4:OpId_72 (cycles)
8072263660,EXECUTE,0,CYCLES,BACKEND,SUB-EVENT,_Unsqueeze:OpId_74 (cycles)
8072263660,EXECUTE,0,CYCLES,BACKEND,SUB-EVENT,_Unsqueeze_1:OpId_75 (cycles)
8072263660,EXECUTE,755,CYCLES,BACKEND,SUB-EVENT,_Concat:OpId_76 (cycles)
8072263660,EXECUTE,613,CYCLES,BACKEND,SUB-EVENT,_Reshape_3:OpId_78 (cycles)
8072263660,EXECUTE,94585,CYCLES,BACKEND,SUB-EVENT,_Slice_3:OpId_80 (cycles)
8072263660,EXECUTE,18511,CYCLES,BACKEND,SUB-EVENT,_Slice_4:OpId_86 (cycles)
8072263660,EXECUTE,38618,CYCLES,BACKEND,SUB-EVENT,_Mul_6:OpId_91 (cycles)
8072263660,EXECUTE,28892,CYCLES,BACKEND,SUB-EVENT,_Mul_7:OpId_93 (cycles)
8072263660,EXECUTE,4734,CYCLES,BACKEND,SUB-EVENT,_Sub_1:OpId_95 (cycles)
8072263660,EXECUTE,34507,CYCLES,BACKEND,SUB-EVENT,_Mul_8:OpId_97 (cycles)
8072263660,EXECUTE,28614,CYCLES,BACKEND,SUB-EVENT,_Mul_9:OpId_99 (cycles)
8072263660,EXECUTE,5000,CYCLES,BACKEND,SUB-EVENT,_Add_5:OpId_101 (cycles)
8072263660,EXECUTE,0,CYCLES,BACKEND,SUB-EVENT,_Unsqueeze_2:OpId_103 (cycles)
8072263660,EXECUTE,0,CYCLES,BACKEND,SUB-EVENT,_Unsqueeze_3:OpId_104 (cycles)
8072263660,EXECUTE,8520,CYCLES,BACKEND,SUB-EVENT,_Concat_2:OpId_105 (cycles)
8072263660,EXECUTE,0,CYCLES,BACKEND,SUB-EVENT,_Reshape_4:OpId_107 (cycles)
8072263660,EXECUTE,3336,CYCLES,BACKEND,SUB-EVENT,current_key_nhwc:OpId_109 (cycles)
8072263660,EXECUTE,4480,CYCLES,BACKEND,SUB-EVENT,_Concat_4:OpId_110 (cycles)
8072263660,EXECUTE,351557,CYCLES,BACKEND,SUB-EVENT,_Concat_4_output_0_nchw:OpId_113 (cycles)
8072263660,EXECUTE,6974,CYCLES,BACKEND,SUB-EVENT,_Concat_5:OpId_114 (cycles)
8072263660,EXECUTE,0,CYCLES,BACKEND,SUB-EVENT,_Unsqueeze_4:OpId_116 (cycles)
8072263660,EXECUTE,40344,CYCLES,BACKEND,SUB-EVENT,_MatMul_3:OpId_117 (cycles)
8072263660,EXECUTE,19553,CYCLES,BACKEND,SUB-EVENT,_Div_1:OpId_122 (cycles)
8072263660,EXECUTE,0,CYCLES,BACKEND,SUB-EVENT,_Add_6:OpId_125 (cycles)
8072263660,EXECUTE,23008,CYCLES,BACKEND,SUB-EVENT,_Softmax:OpId_127 (cycles)
8072263660,EXECUTE,0,CYCLES,BACKEND,SUB-EVENT,_Unsqueeze_5:OpId_130 (cycles)
8072263660,EXECUTE,80517,CYCLES,BACKEND,SUB-EVENT,_MatMul_4:OpId_131 (cycles)
8072263660,EXECUTE,0,CYCLES,BACKEND,SUB-EVENT,_Reshape_6:OpId_135 (cycles)
8072263660,EXECUTE,0,CYCLES,BACKEND,SUB-EVENT,_Transpose_4:OpId_137 (cycles)
8072263660,EXECUTE,19435,CYCLES,BACKEND,SUB-EVENT,_MatMul_5:OpId_139 (cycles)
8072263660,EXECUTE,0,CYCLES,BACKEND,SUB-EVENT,_MatMul_5_post_reshape:OpId_142 (cycles)
8072263660,EXECUTE,0,CYCLES,BACKEND,SUB-EVENT,_MatMul_5_output_0_nfc:OpId_144 (cycles)
8072263660,EXECUTE,136101,CYCLES,BACKEND,SUB-EVENT,_Add_7:OpId_146 (cycles)
8072263660,EXECUTE,265,CYCLES,BACKEND,SUB-EVENT,_Add_7_output_0_ncf:OpId_149 (cycles)
8072263660,EXECUTE,5005,CYCLES,BACKEND,SUB-EVENT,rms_norm__Mul_11_output_0:OpId_154 (cycles)
8072263660,EXECUTE,0,CYCLES,BACKEND,SUB-EVENT,_MatMul_6:OpId_158 (cycles)
8072263660,EXECUTE,0,CYCLES,BACKEND,SUB-EVENT,_MatMul_6_post_reshape:OpId_161 (cycles)
8072263660,EXECUTE,290096,CYCLES,BACKEND,SUB-EVENT,_MatMul_7:OpId_163 (cycles)
8072263660,EXECUTE,0,CYCLES,BACKEND,SUB-EVENT,_MatMul_7_post_reshape:OpId_166 (cycles)
8072263660,EXECUTE,0,CYCLES,BACKEND,SUB-EVENT,_Sigmoid:OpId_167 (cycles)
8072263660,EXECUTE,255083,CYCLES,BACKEND,SUB-EVENT,_Mul_12:OpId_174 (cycles)
8072263660,EXECUTE,31349,CYCLES,BACKEND,SUB-EVENT,_Mul_13:OpId_176 (cycles)
8072263660,EXECUTE,398088,CYCLES,BACKEND,SUB-EVENT,_MatMul_8:OpId_179 (cycles)
8072263660,EXECUTE,0,CYCLES,BACKEND,SUB-EVENT,_MatMul_8_post_reshape:OpId_182 (cycles)
8072263660,EXECUTE,0,CYCLES,BACKEND,SUB-EVENT,_MatMul_8_output_0_nfc:OpId_184 (cycles)
8072263660,EXECUTE,14908,CYCLES,BACKEND,SUB-EVENT,_Add_9:OpId_186 (cycles)
8072263660,EXECUTE,13639,CYCLES,BACKEND,SUB-EVENT,Output OpId_3 (cycles)
8072263660,EXECUTE,4614,US,BACKEND,ROOT,Accelerator (execute) time
8072263660,EXECUTE,4477,US,BACKEND,ROOT,Accelerator (execute excluding wait) time
8072263660,EXECUTE,12165,US,BACKEND,ROOT,QNN (execute) time
8072265253,EXECUTE IPS,71.526154,INF/SEC,NETRUN,ROOT,null
