input log file location, qnn_custom_ops/qwen_flash_attention_hvx/device_output/past128_head_contiguous_qfloat/qnn-profiling-data_0.log
qnn-profile-viewer version, v2.47.0.260601114230
qnn-net-run version, v2.47.0.260601114230
Backend version, v2.47.0.260601114230
Msg Timestamp, Message, Time, Unit of Measurement, Timing Source, Event Level, Event Identifier
12665924505,INIT,424953,US,NETRUN,ROOT,null
12666018875,COMPOSE GRAPHS,93082,US,NETRUN,ROOT,null
12666340341,FINALIZE,321134,US,NETRUN,ROOT,Graph 0: qwen2_0_5b_layer0_decode_past128_flash_attention_head_contiguous
12666340341,FINALIZE,6729,US,BACKEND,ROOT,RPC (finalize) time
12666340341,FINALIZE,4886,US,BACKEND,ROOT,QNN accelerator (finalize) time
12666340341,FINALIZE,4733,US,BACKEND,ROOT,Accelerator (finalize) time
12666340341,FINALIZE,321083,US,BACKEND,ROOT,QNN (finalize) time
12666340341,FINALIZE,176,US,BACKEND,SUB-EVENT,Graph Preparation Initializing
12666340341,FINALIZE,240774,US,BACKEND,SUB-EVENT,Graph Optimizations
12666340341,FINALIZE,2620,US,BACKEND,SUB-EVENT,Post Graph Optimization
12666340341,FINALIZE,15861,US,BACKEND,SUB-EVENT,Graph Sequencing for Target
12666340341,FINALIZE,1906,US,BACKEND,SUB-EVENT,VTCM Allocation
12666340341,FINALIZE,1216,US,BACKEND,SUB-EVENT,Parallelization Optimization
12666340341,FINALIZE,1528,US,BACKEND,SUB-EVENT,Finalizing Graph Sequence
12666340341,FINALIZE,70,US,BACKEND,SUB-EVENT,Completion
12666527306,DE-INIT,46287,US,NETRUN,ROOT,null
12666527306,DE-INIT,10141,US,BACKEND,ROOT,RPC (deinit) time
12666527306,DE-INIT,7651,US,BACKEND,ROOT,QNN Accelerator (deinit) time
12666527306,DE-INIT,7499,US,BACKEND,ROOT,Accelerator (deinit) time
12666527306,DE-INIT,46273,US,BACKEND,ROOT,QNN (deinit) time
12666360803,EXECUTE,19987,US,NETRUN,ROOT,Graph 0: qwen2_0_5b_layer0_decode_past128_flash_attention_head_contiguous
12666360803,EXECUTE,4,COUNT,BACKEND,ROOT,Number of HVX threads used
12666360803,EXECUTE,19524,US,BACKEND,ROOT,RPC (execute) time
12666360803,EXECUTE,17394,US,BACKEND,ROOT,QNN accelerator (execute) time
12666360803,EXECUTE,0,COUNT,BACKEND,ROOT,Num times yield occured
12666360803,EXECUTE,806,US,BACKEND,ROOT,Time for initial VTCM acquire
12666360803,EXECUTE,34427,US,BACKEND,ROOT,Time for HVX + HMX power on and acquire
12666360803,EXECUTE,1660646,CYCLES,BACKEND,ROOT,Accelerator (execute) time (cycles)
12666360803,EXECUTE,10327,CYCLES,BACKEND,SUB-EVENT,Input OpId_2 (cycles)
12666360803,EXECUTE,4220,CYCLES,BACKEND,SUB-EVENT,hidden_states_ncf:OpId_17 (cycles)
12666360803,EXECUTE,22188,CYCLES,BACKEND,SUB-EVENT,past_value_nchw:OpId_20 (cycles)
12666360803,EXECUTE,10568,CYCLES,BACKEND,SUB-EVENT,rms_norm__Mul_1_output_0:OpId_24 (cycles)
12666360803,EXECUTE,40607,CYCLES,BACKEND,SUB-EVENT,_MatMul:OpId_29 (cycles)
12666360803,EXECUTE,0,CYCLES,BACKEND,SUB-EVENT,_MatMul_post_reshape:OpId_31 (cycles)
12666360803,EXECUTE,3685,CYCLES,BACKEND,SUB-EVENT,_MatMul_1:OpId_34 (cycles)
12666360803,EXECUTE,4820,CYCLES,BACKEND,SUB-EVENT,_MatMul_1_post_reshape:OpId_36 (cycles)
12666360803,EXECUTE,1541,CYCLES,BACKEND,SUB-EVENT,_MatMul_2:OpId_39 (cycles)
12666360803,EXECUTE,2229,CYCLES,BACKEND,SUB-EVENT,_MatMul_2_post_reshape:OpId_41 (cycles)
12666360803,EXECUTE,486,CYCLES,BACKEND,SUB-EVENT,_Transpose:OpId_43 (cycles)
12666360803,EXECUTE,2543,CYCLES,BACKEND,SUB-EVENT,_Transpose_1:OpId_45 (cycles)
12666360803,EXECUTE,2254,CYCLES,BACKEND,SUB-EVENT,_Transpose_2:OpId_47 (cycles)
12666360803,EXECUTE,27131,CYCLES,BACKEND,SUB-EVENT,_Slice:OpId_49 (cycles)
12666360803,EXECUTE,6561,CYCLES,BACKEND,SUB-EVENT,_Slice_1:OpId_55 (cycles)
12666360803,EXECUTE,1527,CYCLES,BACKEND,SUB-EVENT,_Mul_2:OpId_61 (cycles)
12666360803,EXECUTE,1389,CYCLES,BACKEND,SUB-EVENT,_Mul_3:OpId_64 (cycles)
12666360803,EXECUTE,259,CYCLES,BACKEND,SUB-EVENT,_Sub:OpId_66 (cycles)
12666360803,EXECUTE,1760,CYCLES,BACKEND,SUB-EVENT,_Mul_4:OpId_68 (cycles)
12666360803,EXECUTE,1549,CYCLES,BACKEND,SUB-EVENT,_Mul_5:OpId_70 (cycles)
12666360803,EXECUTE,2324,CYCLES,BACKEND,SUB-EVENT,_Add_4:OpId_72 (cycles)
12666360803,EXECUTE,0,CYCLES,BACKEND,SUB-EVENT,_Unsqueeze:OpId_74 (cycles)
12666360803,EXECUTE,0,CYCLES,BACKEND,SUB-EVENT,_Unsqueeze_1:OpId_75 (cycles)
12666360803,EXECUTE,872,CYCLES,BACKEND,SUB-EVENT,_Concat:OpId_76 (cycles)
12666360803,EXECUTE,3102,CYCLES,BACKEND,SUB-EVENT,_Reshape_3:OpId_78 (cycles)
12666360803,EXECUTE,27519,CYCLES,BACKEND,SUB-EVENT,_Slice_3:OpId_80 (cycles)
12666360803,EXECUTE,5319,CYCLES,BACKEND,SUB-EVENT,_Slice_4:OpId_86 (cycles)
12666360803,EXECUTE,3854,CYCLES,BACKEND,SUB-EVENT,_Mul_6:OpId_91 (cycles)
12666360803,EXECUTE,828,CYCLES,BACKEND,SUB-EVENT,_Mul_7:OpId_93 (cycles)
12666360803,EXECUTE,534,CYCLES,BACKEND,SUB-EVENT,_Sub_1:OpId_95 (cycles)
12666360803,EXECUTE,3851,CYCLES,BACKEND,SUB-EVENT,_Mul_8:OpId_97 (cycles)
12666360803,EXECUTE,740,CYCLES,BACKEND,SUB-EVENT,_Mul_9:OpId_99 (cycles)
12666360803,EXECUTE,993,CYCLES,BACKEND,SUB-EVENT,_Add_5:OpId_101 (cycles)
12666360803,EXECUTE,0,CYCLES,BACKEND,SUB-EVENT,_Unsqueeze_2:OpId_103 (cycles)
12666360803,EXECUTE,0,CYCLES,BACKEND,SUB-EVENT,_Unsqueeze_3:OpId_104 (cycles)
12666360803,EXECUTE,2898,CYCLES,BACKEND,SUB-EVENT,_Concat_2:OpId_105 (cycles)
12666360803,EXECUTE,0,CYCLES,BACKEND,SUB-EVENT,_Reshape_4:OpId_107 (cycles)
12666360803,EXECUTE,17842,CYCLES,BACKEND,SUB-EVENT,_Concat_4:OpId_108 (cycles)
12666360803,EXECUTE,18529,CYCLES,BACKEND,SUB-EVENT,_Concat_5:OpId_110 (cycles)
12666360803,EXECUTE,861057,CYCLES,BACKEND,SUB-EVENT,_QwenGqaFlashAttention:OpId_112 (cycles)
12666360803,EXECUTE,5077,CYCLES,BACKEND,SUB-EVENT,_Transpose_4:OpId_114 (cycles)
12666360803,EXECUTE,12799,CYCLES,BACKEND,SUB-EVENT,_MatMul_5:OpId_116 (cycles)
12666360803,EXECUTE,0,CYCLES,BACKEND,SUB-EVENT,_MatMul_5_post_reshape:OpId_119 (cycles)
12666360803,EXECUTE,0,CYCLES,BACKEND,SUB-EVENT,_MatMul_5_output_0_nfc:OpId_121 (cycles)
12666360803,EXECUTE,64237,CYCLES,BACKEND,SUB-EVENT,_Add_7:OpId_123 (cycles)
12666360803,EXECUTE,278,CYCLES,BACKEND,SUB-EVENT,_Add_7_output_0_ncf:OpId_126 (cycles)
12666360803,EXECUTE,2040,CYCLES,BACKEND,SUB-EVENT,rms_norm__Mul_11_output_0:OpId_131 (cycles)
12666360803,EXECUTE,0,CYCLES,BACKEND,SUB-EVENT,_MatMul_6:OpId_135 (cycles)
12666360803,EXECUTE,0,CYCLES,BACKEND,SUB-EVENT,_MatMul_6_post_reshape:OpId_138 (cycles)
12666360803,EXECUTE,158656,CYCLES,BACKEND,SUB-EVENT,_MatMul_7:OpId_140 (cycles)
12666360803,EXECUTE,0,CYCLES,BACKEND,SUB-EVENT,_MatMul_7_post_reshape:OpId_143 (cycles)
12666360803,EXECUTE,0,CYCLES,BACKEND,SUB-EVENT,_Sigmoid:OpId_144 (cycles)
12666360803,EXECUTE,127468,CYCLES,BACKEND,SUB-EVENT,_Mul_12:OpId_151 (cycles)
12666360803,EXECUTE,18052,CYCLES,BACKEND,SUB-EVENT,_Mul_13:OpId_153 (cycles)
12666360803,EXECUTE,155691,CYCLES,BACKEND,SUB-EVENT,_MatMul_8:OpId_156 (cycles)
12666360803,EXECUTE,0,CYCLES,BACKEND,SUB-EVENT,_MatMul_8_post_reshape:OpId_159 (cycles)
12666360803,EXECUTE,0,CYCLES,BACKEND,SUB-EVENT,_MatMul_8_output_0_nfc:OpId_161 (cycles)
12666360803,EXECUTE,14975,CYCLES,BACKEND,SUB-EVENT,_Add_9:OpId_163 (cycles)
12666360803,EXECUTE,5467,CYCLES,BACKEND,SUB-EVENT,Output OpId_3 (cycles)
12666360803,EXECUTE,4116,US,BACKEND,ROOT,Accelerator (execute) time
12666360803,EXECUTE,2210,US,BACKEND,ROOT,Accelerator (execute excluding wait) time
12666360803,EXECUTE,19960,US,BACKEND,ROOT,QNN (execute) time
12666370879,EXECUTE,8069,US,NETRUN,ROOT,Graph 0: qwen2_0_5b_layer0_decode_past128_flash_attention_head_contiguous
12666370879,EXECUTE,4,COUNT,BACKEND,ROOT,Number of HVX threads used
12666370879,EXECUTE,7714,US,BACKEND,ROOT,RPC (execute) time
12666370879,EXECUTE,6733,US,BACKEND,ROOT,QNN accelerator (execute) time
12666370879,EXECUTE,0,COUNT,BACKEND,ROOT,Num times yield occured
12666370879,EXECUTE,662,US,BACKEND,ROOT,Time for initial VTCM acquire
12666370879,EXECUTE,280,US,BACKEND,ROOT,Time for HVX + HMX power on and acquire
12666370879,EXECUTE,1711300,CYCLES,BACKEND,ROOT,Accelerator (execute) time (cycles)
12666370879,EXECUTE,26663,CYCLES,BACKEND,SUB-EVENT,Input OpId_2 (cycles)
12666370879,EXECUTE,15907,CYCLES,BACKEND,SUB-EVENT,hidden_states_ncf:OpId_17 (cycles)
12666370879,EXECUTE,44745,CYCLES,BACKEND,SUB-EVENT,past_value_nchw:OpId_20 (cycles)
12666370879,EXECUTE,16174,CYCLES,BACKEND,SUB-EVENT,rms_norm__Mul_1_output_0:OpId_24 (cycles)
12666370879,EXECUTE,40181,CYCLES,BACKEND,SUB-EVENT,_MatMul:OpId_29 (cycles)
12666370879,EXECUTE,0,CYCLES,BACKEND,SUB-EVENT,_MatMul_post_reshape:OpId_31 (cycles)
12666370879,EXECUTE,4745,CYCLES,BACKEND,SUB-EVENT,_MatMul_1:OpId_34 (cycles)
12666370879,EXECUTE,18143,CYCLES,BACKEND,SUB-EVENT,_MatMul_1_post_reshape:OpId_36 (cycles)
12666370879,EXECUTE,2200,CYCLES,BACKEND,SUB-EVENT,_MatMul_2:OpId_39 (cycles)
12666370879,EXECUTE,15217,CYCLES,BACKEND,SUB-EVENT,_MatMul_2_post_reshape:OpId_41 (cycles)
12666370879,EXECUTE,544,CYCLES,BACKEND,SUB-EVENT,_Transpose:OpId_43 (cycles)
12666370879,EXECUTE,2627,CYCLES,BACKEND,SUB-EVENT,_Transpose_1:OpId_45 (cycles)
12666370879,EXECUTE,2408,CYCLES,BACKEND,SUB-EVENT,_Transpose_2:OpId_47 (cycles)
12666370879,EXECUTE,32109,CYCLES,BACKEND,SUB-EVENT,_Slice:OpId_49 (cycles)
12666370879,EXECUTE,11392,CYCLES,BACKEND,SUB-EVENT,_Slice_1:OpId_55 (cycles)
12666370879,EXECUTE,1789,CYCLES,BACKEND,SUB-EVENT,_Mul_2:OpId_61 (cycles)
12666370879,EXECUTE,1385,CYCLES,BACKEND,SUB-EVENT,_Mul_3:OpId_64 (cycles)
12666370879,EXECUTE,255,CYCLES,BACKEND,SUB-EVENT,_Sub:OpId_66 (cycles)
12666370879,EXECUTE,1795,CYCLES,BACKEND,SUB-EVENT,_Mul_4:OpId_68 (cycles)
12666370879,EXECUTE,1777,CYCLES,BACKEND,SUB-EVENT,_Mul_5:OpId_70 (cycles)
12666370879,EXECUTE,4235,CYCLES,BACKEND,SUB-EVENT,_Add_4:OpId_72 (cycles)
12666370879,EXECUTE,0,CYCLES,BACKEND,SUB-EVENT,_Unsqueeze:OpId_74 (cycles)
12666370879,EXECUTE,0,CYCLES,BACKEND,SUB-EVENT,_Unsqueeze_1:OpId_75 (cycles)
12666370879,EXECUTE,856,CYCLES,BACKEND,SUB-EVENT,_Concat:OpId_76 (cycles)
12666370879,EXECUTE,3138,CYCLES,BACKEND,SUB-EVENT,_Reshape_3:OpId_78 (cycles)
12666370879,EXECUTE,27814,CYCLES,BACKEND,SUB-EVENT,_Slice_3:OpId_80 (cycles)
12666370879,EXECUTE,5875,CYCLES,BACKEND,SUB-EVENT,_Slice_4:OpId_86 (cycles)
12666370879,EXECUTE,8754,CYCLES,BACKEND,SUB-EVENT,_Mul_6:OpId_91 (cycles)
12666370879,EXECUTE,1012,CYCLES,BACKEND,SUB-EVENT,_Mul_7:OpId_93 (cycles)
12666370879,EXECUTE,650,CYCLES,BACKEND,SUB-EVENT,_Sub_1:OpId_95 (cycles)
12666370879,EXECUTE,8717,CYCLES,BACKEND,SUB-EVENT,_Mul_8:OpId_97 (cycles)
12666370879,EXECUTE,875,CYCLES,BACKEND,SUB-EVENT,_Mul_9:OpId_99 (cycles)
12666370879,EXECUTE,1111,CYCLES,BACKEND,SUB-EVENT,_Add_5:OpId_101 (cycles)
12666370879,EXECUTE,0,CYCLES,BACKEND,SUB-EVENT,_Unsqueeze_2:OpId_103 (cycles)
12666370879,EXECUTE,0,CYCLES,BACKEND,SUB-EVENT,_Unsqueeze_3:OpId_104 (cycles)
12666370879,EXECUTE,3036,CYCLES,BACKEND,SUB-EVENT,_Concat_2:OpId_105 (cycles)
12666370879,EXECUTE,0,CYCLES,BACKEND,SUB-EVENT,_Reshape_4:OpId_107 (cycles)
12666370879,EXECUTE,20471,CYCLES,BACKEND,SUB-EVENT,_Concat_4:OpId_108 (cycles)
12666370879,EXECUTE,18685,CYCLES,BACKEND,SUB-EVENT,_Concat_5:OpId_110 (cycles)
12666370879,EXECUTE,862670,CYCLES,BACKEND,SUB-EVENT,_QwenGqaFlashAttention:OpId_112 (cycles)
12666370879,EXECUTE,3963,CYCLES,BACKEND,SUB-EVENT,_Transpose_4:OpId_114 (cycles)
12666370879,EXECUTE,15524,CYCLES,BACKEND,SUB-EVENT,_MatMul_5:OpId_116 (cycles)
12666370879,EXECUTE,0,CYCLES,BACKEND,SUB-EVENT,_MatMul_5_post_reshape:OpId_119 (cycles)
12666370879,EXECUTE,0,CYCLES,BACKEND,SUB-EVENT,_MatMul_5_output_0_nfc:OpId_121 (cycles)
12666370879,EXECUTE,93666,CYCLES,BACKEND,SUB-EVENT,_Add_7:OpId_123 (cycles)
12666370879,EXECUTE,247,CYCLES,BACKEND,SUB-EVENT,_Add_7_output_0_ncf:OpId_126 (cycles)
12666370879,EXECUTE,2523,CYCLES,BACKEND,SUB-EVENT,rms_norm__Mul_11_output_0:OpId_131 (cycles)
12666370879,EXECUTE,0,CYCLES,BACKEND,SUB-EVENT,_MatMul_6:OpId_135 (cycles)
12666370879,EXECUTE,0,CYCLES,BACKEND,SUB-EVENT,_MatMul_6_post_reshape:OpId_138 (cycles)
12666370879,EXECUTE,91900,CYCLES,BACKEND,SUB-EVENT,_MatMul_7:OpId_140 (cycles)
12666370879,EXECUTE,0,CYCLES,BACKEND,SUB-EVENT,_MatMul_7_post_reshape:OpId_143 (cycles)
12666370879,EXECUTE,0,CYCLES,BACKEND,SUB-EVENT,_Sigmoid:OpId_144 (cycles)
12666370879,EXECUTE,101795,CYCLES,BACKEND,SUB-EVENT,_Mul_12:OpId_151 (cycles)
12666370879,EXECUTE,17946,CYCLES,BACKEND,SUB-EVENT,_Mul_13:OpId_153 (cycles)
12666370879,EXECUTE,155980,CYCLES,BACKEND,SUB-EVENT,_MatMul_8:OpId_156 (cycles)
12666370879,EXECUTE,0,CYCLES,BACKEND,SUB-EVENT,_MatMul_8_post_reshape:OpId_159 (cycles)
12666370879,EXECUTE,0,CYCLES,BACKEND,SUB-EVENT,_MatMul_8_output_0_nfc:OpId_161 (cycles)
12666370879,EXECUTE,14670,CYCLES,BACKEND,SUB-EVENT,_Add_9:OpId_163 (cycles)
12666370879,EXECUTE,5131,CYCLES,BACKEND,SUB-EVENT,Output OpId_3 (cycles)
12666370879,EXECUTE,2233,US,BACKEND,ROOT,Accelerator (execute) time
12666370879,EXECUTE,2083,US,BACKEND,ROOT,Accelerator (execute excluding wait) time
12666370879,EXECUTE,8046,US,BACKEND,ROOT,QNN (execute) time
12666383729,EXECUTE,11216,US,NETRUN,ROOT,Graph 0: qwen2_0_5b_layer0_decode_past128_flash_attention_head_contiguous
12666383729,EXECUTE,4,COUNT,BACKEND,ROOT,Number of HVX threads used
12666383729,EXECUTE,10617,US,BACKEND,ROOT,RPC (execute) time
12666383729,EXECUTE,8427,US,BACKEND,ROOT,QNN accelerator (execute) time
12666383729,EXECUTE,0,COUNT,BACKEND,ROOT,Num times yield occured
12666383729,EXECUTE,535,US,BACKEND,ROOT,Time for initial VTCM acquire
12666383729,EXECUTE,188,US,BACKEND,ROOT,Time for HVX + HMX power on and acquire
12666383729,EXECUTE,2231659,CYCLES,BACKEND,ROOT,Accelerator (execute) time (cycles)
12666383729,EXECUTE,14143,CYCLES,BACKEND,SUB-EVENT,Input OpId_2 (cycles)
12666383729,EXECUTE,9354,CYCLES,BACKEND,SUB-EVENT,hidden_states_ncf:OpId_17 (cycles)
12666383729,EXECUTE,23792,CYCLES,BACKEND,SUB-EVENT,past_value_nchw:OpId_20 (cycles)
12666383729,EXECUTE,9423,CYCLES,BACKEND,SUB-EVENT,rms_norm__Mul_1_output_0:OpId_24 (cycles)
12666383729,EXECUTE,28937,CYCLES,BACKEND,SUB-EVENT,_MatMul:OpId_29 (cycles)
12666383729,EXECUTE,0,CYCLES,BACKEND,SUB-EVENT,_MatMul_post_reshape:OpId_31 (cycles)
12666383729,EXECUTE,5138,CYCLES,BACKEND,SUB-EVENT,_MatMul_1:OpId_34 (cycles)
12666383729,EXECUTE,10004,CYCLES,BACKEND,SUB-EVENT,_MatMul_1_post_reshape:OpId_36 (cycles)
12666383729,EXECUTE,1682,CYCLES,BACKEND,SUB-EVENT,_MatMul_2:OpId_39 (cycles)
12666383729,EXECUTE,7496,CYCLES,BACKEND,SUB-EVENT,_MatMul_2_post_reshape:OpId_41 (cycles)
12666383729,EXECUTE,455,CYCLES,BACKEND,SUB-EVENT,_Transpose:OpId_43 (cycles)
12666383729,EXECUTE,1375,CYCLES,BACKEND,SUB-EVENT,_Transpose_1:OpId_45 (cycles)
12666383729,EXECUTE,1144,CYCLES,BACKEND,SUB-EVENT,_Transpose_2:OpId_47 (cycles)
12666383729,EXECUTE,28258,CYCLES,BACKEND,SUB-EVENT,_Slice:OpId_49 (cycles)
12666383729,EXECUTE,8959,CYCLES,BACKEND,SUB-EVENT,_Slice_1:OpId_55 (cycles)
12666383729,EXECUTE,2832,CYCLES,BACKEND,SUB-EVENT,_Mul_2:OpId_61 (cycles)
12666383729,EXECUTE,1342,CYCLES,BACKEND,SUB-EVENT,_Mul_3:OpId_64 (cycles)
12666383729,EXECUTE,252,CYCLES,BACKEND,SUB-EVENT,_Sub:OpId_66 (cycles)
12666383729,EXECUTE,2326,CYCLES,BACKEND,SUB-EVENT,_Mul_4:OpId_68 (cycles)
12666383729,EXECUTE,2861,CYCLES,BACKEND,SUB-EVENT,_Mul_5:OpId_70 (cycles)
12666383729,EXECUTE,2963,CYCLES,BACKEND,SUB-EVENT,_Add_4:OpId_72 (cycles)
12666383729,EXECUTE,0,CYCLES,BACKEND,SUB-EVENT,_Unsqueeze:OpId_74 (cycles)
12666383729,EXECUTE,0,CYCLES,BACKEND,SUB-EVENT,_Unsqueeze_1:OpId_75 (cycles)
12666383729,EXECUTE,855,CYCLES,BACKEND,SUB-EVENT,_Concat:OpId_76 (cycles)
12666383729,EXECUTE,2922,CYCLES,BACKEND,SUB-EVENT,_Reshape_3:OpId_78 (cycles)
12666383729,EXECUTE,45357,CYCLES,BACKEND,SUB-EVENT,_Slice_3:OpId_80 (cycles)
12666383729,EXECUTE,12366,CYCLES,BACKEND,SUB-EVENT,_Slice_4:OpId_86 (cycles)
12666383729,EXECUTE,12402,CYCLES,BACKEND,SUB-EVENT,_Mul_6:OpId_91 (cycles)
12666383729,EXECUTE,8429,CYCLES,BACKEND,SUB-EVENT,_Mul_7:OpId_93 (cycles)
12666383729,EXECUTE,1542,CYCLES,BACKEND,SUB-EVENT,_Sub_1:OpId_95 (cycles)
12666383729,EXECUTE,12335,CYCLES,BACKEND,SUB-EVENT,_Mul_8:OpId_97 (cycles)
12666383729,EXECUTE,8361,CYCLES,BACKEND,SUB-EVENT,_Mul_9:OpId_99 (cycles)
12666383729,EXECUTE,1904,CYCLES,BACKEND,SUB-EVENT,_Add_5:OpId_101 (cycles)
12666383729,EXECUTE,0,CYCLES,BACKEND,SUB-EVENT,_Unsqueeze_2:OpId_103 (cycles)
12666383729,EXECUTE,0,CYCLES,BACKEND,SUB-EVENT,_Unsqueeze_3:OpId_104 (cycles)
12666383729,EXECUTE,2311,CYCLES,BACKEND,SUB-EVENT,_Concat_2:OpId_105 (cycles)
12666383729,EXECUTE,0,CYCLES,BACKEND,SUB-EVENT,_Reshape_4:OpId_107 (cycles)
12666383729,EXECUTE,18880,CYCLES,BACKEND,SUB-EVENT,_Concat_4:OpId_108 (cycles)
12666383729,EXECUTE,19919,CYCLES,BACKEND,SUB-EVENT,_Concat_5:OpId_110 (cycles)
12666383729,EXECUTE,859068,CYCLES,BACKEND,SUB-EVENT,_QwenGqaFlashAttention:OpId_112 (cycles)
12666383729,EXECUTE,4943,CYCLES,BACKEND,SUB-EVENT,_Transpose_4:OpId_114 (cycles)
12666383729,EXECUTE,16066,CYCLES,BACKEND,SUB-EVENT,_MatMul_5:OpId_116 (cycles)
12666383729,EXECUTE,0,CYCLES,BACKEND,SUB-EVENT,_MatMul_5_post_reshape:OpId_119 (cycles)
12666383729,EXECUTE,0,CYCLES,BACKEND,SUB-EVENT,_MatMul_5_output_0_nfc:OpId_121 (cycles)
12666383729,EXECUTE,68628,CYCLES,BACKEND,SUB-EVENT,_Add_7:OpId_123 (cycles)
12666383729,EXECUTE,239,CYCLES,BACKEND,SUB-EVENT,_Add_7_output_0_ncf:OpId_126 (cycles)
12666383729,EXECUTE,2583,CYCLES,BACKEND,SUB-EVENT,rms_norm__Mul_11_output_0:OpId_131 (cycles)
12666383729,EXECUTE,0,CYCLES,BACKEND,SUB-EVENT,_MatMul_6:OpId_135 (cycles)
12666383729,EXECUTE,0,CYCLES,BACKEND,SUB-EVENT,_MatMul_6_post_reshape:OpId_138 (cycles)
12666383729,EXECUTE,292952,CYCLES,BACKEND,SUB-EVENT,_MatMul_7:OpId_140 (cycles)
12666383729,EXECUTE,0,CYCLES,BACKEND,SUB-EVENT,_MatMul_7_post_reshape:OpId_143 (cycles)
12666383729,EXECUTE,0,CYCLES,BACKEND,SUB-EVENT,_Sigmoid:OpId_144 (cycles)
12666383729,EXECUTE,230951,CYCLES,BACKEND,SUB-EVENT,_Mul_12:OpId_151 (cycles)
12666383729,EXECUTE,25784,CYCLES,BACKEND,SUB-EVENT,_Mul_13:OpId_153 (cycles)
12666383729,EXECUTE,401931,CYCLES,BACKEND,SUB-EVENT,_MatMul_8:OpId_156 (cycles)
12666383729,EXECUTE,0,CYCLES,BACKEND,SUB-EVENT,_MatMul_8_post_reshape:OpId_159 (cycles)
12666383729,EXECUTE,0,CYCLES,BACKEND,SUB-EVENT,_MatMul_8_output_0_nfc:OpId_161 (cycles)
12666383729,EXECUTE,14731,CYCLES,BACKEND,SUB-EVENT,_Add_9:OpId_163 (cycles)
12666383729,EXECUTE,3464,CYCLES,BACKEND,SUB-EVENT,Output OpId_3 (cycles)
12666383729,EXECUTE,3643,US,BACKEND,ROOT,Accelerator (execute) time
12666383729,EXECUTE,3530,US,BACKEND,ROOT,Accelerator (execute excluding wait) time
12666383729,EXECUTE,11193,US,BACKEND,ROOT,QNN (execute) time
12666397648,EXECUTE,11966,US,NETRUN,ROOT,Graph 0: qwen2_0_5b_layer0_decode_past128_flash_attention_head_contiguous
12666397648,EXECUTE,4,COUNT,BACKEND,ROOT,Number of HVX threads used
12666397648,EXECUTE,11587,US,BACKEND,ROOT,RPC (execute) time
12666397648,EXECUTE,9451,US,BACKEND,ROOT,QNN accelerator (execute) time
12666397648,EXECUTE,0,COUNT,BACKEND,ROOT,Num times yield occured
12666397648,EXECUTE,546,US,BACKEND,ROOT,Time for initial VTCM acquire
12666397648,EXECUTE,299,US,BACKEND,ROOT,Time for HVX + HMX power on and acquire
12666397648,EXECUTE,3005325,CYCLES,BACKEND,ROOT,Accelerator (execute) time (cycles)
12666397648,EXECUTE,23060,CYCLES,BACKEND,SUB-EVENT,Input OpId_2 (cycles)
12666397648,EXECUTE,23924,CYCLES,BACKEND,SUB-EVENT,hidden_states_ncf:OpId_17 (cycles)
12666397648,EXECUTE,54106,CYCLES,BACKEND,SUB-EVENT,past_value_nchw:OpId_20 (cycles)
12666397648,EXECUTE,23336,CYCLES,BACKEND,SUB-EVENT,rms_norm__Mul_1_output_0:OpId_24 (cycles)
12666397648,EXECUTE,36695,CYCLES,BACKEND,SUB-EVENT,_MatMul:OpId_29 (cycles)
12666397648,EXECUTE,0,CYCLES,BACKEND,SUB-EVENT,_MatMul_post_reshape:OpId_31 (cycles)
12666397648,EXECUTE,9556,CYCLES,BACKEND,SUB-EVENT,_MatMul_1:OpId_34 (cycles)
12666397648,EXECUTE,24890,CYCLES,BACKEND,SUB-EVENT,_MatMul_1_post_reshape:OpId_36 (cycles)
12666397648,EXECUTE,3196,CYCLES,BACKEND,SUB-EVENT,_MatMul_2:OpId_39 (cycles)
12666397648,EXECUTE,21893,CYCLES,BACKEND,SUB-EVENT,_MatMul_2_post_reshape:OpId_41 (cycles)
12666397648,EXECUTE,518,CYCLES,BACKEND,SUB-EVENT,_Transpose:OpId_43 (cycles)
12666397648,EXECUTE,1842,CYCLES,BACKEND,SUB-EVENT,_Transpose_1:OpId_45 (cycles)
12666397648,EXECUTE,1591,CYCLES,BACKEND,SUB-EVENT,_Transpose_2:OpId_47 (cycles)
12666397648,EXECUTE,61563,CYCLES,BACKEND,SUB-EVENT,_Slice:OpId_49 (cycles)
12666397648,EXECUTE,27875,CYCLES,BACKEND,SUB-EVENT,_Slice_1:OpId_55 (cycles)
12666397648,EXECUTE,4219,CYCLES,BACKEND,SUB-EVENT,_Mul_2:OpId_61 (cycles)
12666397648,EXECUTE,1165,CYCLES,BACKEND,SUB-EVENT,_Mul_3:OpId_64 (cycles)
12666397648,EXECUTE,248,CYCLES,BACKEND,SUB-EVENT,_Sub:OpId_66 (cycles)
12666397648,EXECUTE,4369,CYCLES,BACKEND,SUB-EVENT,_Mul_4:OpId_68 (cycles)
12666397648,EXECUTE,4224,CYCLES,BACKEND,SUB-EVENT,_Mul_5:OpId_70 (cycles)
12666397648,EXECUTE,4801,CYCLES,BACKEND,SUB-EVENT,_Add_4:OpId_72 (cycles)
12666397648,EXECUTE,0,CYCLES,BACKEND,SUB-EVENT,_Unsqueeze:OpId_74 (cycles)
12666397648,EXECUTE,0,CYCLES,BACKEND,SUB-EVENT,_Unsqueeze_1:OpId_75 (cycles)
12666397648,EXECUTE,739,CYCLES,BACKEND,SUB-EVENT,_Concat:OpId_76 (cycles)
12666397648,EXECUTE,22763,CYCLES,BACKEND,SUB-EVENT,_Reshape_3:OpId_78 (cycles)
12666397648,EXECUTE,104964,CYCLES,BACKEND,SUB-EVENT,_Slice_3:OpId_80 (cycles)
12666397648,EXECUTE,23670,CYCLES,BACKEND,SUB-EVENT,_Slice_4:OpId_86 (cycles)
12666397648,EXECUTE,42832,CYCLES,BACKEND,SUB-EVENT,_Mul_6:OpId_91 (cycles)
12666397648,EXECUTE,20482,CYCLES,BACKEND,SUB-EVENT,_Mul_7:OpId_93 (cycles)
12666397648,EXECUTE,6368,CYCLES,BACKEND,SUB-EVENT,_Sub_1:OpId_95 (cycles)
12666397648,EXECUTE,42783,CYCLES,BACKEND,SUB-EVENT,_Mul_8:OpId_97 (cycles)
12666397648,EXECUTE,20432,CYCLES,BACKEND,SUB-EVENT,_Mul_9:OpId_99 (cycles)
12666397648,EXECUTE,7081,CYCLES,BACKEND,SUB-EVENT,_Add_5:OpId_101 (cycles)
12666397648,EXECUTE,0,CYCLES,BACKEND,SUB-EVENT,_Unsqueeze_2:OpId_103 (cycles)
12666397648,EXECUTE,0,CYCLES,BACKEND,SUB-EVENT,_Unsqueeze_3:OpId_104 (cycles)
12666397648,EXECUTE,7566,CYCLES,BACKEND,SUB-EVENT,_Concat_2:OpId_105 (cycles)
12666397648,EXECUTE,0,CYCLES,BACKEND,SUB-EVENT,_Reshape_4:OpId_107 (cycles)
12666397648,EXECUTE,28420,CYCLES,BACKEND,SUB-EVENT,_Concat_4:OpId_108 (cycles)
12666397648,EXECUTE,32989,CYCLES,BACKEND,SUB-EVENT,_Concat_5:OpId_110 (cycles)
12666397648,EXECUTE,948301,CYCLES,BACKEND,SUB-EVENT,_QwenGqaFlashAttention:OpId_112 (cycles)
12666397648,EXECUTE,6005,CYCLES,BACKEND,SUB-EVENT,_Transpose_4:OpId_114 (cycles)
12666397648,EXECUTE,14530,CYCLES,BACKEND,SUB-EVENT,_MatMul_5:OpId_116 (cycles)
12666397648,EXECUTE,0,CYCLES,BACKEND,SUB-EVENT,_MatMul_5_post_reshape:OpId_119 (cycles)
12666397648,EXECUTE,0,CYCLES,BACKEND,SUB-EVENT,_MatMul_5_output_0_nfc:OpId_121 (cycles)
12666397648,EXECUTE,127793,CYCLES,BACKEND,SUB-EVENT,_Add_7:OpId_123 (cycles)
12666397648,EXECUTE,275,CYCLES,BACKEND,SUB-EVENT,_Add_7_output_0_ncf:OpId_126 (cycles)
12666397648,EXECUTE,3452,CYCLES,BACKEND,SUB-EVENT,rms_norm__Mul_11_output_0:OpId_131 (cycles)
12666397648,EXECUTE,0,CYCLES,BACKEND,SUB-EVENT,_MatMul_6:OpId_135 (cycles)
12666397648,EXECUTE,0,CYCLES,BACKEND,SUB-EVENT,_MatMul_6_post_reshape:OpId_138 (cycles)
12666397648,EXECUTE,342223,CYCLES,BACKEND,SUB-EVENT,_MatMul_7:OpId_140 (cycles)
12666397648,EXECUTE,0,CYCLES,BACKEND,SUB-EVENT,_MatMul_7_post_reshape:OpId_143 (cycles)
12666397648,EXECUTE,0,CYCLES,BACKEND,SUB-EVENT,_Sigmoid:OpId_144 (cycles)
12666397648,EXECUTE,273139,CYCLES,BACKEND,SUB-EVENT,_Mul_12:OpId_151 (cycles)
12666397648,EXECUTE,25370,CYCLES,BACKEND,SUB-EVENT,_Mul_13:OpId_153 (cycles)
12666397648,EXECUTE,551157,CYCLES,BACKEND,SUB-EVENT,_MatMul_8:OpId_156 (cycles)
12666397648,EXECUTE,0,CYCLES,BACKEND,SUB-EVENT,_MatMul_8_post_reshape:OpId_159 (cycles)
12666397648,EXECUTE,0,CYCLES,BACKEND,SUB-EVENT,_MatMul_8_output_0_nfc:OpId_161 (cycles)
12666397648,EXECUTE,14963,CYCLES,BACKEND,SUB-EVENT,_Add_9:OpId_163 (cycles)
12666397648,EXECUTE,3957,CYCLES,BACKEND,SUB-EVENT,Output OpId_3 (cycles)
12666397648,EXECUTE,4711,US,BACKEND,ROOT,Accelerator (execute) time
12666397648,EXECUTE,4588,US,BACKEND,ROOT,Accelerator (execute excluding wait) time
12666397648,EXECUTE,11940,US,BACKEND,ROOT,QNN (execute) time
12666411135,EXECUTE,11598,US,NETRUN,ROOT,Graph 0: qwen2_0_5b_layer0_decode_past128_flash_attention_head_contiguous
12666411135,EXECUTE,4,COUNT,BACKEND,ROOT,Number of HVX threads used
12666411135,EXECUTE,11218,US,BACKEND,ROOT,RPC (execute) time
12666411135,EXECUTE,9058,US,BACKEND,ROOT,QNN accelerator (execute) time
12666411135,EXECUTE,0,COUNT,BACKEND,ROOT,Num times yield occured
12666411135,EXECUTE,881,US,BACKEND,ROOT,Time for initial VTCM acquire
12666411135,EXECUTE,314,US,BACKEND,ROOT,Time for HVX + HMX power on and acquire
12666411135,EXECUTE,2919373,CYCLES,BACKEND,ROOT,Accelerator (execute) time (cycles)
12666411135,EXECUTE,25998,CYCLES,BACKEND,SUB-EVENT,Input OpId_2 (cycles)
12666411135,EXECUTE,19526,CYCLES,BACKEND,SUB-EVENT,hidden_states_ncf:OpId_17 (cycles)
12666411135,EXECUTE,76917,CYCLES,BACKEND,SUB-EVENT,past_value_nchw:OpId_20 (cycles)
12666411135,EXECUTE,31945,CYCLES,BACKEND,SUB-EVENT,rms_norm__Mul_1_output_0:OpId_24 (cycles)
12666411135,EXECUTE,37841,CYCLES,BACKEND,SUB-EVENT,_MatMul:OpId_29 (cycles)
12666411135,EXECUTE,0,CYCLES,BACKEND,SUB-EVENT,_MatMul_post_reshape:OpId_31 (cycles)
12666411135,EXECUTE,9928,CYCLES,BACKEND,SUB-EVENT,_MatMul_1:OpId_34 (cycles)
12666411135,EXECUTE,26188,CYCLES,BACKEND,SUB-EVENT,_MatMul_1_post_reshape:OpId_36 (cycles)
12666411135,EXECUTE,2821,CYCLES,BACKEND,SUB-EVENT,_MatMul_2:OpId_39 (cycles)
12666411135,EXECUTE,22977,CYCLES,BACKEND,SUB-EVENT,_MatMul_2_post_reshape:OpId_41 (cycles)
12666411135,EXECUTE,449,CYCLES,BACKEND,SUB-EVENT,_Transpose:OpId_43 (cycles)
12666411135,EXECUTE,1776,CYCLES,BACKEND,SUB-EVENT,_Transpose_1:OpId_45 (cycles)
12666411135,EXECUTE,1539,CYCLES,BACKEND,SUB-EVENT,_Transpose_2:OpId_47 (cycles)
12666411135,EXECUTE,73569,CYCLES,BACKEND,SUB-EVENT,_Slice:OpId_49 (cycles)
12666411135,EXECUTE,26451,CYCLES,BACKEND,SUB-EVENT,_Slice_1:OpId_55 (cycles)
12666411135,EXECUTE,3107,CYCLES,BACKEND,SUB-EVENT,_Mul_2:OpId_61 (cycles)
12666411135,EXECUTE,1171,CYCLES,BACKEND,SUB-EVENT,_Mul_3:OpId_64 (cycles)
12666411135,EXECUTE,242,CYCLES,BACKEND,SUB-EVENT,_Sub:OpId_66 (cycles)
12666411135,EXECUTE,2954,CYCLES,BACKEND,SUB-EVENT,_Mul_4:OpId_68 (cycles)
12666411135,EXECUTE,3117,CYCLES,BACKEND,SUB-EVENT,_Mul_5:OpId_70 (cycles)
12666411135,EXECUTE,10940,CYCLES,BACKEND,SUB-EVENT,_Add_4:OpId_72 (cycles)
12666411135,EXECUTE,0,CYCLES,BACKEND,SUB-EVENT,_Unsqueeze:OpId_74 (cycles)
12666411135,EXECUTE,0,CYCLES,BACKEND,SUB-EVENT,_Unsqueeze_1:OpId_75 (cycles)
12666411135,EXECUTE,778,CYCLES,BACKEND,SUB-EVENT,_Concat:OpId_76 (cycles)
12666411135,EXECUTE,15571,CYCLES,BACKEND,SUB-EVENT,_Reshape_3:OpId_78 (cycles)
12666411135,EXECUTE,134276,CYCLES,BACKEND,SUB-EVENT,_Slice_3:OpId_80 (cycles)
12666411135,EXECUTE,33214,CYCLES,BACKEND,SUB-EVENT,_Slice_4:OpId_86 (cycles)
12666411135,EXECUTE,34856,CYCLES,BACKEND,SUB-EVENT,_Mul_6:OpId_91 (cycles)
12666411135,EXECUTE,16077,CYCLES,BACKEND,SUB-EVENT,_Mul_7:OpId_93 (cycles)
12666411135,EXECUTE,5289,CYCLES,BACKEND,SUB-EVENT,_Sub_1:OpId_95 (cycles)
12666411135,EXECUTE,34676,CYCLES,BACKEND,SUB-EVENT,_Mul_8:OpId_97 (cycles)
12666411135,EXECUTE,16003,CYCLES,BACKEND,SUB-EVENT,_Mul_9:OpId_99 (cycles)
12666411135,EXECUTE,5220,CYCLES,BACKEND,SUB-EVENT,_Add_5:OpId_101 (cycles)
12666411135,EXECUTE,0,CYCLES,BACKEND,SUB-EVENT,_Unsqueeze_2:OpId_103 (cycles)
12666411135,EXECUTE,0,CYCLES,BACKEND,SUB-EVENT,_Unsqueeze_3:OpId_104 (cycles)
12666411135,EXECUTE,13251,CYCLES,BACKEND,SUB-EVENT,_Concat_2:OpId_105 (cycles)
12666411135,EXECUTE,0,CYCLES,BACKEND,SUB-EVENT,_Reshape_4:OpId_107 (cycles)
12666411135,EXECUTE,25296,CYCLES,BACKEND,SUB-EVENT,_Concat_4:OpId_108 (cycles)
12666411135,EXECUTE,37307,CYCLES,BACKEND,SUB-EVENT,_Concat_5:OpId_110 (cycles)
12666411135,EXECUTE,1036758,CYCLES,BACKEND,SUB-EVENT,_QwenGqaFlashAttention:OpId_112 (cycles)
12666411135,EXECUTE,6756,CYCLES,BACKEND,SUB-EVENT,_Transpose_4:OpId_114 (cycles)
12666411135,EXECUTE,17461,CYCLES,BACKEND,SUB-EVENT,_MatMul_5:OpId_116 (cycles)
12666411135,EXECUTE,0,CYCLES,BACKEND,SUB-EVENT,_MatMul_5_post_reshape:OpId_119 (cycles)
12666411135,EXECUTE,0,CYCLES,BACKEND,SUB-EVENT,_MatMul_5_output_0_nfc:OpId_121 (cycles)
12666411135,EXECUTE,115956,CYCLES,BACKEND,SUB-EVENT,_Add_7:OpId_123 (cycles)
12666411135,EXECUTE,307,CYCLES,BACKEND,SUB-EVENT,_Add_7_output_0_ncf:OpId_126 (cycles)
12666411135,EXECUTE,2012,CYCLES,BACKEND,SUB-EVENT,rms_norm__Mul_11_output_0:OpId_131 (cycles)
12666411135,EXECUTE,0,CYCLES,BACKEND,SUB-EVENT,_MatMul_6:OpId_135 (cycles)
12666411135,EXECUTE,0,CYCLES,BACKEND,SUB-EVENT,_MatMul_6_post_reshape:OpId_138 (cycles)
12666411135,EXECUTE,310551,CYCLES,BACKEND,SUB-EVENT,_MatMul_7:OpId_140 (cycles)
12666411135,EXECUTE,0,CYCLES,BACKEND,SUB-EVENT,_MatMul_7_post_reshape:OpId_143 (cycles)
12666411135,EXECUTE,0,CYCLES,BACKEND,SUB-EVENT,_Sigmoid:OpId_144 (cycles)
12666411135,EXECUTE,231590,CYCLES,BACKEND,SUB-EVENT,_Mul_12:OpId_151 (cycles)
12666411135,EXECUTE,27497,CYCLES,BACKEND,SUB-EVENT,_Mul_13:OpId_153 (cycles)
12666411135,EXECUTE,399870,CYCLES,BACKEND,SUB-EVENT,_MatMul_8:OpId_156 (cycles)
12666411135,EXECUTE,0,CYCLES,BACKEND,SUB-EVENT,_MatMul_8_post_reshape:OpId_159 (cycles)
12666411135,EXECUTE,0,CYCLES,BACKEND,SUB-EVENT,_MatMul_8_output_0_nfc:OpId_161 (cycles)
12666411135,EXECUTE,14951,CYCLES,BACKEND,SUB-EVENT,_Add_9:OpId_163 (cycles)
12666411135,EXECUTE,4394,CYCLES,BACKEND,SUB-EVENT,Output OpId_3 (cycles)
12666411135,EXECUTE,4310,US,BACKEND,ROOT,Accelerator (execute) time
12666411135,EXECUTE,4162,US,BACKEND,ROOT,Accelerator (execute excluding wait) time
12666411135,EXECUTE,11572,US,BACKEND,ROOT,QNN (execute) time
12666425196,EXECUTE,11720,US,NETRUN,ROOT,Graph 0: qwen2_0_5b_layer0_decode_past128_flash_attention_head_contiguous
12666425196,EXECUTE,4,COUNT,BACKEND,ROOT,Number of HVX threads used
12666425196,EXECUTE,11342,US,BACKEND,ROOT,RPC (execute) time
12666425196,EXECUTE,9187,US,BACKEND,ROOT,QNN accelerator (execute) time
12666425196,EXECUTE,0,COUNT,BACKEND,ROOT,Num times yield occured
12666425196,EXECUTE,550,US,BACKEND,ROOT,Time for initial VTCM acquire
12666425196,EXECUTE,295,US,BACKEND,ROOT,Time for HVX + HMX power on and acquire
12666425196,EXECUTE,2716372,CYCLES,BACKEND,ROOT,Accelerator (execute) time (cycles)
12666425196,EXECUTE,21568,CYCLES,BACKEND,SUB-EVENT,Input OpId_2 (cycles)
12666425196,EXECUTE,10372,CYCLES,BACKEND,SUB-EVENT,hidden_states_ncf:OpId_17 (cycles)
12666425196,EXECUTE,52396,CYCLES,BACKEND,SUB-EVENT,past_value_nchw:OpId_20 (cycles)
12666425196,EXECUTE,10401,CYCLES,BACKEND,SUB-EVENT,rms_norm__Mul_1_output_0:OpId_24 (cycles)
12666425196,EXECUTE,90827,CYCLES,BACKEND,SUB-EVENT,_MatMul:OpId_29 (cycles)
12666425196,EXECUTE,0,CYCLES,BACKEND,SUB-EVENT,_MatMul_post_reshape:OpId_31 (cycles)
12666425196,EXECUTE,5684,CYCLES,BACKEND,SUB-EVENT,_MatMul_1:OpId_34 (cycles)
12666425196,EXECUTE,7025,CYCLES,BACKEND,SUB-EVENT,_MatMul_1_post_reshape:OpId_36 (cycles)
12666425196,EXECUTE,3024,CYCLES,BACKEND,SUB-EVENT,_MatMul_2:OpId_39 (cycles)
12666425196,EXECUTE,4388,CYCLES,BACKEND,SUB-EVENT,_MatMul_2_post_reshape:OpId_41 (cycles)
12666425196,EXECUTE,455,CYCLES,BACKEND,SUB-EVENT,_Transpose:OpId_43 (cycles)
12666425196,EXECUTE,3305,CYCLES,BACKEND,SUB-EVENT,_Transpose_1:OpId_45 (cycles)
12666425196,EXECUTE,3041,CYCLES,BACKEND,SUB-EVENT,_Transpose_2:OpId_47 (cycles)
12666425196,EXECUTE,54112,CYCLES,BACKEND,SUB-EVENT,_Slice:OpId_49 (cycles)
12666425196,EXECUTE,23515,CYCLES,BACKEND,SUB-EVENT,_Slice_1:OpId_55 (cycles)
12666425196,EXECUTE,1954,CYCLES,BACKEND,SUB-EVENT,_Mul_2:OpId_61 (cycles)
12666425196,EXECUTE,1260,CYCLES,BACKEND,SUB-EVENT,_Mul_3:OpId_64 (cycles)
12666425196,EXECUTE,268,CYCLES,BACKEND,SUB-EVENT,_Sub:OpId_66 (cycles)
12666425196,EXECUTE,2083,CYCLES,BACKEND,SUB-EVENT,_Mul_4:OpId_68 (cycles)
12666425196,EXECUTE,1521,CYCLES,BACKEND,SUB-EVENT,_Mul_5:OpId_70 (cycles)
12666425196,EXECUTE,3990,CYCLES,BACKEND,SUB-EVENT,_Add_4:OpId_72 (cycles)
12666425196,EXECUTE,0,CYCLES,BACKEND,SUB-EVENT,_Unsqueeze:OpId_74 (cycles)
12666425196,EXECUTE,0,CYCLES,BACKEND,SUB-EVENT,_Unsqueeze_1:OpId_75 (cycles)
12666425196,EXECUTE,760,CYCLES,BACKEND,SUB-EVENT,_Concat:OpId_76 (cycles)
12666425196,EXECUTE,4024,CYCLES,BACKEND,SUB-EVENT,_Reshape_3:OpId_78 (cycles)
12666425196,EXECUTE,109077,CYCLES,BACKEND,SUB-EVENT,_Slice_3:OpId_80 (cycles)
12666425196,EXECUTE,15649,CYCLES,BACKEND,SUB-EVENT,_Slice_4:OpId_86 (cycles)
12666425196,EXECUTE,36735,CYCLES,BACKEND,SUB-EVENT,_Mul_6:OpId_91 (cycles)
12666425196,EXECUTE,22302,CYCLES,BACKEND,SUB-EVENT,_Mul_7:OpId_93 (cycles)
12666425196,EXECUTE,994,CYCLES,BACKEND,SUB-EVENT,_Sub_1:OpId_95 (cycles)
12666425196,EXECUTE,36698,CYCLES,BACKEND,SUB-EVENT,_Mul_8:OpId_97 (cycles)
12666425196,EXECUTE,25592,CYCLES,BACKEND,SUB-EVENT,_Mul_9:OpId_99 (cycles)
12666425196,EXECUTE,930,CYCLES,BACKEND,SUB-EVENT,_Add_5:OpId_101 (cycles)
12666425196,EXECUTE,0,CYCLES,BACKEND,SUB-EVENT,_Unsqueeze_2:OpId_103 (cycles)
12666425196,EXECUTE,0,CYCLES,BACKEND,SUB-EVENT,_Unsqueeze_3:OpId_104 (cycles)
12666425196,EXECUTE,3382,CYCLES,BACKEND,SUB-EVENT,_Concat_2:OpId_105 (cycles)
12666425196,EXECUTE,0,CYCLES,BACKEND,SUB-EVENT,_Reshape_4:OpId_107 (cycles)
12666425196,EXECUTE,16755,CYCLES,BACKEND,SUB-EVENT,_Concat_4:OpId_108 (cycles)
12666425196,EXECUTE,21814,CYCLES,BACKEND,SUB-EVENT,_Concat_5:OpId_110 (cycles)
12666425196,EXECUTE,859686,CYCLES,BACKEND,SUB-EVENT,_QwenGqaFlashAttention:OpId_112 (cycles)
12666425196,EXECUTE,5437,CYCLES,BACKEND,SUB-EVENT,_Transpose_4:OpId_114 (cycles)
12666425196,EXECUTE,13451,CYCLES,BACKEND,SUB-EVENT,_MatMul_5:OpId_116 (cycles)
12666425196,EXECUTE,0,CYCLES,BACKEND,SUB-EVENT,_MatMul_5_post_reshape:OpId_119 (cycles)
12666425196,EXECUTE,0,CYCLES,BACKEND,SUB-EVENT,_MatMul_5_output_0_nfc:OpId_121 (cycles)
12666425196,EXECUTE,39664,CYCLES,BACKEND,SUB-EVENT,_Add_7:OpId_123 (cycles)
12666425196,EXECUTE,300,CYCLES,BACKEND,SUB-EVENT,_Add_7_output_0_ncf:OpId_126 (cycles)
12666425196,EXECUTE,3455,CYCLES,BACKEND,SUB-EVENT,rms_norm__Mul_11_output_0:OpId_131 (cycles)
12666425196,EXECUTE,0,CYCLES,BACKEND,SUB-EVENT,_MatMul_6:OpId_135 (cycles)
12666425196,EXECUTE,0,CYCLES,BACKEND,SUB-EVENT,_MatMul_6_post_reshape:OpId_138 (cycles)
12666425196,EXECUTE,429054,CYCLES,BACKEND,SUB-EVENT,_MatMul_7:OpId_140 (cycles)
12666425196,EXECUTE,0,CYCLES,BACKEND,SUB-EVENT,_MatMul_7_post_reshape:OpId_143 (cycles)
12666425196,EXECUTE,0,CYCLES,BACKEND,SUB-EVENT,_Sigmoid:OpId_144 (cycles)
12666425196,EXECUTE,318279,CYCLES,BACKEND,SUB-EVENT,_Mul_12:OpId_151 (cycles)
12666425196,EXECUTE,30835,CYCLES,BACKEND,SUB-EVENT,_Mul_13:OpId_153 (cycles)
12666425196,EXECUTE,400637,CYCLES,BACKEND,SUB-EVENT,_MatMul_8:OpId_156 (cycles)
12666425196,EXECUTE,0,CYCLES,BACKEND,SUB-EVENT,_MatMul_8_post_reshape:OpId_159 (cycles)
12666425196,EXECUTE,0,CYCLES,BACKEND,SUB-EVENT,_MatMul_8_output_0_nfc:OpId_161 (cycles)
12666425196,EXECUTE,15069,CYCLES,BACKEND,SUB-EVENT,_Add_9:OpId_163 (cycles)
12666425196,EXECUTE,4604,CYCLES,BACKEND,SUB-EVENT,Output OpId_3 (cycles)
12666425196,EXECUTE,4551,US,BACKEND,ROOT,Accelerator (execute) time
12666425196,EXECUTE,4424,US,BACKEND,ROOT,Accelerator (execute excluding wait) time
12666425196,EXECUTE,11693,US,BACKEND,ROOT,QNN (execute) time
12666438405,EXECUTE,11495,US,NETRUN,ROOT,Graph 0: qwen2_0_5b_layer0_decode_past128_flash_attention_head_contiguous
12666438405,EXECUTE,4,COUNT,BACKEND,ROOT,Number of HVX threads used
12666438405,EXECUTE,11118,US,BACKEND,ROOT,RPC (execute) time
12666438405,EXECUTE,8962,US,BACKEND,ROOT,QNN accelerator (execute) time
12666438405,EXECUTE,0,COUNT,BACKEND,ROOT,Num times yield occured
12666438405,EXECUTE,549,US,BACKEND,ROOT,Time for initial VTCM acquire
12666438405,EXECUTE,346,US,BACKEND,ROOT,Time for HVX + HMX power on and acquire
12666438405,EXECUTE,2795641,CYCLES,BACKEND,ROOT,Accelerator (execute) time (cycles)
12666438405,EXECUTE,20229,CYCLES,BACKEND,SUB-EVENT,Input OpId_2 (cycles)
12666438405,EXECUTE,22422,CYCLES,BACKEND,SUB-EVENT,hidden_states_ncf:OpId_17 (cycles)
12666438405,EXECUTE,70989,CYCLES,BACKEND,SUB-EVENT,past_value_nchw:OpId_20 (cycles)
12666438405,EXECUTE,28487,CYCLES,BACKEND,SUB-EVENT,rms_norm__Mul_1_output_0:OpId_24 (cycles)
12666438405,EXECUTE,39005,CYCLES,BACKEND,SUB-EVENT,_MatMul:OpId_29 (cycles)
12666438405,EXECUTE,0,CYCLES,BACKEND,SUB-EVENT,_MatMul_post_reshape:OpId_31 (cycles)
12666438405,EXECUTE,10472,CYCLES,BACKEND,SUB-EVENT,_MatMul_1:OpId_34 (cycles)
12666438405,EXECUTE,25969,CYCLES,BACKEND,SUB-EVENT,_MatMul_1_post_reshape:OpId_36 (cycles)
12666438405,EXECUTE,3081,CYCLES,BACKEND,SUB-EVENT,_MatMul_2:OpId_39 (cycles)
12666438405,EXECUTE,22461,CYCLES,BACKEND,SUB-EVENT,_MatMul_2_post_reshape:OpId_41 (cycles)
12666438405,EXECUTE,503,CYCLES,BACKEND,SUB-EVENT,_Transpose:OpId_43 (cycles)
12666438405,EXECUTE,1958,CYCLES,BACKEND,SUB-EVENT,_Transpose_1:OpId_45 (cycles)
12666438405,EXECUTE,1675,CYCLES,BACKEND,SUB-EVENT,_Transpose_2:OpId_47 (cycles)
12666438405,EXECUTE,47970,CYCLES,BACKEND,SUB-EVENT,_Slice:OpId_49 (cycles)
12666438405,EXECUTE,17413,CYCLES,BACKEND,SUB-EVENT,_Slice_1:OpId_55 (cycles)
12666438405,EXECUTE,4363,CYCLES,BACKEND,SUB-EVENT,_Mul_2:OpId_61 (cycles)
12666438405,EXECUTE,1210,CYCLES,BACKEND,SUB-EVENT,_Mul_3:OpId_64 (cycles)
12666438405,EXECUTE,265,CYCLES,BACKEND,SUB-EVENT,_Sub:OpId_66 (cycles)
12666438405,EXECUTE,2826,CYCLES,BACKEND,SUB-EVENT,_Mul_4:OpId_68 (cycles)
12666438405,EXECUTE,4291,CYCLES,BACKEND,SUB-EVENT,_Mul_5:OpId_70 (cycles)
12666438405,EXECUTE,4910,CYCLES,BACKEND,SUB-EVENT,_Add_4:OpId_72 (cycles)
12666438405,EXECUTE,0,CYCLES,BACKEND,SUB-EVENT,_Unsqueeze:OpId_74 (cycles)
12666438405,EXECUTE,0,CYCLES,BACKEND,SUB-EVENT,_Unsqueeze_1:OpId_75 (cycles)
12666438405,EXECUTE,822,CYCLES,BACKEND,SUB-EVENT,_Concat:OpId_76 (cycles)
12666438405,EXECUTE,19817,CYCLES,BACKEND,SUB-EVENT,_Reshape_3:OpId_78 (cycles)
12666438405,EXECUTE,107689,CYCLES,BACKEND,SUB-EVENT,_Slice_3:OpId_80 (cycles)
12666438405,EXECUTE,13500,CYCLES,BACKEND,SUB-EVENT,_Slice_4:OpId_86 (cycles)
12666438405,EXECUTE,35951,CYCLES,BACKEND,SUB-EVENT,_Mul_6:OpId_91 (cycles)
12666438405,EXECUTE,27159,CYCLES,BACKEND,SUB-EVENT,_Mul_7:OpId_93 (cycles)
12666438405,EXECUTE,6400,CYCLES,BACKEND,SUB-EVENT,_Sub_1:OpId_95 (cycles)
12666438405,EXECUTE,33557,CYCLES,BACKEND,SUB-EVENT,_Mul_8:OpId_97 (cycles)
12666438405,EXECUTE,27033,CYCLES,BACKEND,SUB-EVENT,_Mul_9:OpId_99 (cycles)
12666438405,EXECUTE,6793,CYCLES,BACKEND,SUB-EVENT,_Add_5:OpId_101 (cycles)
12666438405,EXECUTE,0,CYCLES,BACKEND,SUB-EVENT,_Unsqueeze_2:OpId_103 (cycles)
12666438405,EXECUTE,0,CYCLES,BACKEND,SUB-EVENT,_Unsqueeze_3:OpId_104 (cycles)
12666438405,EXECUTE,9791,CYCLES,BACKEND,SUB-EVENT,_Concat_2:OpId_105 (cycles)
12666438405,EXECUTE,0,CYCLES,BACKEND,SUB-EVENT,_Reshape_4:OpId_107 (cycles)
12666438405,EXECUTE,26431,CYCLES,BACKEND,SUB-EVENT,_Concat_4:OpId_108 (cycles)
12666438405,EXECUTE,35978,CYCLES,BACKEND,SUB-EVENT,_Concat_5:OpId_110 (cycles)
12666438405,EXECUTE,1014427,CYCLES,BACKEND,SUB-EVENT,_QwenGqaFlashAttention:OpId_112 (cycles)
12666438405,EXECUTE,6391,CYCLES,BACKEND,SUB-EVENT,_Transpose_4:OpId_114 (cycles)
12666438405,EXECUTE,16907,CYCLES,BACKEND,SUB-EVENT,_MatMul_5:OpId_116 (cycles)
12666438405,EXECUTE,0,CYCLES,BACKEND,SUB-EVENT,_MatMul_5_post_reshape:OpId_119 (cycles)
12666438405,EXECUTE,0,CYCLES,BACKEND,SUB-EVENT,_MatMul_5_output_0_nfc:OpId_121 (cycles)
12666438405,EXECUTE,93041,CYCLES,BACKEND,SUB-EVENT,_Add_7:OpId_123 (cycles)
12666438405,EXECUTE,328,CYCLES,BACKEND,SUB-EVENT,_Add_7_output_0_ncf:OpId_126 (cycles)
12666438405,EXECUTE,3685,CYCLES,BACKEND,SUB-EVENT,rms_norm__Mul_11_output_0:OpId_131 (cycles)
12666438405,EXECUTE,0,CYCLES,BACKEND,SUB-EVENT,_MatMul_6:OpId_135 (cycles)
12666438405,EXECUTE,0,CYCLES,BACKEND,SUB-EVENT,_MatMul_6_post_reshape:OpId_138 (cycles)
12666438405,EXECUTE,298200,CYCLES,BACKEND,SUB-EVENT,_MatMul_7:OpId_140 (cycles)
12666438405,EXECUTE,0,CYCLES,BACKEND,SUB-EVENT,_MatMul_7_post_reshape:OpId_143 (cycles)
12666438405,EXECUTE,0,CYCLES,BACKEND,SUB-EVENT,_Sigmoid:OpId_144 (cycles)
12666438405,EXECUTE,233767,CYCLES,BACKEND,SUB-EVENT,_Mul_12:OpId_151 (cycles)
12666438405,EXECUTE,25594,CYCLES,BACKEND,SUB-EVENT,_Mul_13:OpId_153 (cycles)
12666438405,EXECUTE,402989,CYCLES,BACKEND,SUB-EVENT,_MatMul_8:OpId_156 (cycles)
12666438405,EXECUTE,0,CYCLES,BACKEND,SUB-EVENT,_MatMul_8_post_reshape:OpId_159 (cycles)
12666438405,EXECUTE,0,CYCLES,BACKEND,SUB-EVENT,_MatMul_8_output_0_nfc:OpId_161 (cycles)
12666438405,EXECUTE,14611,CYCLES,BACKEND,SUB-EVENT,_Add_9:OpId_163 (cycles)
12666438405,EXECUTE,4281,CYCLES,BACKEND,SUB-EVENT,Output OpId_3 (cycles)
12666438405,EXECUTE,4206,US,BACKEND,ROOT,Accelerator (execute) time
12666438405,EXECUTE,4069,US,BACKEND,ROOT,Accelerator (execute excluding wait) time
12666438405,EXECUTE,11471,US,BACKEND,ROOT,QNN (execute) time
12666451627,EXECUTE,11320,US,NETRUN,ROOT,Graph 0: qwen2_0_5b_layer0_decode_past128_flash_attention_head_contiguous
12666451627,EXECUTE,4,COUNT,BACKEND,ROOT,Number of HVX threads used
12666451627,EXECUTE,10902,US,BACKEND,ROOT,RPC (execute) time
12666451627,EXECUTE,8838,US,BACKEND,ROOT,QNN accelerator (execute) time
12666451627,EXECUTE,0,COUNT,BACKEND,ROOT,Num times yield occured
12666451627,EXECUTE,539,US,BACKEND,ROOT,Time for initial VTCM acquire
12666451627,EXECUTE,254,US,BACKEND,ROOT,Time for HVX + HMX power on and acquire
12666451627,EXECUTE,2800244,CYCLES,BACKEND,ROOT,Accelerator (execute) time (cycles)
12666451627,EXECUTE,21606,CYCLES,BACKEND,SUB-EVENT,Input OpId_2 (cycles)
12666451627,EXECUTE,18216,CYCLES,BACKEND,SUB-EVENT,hidden_states_ncf:OpId_17 (cycles)
12666451627,EXECUTE,67363,CYCLES,BACKEND,SUB-EVENT,past_value_nchw:OpId_20 (cycles)
12666451627,EXECUTE,26917,CYCLES,BACKEND,SUB-EVENT,rms_norm__Mul_1_output_0:OpId_24 (cycles)
12666451627,EXECUTE,37905,CYCLES,BACKEND,SUB-EVENT,_MatMul:OpId_29 (cycles)
12666451627,EXECUTE,0,CYCLES,BACKEND,SUB-EVENT,_MatMul_post_reshape:OpId_31 (cycles)
12666451627,EXECUTE,14247,CYCLES,BACKEND,SUB-EVENT,_MatMul_1:OpId_34 (cycles)
12666451627,EXECUTE,25751,CYCLES,BACKEND,SUB-EVENT,_MatMul_1_post_reshape:OpId_36 (cycles)
12666451627,EXECUTE,1587,CYCLES,BACKEND,SUB-EVENT,_MatMul_2:OpId_39 (cycles)
12666451627,EXECUTE,22788,CYCLES,BACKEND,SUB-EVENT,_MatMul_2_post_reshape:OpId_41 (cycles)
12666451627,EXECUTE,517,CYCLES,BACKEND,SUB-EVENT,_Transpose:OpId_43 (cycles)
12666451627,EXECUTE,1751,CYCLES,BACKEND,SUB-EVENT,_Transpose_1:OpId_45 (cycles)
12666451627,EXECUTE,1480,CYCLES,BACKEND,SUB-EVENT,_Transpose_2:OpId_47 (cycles)
12666451627,EXECUTE,52234,CYCLES,BACKEND,SUB-EVENT,_Slice:OpId_49 (cycles)
12666451627,EXECUTE,14786,CYCLES,BACKEND,SUB-EVENT,_Slice_1:OpId_55 (cycles)
12666451627,EXECUTE,2903,CYCLES,BACKEND,SUB-EVENT,_Mul_2:OpId_61 (cycles)
12666451627,EXECUTE,1161,CYCLES,BACKEND,SUB-EVENT,_Mul_3:OpId_64 (cycles)
12666451627,EXECUTE,238,CYCLES,BACKEND,SUB-EVENT,_Sub:OpId_66 (cycles)
12666451627,EXECUTE,3007,CYCLES,BACKEND,SUB-EVENT,_Mul_4:OpId_68 (cycles)
12666451627,EXECUTE,2894,CYCLES,BACKEND,SUB-EVENT,_Mul_5:OpId_70 (cycles)
12666451627,EXECUTE,4478,CYCLES,BACKEND,SUB-EVENT,_Add_4:OpId_72 (cycles)
12666451627,EXECUTE,0,CYCLES,BACKEND,SUB-EVENT,_Unsqueeze:OpId_74 (cycles)
12666451627,EXECUTE,0,CYCLES,BACKEND,SUB-EVENT,_Unsqueeze_1:OpId_75 (cycles)
12666451627,EXECUTE,915,CYCLES,BACKEND,SUB-EVENT,_Concat:OpId_76 (cycles)
12666451627,EXECUTE,12632,CYCLES,BACKEND,SUB-EVENT,_Reshape_3:OpId_78 (cycles)
12666451627,EXECUTE,135687,CYCLES,BACKEND,SUB-EVENT,_Slice_3:OpId_80 (cycles)
12666451627,EXECUTE,22382,CYCLES,BACKEND,SUB-EVENT,_Slice_4:OpId_86 (cycles)
12666451627,EXECUTE,24218,CYCLES,BACKEND,SUB-EVENT,_Mul_6:OpId_91 (cycles)
12666451627,EXECUTE,16235,CYCLES,BACKEND,SUB-EVENT,_Mul_7:OpId_93 (cycles)
12666451627,EXECUTE,7656,CYCLES,BACKEND,SUB-EVENT,_Sub_1:OpId_95 (cycles)
12666451627,EXECUTE,24121,CYCLES,BACKEND,SUB-EVENT,_Mul_8:OpId_97 (cycles)
12666451627,EXECUTE,16119,CYCLES,BACKEND,SUB-EVENT,_Mul_9:OpId_99 (cycles)
12666451627,EXECUTE,8394,CYCLES,BACKEND,SUB-EVENT,_Add_5:OpId_101 (cycles)
12666451627,EXECUTE,0,CYCLES,BACKEND,SUB-EVENT,_Unsqueeze_2:OpId_103 (cycles)
12666451627,EXECUTE,0,CYCLES,BACKEND,SUB-EVENT,_Unsqueeze_3:OpId_104 (cycles)
12666451627,EXECUTE,10782,CYCLES,BACKEND,SUB-EVENT,_Concat_2:OpId_105 (cycles)
12666451627,EXECUTE,0,CYCLES,BACKEND,SUB-EVENT,_Reshape_4:OpId_107 (cycles)
12666451627,EXECUTE,29777,CYCLES,BACKEND,SUB-EVENT,_Concat_4:OpId_108 (cycles)
12666451627,EXECUTE,28975,CYCLES,BACKEND,SUB-EVENT,_Concat_5:OpId_110 (cycles)
12666451627,EXECUTE,979570,CYCLES,BACKEND,SUB-EVENT,_QwenGqaFlashAttention:OpId_112 (cycles)
12666451627,EXECUTE,6127,CYCLES,BACKEND,SUB-EVENT,_Transpose_4:OpId_114 (cycles)
12666451627,EXECUTE,17111,CYCLES,BACKEND,SUB-EVENT,_MatMul_5:OpId_116 (cycles)
12666451627,EXECUTE,0,CYCLES,BACKEND,SUB-EVENT,_MatMul_5_post_reshape:OpId_119 (cycles)
12666451627,EXECUTE,0,CYCLES,BACKEND,SUB-EVENT,_MatMul_5_output_0_nfc:OpId_121 (cycles)
12666451627,EXECUTE,145683,CYCLES,BACKEND,SUB-EVENT,_Add_7:OpId_123 (cycles)
12666451627,EXECUTE,283,CYCLES,BACKEND,SUB-EVENT,_Add_7_output_0_ncf:OpId_126 (cycles)
12666451627,EXECUTE,1993,CYCLES,BACKEND,SUB-EVENT,rms_norm__Mul_11_output_0:OpId_131 (cycles)
12666451627,EXECUTE,0,CYCLES,BACKEND,SUB-EVENT,_MatMul_6:OpId_135 (cycles)
12666451627,EXECUTE,0,CYCLES,BACKEND,SUB-EVENT,_MatMul_6_post_reshape:OpId_138 (cycles)
12666451627,EXECUTE,289002,CYCLES,BACKEND,SUB-EVENT,_MatMul_7:OpId_140 (cycles)
12666451627,EXECUTE,0,CYCLES,BACKEND,SUB-EVENT,_MatMul_7_post_reshape:OpId_143 (cycles)
12666451627,EXECUTE,0,CYCLES,BACKEND,SUB-EVENT,_Sigmoid:OpId_144 (cycles)
12666451627,EXECUTE,247083,CYCLES,BACKEND,SUB-EVENT,_Mul_12:OpId_151 (cycles)
12666451627,EXECUTE,28774,CYCLES,BACKEND,SUB-EVENT,_Mul_13:OpId_153 (cycles)
12666451627,EXECUTE,403522,CYCLES,BACKEND,SUB-EVENT,_MatMul_8:OpId_156 (cycles)
12666451627,EXECUTE,0,CYCLES,BACKEND,SUB-EVENT,_MatMul_8_post_reshape:OpId_159 (cycles)
12666451627,EXECUTE,0,CYCLES,BACKEND,SUB-EVENT,_MatMul_8_output_0_nfc:OpId_161 (cycles)
12666451627,EXECUTE,14752,CYCLES,BACKEND,SUB-EVENT,_Add_9:OpId_163 (cycles)
12666451627,EXECUTE,6622,CYCLES,BACKEND,SUB-EVENT,Output OpId_3 (cycles)
12666451627,EXECUTE,4192,US,BACKEND,ROOT,Accelerator (execute) time
12666451627,EXECUTE,4062,US,BACKEND,ROOT,Accelerator (execute excluding wait) time
12666451627,EXECUTE,11293,US,BACKEND,ROOT,QNN (execute) time
12666465337,EXECUTE,11504,US,NETRUN,ROOT,Graph 0: qwen2_0_5b_layer0_decode_past128_flash_attention_head_contiguous
12666465337,EXECUTE,4,COUNT,BACKEND,ROOT,Number of HVX threads used
12666465337,EXECUTE,11028,US,BACKEND,ROOT,RPC (execute) time
12666465337,EXECUTE,8892,US,BACKEND,ROOT,QNN accelerator (execute) time
12666465337,EXECUTE,0,COUNT,BACKEND,ROOT,Num times yield occured
12666465337,EXECUTE,565,US,BACKEND,ROOT,Time for initial VTCM acquire
12666465337,EXECUTE,262,US,BACKEND,ROOT,Time for HVX + HMX power on and acquire
12666465337,EXECUTE,2841380,CYCLES,BACKEND,ROOT,Accelerator (execute) time (cycles)
12666465337,EXECUTE,22504,CYCLES,BACKEND,SUB-EVENT,Input OpId_2 (cycles)
12666465337,EXECUTE,28035,CYCLES,BACKEND,SUB-EVENT,hidden_states_ncf:OpId_17 (cycles)
12666465337,EXECUTE,78549,CYCLES,BACKEND,SUB-EVENT,past_value_nchw:OpId_20 (cycles)
12666465337,EXECUTE,26832,CYCLES,BACKEND,SUB-EVENT,rms_norm__Mul_1_output_0:OpId_24 (cycles)
12666465337,EXECUTE,38347,CYCLES,BACKEND,SUB-EVENT,_MatMul:OpId_29 (cycles)
12666465337,EXECUTE,0,CYCLES,BACKEND,SUB-EVENT,_MatMul_post_reshape:OpId_31 (cycles)
12666465337,EXECUTE,13981,CYCLES,BACKEND,SUB-EVENT,_MatMul_1:OpId_34 (cycles)
12666465337,EXECUTE,27497,CYCLES,BACKEND,SUB-EVENT,_MatMul_1_post_reshape:OpId_36 (cycles)
12666465337,EXECUTE,1458,CYCLES,BACKEND,SUB-EVENT,_MatMul_2:OpId_39 (cycles)
12666465337,EXECUTE,23974,CYCLES,BACKEND,SUB-EVENT,_MatMul_2_post_reshape:OpId_41 (cycles)
12666465337,EXECUTE,476,CYCLES,BACKEND,SUB-EVENT,_Transpose:OpId_43 (cycles)
12666465337,EXECUTE,2173,CYCLES,BACKEND,SUB-EVENT,_Transpose_1:OpId_45 (cycles)
12666465337,EXECUTE,1859,CYCLES,BACKEND,SUB-EVENT,_Transpose_2:OpId_47 (cycles)
12666465337,EXECUTE,59102,CYCLES,BACKEND,SUB-EVENT,_Slice:OpId_49 (cycles)
12666465337,EXECUTE,22605,CYCLES,BACKEND,SUB-EVENT,_Slice_1:OpId_55 (cycles)
12666465337,EXECUTE,3631,CYCLES,BACKEND,SUB-EVENT,_Mul_2:OpId_61 (cycles)
12666465337,EXECUTE,1175,CYCLES,BACKEND,SUB-EVENT,_Mul_3:OpId_64 (cycles)
12666465337,EXECUTE,264,CYCLES,BACKEND,SUB-EVENT,_Sub:OpId_66 (cycles)
12666465337,EXECUTE,3829,CYCLES,BACKEND,SUB-EVENT,_Mul_4:OpId_68 (cycles)
12666465337,EXECUTE,3591,CYCLES,BACKEND,SUB-EVENT,_Mul_5:OpId_70 (cycles)
12666465337,EXECUTE,5300,CYCLES,BACKEND,SUB-EVENT,_Add_4:OpId_72 (cycles)
12666465337,EXECUTE,0,CYCLES,BACKEND,SUB-EVENT,_Unsqueeze:OpId_74 (cycles)
12666465337,EXECUTE,0,CYCLES,BACKEND,SUB-EVENT,_Unsqueeze_1:OpId_75 (cycles)
12666465337,EXECUTE,729,CYCLES,BACKEND,SUB-EVENT,_Concat:OpId_76 (cycles)
12666465337,EXECUTE,16626,CYCLES,BACKEND,SUB-EVENT,_Reshape_3:OpId_78 (cycles)
12666465337,EXECUTE,111138,CYCLES,BACKEND,SUB-EVENT,_Slice_3:OpId_80 (cycles)
12666465337,EXECUTE,14063,CYCLES,BACKEND,SUB-EVENT,_Slice_4:OpId_86 (cycles)
12666465337,EXECUTE,36366,CYCLES,BACKEND,SUB-EVENT,_Mul_6:OpId_91 (cycles)
12666465337,EXECUTE,23615,CYCLES,BACKEND,SUB-EVENT,_Mul_7:OpId_93 (cycles)
12666465337,EXECUTE,8072,CYCLES,BACKEND,SUB-EVENT,_Sub_1:OpId_95 (cycles)
12666465337,EXECUTE,36226,CYCLES,BACKEND,SUB-EVENT,_Mul_8:OpId_97 (cycles)
12666465337,EXECUTE,23544,CYCLES,BACKEND,SUB-EVENT,_Mul_9:OpId_99 (cycles)
12666465337,EXECUTE,5992,CYCLES,BACKEND,SUB-EVENT,_Add_5:OpId_101 (cycles)
12666465337,EXECUTE,0,CYCLES,BACKEND,SUB-EVENT,_Unsqueeze_2:OpId_103 (cycles)
12666465337,EXECUTE,0,CYCLES,BACKEND,SUB-EVENT,_Unsqueeze_3:OpId_104 (cycles)
12666465337,EXECUTE,5365,CYCLES,BACKEND,SUB-EVENT,_Concat_2:OpId_105 (cycles)
12666465337,EXECUTE,0,CYCLES,BACKEND,SUB-EVENT,_Reshape_4:OpId_107 (cycles)
12666465337,EXECUTE,31225,CYCLES,BACKEND,SUB-EVENT,_Concat_4:OpId_108 (cycles)
12666465337,EXECUTE,32141,CYCLES,BACKEND,SUB-EVENT,_Concat_5:OpId_110 (cycles)
12666465337,EXECUTE,1005216,CYCLES,BACKEND,SUB-EVENT,_QwenGqaFlashAttention:OpId_112 (cycles)
12666465337,EXECUTE,5336,CYCLES,BACKEND,SUB-EVENT,_Transpose_4:OpId_114 (cycles)
12666465337,EXECUTE,17224,CYCLES,BACKEND,SUB-EVENT,_MatMul_5:OpId_116 (cycles)
12666465337,EXECUTE,0,CYCLES,BACKEND,SUB-EVENT,_MatMul_5_post_reshape:OpId_119 (cycles)
12666465337,EXECUTE,0,CYCLES,BACKEND,SUB-EVENT,_MatMul_5_output_0_nfc:OpId_121 (cycles)
12666465337,EXECUTE,115242,CYCLES,BACKEND,SUB-EVENT,_Add_7:OpId_123 (cycles)
12666465337,EXECUTE,309,CYCLES,BACKEND,SUB-EVENT,_Add_7_output_0_ncf:OpId_126 (cycles)
12666465337,EXECUTE,3577,CYCLES,BACKEND,SUB-EVENT,rms_norm__Mul_11_output_0:OpId_131 (cycles)
12666465337,EXECUTE,0,CYCLES,BACKEND,SUB-EVENT,_MatMul_6:OpId_135 (cycles)
12666465337,EXECUTE,0,CYCLES,BACKEND,SUB-EVENT,_MatMul_6_post_reshape:OpId_138 (cycles)
12666465337,EXECUTE,287323,CYCLES,BACKEND,SUB-EVENT,_MatMul_7:OpId_140 (cycles)
12666465337,EXECUTE,0,CYCLES,BACKEND,SUB-EVENT,_MatMul_7_post_reshape:OpId_143 (cycles)
12666465337,EXECUTE,0,CYCLES,BACKEND,SUB-EVENT,_Sigmoid:OpId_144 (cycles)
12666465337,EXECUTE,246231,CYCLES,BACKEND,SUB-EVENT,_Mul_12:OpId_151 (cycles)
12666465337,EXECUTE,27938,CYCLES,BACKEND,SUB-EVENT,_Mul_13:OpId_153 (cycles)
12666465337,EXECUTE,403407,CYCLES,BACKEND,SUB-EVENT,_MatMul_8:OpId_156 (cycles)
12666465337,EXECUTE,0,CYCLES,BACKEND,SUB-EVENT,_MatMul_8_post_reshape:OpId_159 (cycles)
12666465337,EXECUTE,0,CYCLES,BACKEND,SUB-EVENT,_MatMul_8_output_0_nfc:OpId_161 (cycles)
12666465337,EXECUTE,15020,CYCLES,BACKEND,SUB-EVENT,_Add_9:OpId_163 (cycles)
12666465337,EXECUTE,4273,CYCLES,BACKEND,SUB-EVENT,Output OpId_3 (cycles)
12666465337,EXECUTE,4215,US,BACKEND,ROOT,Accelerator (execute) time
12666465337,EXECUTE,4088,US,BACKEND,ROOT,Accelerator (execute excluding wait) time
12666465337,EXECUTE,11477,US,BACKEND,ROOT,QNN (execute) time
12666478647,EXECUTE,11515,US,NETRUN,ROOT,Graph 0: qwen2_0_5b_layer0_decode_past128_flash_attention_head_contiguous
12666478647,EXECUTE,4,COUNT,BACKEND,ROOT,Number of HVX threads used
12666478647,EXECUTE,11144,US,BACKEND,ROOT,RPC (execute) time
12666478647,EXECUTE,9026,US,BACKEND,ROOT,QNN accelerator (execute) time
12666478647,EXECUTE,0,COUNT,BACKEND,ROOT,Num times yield occured
12666478647,EXECUTE,885,US,BACKEND,ROOT,Time for initial VTCM acquire
12666478647,EXECUTE,249,US,BACKEND,ROOT,Time for HVX + HMX power on and acquire
12666478647,EXECUTE,2872345,CYCLES,BACKEND,ROOT,Accelerator (execute) time (cycles)
12666478647,EXECUTE,22519,CYCLES,BACKEND,SUB-EVENT,Input OpId_2 (cycles)
12666478647,EXECUTE,24492,CYCLES,BACKEND,SUB-EVENT,hidden_states_ncf:OpId_17 (cycles)
12666478647,EXECUTE,70474,CYCLES,BACKEND,SUB-EVENT,past_value_nchw:OpId_20 (cycles)
12666478647,EXECUTE,31539,CYCLES,BACKEND,SUB-EVENT,rms_norm__Mul_1_output_0:OpId_24 (cycles)
12666478647,EXECUTE,45090,CYCLES,BACKEND,SUB-EVENT,_MatMul:OpId_29 (cycles)
12666478647,EXECUTE,0,CYCLES,BACKEND,SUB-EVENT,_MatMul_post_reshape:OpId_31 (cycles)
12666478647,EXECUTE,8511,CYCLES,BACKEND,SUB-EVENT,_MatMul_1:OpId_34 (cycles)
12666478647,EXECUTE,24297,CYCLES,BACKEND,SUB-EVENT,_MatMul_1_post_reshape:OpId_36 (cycles)
12666478647,EXECUTE,1555,CYCLES,BACKEND,SUB-EVENT,_MatMul_2:OpId_39 (cycles)
12666478647,EXECUTE,21649,CYCLES,BACKEND,SUB-EVENT,_MatMul_2_post_reshape:OpId_41 (cycles)
12666478647,EXECUTE,594,CYCLES,BACKEND,SUB-EVENT,_Transpose:OpId_43 (cycles)
12666478647,EXECUTE,1910,CYCLES,BACKEND,SUB-EVENT,_Transpose_1:OpId_45 (cycles)
12666478647,EXECUTE,1668,CYCLES,BACKEND,SUB-EVENT,_Transpose_2:OpId_47 (cycles)
12666478647,EXECUTE,57774,CYCLES,BACKEND,SUB-EVENT,_Slice:OpId_49 (cycles)
12666478647,EXECUTE,18027,CYCLES,BACKEND,SUB-EVENT,_Slice_1:OpId_55 (cycles)
12666478647,EXECUTE,4183,CYCLES,BACKEND,SUB-EVENT,_Mul_2:OpId_61 (cycles)
12666478647,EXECUTE,1290,CYCLES,BACKEND,SUB-EVENT,_Mul_3:OpId_64 (cycles)
12666478647,EXECUTE,260,CYCLES,BACKEND,SUB-EVENT,_Sub:OpId_66 (cycles)
12666478647,EXECUTE,4327,CYCLES,BACKEND,SUB-EVENT,_Mul_4:OpId_68 (cycles)
12666478647,EXECUTE,4133,CYCLES,BACKEND,SUB-EVENT,_Mul_5:OpId_70 (cycles)
12666478647,EXECUTE,4362,CYCLES,BACKEND,SUB-EVENT,_Add_4:OpId_72 (cycles)
12666478647,EXECUTE,0,CYCLES,BACKEND,SUB-EVENT,_Unsqueeze:OpId_74 (cycles)
12666478647,EXECUTE,0,CYCLES,BACKEND,SUB-EVENT,_Unsqueeze_1:OpId_75 (cycles)
12666478647,EXECUTE,766,CYCLES,BACKEND,SUB-EVENT,_Concat:OpId_76 (cycles)
12666478647,EXECUTE,14105,CYCLES,BACKEND,SUB-EVENT,_Reshape_3:OpId_78 (cycles)
12666478647,EXECUTE,126118,CYCLES,BACKEND,SUB-EVENT,_Slice_3:OpId_80 (cycles)
12666478647,EXECUTE,10835,CYCLES,BACKEND,SUB-EVENT,_Slice_4:OpId_86 (cycles)
12666478647,EXECUTE,40454,CYCLES,BACKEND,SUB-EVENT,_Mul_6:OpId_91 (cycles)
12666478647,EXECUTE,40360,CYCLES,BACKEND,SUB-EVENT,_Mul_7:OpId_93 (cycles)
12666478647,EXECUTE,5470,CYCLES,BACKEND,SUB-EVENT,_Sub_1:OpId_95 (cycles)
12666478647,EXECUTE,40393,CYCLES,BACKEND,SUB-EVENT,_Mul_8:OpId_97 (cycles)
12666478647,EXECUTE,40324,CYCLES,BACKEND,SUB-EVENT,_Mul_9:OpId_99 (cycles)
12666478647,EXECUTE,4563,CYCLES,BACKEND,SUB-EVENT,_Add_5:OpId_101 (cycles)
12666478647,EXECUTE,0,CYCLES,BACKEND,SUB-EVENT,_Unsqueeze_2:OpId_103 (cycles)
12666478647,EXECUTE,0,CYCLES,BACKEND,SUB-EVENT,_Unsqueeze_3:OpId_104 (cycles)
12666478647,EXECUTE,10709,CYCLES,BACKEND,SUB-EVENT,_Concat_2:OpId_105 (cycles)
12666478647,EXECUTE,0,CYCLES,BACKEND,SUB-EVENT,_Reshape_4:OpId_107 (cycles)
12666478647,EXECUTE,40626,CYCLES,BACKEND,SUB-EVENT,_Concat_4:OpId_108 (cycles)
12666478647,EXECUTE,33893,CYCLES,BACKEND,SUB-EVENT,_Concat_5:OpId_110 (cycles)
12666478647,EXECUTE,977355,CYCLES,BACKEND,SUB-EVENT,_QwenGqaFlashAttention:OpId_112 (cycles)
12666478647,EXECUTE,12520,CYCLES,BACKEND,SUB-EVENT,_Transpose_4:OpId_114 (cycles)
12666478647,EXECUTE,16832,CYCLES,BACKEND,SUB-EVENT,_MatMul_5:OpId_116 (cycles)
12666478647,EXECUTE,0,CYCLES,BACKEND,SUB-EVENT,_MatMul_5_post_reshape:OpId_119 (cycles)
12666478647,EXECUTE,0,CYCLES,BACKEND,SUB-EVENT,_MatMul_5_output_0_nfc:OpId_121 (cycles)
12666478647,EXECUTE,115757,CYCLES,BACKEND,SUB-EVENT,_Add_7:OpId_123 (cycles)
12666478647,EXECUTE,307,CYCLES,BACKEND,SUB-EVENT,_Add_7_output_0_ncf:OpId_126 (cycles)
12666478647,EXECUTE,2028,CYCLES,BACKEND,SUB-EVENT,rms_norm__Mul_11_output_0:OpId_131 (cycles)
12666478647,EXECUTE,0,CYCLES,BACKEND,SUB-EVENT,_MatMul_6:OpId_135 (cycles)
12666478647,EXECUTE,0,CYCLES,BACKEND,SUB-EVENT,_MatMul_6_post_reshape:OpId_138 (cycles)
12666478647,EXECUTE,298812,CYCLES,BACKEND,SUB-EVENT,_MatMul_7:OpId_140 (cycles)
12666478647,EXECUTE,0,CYCLES,BACKEND,SUB-EVENT,_MatMul_7_post_reshape:OpId_143 (cycles)
12666478647,EXECUTE,0,CYCLES,BACKEND,SUB-EVENT,_Sigmoid:OpId_144 (cycles)
12666478647,EXECUTE,242953,CYCLES,BACKEND,SUB-EVENT,_Mul_12:OpId_151 (cycles)
12666478647,EXECUTE,27526,CYCLES,BACKEND,SUB-EVENT,_Mul_13:OpId_153 (cycles)
12666478647,EXECUTE,400389,CYCLES,BACKEND,SUB-EVENT,_MatMul_8:OpId_156 (cycles)
12666478647,EXECUTE,0,CYCLES,BACKEND,SUB-EVENT,_MatMul_8_post_reshape:OpId_159 (cycles)
12666478647,EXECUTE,0,CYCLES,BACKEND,SUB-EVENT,_MatMul_8_output_0_nfc:OpId_161 (cycles)
12666478647,EXECUTE,15258,CYCLES,BACKEND,SUB-EVENT,_Add_9:OpId_163 (cycles)
12666478647,EXECUTE,5338,CYCLES,BACKEND,SUB-EVENT,Output OpId_3 (cycles)
12666478647,EXECUTE,4283,US,BACKEND,ROOT,Accelerator (execute) time
12666478647,EXECUTE,4140,US,BACKEND,ROOT,Accelerator (execute excluding wait) time
12666478647,EXECUTE,11489,US,BACKEND,ROOT,QNN (execute) time
12666479849,EXECUTE IPS,71.983360,INF/SEC,NETRUN,ROOT,null
